age,management,technician,entrepreneur,blue-collar,unknown,retired,admin.,services,self-employed,unemployed,housemaid,student,married,single,divorced,tertiary,secondary,primary,default,balance,housing,loan,contact,day,month,campaign,pdays,previous,poutcome,y
33,0,1,0,0,0,0,0,0,0,0,0,0,0,0,1,0,1,0,0,3,0,0,cellular,4,feb,1,-1,0,unknown,0
28,0,0,0,0,0,0,0,0,0,0,0,1,0,1,0,0,1,0,0,205,0,0,cellular,14,jul,3,184,2,other,1
37,1,0,0,0,0,0,0,0,0,0,0,0,1,0,0,1,0,0,0,1113,0,0,cellular,1,sep,2,183,2,success,1
37,0,0,0,0,0,0,1,0,0,0,0,0,0,1,0,0,0,1,0,912,1,0,cellular,12,may,3,328,22,other,1
35,1,0,0,0,0,0,0,0,0,0,0,0,1,0,0,1,0,0,0,2161,0,0,cellular,9,mar,2,181,3,success,1
26,1,0,0,0,0,0,0,0,0,0,0,0,0,1,0,1,0,0,0,3178,0,0,cellular,2,jun,1,-1,0,unknown,0
32,0,0,0,0,0,0,1,0,0,0,0,0,0,1,0,1,0,0,0,1531,1,0,cellular,15,may,1,352,5,failure,0
44,0,0,0,1,0,0,0,0,0,0,0,0,1,0,0,0,1,0,0,0,0,0,cellular,30,jul,2,-1,0,unknown,1
35,0,0,0,1,1,0,0,0,0,0,0,0,1,0,0,0,0,0,0,4822,1,0,unknown,20,may,2,-1,0,unknown,1
39,0,0,0,0,0,0,0,0,0,1,0,0,1,0,0,1,0,0,0,201,0,0,cellular,3,jun,1,119,1,failure,1
40,0,0,0,1,0,0,0,0,0,0,0,0,1,0,0,0,0,1,0,0,1,0,cellular,21,jul,4,-1,0,unknown,1
25,0,0,0,1,0,0,0,0,0,0,0,0,0,1,0,0,0,1,0,52,1,0,unknown,24,jun,2,-1,0,unknown,1
48,0,0,1,0,0,0,0,0,0,0,0,0,1,0,0,0,1,0,0,183,1,0,unknown,3,jun,9,-1,0,unknown,0
47,1,0,0,0,0,0,0,0,0,0,0,0,1,0,0,1,0,0,0,288,0,0,cellular,1,oct,1,-1,0,unknown,1
29,1,0,0,0,0,0,0,0,0,0,0,0,0,1,0,1,0,0,0,9407,0,0,cellular,4,may,6,-1,0,unknown,1
42,0,1,0,0,0,0,0,0,0,0,0,0,0,0,1,0,1,0,0,-263,1,0,cellular,22,jul,1,-1,0,unknown,0
53,0,0,0,1,0,0,0,0,0,0,0,0,1,0,0,0,0,1,0,343,1,0,cellular,25,jul,5,-1,0,unknown,1
35,1,0,0,0,0,0,0,0,0,0,0,0,1,0,0,1,0,0,0,867,1,0,cellular,20,nov,2,171,3,success,0
32,0,0,0,1,0,0,0,0,0,0,0,0,1,0,0,0,1,0,0,333,1,0,cellular,8,may,2,-1,0,unknown,1
26,0,1,0,0,0,0,0,0,0,0,0,0,0,1,0,1,0,0,0,-67,1,0,cellular,15,may,1,-1,0,unknown,1
36,0,1,0,0,0,0,0,0,0,0,0,0,0,1,0,0,1,0,0,12264,0,0,cellular,11,oct,1,182,2,success,1
54,0,0,0,0,0,0,0,0,1,0,0,0,0,0,1,0,0,1,0,351,1,0,unknown,6,jun,2,-1,0,unknown,1
51,1,0,0,0,1,0,0,0,0,0,0,0,1,0,0,0,0,0,0,914,1,0,cellular,5,may,2,341,3,failure,0
51,0,0,0,1,0,0,0,0,0,0,0,0,1,0,0,0,0,1,0,129,1,0,cellular,15,may,2,-1,0,unknown,1
29,0,1,0,0,0,0,0,0,0,0,0,0,1,0,0,1,0,0,0,4557,0,0,cellular,28,jan,2,-1,0,unknown,0
58,0,1,0,0,0,0,0,0,0,0,0,0,1,0,0,0,0,1,1,-247,0,0,unknown,6,jun,1,-1,0,unknown,0
73,0,0,0,0,0,1,0,0,0,0,0,0,1,0,0,0,1,0,0,2850,0,0,cellular,17,nov,1,40,8,failure,1
36,0,0,0,0,0,0,1,0,0,0,0,0,1,0,0,0,1,0,0,0,0,1,cellular,29,jul,8,-1,0,unknown,0
33,1,0,0,0,0,0,0,0,0,0,0,0,1,0,0,1,0,0,0,1778,0,0,cellular,12,feb,1,-1,0,unknown,1
41,0,1,0,0,0,0,0,0,0,0,0,0,1,0,0,0,1,0,0,501,1,0,unknown,19,may,5,-1,0,unknown,1
29,0,0,0,0,0,0,0,0,0,0,1,0,0,1,0,1,0,0,0,19,0,0,cellular,4,may,1,88,4,success,1
45,0,1,0,0,0,0,0,0,0,0,0,0,0,0,1,0,1,0,0,30,1,1,cellular,17,nov,1,-1,0,unknown,0
28,0,0,0,0,0,0,1,0,0,0,0,0,0,0,1,0,1,0,0,-504,1,1,cellular,14,may,1,-1,0,unknown,1
27,0,0,0,0,0,0,1,0,0,0,0,0,0,1,0,0,1,0,0,261,1,1,cellular,3,jun,4,-1,0,unknown,1
56,0,1,0,0,0,0,0,0,0,0,0,0,0,1,0,1,0,0,0,12539,0,0,cellular,18,nov,1,-1,0,unknown,0
32,0,0,0,0,0,0,0,0,1,0,0,0,0,1,0,1,0,0,0,386,1,0,cellular,18,nov,1,-1,0,unknown,1
33,0,0,0,1,0,0,0,0,0,0,0,0,0,1,0,0,1,0,0,213,1,0,unknown,2,jun,2,-1,0,unknown,0
39,0,0,0,0,0,0,1,0,0,0,0,0,0,0,1,0,1,0,0,2903,1,1,telephone,25,jul,2,-1,0,unknown,0
48,0,0,0,0,0,0,0,0,0,1,0,0,1,0,0,0,1,0,0,1811,1,0,telephone,31,jul,3,-1,0,unknown,0
47,0,1,0,0,0,0,0,0,0,0,0,0,1,0,0,0,1,0,0,568,1,0,cellular,12,aug,1,-1,0,unknown,1
42,0,0,0,0,0,0,0,0,1,0,0,0,1,0,0,0,1,0,0,240,1,0,cellular,4,feb,1,189,16,other,0
31,1,0,0,0,0,0,0,0,0,0,0,0,0,1,0,1,0,0,0,1836,1,0,cellular,12,aug,2,-1,0,unknown,0
56,0,0,0,0,0,1,0,0,0,0,0,0,1,0,0,0,1,0,0,1044,0,0,telephone,3,jul,2,-1,0,unknown,1
33,1,0,0,0,0,0,0,0,0,0,0,0,1,0,0,1,0,0,0,2599,0,0,cellular,30,apr,2,-1,0,unknown,1
30,0,0,1,0,0,0,0,0,0,0,0,0,0,1,0,0,0,1,0,0,1,1,unknown,27,may,1,-1,0,unknown,1
54,1,0,0,0,0,0,0,0,0,0,0,0,0,0,1,1,0,0,0,-449,1,0,cellular,14,may,1,-1,0,unknown,1
32,0,0,0,0,0,0,0,1,0,0,0,0,0,1,0,0,1,0,0,473,1,0,cellular,7,jul,5,-1,0,unknown,0
30,0,0,0,0,0,0,0,0,0,0,0,1,0,1,0,1,0,0,0,2766,0,0,cellular,21,nov,1,-1,0,unknown,1
37,0,0,0,1,0,0,0,0,0,0,0,0,1,0,0,0,0,1,0,2120,1,0,cellular,15,may,3,175,4,failure,1
36,0,1,0,0,0,0,0,0,0,0,0,0,1,0,0,0,1,0,0,300,0,0,unknown,9,jun,1,-1,0,unknown,0
48,0,0,0,1,0,0,0,0,0,0,0,0,1,0,0,0,1,0,0,1230,1,0,cellular,12,nov,1,196,2,success,1
32,0,0,0,1,0,0,0,0,0,0,0,0,0,1,0,0,1,0,0,567,1,0,cellular,7,may,2,342,4,other,0
64,0,0,0,0,0,1,0,0,0,0,0,0,0,0,1,0,1,0,0,4833,0,0,cellular,20,oct,1,181,3,failure,1
53,0,0,0,1,0,0,0,0,0,0,0,0,1,0,0,0,0,1,0,358,1,0,unknown,3,jun,1,-1,0,unknown,0
35,1,0,0,0,0,0,0,0,0,0,0,0,0,1,0,1,0,0,0,471,0,0,cellular,5,jun,2,-1,0,unknown,1
33,1,0,0,0,0,0,0,0,0,0,0,0,0,1,0,1,0,0,0,62,1,0,cellular,18,may,3,-1,0,unknown,1
30,0,0,0,1,0,0,0,0,0,0,0,0,1,0,0,0,1,0,0,278,1,1,unknown,23,may,1,-1,0,unknown,1
33,0,0,0,0,0,0,0,1,0,0,0,0,1,0,0,0,1,0,0,624,1,0,cellular,15,may,1,-1,0,unknown,0
57,0,0,0,0,0,1,0,0,0,0,0,0,1,0,0,0,1,0,0,5313,0,0,cellular,3,jun,1,-1,0,unknown,1
40,0,1,0,0,0,0,0,0,0,0,0,0,1,0,0,0,1,0,0,694,1,0,cellular,3,jun,2,119,9,failure,1
41,0,0,0,0,0,1,0,0,0,0,0,0,0,1,0,0,0,1,0,2579,0,0,cellular,13,oct,1,-1,0,unknown,0
66,0,0,0,0,0,1,0,0,0,0,0,0,1,0,0,0,0,1,0,206,0,0,cellular,9,feb,1,-1,0,unknown,1
45,0,0,0,0,0,0,0,0,0,1,0,0,1,0,0,0,1,0,0,1603,0,0,unknown,9,jun,2,-1,0,unknown,0
52,0,1,0,0,0,0,0,0,0,0,0,0,1,0,0,0,1,0,0,117,0,0,cellular,26,feb,3,186,6,success,1
53,0,0,0,0,1,0,1,0,0,0,0,0,0,0,1,0,0,0,0,257,0,0,cellular,11,jul,2,-1,0,unknown,1
49,1,0,0,0,0,0,0,0,0,0,0,0,1,0,0,1,0,0,0,0,0,0,telephone,17,oct,1,-1,0,unknown,1
55,1,0,0,0,0,0,0,0,0,0,0,0,1,0,0,0,0,1,0,384,0,0,telephone,4,feb,1,-1,0,unknown,0
30,0,0,0,0,0,0,0,1,0,0,0,0,1,0,0,0,1,0,0,48,1,0,cellular,31,jul,13,-1,0,unknown,1
54,0,0,0,1,0,0,0,0,0,0,0,0,1,0,0,0,1,0,1,381,1,1,telephone,16,jul,1,-1,0,unknown,0
51,0,0,0,0,1,0,0,0,0,0,1,0,1,0,0,0,0,0,0,2337,1,0,cellular,16,apr,2,266,3,other,1
37,0,0,0,1,0,0,0,0,0,0,0,0,1,0,0,0,1,0,0,125,0,0,unknown,26,may,2,-1,0,unknown,1
44,1,0,0,0,0,0,0,0,0,0,0,0,1,0,0,1,0,0,0,1286,1,0,unknown,20,jun,3,-1,0,unknown,0
52,0,1,0,0,0,0,0,0,0,0,0,0,1,0,0,0,1,0,0,3151,0,0,cellular,6,aug,2,-1,0,unknown,0
37,0,1,0,0,1,0,0,0,0,0,0,0,1,0,0,0,0,0,0,189,0,0,cellular,16,jun,2,-1,0,unknown,1
51,1,0,0,0,1,0,0,0,0,0,0,0,1,0,0,0,0,0,0,721,0,0,unknown,16,jun,3,-1,0,unknown,0
30,0,0,0,0,0,0,0,0,1,0,0,0,0,1,0,0,1,0,0,192,0,0,cellular,22,jul,1,-1,0,unknown,0
57,1,0,0,0,0,0,0,0,0,0,0,0,1,0,0,1,0,0,0,1660,0,0,cellular,4,aug,1,-1,0,unknown,1
40,0,0,0,1,0,0,0,0,0,0,0,0,1,0,0,0,0,1,0,2805,1,0,cellular,14,may,6,353,23,failure,0
59,0,0,0,0,0,0,0,0,0,0,1,0,1,0,0,0,0,1,0,96,0,0,cellular,6,aug,2,-1,0,unknown,0
54,1,0,0,0,0,0,0,0,0,0,0,0,1,0,0,0,1,0,0,1134,1,0,cellular,25,jul,3,-1,0,unknown,1
53,0,1,0,0,0,0,0,0,0,0,0,0,1,0,0,1,0,0,0,6072,0,1,unknown,16,jun,4,-1,0,unknown,0
34,0,0,0,0,0,0,1,0,0,0,0,0,0,0,1,0,1,0,0,1927,0,1,cellular,18,jul,2,-1,0,unknown,0
25,0,0,0,0,0,0,1,0,0,0,0,0,0,1,0,0,1,0,0,285,0,0,cellular,3,jul,3,-1,0,unknown,1
36,0,0,0,0,0,0,0,1,0,0,0,0,1,0,0,0,1,0,0,3972,1,1,unknown,19,jun,1,-1,0,unknown,0
55,0,0,0,0,0,1,0,0,0,0,0,0,0,0,1,0,1,0,0,1580,0,1,unknown,19,jun,1,-1,0,unknown,1
34,0,0,0,0,0,0,1,0,0,0,0,0,1,0,0,0,1,0,0,247,0,0,cellular,8,oct,2,-1,0,unknown,1
28,1,0,0,0,0,0,0,0,0,0,0,0,0,1,0,1,0,0,0,1840,0,0,cellular,28,dec,1,143,10,other,0
23,0,0,0,0,0,0,0,0,0,0,0,1,0,1,0,0,1,0,0,0,0,0,cellular,7,aug,1,99,7,success,1
49,0,0,0,0,0,0,0,1,0,0,0,0,1,0,0,0,0,1,0,5737,1,0,unknown,29,may,2,-1,0,unknown,0
26,0,0,0,1,0,0,0,0,0,0,0,0,1,0,0,0,1,0,0,5795,1,0,cellular,14,may,2,-1,0,unknown,1
18,0,0,0,0,1,0,0,0,0,0,0,1,0,1,0,0,0,0,0,108,0,0,cellular,8,sep,1,-1,0,unknown,1
45,0,0,0,1,0,0,0,0,0,0,0,0,1,0,0,0,0,1,0,6753,0,0,cellular,11,aug,9,-1,0,unknown,0
56,0,0,0,0,0,0,0,0,0,0,1,0,1,0,0,0,0,1,0,82,0,0,unknown,16,may,1,-1,0,unknown,0
55,0,0,0,0,0,1,0,0,0,0,0,0,0,0,1,0,1,0,0,-268,0,1,cellular,24,jul,1,-1,0,unknown,1
46,0,0,0,0,0,0,1,0,0,0,0,0,0,1,0,1,0,0,0,377,1,0,unknown,5,may,2,-1,0,unknown,0
32,0,0,0,1,0,0,0,0,0,0,0,0,1,0,0,0,1,0,0,358,0,0,unknown,26,may,1,-1,0,unknown,0
25,0,0,0,1,0,0,0,0,0,0,0,0,0,1,0,0,1,0,0,-2,0,1,cellular,23,jul,2,-1,0,unknown,0
31,0,0,0,1,0,0,0,0,0,0,0,0,1,0,0,0,0,1,0,206,1,0,unknown,23,may,1,-1,0,unknown,0
26,0,1,0,0,0,0,0,0,0,0,0,0,0,1,0,0,1,0,0,354,0,0,cellular,16,jul,1,-1,0,unknown,1
32,0,0,0,0,0,0,0,1,0,0,0,0,0,1,0,0,1,0,0,772,1,0,unknown,15,may,3,-1,0,unknown,1
35,0,0,0,0,0,0,0,1,0,0,0,0,0,1,0,0,1,0,0,155,1,0,cellular,20,apr,1,-1,0,unknown,0
40,0,1,0,0,0,0,0,0,0,0,0,0,1,0,0,1,0,0,0,1293,0,0,cellular,16,sep,3,105,2,success,1
78,0,0,0,0,0,1,0,0,0,0,0,0,0,0,1,0,0,1,0,229,0,0,telephone,22,oct,1,-1,0,unknown,1
47,0,1,0,0,0,0,0,0,0,0,0,0,1,0,0,1,0,0,0,2408,0,0,cellular,30,apr,1,-1,0,unknown,1
40,0,0,0,1,0,0,0,0,0,0,0,0,1,0,0,0,0,1,0,-616,1,0,unknown,17,jun,2,-1,0,unknown,0
31,0,0,0,1,0,0,0,0,0,0,0,0,0,1,0,1,0,0,0,2197,1,0,unknown,23,may,3,-1,0,unknown,0
32,0,1,0,0,0,0,0,0,0,0,0,0,0,1,0,1,0,0,0,2340,0,0,cellular,26,may,1,97,2,success,0
30,0,0,0,0,0,0,0,1,0,0,0,0,0,1,0,0,1,0,1,-366,1,0,cellular,18,jul,1,-1,0,unknown,1
30,0,1,0,0,0,0,0,0,0,0,0,0,0,1,0,0,1,0,0,782,1,1,cellular,20,nov,4,-1,0,unknown,0
38,0,0,0,0,0,0,1,0,0,0,0,0,0,1,0,1,0,0,0,3954,1,0,cellular,10,feb,1,182,3,failure,0
30,0,0,0,1,0,0,0,0,0,0,0,0,1,0,0,0,1,0,0,0,1,1,cellular,10,jul,1,-1,0,unknown,1
37,0,0,0,0,0,0,1,0,0,0,0,0,1,0,0,0,1,0,0,1967,0,0,cellular,27,may,1,212,1,success,1
47,1,0,0,0,0,0,0,0,0,0,0,0,1,0,0,1,0,0,0,109,1,0,cellular,16,apr,2,268,1,failure,0
47,0,1,0,0,0,0,0,0,0,0,0,0,1,0,0,0,1,0,0,1167,1,0,cellular,30,apr,1,87,5,failure,1
29,0,0,0,1,0,0,0,0,0,0,0,0,1,0,0,0,0,1,0,10191,1,0,cellular,15,may,2,-1,0,unknown,0
52,0,0,0,1,0,0,0,0,0,0,0,0,1,0,0,0,1,0,0,1405,0,1,cellular,17,jul,2,-1,0,unknown,1
28,0,0,0,0,0,0,0,0,1,0,0,0,0,1,0,1,0,0,0,25,0,0,cellular,9,jul,1,-1,0,unknown,0
39,0,0,0,1,0,0,0,0,0,0,0,0,1,0,0,0,1,0,0,0,1,1,unknown,20,may,1,-1,0,unknown,0
31,0,1,0,0,0,0,0,0,0,0,0,0,0,1,0,1,0,0,0,1109,0,0,cellular,5,feb,1,167,2,failure,1
29,0,0,0,1,0,0,0,0,0,0,0,0,0,1,0,0,1,0,0,-16,1,1,cellular,5,may,1,-1,0,unknown,0
37,0,1,0,0,0,0,0,0,0,0,0,0,0,1,0,0,1,0,0,3326,1,0,unknown,21,may,1,-1,0,unknown,1
40,0,0,1,0,0,0,0,0,0,0,0,0,1,0,0,1,0,0,1,0,0,0,unknown,19,jun,4,-1,0,unknown,1
34,0,0,0,0,0,0,0,0,0,0,1,0,1,0,0,0,0,1,0,-1,1,0,cellular,9,jul,1,-1,0,unknown,0
60,0,0,0,0,0,0,1,0,0,0,0,0,1,0,0,0,1,0,0,106,0,0,cellular,21,aug,3,91,1,success,1
24,0,1,0,0,0,0,0,0,0,0,0,0,0,1,0,0,1,0,0,409,1,0,unknown,16,may,1,-1,0,unknown,1
56,0,0,0,1,0,0,0,0,0,0,0,0,1,0,0,0,0,1,0,563,0,0,telephone,16,jul,1,-1,0,unknown,0
33,0,1,0,0,0,0,0,0,0,0,0,0,0,1,0,1,0,0,0,0,0,0,cellular,28,jan,2,-1,0,unknown,0
31,0,1,0,0,0,0,0,0,0,0,0,0,0,1,0,0,1,0,0,159,0,0,cellular,20,aug,1,-1,0,unknown,0
52,0,0,0,1,0,0,0,0,0,0,0,0,1,0,0,0,0,1,0,1364,1,0,cellular,6,aug,2,-1,0,unknown,0
40,0,0,0,0,0,0,1,0,0,0,0,0,0,1,0,1,0,0,0,1248,0,0,unknown,11,jun,2,-1,0,unknown,1
31,0,0,0,0,0,0,0,0,0,0,0,1,0,1,0,0,1,0,0,241,1,0,cellular,12,may,5,-1,0,unknown,0
66,0,0,0,0,1,1,0,0,0,0,0,0,0,0,1,0,0,0,0,53,0,0,cellular,12,jul,4,-1,0,unknown,1
35,0,1,0,0,0,0,0,0,0,0,0,0,0,1,0,1,0,0,0,670,0,0,cellular,13,oct,2,-1,0,unknown,1
58,0,0,0,0,0,1,0,0,0,0,0,0,1,0,0,0,0,1,0,282,1,0,cellular,28,jul,4,-1,0,unknown,0
26,0,0,0,1,0,0,0,0,0,0,0,0,0,1,0,0,0,1,0,-887,1,0,cellular,18,may,2,-1,0,unknown,1
41,0,0,0,1,0,0,0,0,0,0,0,0,1,0,0,0,0,1,0,2453,1,0,unknown,15,may,1,-1,0,unknown,1
54,0,0,0,0,1,0,0,1,0,0,0,0,0,0,1,0,0,0,0,0,1,0,cellular,16,apr,1,-1,0,unknown,0
53,0,0,0,1,0,0,0,0,0,0,0,0,1,0,0,0,0,1,0,1311,0,0,telephone,14,apr,3,-1,0,unknown,0
37,0,0,0,0,0,0,1,0,0,0,0,0,0,1,0,1,0,0,0,2505,0,0,cellular,7,aug,3,-1,0,unknown,0
42,0,0,0,0,1,0,0,0,0,1,0,0,1,0,0,0,0,0,0,190,0,0,cellular,11,aug,2,-1,0,unknown,1
34,0,0,0,0,0,0,0,0,0,0,0,1,0,1,0,0,0,1,0,3004,0,0,unknown,28,may,3,-1,0,unknown,0
46,1,0,0,0,0,0,0,0,0,0,0,0,1,0,0,0,1,0,0,174,1,0,cellular,8,may,1,-1,0,unknown,0
56,0,0,0,0,0,0,1,0,0,0,0,0,1,0,0,0,1,0,0,45,0,0,unknown,5,may,1,-1,0,unknown,1
40,0,1,0,0,0,0,0,0,0,0,0,0,1,0,0,0,1,0,0,42,0,0,cellular,13,aug,2,-1,0,unknown,1
39,0,1,0,0,0,0,0,0,0,0,0,0,1,0,0,0,1,0,0,2983,0,0,cellular,3,dec,1,-1,0,unknown,1
46,1,0,0,0,0,0,0,0,0,0,0,0,1,0,0,1,0,0,0,0,1,0,cellular,17,dec,1,199,2,failure,0
47,1,0,0,0,0,0,0,0,0,0,0,0,1,0,0,1,0,0,0,3505,0,0,cellular,17,nov,2,-1,0,unknown,1
36,1,0,0,0,0,0,0,0,0,0,0,0,1,0,0,1,0,0,0,0,0,0,telephone,27,aug,9,-1,0,unknown,1
29,0,0,0,0,1,0,0,0,0,0,0,1,0,1,0,0,0,0,0,2929,0,0,cellular,5,may,1,89,4,other,1
32,0,0,0,0,0,0,0,0,1,0,0,0,0,1,0,1,0,0,0,4024,1,0,cellular,2,jul,1,-1,0,unknown,0
32,0,1,0,0,0,0,0,0,0,0,0,0,0,1,0,1,0,0,0,1625,0,0,cellular,22,may,1,109,1,failure,1
74,0,0,0,0,0,1,0,0,0,0,0,0,1,0,0,0,1,0,0,1714,0,0,telephone,17,feb,1,-1,0,unknown,1
24,0,0,0,0,0,0,0,0,0,0,0,1,0,1,0,0,1,0,0,387,0,0,telephone,4,may,8,-1,0,unknown,1
53,1,0,0,0,0,0,0,0,0,0,0,0,1,0,0,1,0,0,0,241,1,0,cellular,19,nov,1,-1,0,unknown,0
38,0,0,0,1,0,0,0,0,0,0,0,0,1,0,0,0,0,1,0,1262,0,0,unknown,17,jun,2,-1,0,unknown,0
25,0,0,0,1,0,0,0,0,0,0,0,0,0,1,0,0,1,0,0,2007,0,0,cellular,12,jan,2,-1,0,unknown,1
31,1,0,0,0,0,0,0,0,0,0,0,0,1,0,0,1,0,0,0,35,1,1,cellular,19,nov,2,-1,0,unknown,0
49,0,0,0,1,0,0,0,0,0,0,0,0,1,0,0,0,1,0,0,1219,1,0,cellular,26,aug,5,-1,0,unknown,0
30,1,0,0,0,0,0,0,0,0,0,0,0,1,0,0,1,0,0,0,8089,1,0,cellular,18,mar,2,294,2,failure,1
31,0,0,0,1,0,0,0,0,0,0,0,0,1,0,0,0,0,1,0,33,1,0,cellular,24,jul,2,-1,0,unknown,1
52,0,0,0,0,0,0,0,0,0,0,1,0,0,0,1,0,1,0,0,334,1,0,unknown,17,jun,9,-1,0,unknown,0
49,1,0,0,0,0,0,0,0,0,0,0,0,1,0,0,1,0,0,0,1,0,0,telephone,13,aug,2,101,4,success,1
48,0,0,0,0,0,0,0,0,0,0,1,0,1,0,0,0,0,1,0,7195,0,0,cellular,21,nov,2,-1,0,unknown,1
25,0,0,0,1,0,0,0,0,0,0,0,0,0,1,0,0,1,0,0,491,1,0,unknown,21,may,1,-1,0,unknown,0
29,0,0,0,1,0,0,0,0,0,0,0,0,0,1,0,0,1,0,0,908,1,0,unknown,20,jun,1,-1,0,unknown,1
35,0,0,0,0,0,0,0,0,1,0,0,0,0,1,0,1,0,0,0,-30,0,0,cellular,4,feb,2,-1,0,unknown,0
52,0,1,0,0,0,0,0,0,0,0,0,0,1,0,0,0,1,0,0,0,0,0,cellular,2,jun,3,-1,0,unknown,1
50,0,0,0,0,0,0,1,0,0,0,0,0,0,1,0,0,1,0,0,2252,0,0,cellular,30,apr,2,-1,0,unknown,1
27,0,0,0,1,0,0,0,0,0,0,0,0,0,1,0,0,1,0,0,2486,1,0,unknown,29,may,1,-1,0,unknown,1
48,0,0,0,0,0,0,0,0,0,0,1,0,1,0,0,0,1,0,0,513,0,1,cellular,28,jul,3,-1,0,unknown,1
26,0,0,0,0,0,0,0,0,0,0,0,1,0,1,0,1,0,0,0,10086,0,0,cellular,8,jul,3,78,2,success,0
51,0,0,0,0,0,0,0,0,1,0,0,0,1,0,0,1,0,0,0,126,1,0,cellular,10,jul,1,-1,0,unknown,0
29,0,1,0,0,0,0,0,0,0,0,0,0,1,0,0,0,1,0,0,273,0,0,cellular,4,feb,2,-1,0,unknown,1
29,0,1,0,0,0,0,0,0,0,0,0,0,1,0,0,0,1,0,0,132,1,1,cellular,30,apr,1,-1,0,unknown,0
43,0,0,0,0,0,0,0,0,0,1,0,0,1,0,0,1,0,0,0,0,0,0,cellular,16,jul,1,281,1,failure,1
31,0,0,0,0,0,0,0,0,0,1,0,0,1,0,0,1,0,0,0,330,0,0,cellular,13,jan,1,194,2,success,1
34,0,1,0,0,0,0,0,0,0,0,0,0,0,1,0,1,0,0,0,2838,1,0,cellular,13,may,3,-1,0,unknown,1
73,0,0,0,0,0,1,0,0,0,0,0,0,1,0,0,0,0,1,0,1388,0,0,telephone,11,jan,2,83,1,success,1
37,1,0,0,0,0,0,0,0,0,0,0,0,0,1,0,1,0,0,0,6964,0,0,cellular,19,nov,3,-1,0,unknown,0
33,1,0,0,0,0,0,0,0,0,0,0,0,1,0,0,1,0,0,0,0,0,0,cellular,26,aug,2,-1,0,unknown,0
52,0,0,0,1,0,0,0,0,0,0,0,0,1,0,0,0,0,1,0,655,1,1,cellular,31,jul,3,-1,0,unknown,0
32,0,0,0,0,0,0,0,1,0,0,0,0,1,0,0,0,1,0,0,38,1,0,cellular,15,may,1,-1,0,unknown,1
38,0,0,0,1,0,0,0,0,0,0,0,0,0,1,0,0,1,0,0,0,0,0,cellular,27,oct,1,75,3,failure,1
38,0,0,0,0,0,0,1,0,0,0,0,0,1,0,0,0,1,0,0,76,0,0,cellular,20,nov,1,-1,0,unknown,0
24,0,0,0,0,1,0,0,0,0,0,0,1,0,1,0,0,0,0,0,839,0,0,cellular,1,jun,1,-1,0,unknown,0
44,0,1,0,0,0,0,0,0,0,0,0,0,0,1,0,0,1,0,0,7138,0,0,cellular,8,aug,2,-1,0,unknown,1
42,0,0,0,0,0,0,0,0,0,1,0,0,0,0,1,0,1,0,0,1713,1,0,unknown,30,may,2,-1,0,unknown,1
39,0,0,0,0,0,0,1,0,0,0,0,0,1,0,0,0,1,0,0,260,1,0,cellular,11,aug,2,116,2,failure,1
26,1,0,0,0,0,0,0,0,0,0,0,0,0,1,0,1,0,0,0,222,0,0,cellular,26,apr,1,334,1,failure,1
43,0,0,0,0,0,0,0,1,0,0,0,0,0,1,0,0,1,0,0,3403,1,0,cellular,12,nov,2,97,2,success,1
53,1,0,0,0,0,0,0,0,0,0,0,0,1,0,0,1,0,0,0,1061,0,0,cellular,8,jun,2,-1,0,unknown,0
31,0,0,0,1,0,0,0,0,0,0,0,0,0,1,0,0,1,0,0,-343,0,1,cellular,28,jul,4,-1,0,unknown,0
34,1,0,0,0,0,0,0,0,0,0,0,0,0,1,0,1,0,0,0,48,1,0,cellular,12,aug,3,93,6,failure,1
35,0,0,0,1,0,0,0,0,0,0,0,0,1,0,0,0,1,0,0,274,1,0,unknown,20,may,1,-1,0,unknown,0
30,1,0,0,0,0,0,0,0,0,0,0,0,0,1,0,1,0,0,0,1191,0,0,cellular,11,aug,4,-1,0,unknown,0
64,0,0,0,0,0,1,0,0,0,0,0,0,1,0,0,1,0,0,0,2059,0,1,cellular,9,nov,1,95,1,other,0
32,0,1,0,0,0,0,0,0,0,0,0,0,1,0,0,0,1,0,0,1247,1,0,unknown,23,may,3,-1,0,unknown,0
42,1,0,0,0,0,0,0,0,0,0,0,0,1,0,0,1,0,0,0,27696,0,0,cellular,11,aug,1,91,7,success,1
50,0,0,0,1,0,0,0,0,0,0,0,0,1,0,0,0,0,1,0,2167,0,0,cellular,11,aug,2,-1,0,unknown,0
45,0,0,0,0,0,0,1,0,0,0,0,0,1,0,0,0,1,0,0,925,0,0,cellular,6,aug,2,-1,0,unknown,1
58,1,0,0,0,0,0,0,0,0,0,0,0,0,0,1,1,0,0,0,372,0,1,unknown,29,oct,1,-1,0,unknown,1
32,1,0,0,0,0,0,0,0,0,0,0,0,1,0,0,1,0,0,0,1402,0,0,unknown,1,jun,1,557,2,failure,0
62,0,0,0,1,0,0,0,0,0,0,0,0,1,0,0,0,1,0,0,272,0,0,cellular,11,aug,1,286,2,failure,1
72,0,0,0,0,0,1,0,0,0,0,0,0,1,0,0,0,1,0,0,5715,0,0,cellular,17,nov,5,184,3,success,1
41,0,1,0,0,0,0,0,0,0,0,0,0,0,1,0,0,1,0,0,30,0,0,unknown,23,may,1,-1,0,unknown,0
32,1,0,0,0,0,0,0,0,0,0,0,0,0,1,0,1,0,0,0,506,0,0,cellular,5,mar,2,-1,0,unknown,1
54,0,0,0,0,0,0,1,0,0,0,0,0,0,0,1,0,1,0,0,912,1,0,unknown,19,may,1,-1,0,unknown,0
37,0,0,1,0,0,0,0,0,0,0,0,0,1,0,0,1,0,0,0,404,1,0,cellular,28,jul,10,-1,0,unknown,0
34,0,0,0,0,0,0,0,0,1,0,0,0,1,0,0,1,0,0,0,0,0,0,cellular,28,aug,11,-1,0,unknown,1
25,0,0,0,1,0,0,0,0,0,0,0,0,1,0,0,0,1,0,0,77,1,0,unknown,19,may,1,-1,0,unknown,0
54,0,0,0,0,0,0,1,0,0,0,0,0,0,1,0,0,1,0,0,15,1,0,cellular,4,feb,1,-1,0,unknown,0
30,0,0,0,0,0,0,1,0,0,0,0,0,1,0,0,0,1,0,0,396,1,0,cellular,13,may,3,348,2,failure,1
35,0,0,0,0,0,0,0,0,1,0,0,0,0,1,0,1,0,0,0,4693,1,0,cellular,21,nov,5,-1,0,unknown,0
33,1,0,0,0,0,0,0,0,0,0,0,0,1,0,0,1,0,0,0,0,1,0,cellular,7,apr,1,-1,0,unknown,0
46,0,0,0,1,0,0,0,0,0,0,0,0,0,1,0,0,1,0,0,2401,1,0,unknown,14,may,2,-1,0,unknown,0
30,1,0,0,0,0,0,0,0,0,0,0,0,1,0,0,1,0,0,0,7,1,0,cellular,28,aug,1,164,4,other,1
57,0,0,0,0,0,0,1,0,0,0,0,0,0,1,0,0,1,0,0,3551,1,0,cellular,12,may,1,-1,0,unknown,1
59,1,0,0,0,0,0,0,0,0,0,0,0,1,0,0,1,0,0,0,220,1,0,telephone,16,jul,2,-1,0,unknown,0
56,1,0,0,0,0,0,0,0,0,0,0,0,0,0,1,1,0,0,0,10532,0,0,cellular,7,aug,1,-1,0,unknown,1
48,1,0,0,0,0,0,0,0,0,0,0,0,0,1,0,1,0,0,0,86,0,0,cellular,28,jun,3,186,6,other,1
39,0,0,0,0,0,0,0,0,1,0,0,0,1,0,0,1,0,0,0,-3058,1,1,cellular,17,apr,3,-1,0,unknown,1
34,0,0,0,1,0,0,0,0,0,0,0,0,1,0,0,0,0,1,0,244,1,0,unknown,27,may,13,-1,0,unknown,0
35,1,0,0,0,0,0,0,0,0,0,0,0,1,0,0,1,0,0,0,4286,1,0,unknown,9,may,1,-1,0,unknown,0
40,1,0,0,0,0,0,0,0,0,0,0,0,0,0,1,1,0,0,0,858,0,0,cellular,26,oct,2,-1,0,unknown,1
34,0,1,0,0,0,0,0,0,0,0,0,0,1,0,0,0,1,0,0,657,0,0,cellular,5,jun,2,-1,0,unknown,0
44,1,0,0,0,0,0,0,0,0,0,0,0,1,0,0,1,0,0,0,2383,0,0,cellular,1,jul,2,-1,0,unknown,1
38,0,1,0,0,0,0,0,0,0,0,0,0,1,0,0,1,0,0,0,127,1,0,cellular,14,oct,1,50,2,success,0
57,0,1,0,0,0,0,0,0,0,0,0,0,0,0,1,0,1,0,0,-305,1,0,cellular,14,jul,4,-1,0,unknown,0
49,0,0,0,0,0,0,1,0,0,0,0,0,0,0,1,0,1,0,0,-203,1,0,unknown,27,may,2,-1,0,unknown,0
25,0,0,0,1,0,0,0,0,0,0,0,0,0,1,0,0,0,1,0,155,1,0,unknown,30,may,4,-1,0,unknown,0
36,1,0,0,0,0,0,0,0,0,0,0,0,1,0,0,1,0,0,0,4069,0,0,cellular,21,nov,1,-1,0,unknown,1
33,0,0,0,0,0,0,1,0,0,0,0,0,1,0,0,0,1,0,0,2228,1,0,unknown,21,may,1,-1,0,unknown,0
36,0,0,0,0,0,0,0,0,1,0,0,0,1,0,0,0,0,1,0,161,0,0,cellular,21,aug,3,-1,0,unknown,0
85,0,0,0,0,0,1,0,0,0,0,0,0,1,0,0,0,0,1,0,12114,0,0,telephone,12,feb,2,-1,0,unknown,1
43,0,0,0,0,0,0,0,1,0,0,0,0,1,0,0,0,1,0,0,823,1,0,unknown,14,may,3,-1,0,unknown,0
40,0,0,0,0,0,0,0,1,0,0,0,0,1,0,0,0,1,0,0,191,1,0,cellular,18,may,2,293,6,other,0
51,0,0,0,0,0,0,1,0,0,0,0,0,1,0,0,0,1,0,0,1535,0,0,cellular,12,aug,2,-1,0,unknown,0
51,0,0,0,0,0,0,0,0,0,1,0,0,1,0,0,0,0,1,0,0,0,0,unknown,5,jun,2,-1,0,unknown,0
59,0,0,0,1,0,0,0,0,0,0,0,0,1,0,0,0,0,1,0,259,1,1,unknown,14,may,2,-1,0,unknown,0
39,0,0,0,0,0,0,0,0,1,0,0,0,0,0,1,1,0,0,0,155,0,0,cellular,19,nov,2,-1,0,unknown,0
47,1,0,0,0,0,0,0,0,0,0,0,0,1,0,0,1,0,0,0,2351,0,0,cellular,10,mar,1,-1,0,unknown,1
34,1,0,0,0,0,0,0,0,0,0,0,0,0,0,1,1,0,0,0,2885,0,0,cellular,10,feb,2,156,4,other,1
35,1,0,0,0,0,0,0,0,0,0,0,0,1,0,0,1,0,0,0,2583,0,0,cellular,19,nov,1,-1,0,unknown,0
31,0,0,0,0,0,0,0,0,0,1,0,0,0,0,1,1,0,0,0,256,1,0,cellular,16,jul,2,-1,0,unknown,1
72,0,0,0,0,0,1,0,0,0,0,0,0,1,0,0,0,0,1,0,763,0,0,cellular,24,apr,2,-1,0,unknown,1
28,0,0,0,0,0,0,0,0,0,1,0,0,0,1,0,1,0,0,0,0,0,0,telephone,2,feb,1,-1,0,unknown,0
47,0,0,0,1,0,0,0,0,0,0,0,0,0,0,1,0,0,1,0,603,1,1,cellular,8,may,1,-1,0,unknown,1
27,0,1,0,0,0,0,0,0,0,0,0,0,0,1,0,1,0,0,0,1075,0,0,cellular,2,mar,1,-1,0,unknown,1
36,0,0,0,0,0,0,0,1,0,0,0,0,1,0,0,0,1,0,0,52,1,0,cellular,7,sep,1,95,6,success,1
31,0,0,0,0,0,0,1,0,0,0,0,0,1,0,0,0,1,0,0,9911,0,0,cellular,20,nov,1,-1,0,unknown,0
47,0,0,0,1,0,0,0,0,0,0,0,0,1,0,0,0,1,0,0,1996,0,0,unknown,5,jun,2,-1,0,unknown,1
37,0,1,0,0,0,0,0,0,0,0,0,0,1,0,0,0,1,0,0,1016,1,1,telephone,12,nov,1,-1,0,unknown,0
35,0,0,1,0,0,0,0,0,0,0,0,0,1,0,0,0,1,0,0,1309,1,0,cellular,18,nov,3,-1,0,unknown,0
59,0,0,0,0,0,1,0,0,0,0,0,0,1,0,0,0,0,1,0,0,0,0,cellular,19,aug,2,-1,0,unknown,0
34,0,0,0,0,0,0,1,0,0,0,0,0,1,0,0,0,1,0,0,48,1,0,cellular,7,may,2,287,3,other,1
25,0,0,0,0,1,0,0,0,0,0,0,1,0,1,0,0,0,0,0,277,0,0,cellular,27,may,2,-1,0,unknown,1
32,1,0,0,0,0,0,0,0,0,0,0,0,0,1,0,1,0,0,0,769,0,0,cellular,29,aug,2,-1,0,unknown,1
20,0,0,0,0,0,0,0,0,0,0,0,1,0,1,0,0,1,0,0,1819,0,0,cellular,9,apr,3,-1,0,unknown,1
49,0,0,0,0,0,0,0,0,0,0,1,0,1,0,0,0,0,1,0,278,1,0,telephone,15,jul,6,-1,0,unknown,0
33,1,0,0,0,0,0,0,0,0,0,0,0,1,0,0,1,0,0,0,22867,1,0,cellular,10,nov,2,92,3,failure,1
32,0,0,0,1,0,0,0,0,0,0,0,0,1,0,0,0,1,0,0,157,1,0,unknown,20,may,1,-1,0,unknown,0
40,0,0,0,0,0,0,1,0,0,0,0,0,1,0,0,0,0,1,0,0,1,0,unknown,17,jun,1,-1,0,unknown,0
38,0,0,0,1,0,0,0,0,0,0,0,0,0,0,1,0,1,0,0,595,1,0,cellular,7,may,3,-1,0,unknown,0
56,0,0,0,0,0,1,0,0,0,0,0,0,1,0,0,1,0,0,0,839,0,1,cellular,18,nov,1,187,2,other,0
53,1,0,0,0,0,0,0,0,0,0,0,0,0,0,1,1,0,0,0,2152,0,0,cellular,13,feb,3,-1,0,unknown,1
34,1,0,0,0,0,0,0,0,0,0,0,0,1,0,0,0,1,0,0,-294,1,0,unknown,27,may,2,-1,0,unknown,0
40,0,1,0,0,0,0,0,0,0,0,0,0,0,0,1,0,1,0,0,0,0,0,cellular,7,aug,2,-1,0,unknown,1
34,0,0,0,1,0,0,0,0,0,0,0,0,0,1,0,0,1,0,0,381,1,0,cellular,29,jan,1,262,1,failure,0
24,0,0,0,0,0,0,1,0,0,0,0,0,0,1,0,0,1,0,0,120,1,0,cellular,18,may,1,-1,0,unknown,0
44,0,0,0,0,0,0,0,0,0,0,1,0,1,0,0,0,0,1,0,41,0,0,cellular,22,aug,1,-1,0,unknown,0
46,0,1,0,0,0,0,0,0,0,0,0,0,1,0,0,0,1,0,0,1590,1,0,cellular,15,jul,2,-1,0,unknown,0
30,0,0,0,0,0,0,0,0,0,1,0,0,0,0,1,0,1,0,0,7105,0,0,cellular,22,dec,2,-1,0,unknown,1
31,1,0,0,0,0,0,0,0,0,0,0,0,0,1,0,1,0,0,0,391,1,0,cellular,12,aug,3,-1,0,unknown,0
49,0,0,0,1,0,0,0,0,0,0,0,0,1,0,0,0,0,1,0,3767,1,0,unknown,23,may,13,-1,0,unknown,0
48,1,0,0,0,0,0,0,0,0,0,0,0,0,1,0,1,0,0,0,830,0,0,cellular,25,aug,4,-1,0,unknown,1
50,0,1,0,0,0,0,0,0,0,0,0,0,0,1,0,0,1,0,0,246,1,0,cellular,17,nov,1,123,2,failure,0
27,0,0,0,0,0,0,1,0,0,0,0,0,0,1,0,0,1,0,0,-400,0,1,cellular,8,jul,1,-1,0,unknown,0
44,1,0,0,0,0,0,0,0,0,0,0,0,1,0,0,1,0,0,0,7818,0,0,cellular,27,may,1,-1,0,unknown,1
29,0,0,0,0,0,0,1,0,0,0,0,0,0,1,0,0,1,0,0,1027,1,0,cellular,2,feb,1,-1,0,unknown,1
43,0,0,0,0,0,0,1,0,0,0,0,0,0,1,0,0,1,0,0,733,1,0,cellular,19,nov,3,-1,0,unknown,1
32,1,0,0,0,0,0,0,0,0,0,0,0,0,1,0,1,0,0,0,151,0,0,unknown,23,may,2,-1,0,unknown,0
49,0,0,0,1,0,0,0,0,0,0,0,0,1,0,0,0,1,0,0,825,1,0,cellular,17,jul,1,-1,0,unknown,0
36,1,0,0,0,0,0,0,0,0,0,0,0,0,1,0,1,0,0,0,6450,1,0,unknown,29,may,1,-1,0,unknown,0
30,0,0,0,1,0,0,0,0,0,0,0,0,1,0,0,0,0,1,0,70,1,1,unknown,8,may,3,-1,0,unknown,0
30,1,0,0,0,0,0,0,0,0,0,0,0,0,1,0,1,0,0,0,232,0,0,cellular,15,jul,1,91,1,success,1
39,0,0,0,1,0,0,0,0,0,0,0,0,0,0,1,0,0,1,0,4168,1,0,unknown,20,jun,3,-1,0,unknown,0
36,1,0,0,0,0,0,0,0,0,0,0,0,1,0,0,1,0,0,0,255,0,0,cellular,25,aug,6,95,4,success,1
44,0,0,0,0,0,0,0,1,0,0,0,0,0,0,1,0,1,0,0,51,1,1,unknown,27,may,2,-1,0,unknown,1
58,1,0,0,0,0,0,0,0,0,0,0,0,1,0,0,0,0,1,0,1136,0,0,unknown,17,jun,3,-1,0,unknown,0
33,0,1,0,0,0,0,0,0,0,0,0,0,1,0,0,0,1,0,0,4,1,1,unknown,18,jun,2,-1,0,unknown,1
32,0,0,0,0,0,0,0,1,0,0,0,0,0,1,0,0,1,0,0,259,1,0,unknown,27,may,2,-1,0,unknown,0
45,0,0,0,1,0,0,0,0,0,0,0,0,1,0,0,0,1,0,0,-73,1,0,cellular,6,apr,3,313,9,failure,0
41,0,0,0,1,0,0,0,0,0,0,0,0,1,0,0,0,0,1,0,-97,1,0,unknown,8,may,5,-1,0,unknown,0
60,0,0,0,0,0,1,0,0,0,0,0,0,1,0,0,0,1,0,0,523,0,0,cellular,11,feb,1,182,3,success,1
36,0,1,0,0,0,0,0,0,0,0,0,0,0,1,0,0,1,0,0,27,1,0,cellular,9,feb,1,260,2,success,1
54,0,0,0,0,0,1,0,0,0,0,0,0,1,0,0,0,1,0,0,1139,1,0,cellular,14,may,1,177,7,failure,0
38,0,0,0,0,0,0,0,0,0,0,1,0,0,0,1,0,1,0,0,70,0,0,cellular,27,oct,3,148,1,success,1
48,0,1,0,0,0,0,0,0,0,0,0,0,1,0,0,0,0,1,0,235,0,0,cellular,9,sep,2,191,3,success,1
35,0,0,0,1,0,0,0,0,0,0,0,0,0,1,0,0,0,1,0,293,1,0,unknown,30,may,2,-1,0,unknown,0
60,0,0,0,0,0,1,0,0,0,0,0,0,1,0,0,1,0,0,0,2557,1,0,cellular,2,feb,1,-1,0,unknown,1
24,0,0,0,1,0,0,0,0,0,0,0,0,0,1,0,0,1,0,1,-203,1,0,unknown,12,jun,3,-1,0,unknown,1
29,0,1,0,0,0,0,0,0,0,0,0,0,1,0,0,0,0,1,0,1761,1,0,unknown,3,jun,1,-1,0,unknown,0
42,0,1,0,0,0,0,0,0,0,0,0,0,0,1,0,0,1,0,0,541,1,0,cellular,5,feb,1,-1,0,unknown,1
41,0,0,0,0,0,0,0,0,1,0,0,0,1,0,0,0,1,0,0,3123,1,0,cellular,3,apr,2,135,2,failure,1
48,0,0,1,0,0,0,0,0,0,0,0,0,0,1,0,1,0,0,0,318,1,0,cellular,5,feb,4,-1,0,unknown,1
51,1,0,0,0,0,0,0,0,0,0,0,0,1,0,0,1,0,0,0,2635,0,0,cellular,1,sep,1,98,2,failure,1
27,0,0,0,0,0,0,0,0,0,0,0,1,0,1,0,0,1,0,0,6036,0,0,cellular,31,mar,1,181,1,failure,1
29,0,0,1,0,0,0,0,0,0,0,0,0,1,0,0,0,1,0,0,714,1,1,cellular,13,may,2,-1,0,unknown,1
32,0,0,0,0,0,0,0,1,0,0,0,0,0,1,0,0,1,0,0,6983,0,0,cellular,7,aug,1,-1,0,unknown,1
53,1,0,0,0,0,0,0,0,0,0,0,0,1,0,0,1,0,0,0,3634,0,0,cellular,7,may,4,88,8,success,1
42,1,0,0,0,0,0,0,0,0,0,0,0,1,0,0,1,0,0,0,6080,0,0,cellular,21,nov,3,-1,0,unknown,0
83,0,0,0,0,0,1,0,0,0,0,0,0,0,1,0,0,0,1,0,1965,0,0,telephone,13,oct,3,-1,0,unknown,1
77,1,0,0,0,1,0,0,0,0,0,0,0,1,0,0,0,0,0,0,1780,1,0,cellular,23,oct,2,183,3,success,1
60,0,0,0,0,0,0,0,0,0,0,1,0,0,0,1,0,0,1,0,1412,0,0,cellular,22,jul,4,-1,0,unknown,0
47,0,0,0,1,0,0,0,0,0,0,0,0,1,0,0,0,1,0,0,125,0,0,cellular,8,jul,2,-1,0,unknown,0
67,0,0,0,0,0,1,0,0,0,0,0,0,1,0,0,0,1,0,0,203,0,0,cellular,11,oct,1,266,2,success,1
31,0,0,0,1,0,0,0,0,0,0,0,0,0,1,0,0,1,0,0,573,1,0,telephone,5,feb,1,269,2,failure,0
34,0,1,0,0,0,0,0,0,0,0,0,0,1,0,0,1,0,0,0,932,1,0,cellular,4,jun,1,-1,0,unknown,0
53,0,0,0,0,0,0,1,0,0,0,0,0,1,0,0,0,1,0,0,10541,0,0,cellular,9,nov,1,-1,0,unknown,1
35,0,0,0,0,0,0,1,0,0,0,0,0,0,1,0,0,1,0,0,2830,0,0,unknown,20,jun,12,-1,0,unknown,0
41,1,0,0,0,0,0,0,0,0,0,0,0,1,0,0,0,1,0,0,456,1,0,cellular,11,aug,4,-1,0,unknown,1
37,0,0,0,1,0,0,0,0,0,0,0,0,0,1,0,0,1,0,0,133,1,0,cellular,11,may,2,-1,0,unknown,1
31,0,0,0,0,0,0,0,0,0,1,0,0,1,0,0,0,1,0,0,314,1,0,cellular,20,nov,3,178,7,failure,1
32,0,0,0,0,0,0,0,0,1,0,0,0,1,0,0,0,0,1,0,102,1,0,cellular,18,jul,1,-1,0,unknown,1
35,0,0,0,0,0,0,1,0,0,0,0,0,0,0,1,0,1,0,0,534,0,0,cellular,15,may,1,312,3,failure,1
37,1,0,0,0,0,0,0,0,0,0,0,0,1,0,0,1,0,0,0,0,0,0,unknown,16,jun,6,-1,0,unknown,1
34,0,0,0,0,0,0,0,0,1,0,0,0,0,1,0,0,1,0,0,3,1,0,unknown,5,may,1,-1,0,unknown,0
29,0,1,0,0,0,0,0,0,0,0,0,0,0,1,0,0,1,0,0,825,0,0,cellular,25,jun,2,-1,0,unknown,1
78,0,0,0,0,0,1,0,0,0,0,0,0,1,0,0,0,0,1,0,14204,0,0,cellular,26,oct,1,183,1,other,0
39,1,0,0,0,0,0,0,0,0,0,0,0,1,0,0,0,1,0,0,215,0,0,cellular,11,aug,4,-1,0,unknown,1
38,1,0,0,0,1,0,0,0,0,0,0,0,1,0,0,0,0,0,0,3576,0,0,cellular,26,may,1,-1,0,unknown,1
33,0,0,0,0,0,0,1,0,0,0,0,0,0,1,0,0,1,0,0,315,1,1,cellular,14,may,3,-1,0,unknown,1
42,0,1,0,0,0,0,0,0,0,0,0,0,1,0,0,1,0,0,0,-805,0,0,cellular,8,aug,6,-1,0,unknown,0
31,0,1,0,0,0,0,0,0,0,0,0,0,0,0,1,0,1,0,0,431,1,1,cellular,18,aug,2,-1,0,unknown,0
24,0,0,0,0,0,0,0,0,0,1,0,0,0,1,0,0,1,0,0,2573,0,0,cellular,24,may,2,-1,0,unknown,1
57,0,0,0,0,0,0,1,0,0,0,0,0,1,0,0,0,1,0,0,2120,0,0,cellular,19,aug,4,-1,0,unknown,1
30,0,0,0,1,0,0,0,0,0,0,0,0,1,0,0,0,1,0,0,61,1,0,cellular,5,may,1,-1,0,unknown,1
47,0,0,0,0,0,0,0,1,0,0,0,0,1,0,0,0,1,0,0,837,1,1,unknown,16,may,1,-1,0,unknown,0
36,1,0,0,0,0,0,0,0,0,0,0,0,0,1,0,1,0,0,0,891,1,0,unknown,29,may,5,-1,0,unknown,0
34,0,0,0,1,0,0,0,0,0,0,0,0,0,0,1,0,1,0,0,1614,1,0,cellular,15,may,2,297,1,other,0
32,0,0,0,0,0,0,0,1,0,0,0,0,0,1,0,1,0,0,0,945,0,0,cellular,20,nov,1,-1,0,unknown,1
24,0,0,0,0,0,0,0,1,0,0,0,0,0,1,0,0,1,0,0,1299,1,1,cellular,18,may,2,-1,0,unknown,0
30,1,0,0,0,0,0,0,0,0,0,0,0,0,1,0,1,0,0,0,485,1,0,cellular,21,nov,2,-1,0,unknown,0
37,1,0,0,0,0,0,0,0,0,0,0,0,0,1,0,1,0,0,0,584,1,0,telephone,13,may,1,-1,0,unknown,0
53,0,0,0,1,0,0,0,0,0,0,0,0,0,0,1,0,1,0,0,517,1,0,unknown,18,jun,2,-1,0,unknown,0
33,1,0,0,0,0,0,0,0,0,0,0,0,0,1,0,1,0,0,0,-149,1,0,cellular,22,jul,3,-1,0,unknown,0
30,0,0,0,0,0,0,0,1,0,0,0,0,0,1,0,0,1,0,0,495,1,0,cellular,21,nov,1,-1,0,unknown,1
43,1,0,0,0,0,0,0,0,0,0,0,0,1,0,0,1,0,0,0,5926,0,0,cellular,6,aug,2,-1,0,unknown,0
37,0,0,0,0,0,0,0,0,1,0,0,0,1,0,0,1,0,0,0,129,0,0,cellular,18,aug,2,-1,0,unknown,0
36,0,0,0,1,0,0,0,0,0,0,0,0,1,0,0,0,1,0,0,324,1,1,cellular,16,jul,1,-1,0,unknown,1
28,0,0,0,0,1,0,1,0,0,0,0,0,0,1,0,0,0,0,0,2736,0,0,cellular,8,jul,1,-1,0,unknown,1
36,0,0,0,0,0,0,0,1,0,0,0,0,0,1,0,0,1,0,0,0,1,0,cellular,12,may,6,-1,0,unknown,1
26,1,0,0,0,0,0,0,0,0,0,0,0,0,1,0,1,0,0,0,170,0,0,cellular,15,jun,1,-1,0,unknown,1
77,0,0,0,0,0,1,0,0,0,0,0,0,1,0,0,0,0,1,0,680,0,0,telephone,27,nov,4,94,3,failure,0
40,0,0,0,1,0,0,0,0,0,0,0,0,1,0,0,0,1,0,0,10,1,0,unknown,9,may,2,-1,0,unknown,1
41,0,1,0,0,0,0,0,0,0,0,0,0,0,1,0,1,0,0,0,431,0,0,cellular,22,oct,1,107,2,success,1
33,1,0,0,0,0,0,0,0,0,0,0,0,1,0,0,1,0,0,0,3401,0,0,cellular,20,nov,1,-1,0,unknown,1
55,0,0,0,0,0,0,1,0,0,0,0,0,1,0,0,0,1,0,0,356,0,0,telephone,27,aug,6,-1,0,unknown,0
52,0,0,0,0,0,0,0,0,0,1,0,0,1,0,0,0,1,0,0,1416,0,0,cellular,13,sep,3,187,3,success,1
30,0,0,0,1,0,0,0,0,0,0,0,0,1,0,0,0,0,1,0,135,1,0,telephone,17,jul,5,-1,0,unknown,0
27,1,0,0,0,0,0,0,0,0,0,0,0,0,1,0,1,0,0,0,1720,0,0,cellular,15,jun,1,224,3,success,1
44,1,0,0,0,0,0,0,0,0,0,0,0,1,0,0,1,0,0,0,1034,0,0,cellular,17,nov,1,-1,0,unknown,0
26,0,0,0,0,0,0,0,1,0,0,0,0,0,1,0,1,0,0,0,0,0,1,telephone,1,jul,4,-1,0,unknown,1
46,0,1,0,0,0,0,0,0,0,0,0,0,0,0,1,0,1,0,0,-824,1,0,cellular,7,aug,3,-1,0,unknown,1
31,1,0,0,0,0,0,0,0,0,0,0,0,0,1,0,1,0,0,0,1858,0,0,cellular,12,aug,3,-1,0,unknown,1
36,0,0,0,1,0,0,0,0,0,0,0,0,1,0,0,0,1,0,0,1949,1,0,cellular,17,apr,2,319,3,failure,0
32,1,0,0,0,0,0,0,0,0,0,0,0,0,1,0,0,1,0,0,67,0,0,cellular,11,aug,2,-1,0,unknown,0
58,0,0,0,0,0,1,0,0,0,0,0,0,1,0,0,0,0,1,0,5092,0,0,unknown,11,jun,6,-1,0,unknown,0
55,0,0,0,0,0,1,0,0,0,0,0,0,0,0,1,0,1,0,0,2204,0,0,cellular,22,feb,1,264,1,failure,1
30,1,0,0,0,0,0,0,0,0,0,0,0,0,1,0,1,0,0,0,275,1,0,cellular,20,apr,2,-1,0,unknown,0
30,0,0,0,0,0,0,1,0,0,0,0,0,1,0,0,0,1,0,0,4,0,0,unknown,20,jun,2,-1,0,unknown,0
26,0,0,0,1,0,0,0,0,0,0,0,0,0,1,0,0,1,0,0,972,1,0,unknown,20,may,10,-1,0,unknown,0
40,0,0,0,0,0,0,1,0,0,0,0,0,0,1,0,0,1,0,0,2040,1,0,cellular,18,may,2,350,2,failure,1
39,0,0,0,0,0,0,1,0,0,0,0,0,1,0,0,0,1,0,0,1388,1,0,cellular,15,jul,5,-1,0,unknown,0
74,0,0,0,0,0,1,0,0,0,0,0,0,1,0,0,0,0,1,0,1765,0,0,telephone,11,sep,2,-1,0,unknown,1
54,1,0,0,0,0,0,0,0,0,0,0,0,1,0,0,1,0,0,0,1014,0,1,cellular,30,apr,1,162,2,failure,1
36,0,0,0,0,0,0,0,1,0,0,0,0,1,0,0,0,1,0,0,52,1,0,cellular,5,mar,2,179,7,success,1
29,0,0,0,1,0,0,0,0,0,0,0,0,0,1,0,0,1,0,1,-580,1,0,unknown,23,jun,2,-1,0,unknown,0
23,0,0,1,0,0,0,0,0,0,0,0,0,0,1,0,0,0,1,0,4,1,0,unknown,13,may,2,-1,0,unknown,1
35,1,0,0,0,0,0,0,0,0,0,0,0,0,1,0,0,1,0,0,1048,0,0,cellular,22,aug,2,-1,0,unknown,0
52,0,1,0,0,0,0,0,0,0,0,0,0,1,0,0,0,1,0,0,5303,1,0,unknown,19,oct,1,-1,0,unknown,1
36,0,1,0,0,0,0,0,0,0,0,0,0,0,1,0,0,1,0,0,651,0,0,cellular,7,aug,1,-1,0,unknown,1
55,0,0,0,0,0,0,0,1,0,0,0,0,0,0,1,0,0,1,0,2923,1,0,cellular,29,jan,1,259,2,failure,0
31,1,0,0,0,0,0,0,0,0,0,0,0,0,1,0,1,0,0,0,78,1,0,cellular,22,jul,2,-1,0,unknown,0
30,0,1,0,0,0,0,0,0,0,0,0,0,0,1,0,0,1,0,1,-305,0,1,cellular,14,aug,6,-1,0,unknown,0
60,0,1,0,0,0,0,0,0,0,0,0,0,1,0,0,0,1,0,0,116,0,0,cellular,11,aug,2,181,8,success,1
57,0,0,0,0,0,1,0,0,0,0,0,0,1,0,0,0,1,0,0,5313,0,0,cellular,16,dec,2,196,1,success,1
27,1,0,0,0,0,0,0,0,0,0,0,0,0,1,0,0,0,1,1,13,0,0,cellular,30,jan,3,-1,0,unknown,1
39,0,0,0,1,0,0,0,0,0,0,0,0,1,0,0,0,0,1,0,2862,1,0,unknown,28,may,2,-1,0,unknown,0
36,0,0,0,1,0,0,0,0,0,0,0,0,1,0,0,0,0,1,0,1548,1,1,cellular,18,may,2,-1,0,unknown,0
53,0,0,0,0,0,0,1,0,0,0,0,0,1,0,0,1,0,0,0,1379,0,0,cellular,4,aug,1,-1,0,unknown,0
36,0,0,0,0,0,0,1,0,0,0,0,0,1,0,0,0,1,0,0,162,1,1,cellular,20,apr,2,-1,0,unknown,0
27,1,0,0,0,0,0,0,0,0,0,0,0,0,1,0,1,0,0,0,1720,0,0,cellular,3,nov,2,273,1,failure,1
47,0,0,0,1,0,0,0,0,0,0,0,0,1,0,0,0,1,0,0,863,1,0,unknown,19,may,2,-1,0,unknown,1
29,0,0,0,0,0,0,0,1,0,0,0,0,0,1,0,0,1,0,0,-158,1,0,unknown,7,may,2,-1,0,unknown,0
46,0,0,0,0,0,0,0,0,0,1,0,0,1,0,0,0,1,0,0,594,0,0,cellular,4,feb,2,-1,0,unknown,0
54,0,0,0,0,0,0,1,0,0,0,0,0,1,0,0,0,1,0,0,0,0,0,cellular,28,jan,1,98,2,failure,1
53,1,0,0,0,0,0,0,0,0,0,0,0,1,0,0,1,0,0,0,1624,0,0,cellular,30,apr,3,84,3,success,1
32,1,0,0,0,0,0,0,0,0,0,0,0,0,1,0,1,0,0,0,1731,1,1,unknown,29,may,3,-1,0,unknown,0
49,0,0,0,0,0,1,0,0,0,0,0,0,1,0,0,0,0,1,0,3478,0,0,unknown,11,jun,5,-1,0,unknown,0
61,0,0,0,0,0,1,0,0,0,0,0,0,1,0,0,0,1,0,0,86,0,0,cellular,25,jan,1,94,1,success,1
57,0,0,0,0,0,1,0,0,0,0,0,0,1,0,0,0,0,1,0,333,0,0,unknown,22,aug,2,-1,0,unknown,0
28,0,0,0,1,1,0,0,0,0,0,0,0,0,0,1,0,0,0,0,101,1,0,unknown,28,may,4,-1,0,unknown,0
33,0,0,0,0,0,0,0,1,0,0,0,0,0,1,0,1,0,0,0,1268,1,0,cellular,6,may,1,350,1,other,0
35,1,0,0,0,0,0,0,0,0,0,0,0,0,1,0,1,0,0,0,1750,1,0,cellular,30,apr,1,9,3,success,1
46,0,0,0,0,0,0,1,0,0,0,0,0,1,0,0,0,1,0,0,547,0,1,cellular,4,aug,2,-1,0,unknown,0
25,0,0,0,0,0,0,1,0,0,0,0,0,0,1,0,0,1,0,0,1871,0,0,cellular,8,sep,1,96,1,success,1
35,0,0,0,0,0,0,1,0,0,0,0,0,1,0,0,0,1,0,0,-203,1,0,cellular,11,jul,2,-1,0,unknown,1
32,0,0,0,1,0,0,0,0,0,0,0,0,1,0,0,0,1,0,0,1879,0,0,cellular,6,feb,8,-1,0,unknown,1
58,0,1,0,0,0,0,0,0,0,0,0,0,0,0,1,0,1,0,0,469,0,0,unknown,6,may,1,-1,0,unknown,0
39,0,1,0,0,0,0,0,0,0,0,0,0,0,0,1,0,1,0,0,454,0,0,cellular,11,aug,2,-1,0,unknown,0
63,0,0,0,1,0,0,0,0,0,0,0,0,1,0,0,0,1,0,0,641,0,0,cellular,27,may,2,-1,0,unknown,1
50,1,0,0,0,0,0,0,0,0,0,0,0,1,0,0,1,0,0,0,2366,0,0,cellular,28,jan,2,149,1,other,1
48,1,0,0,0,0,0,0,0,0,0,0,0,1,0,0,1,0,0,0,1167,1,1,cellular,1,jun,1,-1,0,unknown,1
23,0,0,0,0,0,0,0,0,0,0,0,1,0,1,0,0,1,0,0,107,0,0,cellular,14,oct,1,183,1,success,1
61,0,0,0,0,0,0,0,0,0,0,1,0,1,0,0,0,0,1,0,211,0,0,cellular,31,aug,2,186,3,failure,1
27,0,0,0,0,0,0,1,0,0,0,0,0,1,0,0,0,1,0,0,0,1,0,cellular,6,may,1,-1,0,unknown,1
34,0,0,0,0,0,0,0,1,0,0,0,0,0,1,0,0,1,0,0,1157,1,0,unknown,21,may,2,-1,0,unknown,0
35,0,1,0,0,0,0,0,0,0,0,0,0,1,0,0,0,1,0,0,-116,0,1,cellular,6,aug,2,-1,0,unknown,0
53,0,0,0,0,0,0,1,0,0,0,0,0,1,0,0,0,1,0,0,1796,0,0,telephone,16,mar,1,91,2,success,1
34,0,0,0,0,0,0,1,0,0,0,0,0,1,0,0,0,1,0,0,1406,1,0,cellular,27,may,1,-1,0,unknown,1
56,0,0,1,0,0,0,0,0,0,0,0,0,1,0,0,0,1,0,0,535,1,1,unknown,16,jun,4,-1,0,unknown,0
26,0,0,0,0,0,0,1,0,0,0,0,0,0,1,0,0,1,0,0,255,0,0,cellular,9,feb,1,-1,0,unknown,1
32,1,0,0,0,0,0,0,0,0,0,0,0,1,0,0,1,0,0,0,92,0,0,unknown,3,jul,1,-1,0,unknown,0
35,1,0,0,0,1,0,0,0,0,0,0,0,1,0,0,0,0,0,0,2326,1,1,cellular,16,sep,1,-1,0,unknown,1
32,0,0,0,1,0,0,0,0,0,0,0,0,1,0,0,0,1,0,0,8957,0,0,cellular,20,nov,1,-1,0,unknown,0
57,0,0,0,0,0,0,0,0,1,0,0,0,1,0,0,0,1,0,0,7747,0,0,cellular,7,aug,2,-1,0,unknown,0
34,0,1,0,0,0,0,0,0,0,0,0,0,1,0,0,1,0,0,0,1539,1,0,cellular,15,jun,1,56,1,other,1
50,0,0,0,1,0,0,0,0,0,0,0,0,1,0,0,0,0,1,0,0,1,0,cellular,11,may,3,339,2,failure,0
49,0,0,0,0,0,0,0,1,0,0,0,0,1,0,0,0,1,0,0,-33,1,0,unknown,6,jun,13,-1,0,unknown,0
34,0,0,0,1,0,0,0,0,0,0,0,0,1,0,0,0,1,0,0,243,1,0,cellular,18,may,1,-1,0,unknown,1
29,0,0,0,1,0,0,0,0,0,0,0,0,0,1,0,0,1,0,0,1232,1,0,cellular,16,apr,1,316,2,failure,0
57,1,0,0,0,0,0,0,0,0,0,0,0,1,0,0,1,0,0,0,75,0,0,cellular,28,aug,5,-1,0,unknown,0
29,0,0,0,0,0,0,0,0,1,0,0,0,1,0,0,1,0,0,0,4,0,0,cellular,5,feb,1,-1,0,unknown,0
20,0,0,0,0,1,0,0,0,0,0,0,1,0,1,0,0,0,0,0,330,0,0,cellular,20,apr,2,-1,0,unknown,0
33,0,0,0,0,0,0,1,0,0,0,0,0,0,1,0,0,1,0,0,572,1,0,cellular,14,apr,1,74,2,failure,1
23,0,1,0,0,0,0,0,0,0,0,0,0,0,1,0,0,1,0,0,4545,0,0,cellular,3,jun,1,-1,0,unknown,0
46,0,0,0,0,0,0,1,0,0,0,0,0,0,0,1,0,1,0,0,3163,0,0,cellular,21,nov,3,-1,0,unknown,0
38,0,1,0,0,0,0,0,0,0,0,0,0,0,0,1,1,0,0,0,1805,0,0,unknown,9,jun,2,-1,0,unknown,1
30,0,1,0,0,0,0,0,0,0,0,0,0,0,1,0,0,1,0,0,863,1,0,unknown,16,may,5,-1,0,unknown,1
36,0,1,0,0,0,0,0,0,0,0,0,0,1,0,0,0,1,0,0,-456,1,0,cellular,11,jul,1,-1,0,unknown,0
38,1,0,0,0,0,0,0,0,0,0,0,0,1,0,0,1,0,0,0,0,0,0,cellular,26,aug,4,-1,0,unknown,0
36,1,0,0,0,0,0,0,0,0,0,0,0,0,1,0,1,0,0,0,4,1,0,cellular,7,may,2,342,1,failure,1
43,0,0,0,1,0,0,0,0,0,0,0,0,1,0,0,0,0,1,0,336,1,0,unknown,9,may,5,-1,0,unknown,0
36,0,0,0,1,0,0,0,0,0,0,0,0,0,0,1,0,1,0,0,-59,1,0,unknown,28,may,1,-1,0,unknown,0
35,0,1,0,0,0,0,0,0,0,0,0,0,1,0,0,0,1,0,0,2779,0,0,cellular,26,apr,2,186,2,success,1
57,0,0,0,0,0,0,0,0,0,0,1,0,1,0,0,1,0,0,0,2326,0,0,cellular,17,apr,1,-1,0,unknown,1
38,0,0,0,0,0,0,1,0,0,0,0,0,0,1,0,0,1,0,0,262,0,0,cellular,3,feb,2,180,6,failure,1
51,0,1,0,0,0,0,0,0,0,0,0,0,0,1,0,0,1,0,0,0,1,0,unknown,5,may,2,-1,0,unknown,0
82,0,0,0,0,0,1,0,0,0,0,0,0,1,0,0,0,0,1,0,8603,0,0,cellular,22,oct,3,107,1,success,1
31,1,0,0,0,0,0,0,0,0,0,0,0,1,0,0,1,0,0,0,537,1,0,cellular,18,aug,1,-1,0,unknown,1
36,0,0,0,1,0,0,0,0,0,0,0,0,0,0,1,0,1,0,0,1305,1,0,cellular,16,jul,10,-1,0,unknown,0
31,0,0,0,0,0,0,1,0,0,0,0,0,0,1,0,0,1,0,0,-422,1,0,cellular,18,may,2,329,15,other,0
34,0,0,0,1,0,0,0,0,0,0,0,0,1,0,0,0,1,0,0,837,1,1,cellular,13,apr,1,-1,0,unknown,0
37,1,0,0,0,0,0,0,0,0,0,0,0,1,0,0,1,0,0,0,115,0,0,unknown,7,may,1,-1,0,unknown,0
44,0,0,0,1,0,0,0,0,0,0,0,0,0,0,1,0,0,1,0,-97,1,1,cellular,15,may,3,288,4,failure,0
48,0,0,0,0,0,0,1,0,0,0,0,0,0,1,0,0,1,0,0,96,1,0,unknown,8,may,1,-1,0,unknown,0
35,1,0,0,0,0,0,0,0,0,0,0,0,0,1,0,1,0,0,0,80,0,0,cellular,4,sep,2,94,1,other,1
52,0,1,0,0,0,0,0,0,0,0,0,0,1,0,0,0,1,0,0,3431,0,0,cellular,25,aug,4,-1,0,unknown,0
57,1,0,0,0,0,0,0,0,0,0,0,0,1,0,0,1,0,0,1,1218,1,0,cellular,18,jul,6,-1,0,unknown,0
38,0,1,0,0,0,0,0,0,0,0,0,0,0,1,0,0,1,0,0,0,1,0,unknown,6,jun,1,-1,0,unknown,0
39,1,0,0,0,0,0,0,0,0,0,0,0,1,0,0,1,0,0,0,0,0,0,cellular,30,apr,3,22,3,other,1
29,0,0,0,0,0,0,0,0,1,0,0,0,1,0,0,0,1,0,0,425,1,0,unknown,5,jun,15,-1,0,unknown,1
37,0,1,0,0,0,0,0,0,0,0,0,0,0,1,0,0,1,0,0,2442,0,0,cellular,16,feb,3,-1,0,unknown,1
27,0,0,0,0,0,0,1,0,0,0,0,0,0,1,0,0,1,0,0,4745,0,0,telephone,12,nov,4,192,1,other,1
31,0,1,0,0,0,0,0,0,0,0,0,0,0,1,0,1,0,0,0,236,1,0,cellular,30,jan,1,259,1,failure,0
59,0,0,0,0,0,0,0,0,0,0,1,0,1,0,0,0,0,1,0,935,1,0,cellular,19,nov,3,166,2,failure,0
26,0,0,0,0,0,0,0,1,0,0,0,0,0,1,0,0,1,0,1,74,0,0,cellular,8,jul,1,-1,0,unknown,0
58,0,0,0,0,0,0,0,1,0,0,0,0,1,0,0,0,1,0,0,1905,0,0,cellular,27,aug,5,-1,0,unknown,0
33,0,0,0,1,0,0,0,0,0,0,0,0,0,1,0,0,1,0,0,76,1,0,unknown,4,jun,4,-1,0,unknown,1
49,0,0,0,0,0,0,1,0,0,0,0,0,1,0,0,0,1,0,0,12,0,0,unknown,30,jun,2,-1,0,unknown,0
32,0,1,0,0,0,0,0,0,0,0,0,0,1,0,0,0,1,0,0,167,1,1,cellular,8,aug,3,-1,0,unknown,0
40,0,0,0,0,0,0,0,0,0,1,0,0,0,0,1,0,1,0,0,1694,0,0,cellular,12,aug,6,-1,0,unknown,1
41,0,0,1,0,0,0,0,0,0,0,0,0,1,0,0,0,1,0,0,8491,1,0,cellular,18,nov,1,-1,0,unknown,1
36,1,0,0,0,0,0,0,0,0,0,0,0,1,0,0,1,0,0,0,2161,0,0,cellular,8,sep,2,183,5,success,1
42,0,0,0,1,0,0,0,0,0,0,0,0,1,0,0,0,0,1,0,1059,1,0,unknown,20,may,2,-1,0,unknown,0
39,0,0,0,1,0,0,0,0,0,0,0,0,0,1,0,0,1,0,0,1672,1,0,cellular,20,apr,1,648,1,failure,1
40,0,0,1,0,0,0,0,0,0,0,0,0,1,0,0,0,1,0,0,0,1,0,cellular,22,jul,1,-1,0,unknown,0
33,1,0,0,0,0,0,0,0,0,0,0,0,0,1,0,1,0,0,0,5437,0,0,cellular,4,may,1,91,1,failure,1
41,0,0,0,0,1,0,0,0,0,0,0,0,1,0,0,0,0,0,0,779,0,0,cellular,30,jul,10,-1,0,unknown,0
32,0,0,0,1,0,0,0,0,0,0,0,0,1,0,0,0,0,1,0,-454,1,1,cellular,18,may,5,355,2,failure,1
30,1,0,0,0,0,0,0,0,0,0,0,0,1,0,0,1,0,0,0,931,0,0,cellular,17,jul,1,-1,0,unknown,0
61,0,0,0,0,0,0,0,0,1,0,0,0,0,0,1,1,0,0,0,6,1,0,cellular,13,oct,1,182,2,success,1
52,0,0,0,0,0,0,1,0,0,0,0,0,1,0,0,0,1,0,0,799,0,0,cellular,21,jul,2,-1,0,unknown,0
33,0,0,0,0,0,0,1,0,0,0,0,0,0,0,1,1,0,0,0,891,0,0,cellular,8,may,2,-1,0,unknown,1
55,0,0,0,0,1,0,0,0,0,0,0,0,1,0,0,0,1,0,0,1785,0,0,cellular,11,aug,3,-1,0,unknown,0
37,0,0,0,1,0,0,0,0,0,0,0,0,1,0,0,0,1,0,0,288,1,0,cellular,5,may,6,-1,0,unknown,0
24,0,0,0,0,1,0,0,0,0,0,0,1,0,1,0,0,0,0,0,358,0,0,cellular,14,jun,1,384,1,other,1
38,0,0,0,0,0,0,0,0,0,0,1,0,0,1,0,0,1,0,0,465,1,0,cellular,16,mar,1,302,3,success,1
57,0,0,0,0,0,1,0,0,0,0,0,0,1,0,0,1,0,0,0,42,0,0,cellular,29,aug,4,-1,0,unknown,0
48,1,0,0,0,0,0,0,0,0,0,0,0,0,1,0,1,0,0,0,334,1,0,cellular,28,sep,2,92,12,success,1
33,1,0,0,0,0,0,0,0,0,0,0,0,1,0,0,1,0,0,0,271,1,0,cellular,13,nov,2,91,2,success,1
45,0,0,0,1,0,0,0,0,0,0,0,0,1,0,0,0,0,1,0,5461,1,0,cellular,20,nov,2,-1,0,unknown,1
42,1,0,0,0,0,0,0,0,0,0,0,0,0,1,0,1,0,0,0,0,0,0,cellular,25,aug,4,-1,0,unknown,0
35,0,0,0,0,0,0,1,0,0,0,0,0,1,0,0,0,1,0,0,1,1,1,cellular,5,may,1,-1,0,unknown,0
73,0,0,0,0,0,1,0,0,0,0,0,0,1,0,0,1,0,0,0,1641,1,0,cellular,27,feb,2,-1,0,unknown,1
60,0,0,0,1,0,0,0,0,0,0,0,0,1,0,0,0,0,1,0,5,0,0,cellular,29,jan,1,92,1,success,1
30,1,0,0,0,0,0,0,0,0,0,0,0,0,1,0,1,0,0,0,536,0,0,cellular,2,jul,1,-1,0,unknown,1
48,1,0,0,0,0,0,0,0,0,0,0,0,1,0,0,1,0,0,1,0,1,0,cellular,31,jul,4,-1,0,unknown,0
39,0,0,0,1,0,0,0,0,0,0,0,0,1,0,0,0,0,1,0,2303,1,0,unknown,17,jun,3,-1,0,unknown,1
60,0,1,0,0,0,0,0,0,0,0,0,0,1,0,0,1,0,0,0,-71,1,1,cellular,30,jan,1,-1,0,unknown,1
57,0,0,0,0,0,0,1,0,0,0,0,0,1,0,0,0,1,0,0,403,1,0,cellular,18,may,1,340,2,other,1
22,0,0,0,0,0,0,0,0,0,0,0,1,0,1,0,0,0,1,0,423,0,0,cellular,16,jul,1,179,10,success,1
58,0,0,0,0,0,1,0,0,0,0,0,0,1,0,0,0,0,1,0,2074,0,0,cellular,18,jun,2,-1,0,unknown,1
48,1,0,0,0,0,0,0,0,0,0,0,0,1,0,0,1,0,0,0,2351,0,0,cellular,15,sep,1,105,3,success,1
29,0,0,0,1,0,0,0,0,0,0,0,0,1,0,0,0,0,1,0,-235,1,0,cellular,22,jul,1,-1,0,unknown,0
56,0,0,0,0,0,1,0,0,0,0,0,0,0,0,1,0,0,1,0,1177,0,0,cellular,30,jul,2,-1,0,unknown,0
32,0,0,0,0,0,0,0,0,0,0,0,1,0,1,0,1,0,0,0,0,0,0,cellular,6,aug,5,3,6,other,0
52,0,0,0,0,0,0,0,1,0,0,0,0,0,0,1,0,1,0,0,1635,1,0,unknown,13,may,1,-1,0,unknown,0
33,1,0,0,0,0,0,0,0,0,0,0,0,0,1,0,1,0,0,0,6807,0,0,cellular,20,apr,1,-1,0,unknown,1
48,0,0,0,1,0,0,0,0,0,0,0,0,1,0,0,0,0,1,0,147,0,0,cellular,19,aug,8,-1,0,unknown,0
29,0,0,0,0,0,0,0,0,0,0,0,1,0,1,0,0,1,0,0,459,0,0,cellular,15,dec,3,189,19,other,1
52,0,0,0,0,0,0,0,0,0,0,1,0,1,0,0,0,0,1,0,10943,0,0,cellular,16,sep,1,-1,0,unknown,1
52,0,0,0,0,0,1,0,0,0,0,0,0,0,0,1,1,0,0,0,-309,1,0,unknown,19,jun,2,-1,0,unknown,1
76,0,0,0,0,0,1,0,0,0,0,0,0,1,0,0,0,0,1,0,3324,0,0,cellular,13,nov,1,92,3,success,1
59,0,0,0,0,0,1,0,0,0,0,0,0,1,0,0,0,0,1,0,474,0,0,cellular,13,aug,3,-1,0,unknown,0
27,0,1,0,0,0,0,0,0,0,0,0,0,0,0,1,0,1,0,0,1977,1,0,cellular,22,may,1,-1,0,unknown,1
37,0,1,0,0,0,0,0,0,0,0,0,0,1,0,0,0,1,0,0,146,1,1,cellular,6,may,2,356,2,failure,0
39,0,0,0,0,0,0,1,0,0,0,0,0,0,1,0,0,1,0,0,2263,1,1,telephone,21,nov,9,-1,0,unknown,1
58,0,0,0,0,0,1,0,0,0,0,0,0,1,0,0,0,1,0,0,610,1,0,unknown,6,jun,1,-1,0,unknown,0
60,0,0,0,1,0,0,0,0,0,0,0,0,1,0,0,0,0,1,0,109,0,0,unknown,27,jun,5,-1,0,unknown,0
38,0,0,0,0,0,0,0,0,1,0,0,0,1,0,0,0,1,0,0,736,1,0,unknown,20,may,1,-1,0,unknown,0
31,1,0,0,0,0,0,0,0,0,0,0,0,1,0,0,1,0,0,0,10884,0,0,cellular,10,aug,3,98,2,success,1
54,1,0,0,0,0,0,0,0,0,0,0,0,0,0,1,1,0,0,0,487,1,0,unknown,21,may,4,-1,0,unknown,1
68,0,0,0,0,0,1,0,0,0,0,0,0,1,0,0,1,0,0,0,2820,0,0,cellular,3,dec,1,97,2,failure,1
64,0,0,0,0,0,0,0,0,0,1,0,0,0,0,1,0,1,0,0,588,0,0,cellular,8,mar,1,-1,0,unknown,1
35,0,0,0,0,0,0,1,0,0,0,0,0,0,1,0,0,1,0,0,148,1,0,unknown,6,may,2,-1,0,unknown,0
44,1,0,0,0,0,0,0,0,0,0,0,0,1,0,0,0,0,1,0,294,0,0,cellular,16,apr,3,-1,0,unknown,1
39,0,0,0,1,0,0,0,0,0,0,0,0,0,1,0,0,1,0,0,649,1,0,cellular,15,apr,1,-1,0,unknown,1
38,0,0,0,0,0,0,0,1,0,0,0,0,1,0,0,0,1,0,0,1970,1,0,cellular,30,apr,1,176,1,success,1
40,1,0,0,0,0,0,0,0,0,0,0,0,0,0,1,1,0,0,0,290,1,0,unknown,27,may,1,-1,0,unknown,0
42,0,0,0,1,0,0,0,0,0,0,0,0,1,0,0,0,1,0,0,2044,1,1,cellular,7,may,1,282,5,failure,0
53,0,0,0,0,0,0,1,0,0,0,0,0,0,1,0,0,1,0,0,2892,0,0,cellular,9,apr,3,-1,0,unknown,1
45,0,0,0,1,1,0,0,0,0,0,0,0,1,0,0,0,0,0,0,818,1,0,unknown,30,may,3,-1,0,unknown,0
39,0,1,0,0,0,0,0,0,0,0,0,0,1,0,0,1,0,0,0,1524,0,0,cellular,20,apr,1,-1,0,unknown,1
38,0,0,0,1,0,0,0,0,0,0,0,0,1,0,0,0,0,1,0,1597,0,0,telephone,8,may,1,-1,0,unknown,0
32,0,0,0,0,0,0,0,1,0,0,0,0,0,1,0,0,1,0,0,133,0,0,cellular,15,apr,1,-1,0,unknown,1
26,0,0,0,1,0,0,0,0,0,0,0,0,0,1,0,0,1,0,0,-29,1,0,cellular,10,jul,4,-1,0,unknown,1
32,1,0,0,0,0,0,0,0,0,0,0,0,1,0,0,1,0,0,0,169,0,0,telephone,14,aug,2,-1,0,unknown,1
31,0,0,0,1,0,0,0,0,0,0,0,0,1,0,0,0,1,0,0,3298,1,0,unknown,21,may,2,-1,0,unknown,0
73,0,0,0,0,0,1,0,0,0,0,0,0,1,0,0,0,0,1,0,934,0,0,cellular,14,sep,5,-1,0,unknown,1
55,0,0,0,0,1,0,0,1,0,0,0,0,1,0,0,0,0,0,0,2944,0,0,cellular,27,aug,6,-1,0,unknown,1
34,0,0,0,1,0,0,0,0,0,0,0,0,1,0,0,0,0,1,0,3868,1,0,cellular,18,may,1,350,1,failure,0
42,0,0,0,1,0,0,0,0,0,0,0,0,1,0,0,0,1,0,0,1958,1,0,cellular,18,nov,1,172,3,failure,0
58,0,0,0,0,0,0,0,1,0,0,0,0,1,0,0,0,1,0,0,382,0,0,cellular,26,aug,4,-1,0,unknown,0
37,0,1,0,0,0,0,0,0,0,0,0,0,0,1,0,0,1,0,0,3665,0,0,cellular,12,aug,3,-1,0,unknown,1
61,0,0,0,0,0,1,0,0,0,0,0,0,1,0,0,0,0,1,0,197,0,0,cellular,17,feb,1,-1,0,unknown,1
44,0,0,0,0,0,0,0,0,1,0,0,0,0,0,1,0,1,0,0,8,0,0,cellular,26,jul,4,-1,0,unknown,1
67,0,0,0,0,0,1,0,0,0,0,0,0,1,0,0,0,0,1,0,1430,0,0,telephone,26,may,2,135,5,success,1
36,0,1,0,0,0,0,0,0,0,0,0,0,1,0,0,0,1,0,0,283,1,1,unknown,27,jun,2,-1,0,unknown,0
33,0,0,0,1,0,0,0,0,0,0,0,0,1,0,0,0,1,0,0,-267,1,0,cellular,20,apr,3,-1,0,unknown,1
39,0,0,0,0,0,0,0,1,0,0,0,0,0,0,1,0,1,0,0,0,1,0,cellular,13,apr,2,-1,0,unknown,1
25,0,0,0,0,0,0,0,0,0,0,0,1,0,1,0,0,1,0,0,1608,0,0,cellular,30,apr,2,-1,0,unknown,1
37,1,0,0,0,0,0,0,0,0,0,0,0,1,0,0,1,0,0,0,3737,0,0,cellular,7,jul,1,-1,0,unknown,1
48,0,1,0,0,0,0,0,0,0,0,0,0,1,0,0,1,0,0,0,2392,1,0,cellular,18,jul,5,-1,0,unknown,0
50,0,1,0,0,0,0,0,0,0,0,0,0,1,0,0,0,1,0,0,805,0,0,cellular,5,aug,1,-1,0,unknown,0
26,0,0,0,0,0,0,0,0,0,0,0,1,0,1,0,1,0,0,0,641,1,0,cellular,15,may,1,368,1,failure,0
42,0,1,0,0,1,0,0,0,0,0,0,0,0,1,0,0,0,0,0,11115,0,0,cellular,30,apr,1,-1,0,unknown,1
38,1,0,0,0,0,0,0,0,0,0,0,0,0,0,1,1,0,0,0,904,1,0,unknown,8,may,1,-1,0,unknown,0
41,0,0,0,0,0,0,1,0,0,0,0,0,0,0,1,0,1,0,0,8,0,0,cellular,5,feb,1,-1,0,unknown,0
34,0,1,0,0,0,0,0,0,0,0,0,0,0,0,1,1,0,0,0,66,0,1,cellular,5,feb,1,170,2,failure,0
41,1,0,0,0,0,0,0,0,0,0,0,0,1,0,0,0,0,1,0,-417,1,0,unknown,8,may,3,-1,0,unknown,0
33,0,0,0,1,0,0,0,0,0,0,0,0,1,0,0,0,1,0,0,304,1,0,unknown,13,may,2,-1,0,unknown,0
46,0,1,0,0,0,0,0,0,0,0,0,0,1,0,0,1,0,0,0,3941,1,0,cellular,19,nov,1,-1,0,unknown,0
43,0,0,0,0,0,0,0,0,0,1,0,0,0,1,0,1,0,0,0,983,1,0,cellular,26,feb,1,-1,0,unknown,1
51,0,0,0,1,0,0,0,0,0,0,0,0,1,0,0,0,0,1,0,1938,0,0,unknown,19,jun,1,-1,0,unknown,0
55,0,0,0,0,0,1,0,0,0,0,0,0,1,0,0,0,1,0,0,5,0,0,unknown,20,jun,1,-1,0,unknown,0
33,0,1,0,0,0,0,0,0,0,0,0,0,1,0,0,1,0,0,0,2586,0,0,cellular,11,aug,3,-1,0,unknown,0
35,1,0,0,0,0,0,0,0,0,0,0,0,1,0,0,1,0,0,0,2161,0,0,cellular,9,sep,3,-1,0,unknown,1
35,1,0,0,0,0,0,0,0,0,0,0,0,1,0,0,1,0,0,0,-718,1,1,unknown,27,may,3,-1,0,unknown,0
65,1,0,0,0,0,0,0,0,0,0,0,0,1,0,0,0,1,0,0,587,0,0,cellular,15,apr,2,-1,0,unknown,1
34,0,0,0,1,0,0,0,0,0,0,0,0,1,0,0,0,1,0,0,326,1,1,unknown,15,may,2,-1,0,unknown,0
46,0,0,0,0,0,0,0,0,0,1,0,0,1,0,0,0,1,0,0,2551,0,0,cellular,12,aug,2,-1,0,unknown,1
59,0,0,0,0,0,1,0,0,0,0,0,0,1,0,0,0,1,0,0,1980,0,0,cellular,11,aug,2,-1,0,unknown,0
31,0,0,0,0,0,0,0,0,0,1,0,0,0,1,0,0,1,0,0,8304,0,0,cellular,20,oct,1,183,1,failure,0
29,0,0,0,1,0,0,0,0,0,0,0,0,0,1,0,0,1,0,0,114,1,0,cellular,6,may,1,-1,0,unknown,0
56,0,0,0,1,0,0,0,0,0,0,0,0,0,1,0,0,1,0,0,1187,1,0,cellular,5,feb,2,-1,0,unknown,0
41,0,0,0,0,0,0,0,0,1,0,0,0,1,0,0,0,1,0,0,304,1,0,unknown,12,may,2,-1,0,unknown,0
39,1,0,0,0,0,0,0,0,0,0,0,0,1,0,0,1,0,0,0,0,1,0,cellular,5,may,2,-1,0,unknown,1
54,0,1,0,0,0,0,0,0,0,0,0,0,0,1,0,1,0,0,0,467,1,0,cellular,18,jul,3,-1,0,unknown,1
26,1,0,0,0,0,0,0,0,0,0,0,0,0,1,0,1,0,0,0,1438,0,0,cellular,27,apr,1,449,1,other,1
56,1,0,0,0,0,0,0,0,0,0,0,0,1,0,0,1,0,0,0,1390,1,0,cellular,18,nov,1,-1,0,unknown,1
33,0,1,0,0,0,0,0,0,0,0,0,0,1,0,0,1,0,0,0,74,0,0,cellular,25,aug,4,-1,0,unknown,0
30,0,0,0,1,0,0,0,0,0,0,0,0,0,1,0,0,1,0,0,3950,1,0,telephone,18,may,4,370,3,other,0
37,0,0,0,0,0,0,1,0,0,0,0,0,1,0,0,0,1,0,0,274,1,0,unknown,27,may,3,-1,0,unknown,1
54,1,0,0,0,0,0,0,0,0,0,0,0,1,0,0,0,0,1,0,3859,0,1,cellular,20,nov,3,-1,0,unknown,0
32,0,0,0,1,0,0,0,0,0,0,0,0,1,0,0,0,1,0,1,-1,1,0,unknown,9,may,1,-1,0,unknown,1
39,0,0,0,0,0,0,1,0,0,0,0,0,0,1,0,0,1,0,0,6512,0,0,unknown,20,jun,6,-1,0,unknown,0
38,1,0,0,0,0,0,0,0,0,0,0,0,1,0,0,1,0,0,0,0,1,0,cellular,30,apr,1,-1,0,unknown,1
43,0,0,0,1,0,0,0,0,0,0,0,0,1,0,0,0,1,0,0,1255,1,1,cellular,7,may,2,-1,0,unknown,0
47,0,0,0,0,0,0,0,0,0,0,1,0,0,1,0,1,0,0,0,3232,0,0,telephone,6,oct,1,204,3,failure,0
32,0,0,0,0,0,0,1,0,0,0,0,0,0,0,1,0,1,0,0,-241,0,1,unknown,27,jun,2,-1,0,unknown,1
40,0,0,0,0,0,0,0,1,0,0,0,0,0,0,1,0,1,0,0,687,1,0,cellular,2,feb,1,208,1,success,1
21,0,0,0,0,0,0,0,0,0,0,0,1,0,1,0,0,1,0,0,357,0,0,cellular,2,sep,3,-1,0,unknown,0
58,1,0,0,0,0,0,0,0,0,0,0,0,1,0,0,1,0,0,0,3228,0,0,cellular,19,aug,2,-1,0,unknown,0
59,0,1,0,0,0,0,0,0,0,0,0,0,1,0,0,0,0,1,0,4198,0,0,cellular,14,jan,1,91,10,success,1
33,0,0,0,0,0,0,1,0,0,0,0,0,0,0,1,0,1,0,0,140,1,0,unknown,8,may,1,-1,0,unknown,0
32,0,1,0,0,1,0,0,0,0,0,0,0,0,1,0,0,0,0,0,354,0,0,cellular,21,nov,2,-1,0,unknown,0
53,0,0,0,0,0,0,1,0,0,0,0,0,0,1,0,0,1,0,0,2398,1,0,cellular,3,feb,1,92,1,success,0
46,0,0,0,0,0,0,0,1,0,0,0,0,1,0,0,0,0,1,0,437,1,0,cellular,13,may,3,-1,0,unknown,1
38,0,0,0,1,0,0,0,0,0,0,0,0,0,1,0,1,0,0,0,172,1,0,cellular,1,apr,1,-1,0,unknown,1
51,0,0,0,0,0,0,0,0,0,0,1,0,1,0,0,0,0,1,0,2499,0,0,unknown,12,jun,5,-1,0,unknown,0
83,0,0,0,0,0,1,0,0,0,0,0,0,1,0,0,0,0,1,0,425,0,0,telephone,22,jun,1,140,1,failure,1
45,0,0,0,1,0,0,0,0,0,0,0,0,1,0,0,0,0,1,0,487,1,0,cellular,19,aug,4,-1,0,unknown,0
23,0,0,0,0,0,0,0,0,0,0,1,0,1,0,0,1,0,0,0,1226,0,0,cellular,31,jul,4,-1,0,unknown,0
60,0,0,0,0,0,0,1,0,0,0,0,0,1,0,0,1,0,0,0,1614,0,0,cellular,20,aug,6,-1,0,unknown,1
25,0,1,0,0,0,0,0,0,0,0,0,0,0,1,0,0,1,0,0,325,0,0,cellular,22,oct,3,-1,0,unknown,1
41,0,0,0,0,0,0,1,0,0,0,0,0,0,1,0,0,1,0,0,-109,1,1,cellular,11,may,1,370,1,failure,1
39,1,0,0,0,0,0,0,0,0,0,0,0,1,0,0,0,1,0,0,11835,1,0,cellular,11,aug,2,-1,0,unknown,1
46,0,0,0,0,0,0,0,1,0,0,0,0,1,0,0,1,0,0,0,474,0,0,unknown,9,jun,2,-1,0,unknown,0
57,1,0,0,0,0,0,0,0,0,0,0,0,1,0,0,0,0,1,0,6900,0,0,cellular,23,oct,4,185,2,failure,1
43,0,0,0,0,0,0,1,0,0,0,0,0,1,0,0,0,1,0,0,132,0,0,cellular,17,mar,1,-1,0,unknown,1
27,0,0,0,0,0,0,0,0,0,0,0,1,0,1,0,0,1,0,0,1177,0,0,cellular,3,mar,1,-1,0,unknown,0
35,0,0,0,1,0,0,0,0,0,0,0,0,0,1,0,0,1,0,0,343,1,0,cellular,6,may,2,-1,0,unknown,0
53,0,0,0,1,0,0,0,0,0,0,0,0,0,0,1,0,0,1,0,2656,1,0,unknown,30,may,2,-1,0,unknown,1
50,0,0,0,1,0,0,0,0,0,0,0,0,1,0,0,0,0,1,0,3764,0,0,telephone,9,sep,2,99,4,failure,1
37,0,1,0,0,0,0,0,0,0,0,0,0,1,0,0,0,1,0,0,5115,1,0,cellular,17,nov,2,171,4,failure,1
42,1,0,0,0,1,0,0,0,0,0,0,0,1,0,0,0,0,0,0,1519,0,0,cellular,19,oct,1,92,1,success,1
58,1,0,0,0,0,0,0,0,0,0,0,0,0,0,1,1,0,0,0,5701,0,0,cellular,30,apr,1,87,1,success,1
59,0,0,0,0,0,0,0,0,0,1,0,0,0,1,0,0,0,1,0,7724,0,0,cellular,21,nov,3,-1,0,unknown,1
58,0,0,0,1,1,0,0,0,0,0,0,0,1,0,0,0,0,0,0,4871,1,0,unknown,14,may,2,-1,0,unknown,0
35,0,0,0,0,0,0,0,0,1,0,0,0,1,0,0,0,1,0,0,5613,1,0,cellular,28,jul,3,-1,0,unknown,1
28,0,1,0,0,0,0,0,0,0,0,0,0,0,1,0,0,1,0,0,154,1,0,cellular,18,feb,2,-1,0,unknown,1
41,0,0,0,0,1,0,0,0,0,0,0,0,0,1,0,0,0,0,0,1259,0,0,unknown,11,jun,8,-1,0,unknown,0
56,0,0,0,1,0,0,0,0,0,0,0,0,0,0,1,0,0,1,0,5041,1,0,unknown,15,may,1,-1,0,unknown,0
26,0,0,0,0,0,0,0,0,0,0,0,1,0,1,0,0,1,0,0,655,0,0,cellular,16,sep,1,-1,0,unknown,1
42,0,0,0,0,0,0,1,0,0,0,0,0,0,1,0,0,1,0,0,164,1,1,unknown,22,oct,1,-1,0,unknown,0
81,0,0,0,0,0,1,0,0,0,0,0,0,0,0,1,0,0,1,0,949,0,0,cellular,27,sep,2,280,1,other,1
37,0,0,0,1,0,0,0,0,0,0,0,0,0,1,0,0,1,0,0,6281,1,0,cellular,18,may,1,-1,0,unknown,0
57,0,1,0,0,0,0,0,0,0,0,0,0,1,0,0,0,1,0,0,7554,0,0,telephone,28,oct,1,-1,0,unknown,1
28,0,1,0,0,0,0,0,0,0,0,0,0,0,1,0,0,1,0,0,227,0,0,cellular,30,apr,1,-1,0,unknown,1
34,1,0,0,0,0,0,0,0,0,0,0,0,1,0,0,1,0,0,0,133,1,0,unknown,8,may,1,-1,0,unknown,0
32,1,0,0,0,0,0,0,0,0,0,0,0,0,1,0,1,0,0,0,718,1,0,cellular,15,jun,1,-1,0,unknown,1
33,1,0,0,0,0,0,0,0,0,0,0,0,0,1,0,1,0,0,0,-625,1,0,unknown,15,may,1,-1,0,unknown,0
25,1,0,0,0,0,0,0,0,0,0,0,0,0,1,0,1,0,0,0,943,0,0,cellular,30,apr,1,-1,0,unknown,1
21,0,0,0,1,0,0,0,0,0,0,0,0,0,1,0,0,1,0,0,682,0,0,cellular,6,mar,1,-1,0,unknown,1
30,0,1,0,0,0,0,0,0,0,0,0,0,1,0,0,0,1,0,0,-393,1,1,cellular,16,jul,1,-1,0,unknown,1
32,0,0,0,1,0,0,0,0,0,0,0,0,1,0,0,0,1,0,0,783,1,0,unknown,21,may,3,-1,0,unknown,1
46,0,0,0,1,0,0,0,0,0,0,0,0,0,1,0,0,1,0,0,76,1,0,unknown,7,may,2,-1,0,unknown,0
27,0,1,0,0,0,0,0,0,0,0,0,0,0,1,0,1,0,0,0,1976,0,0,cellular,18,mar,2,101,1,other,0
33,0,0,0,0,0,0,1,0,0,0,0,0,1,0,0,0,1,0,0,48,1,0,cellular,18,may,5,294,3,failure,0
47,1,0,0,0,0,0,0,0,0,0,0,0,0,1,0,1,0,0,0,6651,0,0,cellular,8,jul,1,412,2,failure,1
33,0,0,0,0,0,0,0,0,0,1,0,0,0,1,0,0,1,0,0,1173,0,0,cellular,30,jan,3,-1,0,unknown,0
57,1,0,0,0,1,0,0,0,0,0,0,0,0,0,1,0,0,0,0,854,0,0,cellular,27,aug,4,92,1,failure,1
34,1,0,0,0,0,0,0,0,0,0,0,0,1,0,0,1,0,0,0,273,1,0,cellular,14,may,1,175,2,failure,1
44,0,0,0,1,1,0,0,0,0,0,0,0,1,0,0,0,0,0,0,146,1,0,unknown,15,may,1,-1,0,unknown,1
30,1,0,0,0,0,0,0,0,0,0,0,0,0,1,0,1,0,0,0,147,0,0,cellular,9,sep,1,100,1,failure,1
35,0,0,0,0,0,0,0,0,1,0,0,0,1,0,0,1,0,0,0,2427,0,0,cellular,12,aug,3,31,10,success,1
55,0,0,0,0,0,0,0,0,0,0,1,0,1,0,0,0,0,1,0,2152,0,0,unknown,19,jun,2,-1,0,unknown,1
55,0,0,0,1,0,0,0,0,0,0,0,0,1,0,0,0,1,0,0,1765,1,0,cellular,5,feb,1,267,1,failure,0
36,0,0,1,0,0,0,0,0,0,0,0,0,0,1,0,1,0,0,0,658,1,0,cellular,29,jan,1,227,3,failure,0
39,0,0,0,0,0,0,0,0,1,0,0,0,1,0,0,1,0,0,0,2630,0,0,unknown,12,jun,5,-1,0,unknown,1
46,1,0,0,0,0,0,0,0,0,0,0,0,1,0,0,0,1,0,0,0,0,0,telephone,25,aug,10,-1,0,unknown,0
57,0,0,0,0,0,0,1,0,0,0,0,0,1,0,0,0,1,0,0,6005,1,0,cellular,8,may,1,323,6,failure,1
34,0,0,0,0,0,0,0,0,1,0,0,0,0,1,0,1,0,0,0,462,0,0,cellular,21,aug,3,-1,0,unknown,1
41,0,0,0,1,0,0,0,0,0,0,0,0,1,0,0,0,1,0,0,-100,1,0,unknown,16,jun,21,-1,0,unknown,0
35,0,0,0,1,0,0,0,0,0,0,0,0,1,0,0,0,1,0,0,1312,1,0,cellular,18,may,1,-1,0,unknown,0
54,0,0,0,1,0,0,0,0,0,0,0,0,0,1,0,0,1,0,0,105,1,0,cellular,17,apr,1,326,3,failure,0
68,0,0,0,0,0,1,0,0,0,0,0,0,1,0,0,0,1,0,0,1146,0,0,cellular,3,mar,2,110,3,success,1
27,0,0,0,1,0,0,0,0,0,0,0,0,1,0,0,0,0,1,0,500,1,0,cellular,15,may,6,365,6,failure,0
35,0,0,0,0,0,0,1,0,0,0,0,0,1,0,0,0,1,0,0,-87,1,0,unknown,3,jun,7,-1,0,unknown,1
31,0,1,0,0,0,0,0,0,0,0,0,0,1,0,0,0,1,0,0,1072,0,0,cellular,19,aug,3,-1,0,unknown,0
55,0,0,0,1,0,0,0,0,0,0,0,0,1,0,0,0,1,0,0,212,1,0,unknown,19,may,2,-1,0,unknown,0
33,0,1,0,0,0,0,0,0,0,0,0,0,1,0,0,0,1,0,0,484,1,0,cellular,16,aug,3,182,9,success,1
51,0,0,0,0,0,0,1,0,0,0,0,0,1,0,0,1,0,0,0,0,1,1,cellular,8,mar,2,-1,0,unknown,1
39,0,0,0,0,0,0,0,0,1,0,0,0,1,0,0,1,0,0,0,1047,0,0,unknown,6,jun,1,-1,0,unknown,1
45,1,0,0,0,1,0,0,0,0,0,0,0,1,0,0,0,0,0,0,2724,0,0,cellular,28,jun,2,182,1,success,1
33,1,0,0,0,0,0,0,0,0,0,0,0,1,0,0,1,0,0,0,6,1,0,cellular,8,jul,1,-1,0,unknown,0
39,1,0,0,0,0,0,0,0,0,0,0,0,0,1,0,1,0,0,0,307,0,0,cellular,22,may,2,-1,0,unknown,1
35,0,0,0,0,0,0,0,0,0,1,0,0,0,1,0,0,1,0,0,295,0,0,unknown,17,mar,1,-1,0,unknown,1
60,0,0,0,0,0,1,0,0,0,0,0,0,1,0,0,0,1,0,0,1690,0,0,unknown,20,jun,4,-1,0,unknown,1
46,0,0,0,1,0,0,0,0,0,0,0,0,1,0,0,0,1,0,0,922,1,0,telephone,8,jul,1,-1,0,unknown,1
57,0,0,1,0,1,0,0,0,0,0,0,0,1,0,0,0,0,0,0,657,0,0,unknown,12,jun,1,-1,0,unknown,0
29,0,0,0,0,0,0,1,0,0,0,0,0,0,1,0,0,1,0,0,454,0,0,telephone,16,jul,11,-1,0,unknown,0
46,1,0,0,0,0,0,0,0,0,0,0,0,1,0,0,1,0,0,0,1720,0,0,cellular,5,aug,2,-1,0,unknown,0
27,0,1,0,0,0,0,0,0,0,0,0,0,0,1,0,0,1,0,0,643,0,0,telephone,14,oct,1,93,1,success,1
53,0,0,0,1,0,0,0,0,0,0,0,0,1,0,0,0,0,1,0,1409,1,0,cellular,2,apr,1,287,1,failure,0
61,0,0,0,0,0,1,0,0,0,0,0,0,1,0,0,0,1,0,0,2917,0,0,cellular,6,oct,1,-1,0,unknown,1
45,1,0,0,0,0,0,0,0,0,0,0,0,1,0,0,1,0,0,0,-191,1,0,cellular,18,jul,3,-1,0,unknown,0
44,1,0,0,0,0,0,0,0,0,0,0,0,0,1,0,1,0,0,0,-1313,1,1,cellular,15,may,10,-1,0,unknown,0
39,0,0,0,1,0,0,0,0,0,0,0,0,1,0,0,0,1,0,0,167,1,1,cellular,12,may,1,-1,0,unknown,1
44,1,0,0,0,0,0,0,0,0,0,0,0,0,1,0,1,0,0,0,1090,0,0,cellular,20,oct,4,93,6,success,1
35,0,0,0,0,0,0,1,0,0,0,0,0,0,0,1,0,1,0,0,1224,1,0,cellular,3,nov,1,-1,0,unknown,1
28,0,0,0,0,0,0,0,0,0,0,0,1,0,1,0,1,0,0,0,844,0,0,cellular,16,apr,2,-1,0,unknown,1
40,0,1,0,0,0,0,0,0,0,0,0,0,0,1,0,0,1,0,0,191,1,0,cellular,18,may,4,374,1,other,0
40,0,0,0,1,0,0,0,0,0,0,0,0,1,0,0,0,0,1,0,-7,1,0,unknown,6,may,2,-1,0,unknown,0
25,0,0,0,0,0,0,0,0,0,0,0,1,0,1,0,0,1,0,0,1868,0,0,cellular,26,oct,1,103,2,other,1
42,0,0,0,0,0,0,1,0,0,0,0,0,0,0,1,0,1,0,0,936,0,0,cellular,30,jan,1,-1,0,unknown,1
32,0,1,0,0,0,0,0,0,0,0,0,0,1,0,0,0,1,0,0,9608,0,0,cellular,8,aug,4,-1,0,unknown,0
50,0,0,0,0,0,0,0,1,0,0,0,0,1,0,0,0,1,0,0,320,0,0,telephone,21,dec,3,315,4,success,1
48,0,0,0,1,0,0,0,0,0,0,0,0,1,0,0,0,1,0,0,0,0,0,cellular,19,aug,7,-1,0,unknown,0
44,0,1,0,0,0,0,0,0,0,0,0,0,0,0,1,0,1,0,0,2179,0,0,cellular,28,aug,10,-1,0,unknown,0
49,0,0,0,0,0,0,0,0,0,1,0,0,1,0,0,1,0,0,0,0,1,0,cellular,4,feb,2,-1,0,unknown,0
29,0,0,0,0,0,0,0,0,0,1,0,0,0,1,0,1,0,0,0,497,1,0,cellular,18,may,3,298,6,success,1
60,0,1,0,0,0,0,0,0,0,0,0,0,1,0,0,1,0,0,0,91,0,0,cellular,27,aug,4,-1,0,unknown,0
34,0,0,0,1,0,0,0,0,0,0,0,0,1,0,0,0,0,1,0,1309,1,0,cellular,12,may,2,364,1,failure,0
29,0,0,1,0,0,0,0,0,0,0,0,0,1,0,0,1,0,0,0,3037,1,0,unknown,27,may,3,-1,0,unknown,0
41,0,0,0,0,0,0,0,0,0,0,1,0,1,0,0,0,1,0,0,0,1,1,cellular,15,jul,4,-1,0,unknown,0
32,0,1,0,0,0,0,0,0,0,0,0,0,1,0,0,0,1,0,0,963,0,0,cellular,28,aug,13,-1,0,unknown,0
37,1,0,0,0,0,0,0,0,0,0,0,0,0,0,1,1,0,0,0,488,1,0,cellular,17,sep,1,854,2,failure,1
29,0,0,0,0,0,0,1,0,0,0,0,0,0,1,0,0,1,0,0,-44,1,0,unknown,13,may,4,-1,0,unknown,0
30,0,0,0,0,0,0,0,0,1,0,0,0,1,0,0,0,0,1,0,1380,1,0,cellular,24,jul,9,-1,0,unknown,0
76,0,0,0,0,0,1,0,0,0,0,0,0,1,0,0,0,0,1,0,1492,0,0,telephone,3,nov,1,-1,0,unknown,1
47,0,1,0,0,0,0,0,0,0,0,0,0,1,0,0,0,1,0,0,0,0,0,cellular,21,nov,1,10,1,failure,1
28,0,1,0,0,0,0,0,0,0,0,0,0,1,0,0,0,1,0,0,58,1,0,cellular,14,may,6,351,1,failure,0
35,0,0,0,0,0,0,0,0,0,0,1,0,1,0,0,0,0,1,0,8127,0,0,unknown,6,jun,1,-1,0,unknown,0
47,0,0,0,1,0,0,0,0,0,0,0,0,1,0,0,0,1,0,0,1568,1,0,cellular,19,feb,1,262,7,success,1
31,0,0,0,0,0,0,0,0,0,1,0,0,0,1,0,0,0,1,0,406,0,0,cellular,4,feb,1,-1,0,unknown,1
28,0,0,0,0,0,0,0,0,0,0,0,1,0,1,0,1,0,0,0,0,0,0,cellular,28,sep,2,105,7,other,1
35,0,0,0,0,0,0,1,0,0,0,0,0,0,1,0,1,0,0,0,994,0,0,cellular,30,apr,1,87,2,failure,1
26,0,0,0,0,0,0,0,0,0,0,0,1,0,1,0,0,1,0,0,480,0,0,cellular,30,apr,1,-1,0,unknown,0
51,0,0,0,0,0,0,0,0,0,1,0,0,1,0,0,1,0,0,0,174,0,1,cellular,11,jul,7,-1,0,unknown,0
24,0,0,0,0,0,0,0,0,0,0,0,1,0,1,0,1,0,0,0,3415,0,0,cellular,27,apr,1,-1,0,unknown,1
48,0,1,0,0,0,0,0,0,0,0,0,0,0,0,1,1,0,0,0,2328,0,0,cellular,27,aug,7,-1,0,unknown,0
40,1,0,0,0,0,0,0,0,0,0,0,0,1,0,0,1,0,0,0,0,1,0,cellular,25,mar,2,-1,0,unknown,1
39,0,0,0,0,0,0,1,0,0,0,0,0,1,0,0,1,0,0,0,1108,0,0,cellular,21,apr,1,-1,0,unknown,1
47,0,0,0,1,0,0,0,0,0,0,0,0,1,0,0,0,0,1,0,2749,1,0,cellular,30,apr,2,164,1,failure,1
31,1,0,0,0,0,0,0,0,0,0,0,0,0,1,0,1,0,0,0,2734,1,0,cellular,15,may,3,-1,0,unknown,1
26,0,0,0,0,0,0,1,0,0,0,0,0,0,1,0,1,0,0,0,313,0,1,cellular,2,jun,1,96,2,success,1
48,0,0,0,0,0,0,0,1,0,0,0,0,1,0,0,0,1,0,0,801,0,0,cellular,8,aug,1,-1,0,unknown,0
25,0,1,0,0,0,0,0,0,0,0,0,0,0,1,0,0,1,0,0,1105,1,0,cellular,17,apr,1,-1,0,unknown,0
42,0,0,0,1,0,0,0,0,0,0,0,0,0,0,1,0,0,1,0,299,1,0,cellular,29,jan,2,261,2,failure,0
45,0,0,0,1,0,0,0,0,0,0,0,0,1,0,0,0,0,1,0,676,1,0,unknown,30,may,4,-1,0,unknown,0
38,1,0,0,0,0,0,0,0,0,0,0,0,0,1,0,1,0,0,0,1602,1,0,unknown,3,jun,3,-1,0,unknown,0
30,1,0,0,0,0,0,0,0,0,0,0,0,0,1,0,1,0,0,0,364,0,0,cellular,30,apr,2,-1,0,unknown,1
38,1,0,0,0,0,0,0,0,0,0,0,0,1,0,0,1,0,0,0,119,1,0,unknown,13,may,4,-1,0,unknown,1
22,0,0,0,0,0,0,0,0,0,0,0,1,0,1,0,0,1,0,0,948,0,0,telephone,18,aug,1,197,2,failure,1
41,0,0,0,0,0,0,0,0,0,1,0,0,1,0,0,0,1,0,0,0,1,1,cellular,5,may,1,-1,0,unknown,1
45,0,1,0,0,0,0,0,0,0,0,0,0,1,0,0,0,1,0,0,858,0,0,cellular,5,feb,4,251,2,failure,0
47,0,0,0,1,0,0,0,0,0,0,0,0,1,0,0,0,0,1,0,-406,0,1,telephone,8,jul,5,-1,0,unknown,0
39,0,1,0,0,0,0,0,0,0,0,0,0,1,0,0,0,1,0,0,6,1,0,cellular,18,may,3,357,4,failure,0
53,0,0,0,0,0,0,1,0,0,0,0,0,0,0,1,0,1,0,0,0,1,1,cellular,6,aug,1,98,2,failure,1
31,0,0,0,0,0,0,0,0,0,0,1,0,1,0,0,0,1,0,0,243,1,0,cellular,23,sep,2,842,1,failure,1
36,0,0,0,0,0,0,0,1,0,0,0,0,1,0,0,0,1,0,0,30,0,1,cellular,8,jul,5,-1,0,unknown,1
33,1,0,0,0,0,0,0,0,0,0,0,0,0,0,1,1,0,0,0,-1027,1,0,unknown,30,may,6,-1,0,unknown,0
54,0,0,0,0,0,0,1,0,0,0,0,0,0,0,1,0,1,0,0,1693,0,0,cellular,30,apr,1,87,2,other,1
72,0,0,0,0,0,1,0,0,0,0,0,0,1,0,0,1,0,0,0,0,0,0,cellular,13,feb,1,-1,0,unknown,1
37,0,0,0,0,0,0,0,1,0,0,0,0,1,0,0,0,1,0,0,3429,1,1,cellular,8,may,4,171,11,other,0
35,0,0,0,0,0,0,1,0,0,0,0,0,0,0,1,0,1,0,0,534,0,0,cellular,7,jul,3,-1,0,unknown,0
36,0,1,0,0,0,0,0,0,0,0,0,0,1,0,0,0,1,0,0,0,0,0,cellular,7,aug,2,-1,0,unknown,0
61,0,0,0,0,1,0,0,0,0,0,0,0,1,0,0,1,0,0,0,50,0,0,unknown,19,jun,2,-1,0,unknown,0
55,0,0,0,0,0,0,0,1,0,0,0,0,1,0,0,1,0,0,0,606,0,1,cellular,18,nov,2,-1,0,unknown,0
35,0,1,0,0,0,0,0,0,0,0,0,0,1,0,0,1,0,0,0,328,1,0,cellular,22,jul,2,-1,0,unknown,1
60,0,1,0,0,0,0,0,0,0,0,0,0,1,0,0,0,1,0,0,1139,0,0,cellular,6,feb,2,207,2,failure,0
55,1,0,0,0,0,0,0,0,0,0,0,0,0,0,1,1,0,0,0,-612,0,0,cellular,26,aug,2,-1,0,unknown,0
36,1,0,0,0,0,0,0,0,0,0,0,0,1,0,0,1,0,0,0,1434,0,0,cellular,18,nov,1,-1,0,unknown,0
55,1,0,0,0,0,0,0,0,0,0,0,0,1,0,0,1,0,0,0,3848,1,0,cellular,8,apr,2,-1,0,unknown,1
38,0,0,0,1,0,0,0,0,0,0,0,0,1,0,0,0,1,0,0,0,0,0,unknown,20,jun,5,-1,0,unknown,0
45,0,0,0,0,0,0,1,0,0,0,0,0,0,0,1,0,1,0,0,-176,0,1,cellular,7,jul,1,-1,0,unknown,1
30,0,0,0,0,0,0,1,0,0,0,0,0,1,0,0,0,1,0,0,40,1,1,unknown,16,may,2,-1,0,unknown,0
55,0,0,0,1,1,0,0,0,0,0,0,0,1,0,0,0,0,0,0,7561,0,0,unknown,6,jun,3,-1,0,unknown,1
37,0,0,0,0,0,0,1,0,0,0,0,0,1,0,0,0,1,0,0,1110,1,0,telephone,22,jul,11,-1,0,unknown,1
22,0,0,0,0,1,0,0,0,0,0,0,1,0,1,0,0,0,0,0,47,0,0,cellular,3,jul,3,-1,0,unknown,0
54,1,0,0,0,0,0,0,0,0,0,0,0,1,0,0,1,0,0,0,67,1,0,cellular,2,feb,3,73,1,other,0
56,0,0,0,0,0,0,0,0,0,1,0,0,1,0,0,0,1,0,0,0,0,0,telephone,2,feb,1,-1,0,unknown,1
60,0,0,0,0,0,1,0,0,0,0,0,0,1,0,0,0,1,0,0,18967,1,0,cellular,29,jan,2,-1,0,unknown,1
54,0,1,0,0,0,0,0,0,0,0,0,0,1,0,0,0,1,0,0,25,1,0,telephone,2,mar,3,-1,0,unknown,0
57,1,0,0,0,0,0,0,0,0,0,0,0,1,0,0,1,0,0,0,9103,0,1,unknown,20,jun,2,-1,0,unknown,1
36,0,0,0,0,0,0,1,0,0,0,0,0,1,0,0,0,1,0,0,957,1,0,unknown,21,may,1,-1,0,unknown,0
35,0,1,0,0,0,0,0,0,0,0,0,0,0,0,1,0,1,0,0,84,1,1,cellular,6,may,1,-1,0,unknown,1
56,1,0,0,0,0,0,0,0,0,0,0,0,1,0,0,0,0,1,0,17,1,0,cellular,15,jul,4,-1,0,unknown,0
36,1,0,0,0,0,0,0,0,0,0,0,0,1,0,0,0,1,0,0,1736,1,0,unknown,20,jun,1,-1,0,unknown,0
29,0,0,0,1,0,0,0,0,0,0,0,0,1,0,0,0,1,0,0,8,1,1,cellular,10,jul,1,-1,0,unknown,1
32,0,0,0,1,0,0,0,0,0,0,0,0,0,1,0,0,1,0,0,782,1,0,cellular,17,apr,1,-1,0,unknown,0
36,0,0,0,0,0,0,1,0,0,0,0,0,0,1,0,0,1,0,0,148,1,0,cellular,15,may,4,374,2,failure,1
34,0,0,0,0,0,0,0,0,0,1,0,0,0,0,1,1,0,0,0,182,1,0,cellular,2,feb,1,-1,0,unknown,0
49,1,0,0,0,0,0,0,0,0,0,0,0,1,0,0,1,0,0,0,1,0,0,telephone,4,may,3,175,1,success,1
34,0,0,0,0,0,0,1,0,0,0,0,0,1,0,0,1,0,0,0,899,1,0,unknown,12,nov,1,170,3,failure,1
30,0,1,0,0,0,0,0,0,0,0,0,0,0,1,0,0,1,0,0,73,0,1,cellular,26,aug,2,-1,0,unknown,0
32,0,0,0,1,0,0,0,0,0,0,0,0,1,0,0,0,1,0,0,4471,1,0,cellular,3,feb,1,270,2,failure,0
32,0,0,0,1,0,0,0,0,0,0,0,0,1,0,0,0,1,0,0,23,1,0,unknown,16,may,1,-1,0,unknown,0
49,0,0,0,0,0,0,0,1,0,0,0,0,1,0,0,0,1,0,0,1496,1,0,unknown,7,may,4,-1,0,unknown,0
73,0,0,0,0,0,1,0,0,0,0,0,0,1,0,0,1,0,0,0,448,0,0,cellular,24,mar,1,-1,0,unknown,1
26,0,0,0,0,0,0,0,0,0,1,0,0,0,1,0,1,0,0,0,814,0,0,cellular,28,jan,1,-1,0,unknown,1
49,0,1,0,0,0,0,0,0,0,0,0,0,1,0,0,1,0,0,0,1077,1,0,cellular,21,nov,4,-1,0,unknown,0
50,1,0,0,0,0,0,0,0,0,0,0,0,0,1,0,1,0,0,0,3537,0,0,unknown,24,oct,1,-1,0,unknown,1
62,0,1,0,0,0,0,0,0,0,0,0,0,1,0,0,0,1,0,0,135,1,0,telephone,16,nov,13,96,1,other,0
25,0,0,0,1,0,0,0,0,0,0,0,0,0,1,0,0,1,0,0,1163,0,0,cellular,7,dec,3,-1,0,unknown,0
51,0,0,0,0,0,0,0,0,0,0,1,0,1,0,0,0,1,0,0,1270,0,0,cellular,29,jan,3,-1,0,unknown,0
38,0,0,0,1,0,0,0,0,0,0,0,0,1,0,0,0,1,0,0,825,1,0,cellular,17,apr,1,-1,0,unknown,0
32,0,1,0,0,0,0,0,0,0,0,0,0,1,0,0,0,1,0,0,473,0,1,cellular,7,may,3,-1,0,unknown,1
39,1,0,0,0,0,0,0,0,0,0,0,0,1,0,0,1,0,0,0,756,1,0,unknown,2,jun,1,-1,0,unknown,0
67,0,0,0,0,0,1,0,0,0,0,0,0,1,0,0,1,0,0,0,701,0,0,cellular,6,aug,2,-1,0,unknown,1
58,1,0,0,0,0,0,0,0,0,0,0,0,0,0,1,1,0,0,0,5037,1,0,cellular,18,nov,2,-1,0,unknown,1
32,1,0,0,0,0,0,0,0,0,0,0,0,0,1,0,1,0,0,0,131,0,0,unknown,3,jun,3,-1,0,unknown,0
31,1,0,0,0,0,0,0,0,0,0,0,0,0,0,1,1,0,0,0,416,0,0,cellular,11,aug,2,-1,0,unknown,0
41,0,0,0,1,0,0,0,0,0,0,0,0,1,0,0,0,0,1,0,7735,1,0,unknown,14,may,1,-1,0,unknown,0
34,1,0,0,0,0,0,0,0,0,0,0,0,1,0,0,0,1,0,1,879,1,0,cellular,17,apr,1,344,1,failure,1
31,0,1,0,0,0,0,0,0,0,0,0,0,1,0,0,0,1,0,0,183,0,0,cellular,16,apr,1,-1,0,unknown,1
26,0,0,0,0,0,0,0,0,0,0,0,1,0,1,0,0,1,0,0,1164,0,0,cellular,9,jul,1,301,1,other,0
54,0,1,0,0,0,0,0,0,0,0,0,0,1,0,0,0,1,0,0,10185,0,0,cellular,10,aug,1,70,2,other,1
24,1,0,0,0,0,0,0,0,0,0,0,0,0,1,0,1,0,0,0,2845,0,0,cellular,30,apr,2,-1,0,unknown,1
35,0,0,0,1,0,0,0,0,0,0,0,0,1,0,0,0,1,0,0,-184,1,0,telephone,12,may,2,-1,0,unknown,0
46,0,1,0,0,0,0,0,0,0,0,0,0,1,0,0,0,1,0,0,1,0,1,cellular,20,nov,1,-1,0,unknown,0
31,0,1,0,0,0,0,0,0,0,0,0,0,0,1,0,0,1,0,0,388,0,0,cellular,11,aug,2,-1,0,unknown,0
60,0,0,0,0,0,0,1,0,0,0,0,0,0,0,1,0,1,0,0,-41,1,1,cellular,6,feb,1,262,1,failure,1
44,0,0,0,0,0,0,0,1,0,0,0,0,0,0,1,0,1,0,0,-368,1,0,cellular,5,may,1,-1,0,unknown,1
30,0,0,0,0,0,0,0,1,0,0,0,0,1,0,0,0,1,0,0,0,1,0,cellular,21,nov,4,-1,0,unknown,1
29,1,0,0,0,0,0,0,0,0,0,0,0,0,1,0,0,1,0,0,3317,0,1,telephone,4,may,7,-1,0,unknown,1
54,0,1,0,0,0,0,0,0,0,0,0,0,1,0,0,0,1,0,0,42,0,1,unknown,3,jul,2,-1,0,unknown,0
59,0,0,0,0,0,0,0,1,0,0,0,0,1,0,0,0,1,0,0,204,0,0,cellular,23,jul,2,-1,0,unknown,0
28,0,1,0,0,0,0,0,0,0,0,0,0,0,1,0,1,0,0,0,1628,1,0,cellular,25,jul,2,-1,0,unknown,1
48,0,0,0,1,0,0,0,0,0,0,0,0,1,0,0,0,1,0,1,0,1,1,cellular,7,may,1,-1,0,unknown,0
37,0,0,0,1,0,0,0,0,0,0,0,0,0,0,1,0,1,0,0,316,1,0,unknown,26,may,2,-1,0,unknown,1
28,0,0,0,0,0,0,1,0,0,0,0,0,1,0,0,0,1,0,0,12,1,0,cellular,30,jan,3,256,3,other,0
59,1,0,0,0,0,0,0,0,0,0,0,0,1,0,0,1,0,0,0,0,1,1,cellular,20,apr,1,-1,0,unknown,1
43,0,0,0,1,0,0,0,0,0,0,0,0,0,1,0,0,1,0,0,592,1,0,cellular,14,may,1,-1,0,unknown,0
57,0,0,0,0,1,0,0,0,0,1,0,0,1,0,0,0,0,0,0,381,0,0,cellular,29,jan,1,-1,0,unknown,0
57,0,0,0,1,1,0,0,0,0,0,0,0,1,0,0,0,0,0,0,1463,0,0,cellular,8,aug,2,-1,0,unknown,0
35,0,1,0,0,0,0,0,0,0,0,0,0,1,0,0,0,1,0,0,0,1,0,cellular,9,nov,1,96,5,success,1
30,0,0,0,0,0,0,1,0,0,0,0,0,1,0,0,0,1,0,0,590,0,0,cellular,11,aug,3,-1,0,unknown,0
44,0,0,0,1,0,0,0,0,0,0,0,0,0,1,0,0,0,1,0,10984,0,0,unknown,20,jun,18,-1,0,unknown,0
33,0,0,0,0,0,0,1,0,0,0,0,0,0,1,0,0,1,0,0,5,1,0,cellular,15,may,2,368,2,failure,1
34,0,1,0,0,0,0,0,0,0,0,0,0,0,0,1,0,1,0,0,558,1,0,cellular,7,may,2,167,5,failure,0
43,0,0,0,0,1,0,0,0,0,0,0,0,0,1,0,0,0,1,0,433,0,0,unknown,4,jun,1,-1,0,unknown,0
30,1,0,0,0,0,0,0,0,0,0,0,0,0,1,0,1,0,0,0,697,0,0,cellular,28,apr,2,181,8,success,1
45,0,0,0,1,0,0,0,0,0,0,0,0,1,0,0,0,0,1,0,55,0,0,cellular,7,jul,3,-1,0,unknown,0
27,0,0,0,0,0,0,0,0,0,0,0,1,0,1,0,1,0,0,0,3733,1,0,cellular,22,may,1,98,6,success,1
55,0,0,0,0,0,0,1,0,0,0,0,0,0,0,1,0,1,0,0,166,0,0,unknown,20,jun,4,-1,0,unknown,0
36,0,0,0,1,0,0,0,0,0,0,0,0,1,0,0,0,1,0,0,1193,0,0,cellular,30,oct,1,-1,0,unknown,1
60,0,0,0,0,1,1,0,0,0,0,0,0,1,0,0,0,0,0,0,963,0,0,cellular,22,aug,10,-1,0,unknown,0
38,0,1,0,0,0,0,0,0,0,0,0,0,0,0,1,0,1,0,0,273,1,0,unknown,20,may,2,-1,0,unknown,0
39,0,1,0,0,0,0,0,0,0,0,0,0,0,1,0,0,1,0,0,4646,1,0,cellular,18,nov,1,-1,0,unknown,1
36,0,0,0,1,0,0,0,0,0,0,0,0,0,1,0,1,0,0,0,1346,0,0,cellular,7,jul,7,-1,0,unknown,0
34,0,0,0,0,0,0,1,0,0,0,0,0,0,1,0,0,1,0,0,280,0,0,cellular,8,jul,2,-1,0,unknown,0
60,0,0,0,0,0,1,0,0,0,0,0,0,0,0,1,0,1,0,0,514,0,0,cellular,15,oct,2,213,10,success,1
32,0,0,0,0,0,0,0,0,1,0,0,0,1,0,0,0,1,0,0,514,1,0,cellular,11,jul,1,-1,0,unknown,1
27,0,1,0,0,0,0,0,0,0,0,0,0,0,1,0,0,1,0,0,78,1,1,cellular,18,may,2,-1,0,unknown,0
35,0,0,0,1,0,0,0,0,0,0,0,0,1,0,0,0,0,1,0,396,1,0,cellular,20,apr,1,-1,0,unknown,0
30,1,0,0,0,0,0,0,0,0,0,0,0,0,1,0,1,0,0,0,623,1,0,unknown,13,may,2,-1,0,unknown,0
34,0,0,0,1,0,0,0,0,0,0,0,0,1,0,0,0,0,1,0,500,1,0,unknown,20,may,1,-1,0,unknown,0
47,0,1,0,0,0,0,0,0,0,0,0,0,1,0,0,0,0,1,0,235,0,0,cellular,2,mar,2,203,1,other,1
62,0,0,0,0,0,0,0,0,0,0,1,0,1,0,0,1,0,0,0,1528,0,0,cellular,15,oct,2,184,1,success,1
33,1,0,0,0,0,0,0,0,0,0,0,0,0,1,0,1,0,0,0,131,1,0,cellular,12,oct,3,427,2,failure,1
54,1,0,0,0,0,0,0,0,0,0,0,0,1,0,0,1,0,0,0,1464,0,0,cellular,2,oct,2,94,1,success,1
54,0,0,0,1,0,0,0,0,0,0,0,0,1,0,0,0,0,1,0,7073,0,0,cellular,26,aug,6,-1,0,unknown,0
30,0,0,0,1,0,0,0,0,0,0,0,0,1,0,0,0,1,0,0,486,1,0,unknown,29,may,3,-1,0,unknown,1
31,0,0,0,0,0,0,1,0,0,0,0,0,1,0,0,0,1,0,0,84,1,0,cellular,22,jul,3,-1,0,unknown,0
34,1,0,0,0,0,0,0,0,0,0,0,0,0,0,1,1,0,0,0,27,0,1,cellular,19,nov,1,-1,0,unknown,0
29,1,0,0,0,0,0,0,0,0,0,0,0,0,1,0,1,0,0,0,2344,1,0,cellular,9,mar,2,-1,0,unknown,0
36,0,1,0,0,0,0,0,0,0,0,0,0,1,0,0,1,0,0,0,911,1,1,cellular,25,may,2,21,3,failure,1
41,0,0,1,0,0,0,0,0,0,0,0,0,1,0,0,0,0,1,0,0,0,0,cellular,3,jul,2,389,1,other,1
40,0,0,0,1,0,0,0,0,0,0,0,0,0,1,0,0,1,0,0,3571,1,0,cellular,10,jul,1,-1,0,unknown,0
47,1,0,0,0,0,0,0,0,0,0,0,0,0,1,0,1,0,0,0,255,0,1,cellular,30,jul,4,-1,0,unknown,1
30,0,1,0,0,0,0,0,0,0,0,0,0,0,1,0,1,0,0,0,196,0,0,cellular,21,aug,2,-1,0,unknown,0
31,1,0,0,0,0,0,0,0,0,0,0,0,1,0,0,1,0,0,0,131,0,0,cellular,18,feb,2,-1,0,unknown,1
36,0,0,0,0,0,0,0,1,0,0,0,0,0,1,0,0,1,0,0,-253,1,0,cellular,14,apr,1,-1,0,unknown,1
48,1,0,0,0,0,0,0,0,0,0,0,0,0,0,1,1,0,0,0,17964,1,0,cellular,1,sep,1,98,5,success,1
35,0,1,0,0,0,0,0,0,0,0,0,0,1,0,0,0,1,0,0,4922,1,0,cellular,17,nov,4,201,17,other,1
63,0,0,0,0,1,1,0,0,0,0,0,0,1,0,0,0,0,0,0,2193,0,0,telephone,21,apr,4,-1,0,unknown,1
29,0,0,0,0,0,0,1,0,0,0,0,0,0,1,0,0,1,0,0,-349,1,0,cellular,15,may,4,-1,0,unknown,0
34,1,0,0,0,0,0,0,0,0,0,0,0,1,0,0,1,0,0,0,46,0,0,cellular,19,aug,5,-1,0,unknown,0
46,0,1,0,0,0,0,0,0,0,0,0,0,0,1,0,0,1,0,0,5862,0,0,cellular,1,jun,1,-1,0,unknown,1
54,0,0,0,1,1,0,0,0,0,0,0,0,1,0,0,0,0,0,0,310,1,0,telephone,28,jan,4,258,3,other,0
43,0,0,0,0,0,0,1,0,0,0,0,0,1,0,0,1,0,0,0,189,1,0,cellular,14,jul,4,-1,0,unknown,1
33,0,0,0,0,0,0,1,0,0,0,0,0,0,1,0,0,1,0,0,1437,1,0,unknown,21,may,1,-1,0,unknown,0
32,0,1,0,0,0,0,0,0,0,0,0,0,0,1,0,1,0,0,0,190,1,1,unknown,9,may,1,-1,0,unknown,0
25,0,0,0,0,0,0,0,1,0,0,0,0,0,1,0,0,1,0,0,505,0,0,cellular,15,jun,1,-1,0,unknown,1
29,1,0,0,0,0,0,0,0,0,0,0,0,0,0,1,1,0,0,0,607,1,1,unknown,8,may,3,-1,0,unknown,0
47,0,0,0,0,0,0,0,0,0,1,0,0,1,0,0,0,1,0,0,3287,1,1,unknown,17,jun,1,-1,0,unknown,0
55,0,0,0,0,1,0,0,0,0,0,1,0,1,0,0,0,0,0,0,366,0,0,cellular,5,jun,3,57,2,other,1
29,0,0,0,0,0,0,1,0,0,0,0,0,0,1,0,0,1,0,0,265,1,0,cellular,25,nov,1,184,1,failure,1
31,0,0,0,0,0,0,1,0,0,0,0,0,1,0,0,0,1,0,0,8784,1,0,unknown,21,may,2,-1,0,unknown,0
55,1,0,0,0,0,0,0,0,0,0,0,0,0,0,1,1,0,0,0,2037,0,0,cellular,4,feb,2,94,3,success,1
32,0,1,0,0,0,0,0,0,0,0,0,0,1,0,0,1,0,0,0,2976,1,0,cellular,5,feb,1,175,5,failure,1
50,1,0,0,0,0,0,0,0,0,0,0,0,1,0,0,0,1,0,0,13931,1,0,cellular,18,nov,1,-1,0,unknown,0
42,1,0,0,0,0,0,0,0,0,0,0,0,0,0,1,0,1,0,0,283,1,0,cellular,23,jul,1,-1,0,unknown,1
38,0,0,0,0,0,0,0,1,0,0,0,0,1,0,0,0,1,0,0,-768,1,1,cellular,16,jul,2,-1,0,unknown,0
47,0,0,0,0,0,0,0,0,0,1,0,0,1,0,0,0,1,0,0,955,1,0,unknown,13,may,1,-1,0,unknown,0
35,0,0,0,0,0,0,0,0,0,1,0,0,1,0,0,0,1,0,0,1,1,0,cellular,28,jul,8,-1,0,unknown,0
47,0,1,0,0,0,0,0,0,0,0,0,0,1,0,0,0,1,0,0,335,0,0,cellular,17,feb,1,-1,0,unknown,1
25,0,0,0,1,0,0,0,0,0,0,0,0,0,1,0,0,1,0,0,1857,1,0,cellular,12,oct,1,91,12,success,1
41,0,0,0,0,0,0,0,0,0,1,0,0,1,0,0,1,0,0,0,0,0,0,cellular,29,apr,1,181,3,success,1
49,0,0,0,1,0,0,0,0,0,0,0,0,0,1,0,0,0,1,0,2146,1,0,cellular,7,may,2,353,2,other,1
79,0,0,0,0,0,1,0,0,0,0,0,0,1,0,0,0,1,0,0,8304,0,0,cellular,9,dec,2,275,9,success,1
46,0,1,0,0,0,0,0,0,0,0,0,0,1,0,0,0,1,0,0,0,1,0,cellular,19,nov,2,-1,0,unknown,0
25,0,0,0,0,0,0,1,0,0,0,0,0,0,1,0,0,1,0,0,96,0,0,unknown,26,may,1,-1,0,unknown,0
35,0,0,0,0,0,0,0,0,0,1,0,0,1,0,0,0,0,1,0,3285,0,0,cellular,21,nov,2,-1,0,unknown,1
31,1,0,0,0,0,0,0,0,0,0,0,0,0,1,0,1,0,0,0,1724,1,0,telephone,29,jan,2,254,1,failure,0
47,0,0,0,1,0,0,0,0,0,0,0,0,1,0,0,0,1,0,0,1230,1,0,cellular,30,apr,1,169,1,success,1
59,0,0,0,0,0,1,0,0,0,0,0,0,0,0,1,0,1,0,0,514,0,0,cellular,3,feb,1,-1,0,unknown,1
60,0,0,0,0,0,1,0,0,0,0,0,0,1,0,0,0,0,1,0,0,0,0,unknown,1,jul,1,-1,0,unknown,0
35,0,1,0,0,0,0,0,0,0,0,0,0,0,1,0,1,0,0,0,2288,0,0,telephone,28,may,2,-1,0,unknown,0
49,0,0,0,0,0,0,1,0,0,0,0,0,0,0,1,0,1,0,0,1718,0,1,cellular,5,aug,1,-1,0,unknown,1
48,0,0,0,1,0,0,0,0,0,0,0,0,1,0,0,0,0,1,0,9004,0,0,unknown,14,may,3,-1,0,unknown,0
50,1,0,0,0,0,0,0,0,0,0,0,0,1,0,0,1,0,0,0,4,0,0,cellular,13,aug,2,-1,0,unknown,0
78,0,0,0,0,1,1,0,0,0,0,0,0,1,0,0,0,0,0,0,3208,0,0,telephone,20,may,3,-1,0,unknown,1
37,0,0,0,0,0,0,0,0,0,1,0,0,1,0,0,0,1,0,0,1978,0,0,cellular,11,mar,1,-1,0,unknown,1
64,0,0,0,0,0,1,0,0,0,0,0,0,1,0,0,1,0,0,0,846,0,0,cellular,14,aug,3,-1,0,unknown,0
42,0,0,0,1,0,0,0,0,0,0,0,0,1,0,0,0,1,0,0,54,1,0,unknown,28,may,1,-1,0,unknown,0
33,0,1,0,0,0,0,0,0,0,0,0,0,1,0,0,1,0,0,0,1699,0,0,cellular,28,jan,1,83,3,success,1
47,0,0,0,0,0,0,0,0,1,0,0,0,1,0,0,0,1,0,0,2830,1,0,telephone,20,nov,6,-1,0,unknown,0
56,1,0,0,0,0,0,0,0,0,0,0,0,0,0,1,1,0,0,0,1016,1,0,unknown,9,jun,5,-1,0,unknown,0
57,1,0,0,0,1,0,0,0,0,0,0,0,1,0,0,0,0,0,0,0,0,0,cellular,30,sep,1,-1,0,unknown,0
35,1,0,0,0,0,0,0,0,0,0,0,0,1,0,0,1,0,0,0,284,0,1,cellular,6,aug,2,-1,0,unknown,0
54,0,0,0,0,0,0,0,1,0,0,0,0,1,0,0,0,1,0,0,882,1,0,cellular,18,may,1,-1,0,unknown,0
35,1,0,0,0,0,0,0,0,0,0,0,0,1,0,0,1,0,0,0,1133,1,0,cellular,3,nov,1,-1,0,unknown,1
44,1,0,0,0,0,0,0,0,0,0,0,0,1,0,0,1,0,0,0,0,1,0,cellular,31,jul,5,-1,0,unknown,0
55,0,0,0,0,0,1,0,0,0,0,0,0,1,0,0,0,0,1,0,3334,0,0,cellular,14,aug,4,-1,0,unknown,1
37,0,0,0,0,0,0,1,0,0,0,0,0,0,1,0,0,1,0,0,528,1,0,cellular,21,nov,1,-1,0,unknown,0
39,1,0,0,0,0,0,0,0,0,0,0,0,0,1,0,1,0,0,0,416,0,0,cellular,9,jul,1,-1,0,unknown,0
53,0,1,0,0,0,0,0,0,0,0,0,0,1,0,0,0,1,0,0,1776,0,0,unknown,18,jun,7,-1,0,unknown,0
44,0,1,0,0,0,0,0,0,0,0,0,0,0,1,0,1,0,0,0,643,0,0,cellular,16,oct,1,143,3,failure,1
92,0,0,0,0,1,1,0,0,0,0,0,0,1,0,0,0,0,0,0,775,0,0,cellular,26,jan,4,96,3,success,1
45,1,0,0,0,0,0,0,0,0,0,0,0,0,0,1,1,0,0,0,854,0,1,cellular,8,jul,1,-1,0,unknown,1
45,0,1,0,0,0,0,0,0,0,0,0,0,1,0,0,0,1,0,0,396,1,0,cellular,17,apr,4,-1,0,unknown,0
46,0,0,0,1,0,0,0,0,0,0,0,0,1,0,0,0,0,1,0,7934,1,0,unknown,19,may,1,-1,0,unknown,0
51,0,0,1,0,0,0,0,0,0,0,0,0,1,0,0,1,0,0,0,-267,1,0,cellular,9,jul,1,-1,0,unknown,0
38,0,0,0,0,0,0,0,1,0,0,0,0,1,0,0,0,1,0,0,934,1,0,cellular,14,may,1,-1,0,unknown,1
29,1,0,0,0,0,0,0,0,0,0,0,0,1,0,0,1,0,0,0,7832,1,0,unknown,27,may,2,-1,0,unknown,0
23,0,0,0,0,0,0,0,0,0,0,0,1,0,1,0,0,1,0,0,107,0,0,cellular,13,apr,5,181,2,success,1
30,0,0,0,0,0,0,0,0,1,0,0,0,1,0,0,0,1,0,0,57,0,1,cellular,8,jul,2,-1,0,unknown,0
37,0,0,0,0,1,0,0,0,0,0,0,0,0,1,0,1,0,0,0,0,0,0,cellular,8,jun,2,97,1,success,1
29,0,1,0,0,0,0,0,0,0,0,0,0,0,1,0,0,1,0,0,113,0,0,cellular,16,aug,2,185,6,success,0
55,1,0,0,0,0,0,0,0,0,0,0,0,0,1,0,1,0,0,0,-350,0,0,telephone,3,feb,4,6,1,other,0
41,0,0,1,0,0,0,0,0,0,0,0,0,1,0,0,0,0,1,0,39,1,0,cellular,21,nov,2,-1,0,unknown,1
36,0,0,0,1,0,0,0,0,0,0,0,0,1,0,0,0,0,1,0,711,1,0,unknown,23,may,2,-1,0,unknown,0
40,0,0,0,1,1,0,0,0,0,0,0,0,0,0,1,0,0,0,0,528,1,0,cellular,13,may,2,357,5,failure,0
43,1,0,0,0,0,0,0,0,0,0,0,0,0,1,0,1,0,0,0,5658,0,0,unknown,12,jun,3,-1,0,unknown,0
41,1,0,0,0,0,0,0,0,0,0,0,0,0,1,0,1,0,0,0,1982,0,0,cellular,21,nov,1,-1,0,unknown,1
37,0,1,0,0,0,0,0,0,0,0,0,0,1,0,0,0,1,0,0,987,1,1,cellular,14,may,2,-1,0,unknown,0
59,0,0,0,0,1,1,0,0,0,0,0,0,1,0,0,0,0,0,0,1033,0,0,unknown,11,jun,1,-1,0,unknown,1
39,0,1,0,0,0,0,0,0,0,0,0,0,0,0,1,0,1,0,0,385,0,0,cellular,25,may,1,-1,0,unknown,0
43,0,0,0,1,0,0,0,0,0,0,0,0,1,0,0,0,1,0,0,953,1,0,cellular,4,feb,2,-1,0,unknown,1
59,1,0,0,0,0,0,0,0,0,0,0,0,0,0,1,1,0,0,0,51,0,0,cellular,28,aug,2,-1,0,unknown,0
33,0,0,0,1,0,0,0,0,0,0,0,0,1,0,0,0,1,0,0,217,1,0,unknown,15,may,1,-1,0,unknown,0
37,1,0,0,0,0,0,0,0,0,0,0,0,0,1,0,1,0,0,0,62,1,0,cellular,2,aug,2,272,8,success,1
58,0,0,0,0,0,1,0,0,0,0,0,0,1,0,0,1,0,0,0,5087,0,0,unknown,19,jun,1,-1,0,unknown,0
70,0,0,0,0,0,1,0,0,0,0,0,0,1,0,0,0,0,1,0,2795,0,0,cellular,8,jul,1,181,2,success,1
34,1,0,0,0,0,0,0,0,0,0,0,0,0,1,0,1,0,0,0,3635,1,0,unknown,27,may,9,-1,0,unknown,0
54,0,0,0,1,0,0,0,0,0,0,0,0,1,0,0,0,1,0,0,1480,1,0,unknown,14,may,1,-1,0,unknown,0
29,0,0,0,1,0,0,0,0,0,0,0,0,0,1,0,0,1,0,0,734,1,1,cellular,30,apr,1,296,1,other,1
24,1,0,0,0,0,0,0,0,0,0,0,0,0,1,0,1,0,0,0,393,0,0,cellular,27,sep,1,-1,0,unknown,1
48,0,0,0,0,0,0,0,0,0,0,1,0,1,0,0,1,0,0,0,5473,0,0,cellular,24,feb,2,184,2,success,1
36,0,0,0,1,0,0,0,0,0,0,0,0,0,1,0,0,1,0,0,1822,1,0,cellular,8,apr,1,323,1,other,1
31,0,1,0,0,0,0,0,0,0,0,0,0,0,1,0,0,1,0,0,55,0,0,unknown,28,may,1,-1,0,unknown,0
47,1,0,0,0,0,0,0,0,0,0,0,0,1,0,0,1,0,0,0,3556,1,0,unknown,20,jun,4,-1,0,unknown,0
37,1,0,0,0,0,0,0,0,0,0,0,0,0,0,1,1,0,0,0,122,1,0,unknown,19,may,2,-1,0,unknown,1
24,0,1,0,0,0,0,0,0,0,0,0,0,0,1,0,0,1,0,0,434,0,0,cellular,28,may,1,-1,0,unknown,0
40,0,0,0,0,0,0,1,0,0,0,0,0,1,0,0,1,0,0,0,764,1,0,unknown,17,nov,1,-1,0,unknown,1
36,0,0,1,0,0,0,0,0,0,0,0,0,1,0,0,1,0,0,0,99,1,1,cellular,20,apr,3,-1,0,unknown,0
25,0,0,0,0,0,0,1,0,0,0,0,0,0,1,0,0,1,0,0,289,1,0,cellular,21,jul,3,-1,0,unknown,0
46,1,0,0,0,0,0,0,0,0,0,0,0,1,0,0,1,0,0,0,242,0,0,cellular,4,aug,2,96,1,success,1
51,1,0,0,0,0,0,0,0,0,0,0,0,1,0,0,1,0,0,0,346,0,0,cellular,11,aug,1,180,6,success,1
26,0,0,0,0,0,0,0,1,0,0,0,0,0,1,0,0,1,0,0,8206,1,0,unknown,13,may,2,-1,0,unknown,0
56,0,1,0,0,0,0,0,0,0,0,0,0,1,0,0,0,0,1,0,1232,0,0,cellular,7,apr,1,-1,0,unknown,0
43,0,0,1,0,0,0,0,0,0,0,0,0,0,1,0,0,0,1,0,2124,1,0,cellular,19,nov,1,-1,0,unknown,0
30,0,1,0,0,0,0,0,0,0,0,0,0,0,1,0,1,0,0,0,2325,0,0,cellular,5,apr,3,241,4,other,0
51,0,1,0,0,0,0,0,0,0,0,0,0,1,0,0,1,0,0,0,825,0,0,cellular,17,nov,3,-1,0,unknown,1
36,1,0,0,0,0,0,0,0,0,0,0,0,1,0,0,1,0,0,0,2987,1,0,cellular,12,aug,1,-1,0,unknown,1
28,1,0,0,0,0,0,0,0,0,0,0,0,0,1,0,1,0,0,0,2380,0,0,cellular,14,sep,2,-1,0,unknown,0
52,1,0,0,0,1,0,0,0,0,0,0,0,1,0,0,0,0,0,0,2240,1,0,unknown,13,may,1,-1,0,unknown,1
33,0,0,0,0,0,0,1,0,0,0,0,0,0,1,0,1,0,0,0,235,1,0,cellular,18,may,1,-1,0,unknown,1
33,0,0,0,0,0,0,0,0,0,1,0,0,1,0,0,0,1,0,0,-144,0,0,cellular,30,jul,3,-1,0,unknown,1
35,0,0,1,0,0,0,0,0,0,0,0,0,1,0,0,0,1,0,0,350,1,0,unknown,21,may,1,-1,0,unknown,0
37,0,0,0,0,0,0,1,0,0,0,0,0,1,0,0,0,1,0,0,1967,0,0,telephone,27,oct,1,-1,0,unknown,1
27,1,0,0,0,0,0,0,0,0,0,0,0,1,0,0,1,0,0,0,802,0,0,cellular,22,sep,1,-1,0,unknown,1
34,0,0,0,0,0,0,1,0,0,0,0,0,1,0,0,0,1,0,0,-33,1,1,cellular,10,jul,1,-1,0,unknown,1
50,0,0,0,0,0,0,0,1,0,0,0,0,1,0,0,0,1,0,0,3374,0,0,unknown,19,jun,2,-1,0,unknown,0
21,0,0,0,0,0,0,0,0,0,0,0,1,0,1,0,0,1,0,0,123,0,0,telephone,12,feb,5,93,2,success,1
37,0,0,0,1,0,0,0,0,0,0,0,0,1,0,0,0,0,1,0,89,1,0,cellular,2,feb,1,245,4,failure,0
29,0,0,0,0,0,0,1,0,0,0,0,0,0,1,0,0,1,0,0,27,1,0,cellular,6,may,1,-1,0,unknown,1
30,1,0,0,0,0,0,0,0,0,0,0,0,0,1,0,1,0,0,0,5359,0,0,cellular,26,feb,1,191,3,success,1
36,1,0,0,0,0,0,0,0,0,0,0,0,1,0,0,1,0,0,0,5057,1,0,cellular,17,nov,1,166,10,failure,0
49,1,0,0,0,0,0,0,0,0,0,0,0,1,0,0,1,0,0,0,4751,0,0,cellular,12,aug,4,-1,0,unknown,1
31,0,0,0,1,0,0,0,0,0,0,0,0,1,0,0,0,1,0,0,625,1,0,cellular,2,jul,2,49,3,failure,1
47,0,1,0,0,0,0,0,0,0,0,0,0,1,0,0,0,1,0,0,1167,1,0,cellular,4,aug,1,96,6,success,1
34,0,1,0,0,0,0,0,0,0,0,0,0,1,0,0,1,0,0,0,544,1,1,cellular,18,nov,2,-1,0,unknown,0
54,1,0,0,0,0,0,0,0,0,0,0,0,0,0,1,1,0,0,0,5475,0,0,cellular,21,oct,1,91,4,success,1
54,0,0,0,0,0,0,0,1,0,0,0,0,1,0,0,0,1,0,0,2719,1,0,cellular,17,nov,2,171,2,failure,0
25,0,1,0,0,0,0,0,0,0,0,0,0,0,1,0,0,1,0,0,4859,0,0,cellular,12,jan,1,-1,0,unknown,1
23,0,0,0,0,0,0,0,0,0,0,0,1,0,1,0,0,1,0,0,922,0,0,cellular,28,may,2,184,9,failure,1
33,0,1,0,0,0,0,0,0,0,0,0,0,0,1,0,1,0,0,0,2340,0,0,cellular,31,aug,5,97,3,failure,0
59,0,0,0,1,0,0,0,0,0,0,0,0,1,0,0,0,1,0,0,16869,0,0,cellular,19,nov,1,-1,0,unknown,0
37,1,0,0,0,0,0,0,0,0,0,0,0,1,0,0,1,0,0,0,19,1,0,cellular,7,may,2,-1,0,unknown,0
34,0,0,0,1,0,0,0,0,0,0,0,0,1,0,0,0,0,1,0,329,1,0,cellular,17,apr,1,343,1,failure,1
31,0,1,0,0,0,0,0,0,0,0,0,0,1,0,0,0,1,0,0,671,0,0,cellular,2,feb,2,175,2,failure,0
43,0,1,0,0,1,0,0,0,0,0,0,0,0,1,0,0,0,0,0,11115,0,0,cellular,23,apr,1,182,3,success,1
30,0,0,0,0,0,0,0,0,1,0,0,0,0,1,0,1,0,0,0,432,1,0,cellular,2,feb,1,-1,0,unknown,1
30,0,0,0,1,0,0,0,0,0,0,0,0,0,1,0,0,0,1,0,185,0,0,unknown,26,jun,1,-1,0,unknown,0
56,0,1,0,0,0,0,0,0,0,0,0,0,0,1,0,0,1,0,0,3499,1,0,unknown,29,may,3,-1,0,unknown,0
35,0,1,0,0,0,0,0,0,0,0,0,0,1,0,0,0,1,0,0,0,1,0,cellular,19,nov,4,-1,0,unknown,1
56,0,0,0,1,0,0,0,0,0,0,0,0,1,0,0,0,0,1,0,-85,1,1,unknown,26,may,1,-1,0,unknown,0
41,0,0,0,0,0,0,1,0,0,0,0,0,1,0,0,0,1,0,0,-62,1,1,unknown,5,may,2,-1,0,unknown,0
28,1,0,0,0,0,0,0,0,0,0,0,0,0,1,0,1,0,0,0,492,0,0,cellular,2,jul,1,-1,0,unknown,0
39,1,0,0,0,0,0,0,0,0,0,0,0,1,0,0,1,0,0,0,894,1,0,cellular,20,apr,1,326,1,other,0
30,0,0,0,0,0,0,0,1,0,0,0,0,0,1,0,0,1,0,0,-386,1,0,cellular,29,jan,1,237,2,other,0
44,0,1,0,0,0,0,0,0,0,0,0,0,1,0,0,0,0,1,0,4389,0,0,cellular,29,jul,1,-1,0,unknown,0
55,0,1,0,0,0,0,0,0,0,0,0,0,1,0,0,0,1,0,0,150,1,1,unknown,27,may,1,-1,0,unknown,0
43,1,0,0,0,0,0,0,0,0,0,0,0,1,0,0,1,0,0,0,1646,1,0,cellular,20,nov,1,-1,0,unknown,0
27,0,0,0,1,0,0,0,0,0,0,0,0,1,0,0,0,1,0,0,245,1,0,cellular,5,feb,7,255,11,failure,0
33,0,0,0,0,0,0,0,0,0,1,0,0,0,1,0,0,1,0,0,559,1,0,cellular,9,feb,6,-1,0,unknown,0
33,1,0,0,0,0,0,0,0,0,0,0,0,1,0,0,1,0,0,0,3024,0,0,cellular,19,nov,1,-1,0,unknown,0
36,1,0,0,0,0,0,0,0,0,0,0,0,1,0,0,1,0,0,0,1113,0,0,cellular,1,sep,1,-1,0,unknown,1
33,1,0,0,0,0,0,0,0,0,0,0,0,1,0,0,1,0,0,0,864,1,0,cellular,20,apr,1,235,19,failure,0
61,0,0,0,0,0,1,0,0,0,0,0,0,1,0,0,0,0,1,0,2863,0,0,cellular,13,nov,1,-1,0,unknown,0
61,1,0,0,0,0,0,0,0,0,0,0,0,1,0,0,1,0,0,0,6016,0,0,cellular,2,feb,3,-1,0,unknown,1
48,0,0,0,1,0,0,0,0,0,0,0,0,1,0,0,0,0,1,0,719,0,1,cellular,11,aug,5,-1,0,unknown,1
57,0,0,0,0,1,0,1,0,0,0,0,0,1,0,0,0,0,0,0,2038,0,0,cellular,9,aug,1,182,2,failure,1
33,0,0,0,0,0,0,0,0,0,0,0,1,1,0,0,0,1,0,0,1536,0,0,cellular,9,nov,1,94,2,success,1
42,0,0,0,0,0,0,0,1,0,0,0,0,0,1,0,1,0,0,0,94,1,0,cellular,11,aug,2,90,4,failure,1
22,0,0,0,0,0,0,0,0,0,0,0,1,0,1,0,0,1,0,0,254,0,0,cellular,13,jan,2,-1,0,unknown,1
53,1,0,0,0,0,0,0,0,0,0,0,0,0,0,1,1,0,0,0,6649,1,0,cellular,7,jul,1,-1,0,unknown,0
39,0,0,0,1,0,0,0,0,0,0,0,0,0,1,0,0,1,0,0,522,1,0,telephone,14,may,7,350,2,failure,0
27,0,0,0,0,0,0,0,1,0,0,0,0,0,1,0,0,1,0,0,246,0,0,cellular,17,jun,2,-1,0,unknown,1
30,0,1,0,0,0,0,0,0,0,0,0,0,1,0,0,1,0,0,0,423,1,0,cellular,21,aug,2,-1,0,unknown,0
44,0,0,0,0,0,0,1,0,0,0,0,0,1,0,0,0,1,0,0,10905,0,0,cellular,19,aug,2,271,1,other,1
43,0,1,0,0,0,0,0,0,0,0,0,0,1,0,0,0,1,0,0,4945,1,0,cellular,3,sep,3,185,2,success,1
32,0,0,0,0,0,0,1,0,0,0,0,0,1,0,0,0,1,0,0,200,0,0,cellular,1,sep,1,29,3,failure,1
59,0,0,0,0,0,1,0,0,0,0,0,0,1,0,0,1,0,0,0,422,1,0,cellular,14,may,4,-1,0,unknown,1
59,0,0,0,0,0,0,0,0,1,0,0,0,1,0,0,1,0,0,0,2013,0,0,cellular,19,feb,4,94,2,success,1
35,0,0,0,0,0,0,0,1,0,0,0,0,1,0,0,0,1,0,0,0,1,0,unknown,21,may,5,-1,0,unknown,0
73,1,0,0,0,0,0,0,0,0,0,0,0,1,0,0,1,0,0,0,1609,0,0,cellular,14,jul,2,-1,0,unknown,1
32,1,0,0,0,0,0,0,0,0,0,0,0,1,0,0,1,0,0,0,2431,1,0,cellular,14,may,5,-1,0,unknown,1
34,0,0,0,0,0,0,0,0,1,0,0,0,0,1,0,0,1,0,0,1261,1,0,cellular,9,apr,2,-1,0,unknown,0
53,1,0,0,0,0,0,0,0,0,0,0,0,1,0,0,1,0,0,0,404,0,0,cellular,20,aug,4,-1,0,unknown,0
52,0,0,0,1,0,0,0,0,0,0,0,0,1,0,0,0,0,1,0,134,1,0,cellular,24,jul,3,-1,0,unknown,0
28,0,0,0,0,0,0,0,0,0,1,0,0,1,0,0,0,0,1,0,7459,1,0,cellular,2,feb,5,269,2,failure,1
37,0,0,0,0,0,0,0,1,0,0,0,0,1,0,0,0,1,0,0,6089,1,0,cellular,14,may,2,-1,0,unknown,1
50,0,0,0,0,0,0,1,0,0,0,0,0,1,0,0,0,1,0,0,663,1,0,cellular,20,apr,3,-1,0,unknown,0
36,0,0,0,1,0,0,0,0,0,0,0,0,1,0,0,0,0,1,0,123,1,0,cellular,18,may,1,-1,0,unknown,0
49,0,0,0,1,0,0,0,0,0,0,0,0,1,0,0,0,0,1,0,2481,0,1,cellular,29,jul,5,-1,0,unknown,0
38,0,0,0,0,0,0,1,0,0,0,0,0,1,0,0,0,0,1,0,464,0,1,unknown,11,jun,2,-1,0,unknown,0
57,0,0,0,0,0,0,1,0,0,0,0,0,1,0,0,0,1,0,0,4391,0,0,telephone,4,feb,1,-1,0,unknown,1
32,0,0,0,0,0,0,0,0,1,0,0,0,1,0,0,0,1,0,0,409,0,0,cellular,3,jun,2,86,2,success,1
36,1,0,0,0,0,0,0,0,0,0,0,0,0,1,0,1,0,0,0,1400,1,0,cellular,11,may,3,-1,0,unknown,1
48,0,0,0,0,0,0,1,0,0,0,0,0,1,0,0,0,1,0,0,660,0,0,cellular,18,feb,1,561,2,success,1
35,0,0,0,1,0,0,0,0,0,0,0,0,1,0,0,0,1,0,0,860,1,0,unknown,5,jun,4,-1,0,unknown,1
25,0,1,0,0,0,0,0,0,0,0,0,0,1,0,0,1,0,0,0,914,1,0,cellular,12,may,2,-1,0,unknown,0
35,1,0,0,0,0,0,0,0,0,0,0,0,0,0,1,1,0,0,0,3837,1,0,unknown,8,may,1,-1,0,unknown,1
44,0,0,0,0,0,0,0,0,1,0,0,0,1,0,0,1,0,0,0,430,1,0,cellular,11,jul,2,-1,0,unknown,0
34,0,1,0,0,0,0,0,0,0,0,0,0,1,0,0,0,1,0,0,966,1,0,cellular,18,may,4,273,7,other,0
22,0,0,0,0,0,0,0,0,0,0,0,1,0,1,0,0,1,0,0,3982,0,0,cellular,20,apr,1,-1,0,unknown,1
33,0,0,1,0,0,0,0,0,0,0,0,0,1,0,0,0,1,0,0,1034,1,0,cellular,12,may,6,295,6,failure,0
25,0,0,0,0,0,0,1,0,0,0,0,0,0,1,0,0,1,0,0,248,1,0,cellular,14,may,1,-1,0,unknown,0
49,0,0,0,1,0,0,0,0,0,0,0,0,1,0,0,0,1,0,0,1946,0,0,cellular,16,jul,1,-1,0,unknown,1
50,0,0,0,0,0,0,0,1,0,0,0,0,1,0,0,0,1,0,0,2376,1,0,cellular,24,sep,1,-1,0,unknown,1
31,1,0,0,0,0,0,0,0,0,0,0,0,0,1,0,1,0,0,0,2296,1,0,unknown,6,jun,8,-1,0,unknown,0
35,0,0,0,0,0,0,1,0,0,0,0,0,0,1,0,0,1,0,0,368,1,0,unknown,16,may,3,-1,0,unknown,0
34,0,1,0,0,0,0,0,0,0,0,0,0,0,0,1,1,0,0,0,674,1,0,cellular,7,aug,2,-1,0,unknown,1
31,0,0,0,1,0,0,0,0,0,0,0,0,1,0,0,0,1,0,0,150,1,0,telephone,14,may,2,-1,0,unknown,0
36,1,0,0,0,0,0,0,0,0,0,0,0,0,1,0,1,0,0,0,7506,1,0,cellular,6,may,2,188,1,success,1
37,0,0,0,0,0,0,0,1,0,0,0,0,1,0,0,0,1,0,0,981,0,0,cellular,7,jul,2,386,1,success,1
46,0,0,0,0,0,0,1,0,0,0,0,0,0,1,0,0,1,0,0,849,1,0,unknown,5,jun,2,-1,0,unknown,1
33,1,0,0,0,0,0,0,0,0,0,0,0,1,0,0,1,0,0,0,273,1,0,unknown,16,may,1,-1,0,unknown,1
28,1,0,0,0,0,0,0,0,0,0,0,0,0,1,0,1,0,0,0,6551,0,0,cellular,23,sep,1,-1,0,unknown,1
35,0,0,0,1,0,0,0,0,0,0,0,0,0,1,0,0,1,0,0,546,1,0,cellular,13,may,2,-1,0,unknown,0
31,1,0,0,0,0,0,0,0,0,0,0,0,1,0,0,1,0,0,0,676,0,0,cellular,7,aug,1,-1,0,unknown,1
57,0,0,0,1,0,0,0,0,0,0,0,0,1,0,0,0,1,0,0,1540,1,0,cellular,17,nov,1,-1,0,unknown,1
55,0,0,0,0,0,1,0,0,0,0,0,0,1,0,0,0,1,0,0,785,1,0,cellular,14,may,1,370,2,failure,0
42,0,0,0,1,0,0,0,0,0,0,0,0,1,0,0,0,1,0,0,2913,0,0,cellular,3,jun,1,195,1,failure,1
34,0,0,0,0,0,0,1,0,0,0,0,0,1,0,0,0,1,0,0,0,1,0,cellular,10,feb,1,85,1,failure,1
36,0,0,0,1,0,0,0,0,0,0,0,0,0,1,0,0,0,1,0,367,0,0,unknown,26,jun,1,-1,0,unknown,0
39,1,0,0,0,0,0,0,0,0,0,0,0,1,0,0,1,0,0,0,2939,0,0,cellular,15,jan,2,-1,0,unknown,1
48,0,0,0,1,1,0,0,0,0,0,0,0,1,0,0,0,0,0,0,617,1,0,cellular,11,aug,2,-1,0,unknown,0
32,1,0,0,0,0,0,0,0,0,0,0,0,0,1,0,1,0,0,0,3097,1,0,cellular,20,nov,1,-1,0,unknown,0
27,0,0,0,0,0,0,1,0,0,0,0,0,1,0,0,0,1,0,0,897,0,0,cellular,5,jun,1,-1,0,unknown,1
37,0,0,1,0,0,0,0,0,0,0,0,0,1,0,0,1,0,0,0,189,0,0,cellular,2,jun,2,-1,0,unknown,1
56,0,0,0,0,0,0,0,0,0,1,0,0,0,1,0,0,0,1,0,1110,0,0,cellular,4,feb,2,-1,0,unknown,1
39,0,0,0,1,0,0,0,0,0,0,0,0,1,0,0,0,1,0,0,5222,1,0,unknown,28,may,1,-1,0,unknown,0
37,0,0,0,0,0,0,1,0,0,0,0,0,0,1,0,1,0,0,0,1000,1,0,cellular,17,mar,1,-1,0,unknown,1
50,0,0,0,0,0,0,0,0,0,0,1,0,1,0,0,0,0,1,0,0,0,0,unknown,20,jun,2,-1,0,unknown,0
47,0,0,0,0,0,0,1,0,0,0,0,0,1,0,0,0,1,0,0,3676,0,0,cellular,18,oct,1,95,3,success,1
50,0,0,0,0,0,0,1,0,0,0,0,0,1,0,0,0,0,1,0,276,0,1,unknown,17,jun,6,-1,0,unknown,0
47,1,0,0,0,0,0,0,0,0,0,0,0,1,0,0,1,0,0,0,0,0,0,cellular,27,oct,1,-1,0,unknown,1
57,1,0,0,0,1,0,0,0,0,0,0,0,0,0,1,0,0,0,0,2986,0,0,cellular,17,dec,2,231,1,failure,1
45,0,0,0,0,0,0,1,0,0,0,0,0,0,0,1,1,0,0,0,1506,0,0,cellular,28,jul,4,-1,0,unknown,1
41,1,0,0,0,0,0,0,0,0,0,0,0,0,1,0,0,1,0,0,3234,1,0,cellular,30,jan,1,-1,0,unknown,1
29,1,0,0,0,0,0,0,0,0,0,0,0,0,1,0,1,0,0,0,1445,0,0,cellular,26,apr,2,143,2,success,1
45,0,0,0,1,0,0,0,0,0,0,0,0,1,0,0,0,0,1,0,302,1,0,telephone,15,may,3,-1,0,unknown,0
47,0,1,0,0,0,0,0,0,0,0,0,0,0,0,1,1,0,0,0,8422,0,0,cellular,8,aug,4,-1,0,unknown,0
42,0,0,0,0,0,0,0,0,0,1,0,0,0,1,0,0,1,0,0,2613,1,0,cellular,30,jul,6,-1,0,unknown,0
39,0,1,0,0,0,0,0,0,0,0,0,0,1,0,0,0,1,0,0,-54,1,1,unknown,30,jun,4,-1,0,unknown,0
52,0,1,0,0,0,0,0,0,0,0,0,0,0,0,1,0,1,0,0,144,1,0,cellular,15,may,1,-1,0,unknown,0
43,0,0,0,1,0,0,0,0,0,0,0,0,0,1,0,0,1,0,0,3,1,0,unknown,9,may,3,-1,0,unknown,1
35,0,0,0,1,0,0,0,0,0,0,0,0,1,0,0,0,0,1,0,1177,0,0,cellular,8,jun,4,-1,0,unknown,1
32,0,0,0,0,0,0,1,0,0,0,0,0,1,0,0,0,1,0,0,684,1,0,cellular,14,may,3,-1,0,unknown,1
47,1,0,0,0,0,0,0,0,0,0,0,0,1,0,0,1,0,0,0,434,0,0,cellular,12,aug,4,-1,0,unknown,0
32,1,0,0,0,0,0,0,0,0,0,0,0,1,0,0,1,0,0,0,4733,0,0,cellular,30,apr,1,-1,0,unknown,1
56,1,0,0,0,0,0,0,0,0,0,0,0,1,0,0,1,0,0,0,1631,1,0,cellular,15,jul,3,-1,0,unknown,0
61,1,0,0,0,1,0,0,0,0,0,0,0,1,0,0,0,0,0,0,264,0,0,telephone,29,jul,1,178,1,success,1
38,0,0,0,0,0,0,1,0,0,0,0,0,1,0,0,0,1,0,0,-500,0,1,cellular,2,feb,1,195,5,other,0
45,0,0,0,1,0,0,0,0,0,0,0,0,0,1,0,0,1,0,1,0,0,1,cellular,16,jul,2,-1,0,unknown,0
48,0,1,0,0,0,0,0,0,0,0,0,0,1,0,0,0,1,0,0,197,0,1,cellular,3,feb,2,222,3,other,0
37,1,0,0,0,0,0,0,0,0,0,0,0,1,0,0,1,0,0,0,489,1,1,cellular,20,apr,2,-1,0,unknown,0
35,0,0,0,0,0,0,0,0,0,1,0,0,0,1,0,0,1,0,0,221,0,0,cellular,29,jan,1,-1,0,unknown,0
38,0,1,0,0,0,0,0,0,0,0,0,0,1,0,0,0,1,0,0,994,0,0,unknown,9,jun,1,-1,0,unknown,0
33,1,0,0,0,0,0,0,0,0,0,0,0,0,1,0,1,0,0,0,1439,1,0,cellular,3,jun,2,-1,0,unknown,0
31,1,0,0,0,0,0,0,0,0,0,0,0,1,0,0,1,0,0,0,84,0,1,unknown,1,jul,1,-1,0,unknown,0
27,1,0,0,0,0,0,0,0,0,0,0,0,0,1,0,1,0,0,0,185,0,0,cellular,31,oct,1,-1,0,unknown,0
30,0,0,0,0,0,0,0,0,0,0,0,1,0,1,0,1,0,0,0,3026,0,0,cellular,23,jul,1,535,1,failure,1
27,0,0,0,0,0,0,1,0,0,0,0,0,1,0,0,0,1,0,0,283,1,0,cellular,18,jul,1,-1,0,unknown,0
73,0,0,0,0,0,1,0,0,0,0,0,0,1,0,0,1,0,0,0,1843,0,0,cellular,11,sep,2,-1,0,unknown,1
52,0,0,0,0,0,0,0,1,0,0,0,0,1,0,0,0,1,0,0,992,1,0,cellular,27,jan,1,92,2,success,1
50,0,1,0,0,0,0,0,0,0,0,0,0,0,0,1,0,1,0,0,2910,0,1,cellular,18,nov,2,-1,0,unknown,0
33,0,0,0,0,0,0,0,0,1,0,0,0,0,0,1,0,1,0,0,1904,1,0,cellular,17,jul,2,-1,0,unknown,1
27,0,0,0,0,0,0,0,1,0,0,0,0,0,1,0,0,1,0,0,4923,1,0,unknown,19,may,7,-1,0,unknown,0
31,0,1,0,0,0,0,0,0,0,0,0,0,1,0,0,0,1,0,0,303,1,0,cellular,15,jul,4,-1,0,unknown,0
51,1,0,0,0,0,0,0,0,0,0,0,0,1,0,0,1,0,0,0,2455,1,0,cellular,21,jul,1,-1,0,unknown,1
30,0,0,0,0,0,0,0,0,1,0,0,0,0,1,0,1,0,0,0,901,1,1,unknown,16,may,1,-1,0,unknown,0
57,0,0,0,1,0,0,0,0,0,0,0,0,1,0,0,0,1,0,0,2192,0,0,unknown,15,may,2,-1,0,unknown,0
34,1,0,0,0,0,0,0,0,0,0,0,0,1,0,0,1,0,0,0,611,0,0,cellular,2,jun,1,-1,0,unknown,1
31,0,0,0,1,0,0,0,0,0,0,0,0,1,0,0,0,0,1,0,55,1,1,cellular,17,apr,2,-1,0,unknown,0
44,0,0,0,0,0,0,0,0,1,0,0,0,1,0,0,0,1,0,0,706,0,0,unknown,5,nov,1,-1,0,unknown,1
42,0,0,0,1,1,0,0,0,0,0,0,0,1,0,0,0,0,0,0,8600,0,0,unknown,11,jun,9,-1,0,unknown,0
40,0,0,0,0,0,0,0,0,0,1,0,0,1,0,0,1,0,0,0,1558,1,0,unknown,20,jun,15,-1,0,unknown,0
58,1,0,0,0,0,0,0,0,0,0,0,0,1,0,0,1,0,0,0,230,1,0,telephone,30,jul,10,-1,0,unknown,0
74,0,0,0,0,0,1,0,0,0,0,0,0,1,0,0,0,0,1,0,0,0,0,telephone,13,nov,2,92,2,success,0
72,0,0,0,0,0,1,0,0,0,0,0,0,1,0,0,0,1,0,0,0,0,0,cellular,29,oct,3,-1,0,unknown,1
35,1,0,0,0,0,0,0,0,0,0,0,0,0,1,0,1,0,0,0,1635,0,0,cellular,18,aug,6,-1,0,unknown,0
27,1,0,0,0,0,0,0,0,0,0,0,0,1,0,0,1,0,0,0,893,0,0,cellular,16,oct,2,-1,0,unknown,1
25,0,0,0,1,0,0,0,0,0,0,0,0,1,0,0,0,1,0,0,51,1,0,unknown,23,may,2,-1,0,unknown,0
66,0,0,0,0,0,1,0,0,0,0,0,0,1,0,0,1,0,0,0,1948,0,0,cellular,28,jan,1,91,4,success,1
28,0,1,0,0,0,0,0,0,0,0,0,0,0,1,0,1,0,0,0,4987,0,0,cellular,2,jun,2,113,21,success,1
33,0,0,0,0,0,0,1,0,0,0,0,0,1,0,0,0,1,0,0,1521,1,0,cellular,14,may,1,-1,0,unknown,0
29,0,0,0,0,0,0,1,0,0,0,0,0,1,0,0,0,1,0,0,-150,1,0,unknown,6,may,1,-1,0,unknown,0
43,0,1,0,0,0,0,0,0,0,0,0,0,0,1,0,0,1,0,0,451,0,0,cellular,12,aug,2,-1,0,unknown,1
36,0,0,0,0,0,0,0,0,0,1,0,0,1,0,0,0,0,1,0,0,0,0,cellular,6,feb,1,-1,0,unknown,0
40,0,0,0,0,0,0,0,1,0,0,0,0,1,0,0,0,1,0,0,473,1,0,cellular,28,jul,3,-1,0,unknown,1
58,0,0,1,0,0,0,0,0,0,0,0,0,1,0,0,1,0,0,0,0,1,1,cellular,4,feb,2,229,2,failure,0
32,0,1,0,0,0,0,0,0,0,0,0,0,0,1,0,0,1,0,0,1732,1,0,cellular,14,aug,3,-1,0,unknown,1
32,0,0,0,1,1,0,0,0,0,0,0,0,0,0,1,0,0,0,1,-274,1,1,unknown,23,may,2,-1,0,unknown,0
36,0,1,0,0,0,0,0,0,0,0,0,0,1,0,0,0,0,1,0,4585,1,0,unknown,29,may,3,-1,0,unknown,0
42,0,1,0,0,0,0,0,0,0,0,0,0,0,1,0,1,0,0,0,-411,1,0,cellular,12,may,5,292,3,failure,0
48,0,1,0,0,0,0,0,0,0,0,0,0,1,0,0,0,1,0,0,1981,1,0,cellular,16,jun,3,92,5,failure,0
35,0,0,0,0,0,0,0,0,1,0,0,0,0,1,0,1,0,0,0,71,0,0,cellular,15,jun,1,-1,0,unknown,1
29,0,0,0,0,0,0,1,0,0,0,0,0,0,1,0,0,1,0,0,-194,1,0,cellular,7,may,1,-1,0,unknown,0
30,0,0,0,1,0,0,0,0,0,0,0,0,0,1,0,0,0,1,0,0,0,0,cellular,15,jul,3,-1,0,unknown,1
48,0,0,0,1,0,0,0,0,0,0,0,0,1,0,0,0,0,1,0,72,1,0,unknown,6,jun,5,-1,0,unknown,0
44,0,0,0,1,0,0,0,0,0,0,0,0,1,0,0,0,1,0,0,1071,1,0,cellular,11,may,3,357,1,failure,0
28,0,1,0,0,0,0,0,0,0,0,0,0,0,0,1,0,1,0,0,477,1,1,cellular,10,jul,1,-1,0,unknown,0
58,0,0,0,0,0,0,0,0,0,0,1,0,0,0,1,0,1,0,0,0,0,0,cellular,2,jul,2,-1,0,unknown,1
47,1,0,0,0,0,0,0,0,0,0,0,0,1,0,0,0,0,1,0,1675,1,0,cellular,9,feb,3,-1,0,unknown,0
32,0,0,0,0,0,0,0,1,0,0,0,0,0,0,1,0,1,0,0,454,1,0,cellular,18,jul,1,-1,0,unknown,1
45,0,0,0,0,0,0,1,0,0,0,0,0,1,0,0,0,1,0,0,0,1,0,cellular,8,jul,1,-1,0,unknown,0
37,1,0,0,0,0,0,0,0,0,0,0,0,1,0,0,1,0,0,0,1594,1,0,cellular,17,apr,1,260,5,failure,0
28,0,0,0,0,0,0,0,0,1,0,0,0,0,1,0,1,0,0,0,3290,0,0,cellular,5,jun,2,-1,0,unknown,1
33,0,0,0,1,0,0,0,0,0,0,0,0,0,1,0,0,1,0,0,688,0,0,unknown,6,jul,1,-1,0,unknown,0
51,0,0,0,0,0,1,0,0,0,0,0,0,1,0,0,0,1,0,0,2281,0,0,cellular,13,aug,1,-1,0,unknown,0
60,0,0,0,0,0,0,0,1,0,0,0,0,1,0,0,0,1,0,0,8837,1,0,unknown,16,may,4,-1,0,unknown,0
30,1,0,0,0,0,0,0,0,0,0,0,0,0,1,0,1,0,0,0,199,0,1,cellular,28,jul,7,-1,0,unknown,0
35,1,0,0,0,0,0,0,0,0,0,0,0,1,0,0,1,0,0,0,1485,1,0,cellular,17,nov,1,-1,0,unknown,0
58,0,0,0,0,0,0,0,0,1,0,0,0,1,0,0,0,0,1,0,728,0,0,unknown,20,jun,4,-1,0,unknown,0
35,0,0,0,1,1,0,0,0,0,0,0,0,1,0,0,0,0,0,0,1662,0,0,cellular,31,jul,2,-1,0,unknown,0
44,0,0,0,1,0,0,0,0,0,0,0,0,1,0,0,1,0,0,0,2185,1,0,unknown,16,may,1,-1,0,unknown,0
26,0,0,0,0,0,0,1,0,0,0,0,0,1,0,0,0,1,0,0,710,1,1,unknown,6,jun,2,-1,0,unknown,1
71,0,0,0,0,0,1,0,0,0,0,0,0,1,0,0,0,0,1,0,0,0,0,cellular,16,sep,3,-1,0,unknown,0
46,0,0,0,1,0,0,0,0,0,0,0,0,1,0,0,0,0,1,0,1085,1,1,cellular,15,may,2,353,58,other,1
45,0,1,0,0,0,0,0,0,0,0,0,0,1,0,0,0,1,0,0,0,1,0,cellular,7,dec,1,-1,0,unknown,1
34,0,1,0,0,0,0,0,0,0,0,0,0,0,1,0,0,1,0,0,194,1,1,cellular,15,may,1,-1,0,unknown,1
58,0,0,0,0,0,0,0,0,0,0,1,0,1,0,0,1,0,0,0,94,0,1,cellular,28,jul,7,-1,0,unknown,0
39,0,0,0,0,0,0,0,1,0,0,0,0,1,0,0,0,1,0,0,104,1,0,unknown,23,may,6,-1,0,unknown,0
39,0,1,0,0,0,0,0,0,0,0,0,0,1,0,0,0,1,0,0,1587,1,0,cellular,8,sep,2,98,3,success,1
60,0,1,0,0,0,0,0,0,0,0,0,0,1,0,0,0,1,0,0,1740,0,0,cellular,1,jun,1,80,2,success,0
31,0,1,0,0,0,0,0,0,0,0,0,0,0,1,0,1,0,0,0,1166,1,0,unknown,3,jun,1,-1,0,unknown,0
51,0,0,0,1,1,0,0,0,0,0,0,0,1,0,0,0,0,0,0,1432,0,0,cellular,9,jul,1,-1,0,unknown,0
77,0,0,0,0,0,1,0,0,0,0,0,0,0,0,1,0,1,0,0,3417,0,0,cellular,12,nov,1,-1,0,unknown,1
37,0,0,0,0,0,0,1,0,0,0,0,0,0,0,1,0,1,0,0,-165,1,0,unknown,3,jun,2,-1,0,unknown,0
59,0,0,0,0,0,0,0,0,0,1,0,0,1,0,0,0,1,0,0,1625,0,0,cellular,4,aug,1,180,2,success,1
60,1,0,0,0,0,0,0,0,0,0,0,0,1,0,0,1,0,0,0,5041,0,0,telephone,4,nov,1,-1,0,unknown,1
60,0,1,0,0,0,0,0,0,0,0,0,0,0,1,0,1,0,0,0,2934,0,0,cellular,8,aug,2,-1,0,unknown,0
31,0,1,0,0,0,0,0,0,0,0,0,0,0,0,1,1,0,0,0,0,0,0,cellular,27,aug,6,-1,0,unknown,1
33,0,0,0,1,0,0,0,0,0,0,0,0,1,0,0,0,1,0,0,0,1,0,unknown,21,may,3,-1,0,unknown,1
34,1,0,0,0,1,0,0,0,0,0,0,0,0,1,0,0,0,0,0,6013,1,0,cellular,18,may,1,-1,0,unknown,1
29,0,0,0,0,0,0,0,0,0,0,0,1,0,1,0,0,1,0,0,48,0,0,cellular,26,feb,1,-1,0,unknown,0
31,1,0,0,0,1,0,0,0,0,0,0,0,1,0,0,0,0,0,0,4123,0,0,cellular,21,nov,2,-1,0,unknown,0
26,0,0,0,0,0,0,0,0,0,1,0,0,0,1,0,0,0,1,0,1213,0,0,cellular,29,jan,1,-1,0,unknown,0
38,0,1,0,0,0,0,0,0,0,0,0,0,0,1,0,0,1,0,0,12926,1,0,cellular,6,apr,2,307,1,failure,0
55,0,0,0,0,0,0,1,0,0,0,0,0,1,0,0,0,1,0,0,2430,1,0,cellular,7,aug,2,-1,0,unknown,0
48,0,0,0,0,0,0,1,0,0,0,0,0,1,0,0,0,0,1,0,4459,1,0,cellular,3,apr,2,240,1,failure,0
46,0,1,0,0,0,0,0,0,0,0,0,0,1,0,0,0,1,0,0,536,1,0,unknown,16,jun,2,-1,0,unknown,1
23,1,0,0,0,0,0,0,0,0,0,0,0,0,1,0,1,0,0,0,1807,0,0,cellular,27,jul,1,-1,0,unknown,1
45,1,0,0,0,0,0,0,0,0,0,0,0,0,1,0,1,0,0,0,2067,1,0,cellular,13,aug,2,462,1,success,1
45,0,0,0,1,0,0,0,0,0,0,0,0,1,0,0,0,0,1,0,19,1,0,unknown,29,may,2,-1,0,unknown,0
59,0,0,0,0,0,1,0,0,0,0,0,0,1,0,0,0,0,1,0,3648,0,0,telephone,23,oct,2,126,3,success,1
32,1,0,0,0,0,0,0,0,0,0,0,0,1,0,0,1,0,0,0,794,1,1,cellular,9,jul,1,-1,0,unknown,1
41,1,0,0,0,0,0,0,0,0,0,0,0,1,0,0,1,0,0,0,5883,0,0,cellular,20,nov,2,-1,0,unknown,0
60,0,0,0,0,0,1,0,0,0,0,0,0,0,0,1,0,1,0,0,496,1,0,cellular,15,may,2,-1,0,unknown,1
33,1,0,0,0,0,0,0,0,0,0,0,0,1,0,0,0,1,0,0,3935,1,0,cellular,6,may,1,342,2,failure,1
28,0,0,0,0,0,0,0,0,1,0,0,0,0,1,0,1,0,0,0,159,0,0,cellular,16,nov,2,33,4,success,1
59,0,0,0,1,0,0,0,0,0,0,0,0,1,0,0,0,1,0,0,0,0,0,unknown,18,jun,1,-1,0,unknown,0
46,0,0,0,0,0,0,0,0,1,0,0,0,1,0,0,1,0,0,0,2421,0,0,cellular,11,aug,4,-1,0,unknown,0
31,0,0,0,0,0,0,0,0,0,1,0,0,1,0,0,0,1,0,0,296,1,0,unknown,20,may,3,-1,0,unknown,0
34,0,0,0,0,0,0,1,0,0,0,0,0,0,1,0,0,1,0,0,2677,1,0,cellular,20,nov,1,-1,0,unknown,0
40,0,0,0,1,0,0,0,0,0,0,0,0,1,0,0,0,0,1,0,665,1,0,cellular,9,jul,1,-1,0,unknown,1
37,0,0,0,0,0,0,1,0,0,0,0,0,1,0,0,0,1,0,0,1026,1,0,unknown,13,may,2,-1,0,unknown,0
34,0,0,0,1,0,0,0,0,0,0,0,0,1,0,0,0,1,0,0,130,0,1,cellular,21,jul,1,-1,0,unknown,0
60,0,0,0,0,0,0,0,0,1,0,0,0,1,0,0,0,0,1,0,362,0,1,cellular,29,jul,6,-1,0,unknown,1
53,1,0,0,0,0,0,0,0,0,0,0,0,1,0,0,0,0,1,0,2096,0,0,unknown,9,jun,1,-1,0,unknown,0
52,0,0,0,1,0,0,0,0,0,0,0,0,1,0,0,0,1,0,0,2087,1,0,cellular,31,aug,1,474,1,failure,1
59,0,0,0,0,0,0,1,0,0,0,0,0,1,0,0,0,1,0,0,230,1,0,unknown,6,may,3,-1,0,unknown,0
29,1,0,0,0,0,0,0,0,0,0,0,0,1,0,0,1,0,0,0,1387,1,0,cellular,18,may,2,-1,0,unknown,1
52,1,0,0,0,0,0,0,0,0,0,0,0,1,0,0,0,0,1,0,740,0,0,unknown,16,jun,1,-1,0,unknown,0
35,0,0,0,1,0,0,0,0,0,0,0,0,0,1,0,0,1,0,0,4963,1,0,cellular,14,may,1,300,1,failure,1
47,0,0,0,1,0,0,0,0,0,0,0,0,0,1,0,0,0,1,0,10558,1,0,cellular,13,may,3,174,2,other,0
35,1,0,0,0,0,0,0,0,0,0,0,0,0,1,0,1,0,0,0,1756,0,0,cellular,20,aug,1,-1,0,unknown,1
44,0,0,0,1,0,0,0,0,0,0,0,0,1,0,0,0,0,1,0,-312,1,0,unknown,20,jun,3,-1,0,unknown,0
65,0,0,0,0,0,1,0,0,0,0,0,0,1,0,0,0,0,1,0,1760,0,0,cellular,18,aug,4,-1,0,unknown,1
31,0,0,0,0,0,0,0,0,1,0,0,0,1,0,0,1,0,0,0,229,0,0,cellular,29,jan,1,-1,0,unknown,0
30,0,0,0,0,0,0,1,0,0,0,0,0,0,1,0,0,1,0,0,223,1,0,unknown,6,jun,11,-1,0,unknown,1
39,0,0,0,0,0,0,0,0,0,1,0,0,1,0,0,0,0,1,0,7372,0,0,unknown,9,jun,1,-1,0,unknown,0
42,0,0,0,0,0,0,0,1,0,0,0,0,1,0,0,0,1,0,0,146,1,1,cellular,15,may,4,346,1,failure,1
60,0,0,0,0,0,1,0,0,0,0,0,0,1,0,0,0,1,0,0,1853,0,0,cellular,11,aug,1,-1,0,unknown,1
28,0,0,0,1,0,0,0,0,0,0,0,0,0,1,0,0,1,0,0,2806,0,0,cellular,13,oct,1,120,1,other,0
35,1,0,0,0,0,0,0,0,0,0,0,0,1,0,0,1,0,0,0,1731,0,0,cellular,31,jul,4,-1,0,unknown,1
34,0,1,0,0,0,0,0,0,0,0,0,0,0,1,0,0,1,0,0,2131,1,0,cellular,13,may,1,-1,0,unknown,0
53,1,0,0,0,0,0,0,0,0,0,0,0,1,0,0,1,0,0,0,75,0,0,cellular,20,aug,2,-1,0,unknown,0
50,0,0,0,0,0,0,0,0,1,0,0,0,0,0,1,1,0,0,0,13,1,0,cellular,20,apr,1,-1,0,unknown,1
24,0,1,0,0,0,0,0,0,0,0,0,0,0,1,0,0,1,0,0,-103,1,1,unknown,5,may,1,-1,0,unknown,0
48,0,1,0,0,0,0,0,0,0,0,0,0,1,0,0,0,0,1,0,788,0,0,telephone,9,jul,2,-1,0,unknown,0
27,0,0,0,0,0,0,1,0,0,0,0,0,1,0,0,0,1,0,0,1293,1,0,cellular,8,apr,3,-1,0,unknown,1
55,0,1,0,0,0,0,0,0,0,0,0,0,1,0,0,0,1,0,1,-308,0,0,cellular,2,feb,1,-1,0,unknown,1
34,0,1,0,0,0,0,0,0,0,0,0,0,0,1,0,0,1,0,0,174,0,0,telephone,11,may,4,-1,0,unknown,0
86,0,0,0,0,0,1,0,0,0,0,0,0,0,1,0,0,1,0,0,614,0,0,telephone,9,dec,1,-1,0,unknown,1
45,0,0,0,0,0,0,1,0,0,0,0,0,1,0,0,0,1,0,0,5021,0,0,cellular,14,jan,1,-1,0,unknown,1
41,0,1,0,0,0,0,0,0,0,0,0,0,0,1,0,1,0,0,0,431,0,0,cellular,23,jul,1,88,5,failure,1
54,0,0,1,0,0,0,0,0,0,0,0,0,1,0,0,1,0,0,0,1063,1,0,telephone,8,apr,7,-1,0,unknown,0
49,0,0,0,1,0,0,0,0,0,0,0,0,0,0,1,0,1,0,1,259,0,0,unknown,16,may,2,-1,0,unknown,0
49,0,1,0,0,0,0,0,0,0,0,0,0,1,0,0,0,1,0,0,2400,0,0,cellular,21,oct,3,-1,0,unknown,0
40,0,0,0,1,0,0,0,0,0,0,0,0,1,0,0,0,0,1,0,-476,1,0,unknown,30,may,2,-1,0,unknown,0
60,0,0,0,0,0,1,0,0,0,0,0,0,0,0,1,0,1,0,0,-639,1,0,cellular,15,may,1,-1,0,unknown,1
28,0,0,0,1,0,0,0,0,0,0,0,0,0,1,0,0,1,0,0,322,0,0,telephone,11,sep,2,95,3,other,1
25,0,0,0,0,0,0,0,0,0,1,0,0,0,1,0,1,0,0,0,343,0,0,cellular,1,jun,1,-1,0,unknown,1
43,1,0,0,0,0,0,0,0,0,0,0,0,1,0,0,1,0,0,0,41630,0,0,cellular,18,aug,4,-1,0,unknown,0
44,0,1,0,0,0,0,0,0,0,0,0,0,1,0,0,1,0,0,0,4580,1,0,unknown,15,may,2,-1,0,unknown,1
33,1,0,0,0,0,0,0,0,0,0,0,0,1,0,0,1,0,0,0,250,0,0,cellular,4,mar,6,-1,0,unknown,1
57,1,0,0,0,0,0,0,0,0,0,0,0,1,0,0,1,0,0,0,113,0,0,cellular,3,feb,2,-1,0,unknown,0
47,0,0,0,1,0,0,0,0,0,0,0,0,0,0,1,0,0,1,0,1279,1,0,cellular,6,feb,2,-1,0,unknown,0
33,0,0,0,0,0,0,0,1,0,0,0,0,1,0,0,0,1,0,0,114,0,1,unknown,3,jul,1,-1,0,unknown,1
46,1,0,0,0,0,0,0,0,0,0,0,0,1,0,0,1,0,0,0,48,0,0,unknown,13,may,1,-1,0,unknown,0
52,0,0,0,1,0,0,0,0,0,0,0,0,1,0,0,0,1,0,0,8979,1,0,telephone,20,nov,3,-1,0,unknown,0
24,0,0,0,1,0,0,0,0,0,0,0,0,0,1,0,0,1,0,0,167,0,1,cellular,18,feb,2,-1,0,unknown,1
37,0,1,0,0,0,0,0,0,0,0,0,0,1,0,0,1,0,0,0,7,1,1,cellular,31,jul,10,-1,0,unknown,0
35,0,0,0,1,0,0,0,0,0,0,0,0,1,0,0,0,1,0,0,698,1,1,unknown,30,may,3,-1,0,unknown,1
44,0,0,0,1,0,0,0,0,0,0,0,0,1,0,0,0,1,0,0,545,1,0,cellular,6,apr,3,136,1,failure,0
48,1,0,0,0,0,0,0,0,0,0,0,0,1,0,0,1,0,0,0,3766,0,0,cellular,6,aug,2,-1,0,unknown,0
40,0,0,0,1,0,0,0,0,0,0,0,0,0,1,0,0,0,1,0,366,1,1,cellular,28,jan,2,205,1,failure,0
55,0,0,0,0,0,0,1,0,0,0,0,0,1,0,0,0,1,0,0,1633,0,0,cellular,11,jan,1,192,2,success,1
28,0,0,0,1,0,0,0,0,0,0,0,0,0,1,0,0,1,0,0,9,1,0,unknown,17,oct,1,-1,0,unknown,0
38,1,0,0,0,0,0,0,0,0,0,0,0,1,0,0,1,0,0,0,238,0,0,cellular,4,aug,1,92,3,failure,1
37,0,0,0,0,0,0,1,0,0,0,0,0,1,0,0,0,1,0,0,2061,1,1,cellular,22,jun,1,109,3,failure,1
53,0,1,0,0,0,0,0,0,0,0,0,0,0,1,0,0,1,0,0,708,1,0,unknown,16,may,3,-1,0,unknown,0
32,0,0,0,1,0,0,0,0,0,0,0,0,0,1,0,0,0,1,0,121,1,0,cellular,20,nov,1,-1,0,unknown,1
32,0,0,0,0,0,0,0,1,0,0,0,0,1,0,0,0,1,0,0,1844,1,1,cellular,17,jul,6,-1,0,unknown,0
61,0,0,0,0,0,1,0,0,0,0,0,0,1,0,0,1,0,0,0,5267,0,0,cellular,11,feb,3,-1,0,unknown,1
40,0,0,0,0,0,0,1,0,0,0,0,0,1,0,0,0,1,0,0,0,1,1,cellular,9,jul,1,-1,0,unknown,0
41,1,0,0,0,0,0,0,0,0,0,0,0,0,0,1,1,0,0,0,25,1,1,cellular,26,mar,2,-1,0,unknown,1
53,0,1,0,0,0,0,0,0,0,0,0,0,1,0,0,0,0,1,0,6181,0,0,cellular,14,jul,2,209,3,other,1
34,0,0,0,1,1,0,0,0,0,0,0,0,1,0,0,0,0,0,0,553,1,0,unknown,4,jun,2,-1,0,unknown,0
52,0,0,1,0,0,0,0,0,0,0,0,0,0,1,0,1,0,0,0,3469,1,0,cellular,16,apr,1,147,1,success,1
51,0,0,0,0,0,0,0,0,0,1,0,0,1,0,0,0,0,1,0,1162,1,0,cellular,25,jul,1,-1,0,unknown,1
81,0,0,0,0,0,1,0,0,0,0,0,0,1,0,0,0,0,1,0,5220,0,0,telephone,13,nov,1,94,2,other,1
25,0,0,0,0,0,0,0,1,0,0,0,0,0,1,0,1,0,0,0,12,0,0,cellular,12,jun,6,-1,0,unknown,1
39,0,0,0,0,0,0,0,1,0,0,0,0,0,1,0,0,1,0,0,91,0,0,cellular,3,sep,1,185,1,success,1
32,0,0,0,1,0,0,0,0,0,0,0,0,1,0,0,0,0,1,0,391,1,0,cellular,17,apr,1,-1,0,unknown,0
32,1,0,0,0,0,0,0,0,0,0,0,0,0,1,0,1,0,0,0,2551,1,0,cellular,21,jul,3,-1,0,unknown,1
47,0,0,0,1,1,0,0,0,0,0,0,0,1,0,0,0,0,0,1,162,0,0,cellular,25,aug,3,-1,0,unknown,1
58,0,0,0,1,0,0,0,0,0,0,0,0,0,0,1,0,1,0,0,1103,1,0,cellular,2,feb,1,202,4,failure,0
39,0,0,1,0,0,0,0,0,0,0,0,0,1,0,0,0,1,0,0,11887,0,0,cellular,18,nov,2,-1,0,unknown,1
29,0,1,0,0,0,0,0,0,0,0,0,0,1,0,0,0,1,0,0,1180,1,0,cellular,17,apr,3,323,3,failure,1
43,0,1,0,0,0,0,0,0,0,0,0,0,0,1,0,0,1,0,0,0,1,0,unknown,14,may,3,-1,0,unknown,0
43,0,0,0,0,0,0,1,0,0,0,0,0,0,1,0,0,1,0,0,-247,1,1,cellular,2,feb,2,76,4,failure,1
47,0,1,0,0,0,0,0,0,0,0,0,0,1,0,0,0,1,0,0,302,1,0,unknown,20,jun,3,-1,0,unknown,0
36,1,0,0,0,0,0,0,0,0,0,0,0,1,0,0,1,0,0,0,287,0,1,cellular,5,aug,1,-1,0,unknown,0
27,0,0,0,0,0,0,0,0,0,1,0,0,0,1,0,0,1,0,0,771,0,0,cellular,21,oct,1,302,3,other,1
50,1,0,0,0,0,0,0,0,0,0,0,0,0,1,0,1,0,0,0,1200,0,0,cellular,14,aug,3,-1,0,unknown,1
23,0,0,0,0,0,0,0,0,0,0,0,1,0,1,0,0,1,0,0,381,0,0,cellular,23,feb,1,189,2,other,1
49,0,0,0,0,0,0,1,0,0,0,0,0,0,1,0,1,0,0,0,228,1,0,cellular,2,jun,1,92,1,success,1
38,0,1,0,0,0,0,0,0,0,0,0,0,1,0,0,0,0,1,0,217,1,0,unknown,9,jun,6,-1,0,unknown,1
35,1,0,0,0,0,0,0,0,0,0,0,0,0,1,0,1,0,0,0,75,0,0,cellular,21,aug,5,-1,0,unknown,0
39,0,0,0,0,0,0,0,0,1,0,0,0,0,1,0,0,1,0,0,759,1,0,unknown,20,jun,1,-1,0,unknown,0
47,0,0,0,1,0,0,0,0,0,0,0,0,1,0,0,0,0,1,0,584,1,1,cellular,14,aug,2,-1,0,unknown,0
30,0,0,1,0,0,0,0,0,0,0,0,0,1,0,0,0,1,0,0,1539,1,1,unknown,27,may,9,-1,0,unknown,0
39,1,0,0,0,0,0,0,0,0,0,0,0,1,0,0,1,0,0,0,-974,0,1,cellular,13,aug,4,-1,0,unknown,0
59,0,0,0,1,0,0,0,0,0,0,0,0,1,0,0,0,0,1,0,0,0,0,cellular,25,aug,5,-1,0,unknown,0
26,0,0,0,0,0,0,1,0,0,0,0,0,0,1,0,0,1,0,0,102,0,1,cellular,8,jul,2,-1,0,unknown,1
40,0,0,0,0,0,0,0,0,0,0,1,0,1,0,0,0,0,1,0,322,0,0,unknown,17,jun,2,-1,0,unknown,0
35,0,1,0,0,0,0,0,0,0,0,0,0,1,0,0,0,1,0,0,3297,1,0,cellular,29,jul,15,-1,0,unknown,0
44,0,0,0,1,0,0,0,0,0,0,0,0,0,1,0,0,1,0,0,292,0,1,cellular,17,jul,4,-1,0,unknown,1
28,0,1,0,0,0,0,0,0,0,0,0,0,0,1,0,0,1,0,0,5763,0,1,cellular,5,mar,2,-1,0,unknown,1
49,0,0,0,0,0,0,1,0,0,0,0,0,1,0,0,0,1,0,0,10250,1,0,telephone,24,oct,1,-1,0,unknown,1
41,0,0,0,1,0,0,0,0,0,0,0,0,1,0,0,0,0,1,0,0,0,0,cellular,31,jul,2,-1,0,unknown,0
39,0,0,0,1,1,0,0,0,0,0,0,0,1,0,0,0,0,0,0,0,0,0,cellular,24,jul,3,-1,0,unknown,0
59,0,1,0,0,0,0,0,0,0,0,0,0,1,0,0,0,1,0,0,7766,1,0,cellular,25,feb,1,461,1,failure,1
36,1,0,0,0,0,0,0,0,0,0,0,0,1,0,0,1,0,0,0,2195,0,0,cellular,14,aug,4,-1,0,unknown,0
37,0,0,0,0,0,0,0,0,0,0,1,0,1,0,0,0,1,0,0,7433,0,1,cellular,5,feb,3,-1,0,unknown,1
54,0,0,0,0,0,0,1,0,0,0,0,0,0,1,0,0,1,0,0,189,0,0,cellular,2,jun,5,-1,0,unknown,0
41,0,0,0,0,0,0,1,0,0,0,0,0,1,0,0,0,1,0,0,442,1,1,unknown,9,may,2,-1,0,unknown,0
67,0,0,0,0,0,1,0,0,0,0,0,0,0,0,1,0,0,1,0,2027,0,0,cellular,15,mar,2,-1,0,unknown,1
46,0,0,0,0,0,0,0,0,0,0,1,0,1,0,0,0,0,1,0,3512,0,0,cellular,30,oct,1,197,1,failure,1
32,0,0,0,0,0,0,1,0,0,0,0,0,1,0,0,0,1,0,0,193,1,0,unknown,16,may,4,-1,0,unknown,0
31,1,0,0,0,1,0,0,0,0,0,0,0,1,0,0,0,0,0,0,385,0,0,cellular,29,sep,2,491,4,failure,0
54,0,0,0,0,0,0,1,0,0,0,0,0,1,0,0,0,1,0,0,0,1,1,cellular,23,jul,1,-1,0,unknown,0
56,0,0,0,0,0,0,1,0,0,0,0,0,1,0,0,0,0,1,0,2086,1,0,cellular,5,may,8,-1,0,unknown,0
34,0,0,0,1,0,0,0,0,0,0,0,0,1,0,0,0,0,1,0,765,1,0,unknown,3,jun,7,-1,0,unknown,0
50,0,0,0,1,0,0,0,0,0,0,0,0,1,0,0,0,0,1,0,8000,1,0,cellular,20,aug,10,-1,0,unknown,0
44,0,0,0,0,0,0,0,1,0,0,0,0,0,0,1,0,1,0,0,424,1,0,unknown,6,may,1,-1,0,unknown,0
47,0,0,0,0,0,0,1,0,0,0,0,0,1,0,0,0,1,0,0,0,0,0,cellular,10,nov,1,190,1,other,1
49,0,0,0,0,0,0,0,1,0,0,0,0,1,0,0,0,1,0,0,388,0,0,telephone,31,jul,4,-1,0,unknown,1
20,0,0,0,0,1,0,0,0,0,0,0,1,0,1,0,0,0,0,0,755,0,0,cellular,29,dec,1,-1,0,unknown,1
36,1,0,0,0,0,0,0,0,0,0,0,0,1,0,0,1,0,0,0,630,0,0,cellular,2,feb,1,-1,0,unknown,1
47,0,0,0,0,0,0,0,1,0,0,0,0,1,0,0,0,1,0,0,405,0,1,cellular,8,aug,2,-1,0,unknown,1
35,0,1,0,0,0,0,0,0,0,0,0,0,1,0,0,0,1,0,0,6,1,0,cellular,11,may,2,348,2,failure,0
39,0,0,0,1,0,0,0,0,0,0,0,0,1,0,0,0,1,0,0,230,1,1,cellular,21,jul,1,-1,0,unknown,0
37,0,1,0,0,0,0,0,0,0,0,0,0,0,1,0,1,0,0,0,3943,0,0,cellular,6,apr,2,138,1,failure,1
52,0,0,0,1,0,0,0,0,0,0,0,0,1,0,0,0,0,1,0,1524,0,0,cellular,3,jul,6,-1,0,unknown,1
59,0,1,0,0,0,0,0,0,0,0,0,0,1,0,0,0,1,0,0,259,0,0,cellular,18,mar,1,-1,0,unknown,1
59,0,0,0,0,0,0,0,1,0,0,0,0,0,1,0,0,1,0,0,739,0,0,cellular,14,jan,1,-1,0,unknown,1
38,0,0,0,0,0,0,0,1,0,0,0,0,0,1,0,0,1,0,0,322,1,0,unknown,26,may,1,-1,0,unknown,0
44,0,0,0,0,0,0,0,0,1,0,0,0,0,1,0,1,0,0,0,1367,1,0,cellular,13,apr,3,146,1,other,1
36,0,0,0,0,0,0,0,0,1,0,0,0,0,1,0,1,0,0,0,353,0,0,cellular,11,aug,2,181,2,success,1
38,1,0,0,0,0,0,0,0,0,0,0,0,1,0,0,1,0,0,0,613,0,0,cellular,3,feb,1,-1,0,unknown,1
53,0,1,0,0,1,0,0,0,0,0,0,0,0,0,1,0,0,0,0,629,1,0,cellular,8,may,1,-1,0,unknown,0
42,0,0,0,0,0,0,0,1,0,0,0,0,1,0,0,0,1,0,0,-141,1,1,cellular,13,may,3,345,3,failure,0
46,1,0,0,0,0,0,0,0,0,0,0,0,1,0,0,1,0,0,0,1600,1,1,cellular,11,aug,1,-1,0,unknown,1
52,0,0,0,0,0,0,1,0,0,0,0,0,0,0,1,0,1,0,0,-402,1,0,cellular,21,nov,1,-1,0,unknown,0
33,0,0,0,0,0,0,0,1,0,0,0,0,0,1,0,1,0,0,0,692,0,0,cellular,24,apr,1,-1,0,unknown,0
30,0,0,0,1,0,0,0,0,0,0,0,0,1,0,0,0,1,0,0,282,1,1,unknown,23,may,2,-1,0,unknown,0
39,0,1,0,0,0,0,0,0,0,0,0,0,1,0,0,0,0,1,0,2118,1,0,cellular,17,apr,2,-1,0,unknown,0
48,1,0,0,0,0,0,0,0,0,0,0,0,1,0,0,1,0,0,0,1,0,0,telephone,10,nov,1,-1,0,unknown,1
44,0,0,0,0,0,0,0,1,0,0,0,0,1,0,0,0,1,0,0,972,1,0,cellular,30,jul,3,-1,0,unknown,0
31,0,1,0,0,0,0,0,0,0,0,0,0,0,1,0,0,1,0,0,53,1,1,cellular,6,may,1,-1,0,unknown,1
36,1,0,0,0,0,0,0,0,0,0,0,0,0,1,0,1,0,0,0,142,1,0,cellular,25,jul,1,-1,0,unknown,0
40,0,0,0,1,0,0,0,0,0,0,0,0,1,0,0,0,1,0,0,5060,0,0,unknown,9,nov,1,-1,0,unknown,1
41,0,0,0,0,0,0,1,0,0,0,0,0,1,0,0,0,1,0,0,2498,0,0,cellular,12,aug,1,-1,0,unknown,1
52,0,1,0,0,0,0,0,0,0,0,0,0,1,0,0,0,1,0,0,98,1,0,cellular,28,jan,1,245,2,failure,0
39,0,0,0,0,0,0,1,0,0,0,0,0,1,0,0,0,1,0,0,168,0,0,cellular,6,oct,1,-1,0,unknown,0
31,0,0,0,0,0,0,0,0,1,0,0,0,0,1,0,1,0,0,0,17924,1,0,cellular,14,may,1,174,3,failure,1
45,0,0,0,0,0,0,1,0,0,0,0,0,0,0,1,0,1,0,0,397,1,1,cellular,22,may,1,95,2,success,1
29,1,0,0,0,0,0,0,0,0,0,0,0,0,1,0,1,0,0,0,983,1,0,cellular,11,jul,2,-1,0,unknown,1
50,0,0,1,0,0,0,0,0,0,0,0,0,1,0,0,1,0,0,0,2442,0,0,cellular,3,feb,1,-1,0,unknown,0
37,0,0,0,1,1,0,0,0,0,0,0,0,0,1,0,0,0,0,0,2188,0,0,unknown,16,may,8,-1,0,unknown,0
32,0,0,0,0,0,0,1,0,0,0,0,0,0,1,0,0,1,0,0,-267,0,1,cellular,7,jul,1,-1,0,unknown,0
27,1,0,0,0,0,0,0,0,0,0,0,0,0,1,0,1,0,0,0,791,0,0,cellular,29,jan,1,-1,0,unknown,0
44,0,1,0,0,0,0,0,0,0,0,0,0,1,0,0,0,1,0,0,78,1,0,cellular,7,may,1,357,1,failure,0
37,1,0,0,0,0,0,0,0,0,0,0,0,1,0,0,0,1,0,0,5447,1,1,cellular,17,nov,1,-1,0,unknown,1
40,0,1,0,0,0,0,0,0,0,0,0,0,0,1,0,1,0,0,0,1646,1,0,cellular,2,feb,1,242,2,failure,1
37,1,0,0,0,0,0,0,0,0,0,0,0,1,0,0,0,1,0,0,565,0,0,cellular,6,aug,1,93,3,failure,1
28,1,0,0,0,0,0,0,0,0,0,0,0,0,1,0,1,0,0,0,223,1,0,telephone,27,aug,2,119,1,other,1
50,0,0,0,1,0,0,0,0,0,0,0,0,1,0,0,0,0,1,0,1064,1,0,cellular,8,aug,2,-1,0,unknown,0
54,1,0,0,0,0,0,0,0,0,0,0,0,0,0,1,0,1,0,0,300,1,0,cellular,7,may,1,168,2,success,0
29,0,0,0,1,0,0,0,0,0,0,0,0,0,0,1,0,1,0,0,0,1,0,unknown,25,jun,3,-1,0,unknown,0
32,0,0,0,1,0,0,0,0,0,0,0,0,0,1,0,0,1,0,0,2285,1,0,unknown,14,may,2,-1,0,unknown,0
30,1,0,0,0,0,0,0,0,0,0,0,0,1,0,0,1,0,0,0,944,0,0,cellular,29,oct,2,-1,0,unknown,1
58,1,0,0,0,0,0,0,0,0,0,0,0,1,0,0,0,0,1,0,1727,0,0,telephone,1,jun,2,-1,0,unknown,0
49,0,0,0,0,0,0,1,0,0,0,0,0,1,0,0,0,1,0,0,359,1,0,cellular,2,feb,2,271,1,failure,0
32,0,0,0,0,0,0,0,0,1,0,0,0,0,1,0,1,0,0,0,1249,1,0,cellular,19,nov,1,-1,0,unknown,1
42,1,0,0,0,1,0,0,0,0,0,0,0,1,0,0,0,0,0,0,849,1,0,cellular,8,oct,1,321,1,other,1
36,0,1,0,0,0,0,0,0,0,0,0,0,0,0,1,0,1,0,0,1,0,0,cellular,8,aug,3,-1,0,unknown,1
43,0,1,0,0,0,0,0,0,0,0,0,0,1,0,0,0,0,1,0,4844,1,0,cellular,19,nov,1,-1,0,unknown,0
47,0,0,0,0,0,0,1,0,0,0,0,0,1,0,0,0,1,0,0,310,1,1,telephone,14,aug,6,-1,0,unknown,0
28,0,0,0,0,0,0,0,0,1,0,0,0,0,1,0,0,1,0,0,5679,1,0,cellular,9,feb,4,-1,0,unknown,1
40,1,0,0,0,0,0,0,0,0,0,0,0,0,1,0,1,0,0,0,1820,1,1,unknown,3,jun,3,-1,0,unknown,0
21,0,0,0,0,0,0,0,0,0,0,0,1,0,1,0,0,1,0,0,948,0,0,telephone,2,feb,2,-1,0,unknown,0
33,0,0,0,0,0,0,0,1,0,0,0,0,0,1,0,0,1,0,0,489,1,0,cellular,4,may,4,334,1,other,1
58,0,0,0,0,0,0,1,0,0,0,0,0,1,0,0,0,1,0,0,169,0,0,cellular,16,nov,1,94,3,failure,1
42,0,0,0,0,0,0,0,1,0,0,0,0,0,1,0,0,1,0,0,-193,1,0,cellular,13,may,4,-1,0,unknown,0
45,0,0,0,0,0,0,0,1,0,0,0,0,1,0,0,0,1,0,0,219,1,1,cellular,29,jul,8,-1,0,unknown,0
41,0,0,0,0,0,0,1,0,0,0,0,0,0,0,1,0,1,0,0,6046,1,1,telephone,14,sep,2,-1,0,unknown,1
45,0,1,0,0,0,0,0,0,0,0,0,0,0,0,1,0,1,0,0,49,0,0,cellular,5,aug,3,-1,0,unknown,0
49,0,0,0,0,0,0,1,0,0,0,0,0,0,1,0,0,1,0,0,-1193,1,1,unknown,3,jun,1,-1,0,unknown,0
44,1,0,0,0,0,0,0,0,0,0,0,0,1,0,0,0,0,1,0,2276,1,0,unknown,17,jun,1,-1,0,unknown,0
31,0,0,0,1,0,0,0,0,0,0,0,0,1,0,0,0,1,0,0,1533,1,0,unknown,30,may,4,-1,0,unknown,0
28,0,0,0,0,0,0,0,0,0,1,0,0,1,0,0,1,0,0,0,482,0,0,cellular,25,may,1,-1,0,unknown,1
45,1,0,0,0,0,0,0,0,0,0,0,0,0,1,0,1,0,0,0,2048,1,0,cellular,18,oct,1,804,1,failure,1
30,0,0,0,1,0,0,0,0,0,0,0,0,1,0,0,0,1,0,0,5,0,0,cellular,17,apr,3,-1,0,unknown,1
31,0,1,0,0,0,0,0,0,0,0,0,0,0,0,1,0,1,0,0,-175,0,0,telephone,27,aug,15,-1,0,unknown,0
37,0,0,0,1,0,0,0,0,0,0,0,0,1,0,0,0,1,0,0,374,1,0,unknown,7,may,3,-1,0,unknown,0
32,0,0,0,0,0,0,1,0,0,0,0,0,0,1,0,0,1,0,0,217,1,0,unknown,5,may,1,-1,0,unknown,0
44,0,0,1,0,0,0,0,0,0,0,0,0,1,0,0,0,1,0,0,168,0,0,unknown,19,jun,2,-1,0,unknown,0
41,0,0,0,1,1,0,0,0,0,0,0,0,0,0,1,0,0,0,0,19,0,1,cellular,8,jul,5,-1,0,unknown,0
46,0,0,0,0,0,0,0,0,0,1,0,0,1,0,0,0,1,0,0,931,0,0,cellular,29,jul,5,-1,0,unknown,0
50,0,1,0,0,0,0,0,0,0,0,0,0,1,0,0,0,1,0,0,1541,1,0,unknown,29,may,1,-1,0,unknown,0
31,1,0,0,0,0,0,0,0,0,0,0,0,0,1,0,1,0,0,0,515,0,0,cellular,1,jun,5,-1,0,unknown,1
41,0,0,0,0,0,0,1,0,0,0,0,0,0,0,1,0,1,0,0,639,1,0,cellular,8,may,1,-1,0,unknown,0
68,0,0,0,0,0,1,0,0,0,0,0,0,0,0,1,0,0,1,0,695,0,0,cellular,9,apr,1,-1,0,unknown,1
52,1,0,0,0,0,0,0,0,0,0,0,0,1,0,0,1,0,0,0,1227,0,0,cellular,22,aug,4,-1,0,unknown,1
44,0,0,0,1,0,0,0,0,0,0,0,0,0,1,0,0,0,1,0,36,1,0,cellular,15,may,1,371,2,failure,1
43,0,0,0,0,0,0,1,0,0,0,0,0,1,0,0,0,1,0,0,378,0,0,cellular,30,jul,8,-1,0,unknown,1
60,0,0,0,0,0,1,0,0,0,0,0,0,1,0,0,1,0,0,0,3461,0,0,cellular,3,feb,2,-1,0,unknown,0
36,1,0,0,0,0,0,0,0,0,0,0,0,1,0,0,1,0,0,0,495,0,0,cellular,14,jun,1,94,9,success,1
68,0,0,0,0,0,1,0,0,0,0,0,0,1,0,0,0,1,0,0,1146,0,0,cellular,16,nov,1,187,6,success,1
27,0,0,0,0,0,0,0,0,0,0,0,1,0,1,0,0,1,0,0,121,0,0,cellular,2,jun,2,-1,0,unknown,0
43,0,0,0,1,0,0,0,0,0,0,0,0,1,0,0,0,1,0,0,699,1,1,cellular,20,nov,2,122,2,other,1
48,0,0,0,1,0,0,0,0,0,0,0,0,1,0,0,0,1,0,0,1730,1,0,cellular,4,feb,1,178,2,failure,1
60,0,0,0,0,0,0,0,1,0,0,0,0,1,0,0,0,1,0,0,4428,0,0,cellular,9,nov,1,96,6,failure,0
46,0,0,0,1,0,0,0,0,0,0,0,0,1,0,0,0,1,0,0,1004,1,0,unknown,15,may,1,-1,0,unknown,0
33,0,0,0,1,0,0,0,0,0,0,0,0,0,1,0,1,0,0,0,-303,1,0,unknown,28,may,2,-1,0,unknown,0
39,1,0,0,0,0,0,0,0,0,0,0,0,1,0,0,0,1,0,0,2981,0,0,cellular,26,mar,1,-1,0,unknown,1
45,0,0,0,1,0,0,0,0,0,0,0,0,0,1,0,0,1,0,0,0,0,0,cellular,5,aug,2,472,1,success,1
40,1,0,0,0,0,0,0,0,0,0,0,0,1,0,0,1,0,0,0,158,0,0,telephone,30,apr,2,-1,0,unknown,1
35,0,0,0,0,0,0,0,0,0,1,0,0,0,1,0,0,1,0,0,0,0,0,cellular,31,jul,3,-1,0,unknown,0
38,0,0,0,0,0,0,1,0,0,0,0,0,1,0,0,0,1,0,0,-247,1,0,unknown,27,may,4,-1,0,unknown,0
30,0,0,0,1,0,0,0,0,0,0,0,0,0,1,0,0,1,0,0,1598,1,0,cellular,10,jul,1,-1,0,unknown,1
42,0,0,0,0,1,0,0,1,0,0,0,0,1,0,0,0,0,0,0,8,1,0,unknown,15,may,1,-1,0,unknown,0
30,0,0,0,0,0,0,0,0,1,0,0,0,1,0,0,1,0,0,0,2666,0,0,cellular,5,aug,2,93,4,success,1
31,0,1,0,0,0,0,0,0,0,0,0,0,0,1,0,1,0,0,0,208,0,0,cellular,12,aug,7,-1,0,unknown,1
37,0,1,0,0,0,0,0,0,0,0,0,0,1,0,0,1,0,0,0,512,0,0,cellular,9,jul,4,-1,0,unknown,0
53,0,1,0,0,0,0,0,0,0,0,0,0,1,0,0,0,1,0,0,87,1,0,unknown,27,may,9,-1,0,unknown,0
23,0,0,0,0,0,0,1,0,0,0,0,0,0,1,0,1,0,0,0,897,1,0,cellular,8,feb,2,280,8,failure,1
27,0,0,0,0,0,0,0,0,0,0,0,1,0,1,0,0,1,0,0,111,0,0,cellular,7,jul,2,-1,0,unknown,1
33,1,0,0,0,0,0,0,0,0,0,0,0,1,0,0,1,0,0,0,685,0,0,unknown,17,nov,1,-1,0,unknown,0
41,0,0,0,0,0,0,0,0,1,0,0,0,1,0,0,0,1,0,0,2812,1,0,unknown,3,jun,1,-1,0,unknown,0
31,0,0,0,0,0,0,1,0,0,0,0,0,0,1,0,0,1,0,0,130,1,1,unknown,12,may,1,-1,0,unknown,0
24,0,0,0,1,0,0,0,0,0,0,0,0,1,0,0,0,1,0,0,685,1,0,unknown,26,may,3,-1,0,unknown,1
38,0,0,0,0,0,0,1,0,0,0,0,0,0,1,0,0,1,0,0,2345,1,0,unknown,29,may,2,-1,0,unknown,0
75,0,0,0,0,0,1,0,0,0,0,0,0,1,0,0,0,0,1,0,1765,0,0,telephone,14,sep,1,187,4,failure,1
34,0,0,0,0,0,0,0,1,0,0,0,0,0,0,1,0,1,0,0,89,1,0,cellular,15,may,4,-1,0,unknown,1
34,1,0,0,0,0,0,0,0,0,0,0,0,1,0,0,1,0,0,0,28,1,0,cellular,2,feb,1,-1,0,unknown,0
46,0,0,0,1,0,0,0,0,0,0,0,0,1,0,0,0,1,0,0,1144,1,0,cellular,8,feb,2,129,3,other,1
25,0,0,0,0,0,0,0,0,0,0,0,1,0,1,0,0,1,0,0,108,0,0,cellular,29,apr,3,-1,0,unknown,1
29,0,1,0,0,0,0,0,0,0,0,0,0,0,1,0,1,0,0,0,172,1,1,cellular,7,oct,2,187,16,failure,0
46,0,0,0,1,0,0,0,0,0,0,0,0,1,0,0,0,0,1,0,2904,0,0,cellular,20,apr,2,-1,0,unknown,0
39,1,0,0,0,0,0,0,0,0,0,0,0,1,0,0,1,0,0,0,500,1,0,cellular,17,nov,1,178,2,other,0
33,0,0,0,0,0,0,0,1,0,0,0,0,0,1,0,1,0,0,0,-452,0,0,cellular,29,jan,2,-1,0,unknown,1
27,0,0,0,0,0,0,0,0,0,0,0,1,0,1,0,0,1,0,0,538,0,0,cellular,4,jun,2,-1,0,unknown,1
21,0,0,0,0,0,0,0,0,0,0,0,1,0,1,0,0,1,0,0,2488,0,0,cellular,30,jun,6,169,3,success,1
36,0,0,0,1,0,0,0,0,0,0,0,0,1,0,0,0,1,0,0,2627,1,0,unknown,18,jun,1,-1,0,unknown,0
35,0,0,0,1,1,0,0,0,0,0,0,0,0,1,0,0,0,0,0,88,0,0,cellular,13,may,2,-1,0,unknown,0
32,0,0,0,1,0,0,0,0,0,0,0,0,0,1,0,0,1,0,0,118,1,0,cellular,18,nov,1,124,1,success,0
55,0,0,0,1,0,0,0,0,0,0,0,0,1,0,0,0,1,0,0,233,1,0,cellular,5,may,2,351,3,failure,0
55,0,0,0,0,0,1,0,0,0,0,0,0,1,0,0,0,0,1,0,173,0,0,cellular,7,aug,2,-1,0,unknown,0
29,0,0,1,0,0,0,0,0,0,0,0,0,1,0,0,0,1,0,0,291,1,0,unknown,2,jun,3,-1,0,unknown,0
44,0,0,0,1,0,0,0,0,0,0,0,0,0,1,0,1,0,0,0,827,1,0,unknown,18,jun,4,-1,0,unknown,0
26,0,0,0,0,0,0,0,1,0,0,0,0,1,0,0,0,1,0,0,285,0,0,cellular,28,jan,1,-1,0,unknown,0
28,1,0,0,0,0,0,0,0,0,0,0,0,0,1,0,1,0,0,0,3796,0,0,cellular,8,jul,2,-1,0,unknown,1
45,0,0,0,1,0,0,0,0,0,0,0,0,0,1,0,0,1,0,0,3727,0,0,cellular,6,oct,1,-1,0,unknown,0
35,0,1,0,0,0,0,0,0,0,0,0,0,0,1,0,0,1,0,0,1693,1,0,cellular,10,feb,1,-1,0,unknown,1
55,0,1,0,0,0,0,0,0,0,0,0,0,1,0,0,1,0,0,0,1320,0,0,cellular,28,jul,1,91,2,success,1
30,0,0,0,0,0,0,1,0,0,0,0,0,0,1,0,1,0,0,0,5,0,1,cellular,11,jul,1,-1,0,unknown,0
34,0,0,0,0,1,0,0,0,0,0,0,0,0,1,0,0,1,0,0,859,0,0,cellular,28,jan,1,-1,0,unknown,1
74,0,0,0,0,0,1,0,0,0,0,0,0,1,0,0,0,1,0,0,3771,0,0,telephone,16,apr,1,-1,0,unknown,0
35,1,0,0,0,0,0,0,0,0,0,0,0,1,0,0,1,0,0,0,4124,1,0,cellular,23,jul,2,445,7,other,1
29,0,0,0,0,0,0,0,1,0,0,0,0,0,1,0,0,1,0,0,84,0,1,unknown,3,jul,3,-1,0,unknown,1
40,0,0,0,1,0,0,0,0,0,0,0,0,0,0,1,0,1,0,0,0,1,0,cellular,7,may,1,-1,0,unknown,0
45,0,0,0,0,1,0,1,0,0,0,0,0,1,0,0,0,0,0,0,1557,0,0,unknown,20,jun,5,-1,0,unknown,0
38,0,0,0,0,0,0,1,0,0,0,0,0,1,0,0,1,0,0,0,293,0,0,cellular,15,apr,1,-1,0,unknown,0
37,1,0,0,0,0,0,0,0,0,0,0,0,1,0,0,1,0,0,0,3236,0,0,cellular,20,may,2,202,5,other,1
50,0,0,0,0,1,0,0,0,0,0,0,0,1,0,0,0,0,0,0,558,0,0,cellular,9,jul,1,683,6,failure,1
58,0,0,0,0,0,1,0,0,0,0,0,0,1,0,0,1,0,0,0,0,0,0,cellular,13,aug,4,-1,0,unknown,1
30,1,0,0,0,0,0,0,0,0,0,0,0,0,1,0,1,0,0,0,1541,0,0,cellular,18,aug,8,-1,0,unknown,1
54,1,0,0,0,0,0,0,0,0,0,0,0,1,0,0,1,0,0,0,752,0,0,telephone,29,jul,5,491,4,other,1
32,0,0,0,0,0,0,1,0,0,0,0,0,0,1,0,1,0,0,0,8866,0,0,cellular,18,mar,2,-1,0,unknown,1
57,0,0,0,0,0,1,0,0,0,0,0,0,1,0,0,0,0,1,0,4908,0,0,cellular,30,jan,1,-1,0,unknown,0
48,0,0,0,0,0,0,1,0,0,0,0,0,0,1,0,0,1,0,0,1544,1,0,telephone,30,jun,1,450,2,failure,1
29,0,0,0,0,0,0,0,0,0,0,0,1,0,1,0,0,1,0,0,1925,0,0,cellular,21,oct,3,149,5,success,1
31,1,0,0,0,0,0,0,0,0,0,0,0,1,0,0,1,0,0,0,1331,0,0,cellular,3,feb,2,90,1,success,1
36,1,0,0,0,0,0,0,0,0,0,0,0,0,1,0,1,0,0,0,4543,1,0,unknown,2,jun,5,-1,0,unknown,0
39,0,1,0,0,0,0,0,0,0,0,0,0,1,0,0,1,0,0,0,437,0,0,telephone,27,may,2,-1,0,unknown,0
56,0,1,0,0,0,0,0,0,0,0,0,0,0,0,1,0,1,0,0,689,1,0,cellular,17,nov,1,103,4,failure,0
24,0,0,0,1,0,0,0,0,0,0,0,0,1,0,0,0,1,0,0,272,0,0,cellular,16,nov,2,94,2,success,1
50,1,0,0,0,0,0,0,0,0,0,0,0,1,0,0,1,0,0,0,1396,0,0,cellular,25,aug,6,-1,0,unknown,1
48,0,1,0,0,0,0,0,0,0,0,0,0,1,0,0,0,1,0,0,1637,1,0,unknown,11,jun,10,-1,0,unknown,0
19,0,0,0,0,1,0,0,0,0,0,0,1,0,1,0,0,0,0,0,108,0,0,cellular,10,aug,1,182,2,success,1
33,1,0,0,0,0,0,0,0,0,0,0,0,1,0,0,1,0,0,0,0,0,0,cellular,27,aug,4,-1,0,unknown,0
24,0,0,0,0,0,0,0,0,0,0,0,1,0,1,0,0,0,1,0,1235,0,0,cellular,14,jul,4,93,6,other,1
34,0,0,0,0,0,0,1,0,0,0,0,0,1,0,0,0,1,0,0,2374,1,0,cellular,9,nov,1,209,2,failure,1
38,0,0,0,0,0,0,1,0,0,0,0,0,0,0,1,0,1,0,0,407,1,1,cellular,19,aug,1,-1,0,unknown,0
41,0,0,0,0,0,0,0,0,0,0,1,0,0,1,0,0,1,0,0,231,0,0,cellular,9,jul,2,-1,0,unknown,0
54,0,0,0,1,0,0,0,0,0,0,0,0,1,0,0,0,0,1,0,781,1,0,unknown,9,may,2,-1,0,unknown,0
58,0,0,0,0,0,0,1,0,0,0,0,0,0,0,1,0,1,0,0,74,1,0,telephone,22,jul,11,-1,0,unknown,0
58,0,0,0,0,0,0,0,1,0,0,0,0,0,0,1,0,1,0,0,462,0,0,cellular,13,nov,1,93,1,success,1
43,0,0,0,0,0,1,0,0,0,0,0,0,1,0,0,0,0,1,0,471,0,1,unknown,15,may,2,-1,0,unknown,0
32,0,0,0,0,0,0,0,0,0,1,0,0,0,1,0,0,1,0,0,177,1,0,unknown,8,may,3,-1,0,unknown,0
32,0,0,0,0,0,0,0,0,1,0,0,0,0,1,0,1,0,0,0,658,1,0,cellular,27,mar,1,-1,0,unknown,1
63,0,0,0,0,0,1,0,0,0,0,0,0,1,0,0,0,1,0,0,2896,0,0,cellular,4,mar,2,-1,0,unknown,1
29,0,1,0,0,0,0,0,0,0,0,0,0,0,1,0,0,1,0,0,-247,0,1,cellular,22,jul,1,-1,0,unknown,0
77,0,0,0,0,0,1,0,0,0,0,0,0,1,0,0,0,1,0,0,4112,0,0,telephone,26,jan,1,95,2,success,1
51,0,0,0,1,0,0,0,0,0,0,0,0,0,0,1,0,1,0,0,581,1,0,cellular,13,may,7,173,2,other,0
80,0,0,0,0,0,1,0,0,0,0,0,0,1,0,0,0,0,1,0,155,0,0,telephone,4,may,1,53,3,success,1
37,0,0,0,1,0,0,0,0,0,0,0,0,0,1,0,0,1,0,0,0,0,0,cellular,19,nov,3,-1,0,unknown,0
28,0,0,0,0,0,0,0,0,0,0,0,1,0,1,0,0,1,0,0,67,0,0,cellular,20,aug,3,199,2,other,1
40,0,0,0,0,0,0,0,1,0,0,0,0,1,0,0,0,1,0,0,429,0,0,unknown,5,jun,2,-1,0,unknown,0
41,0,0,0,1,0,0,0,0,0,0,0,0,0,0,1,0,0,1,0,664,0,1,cellular,15,jul,5,-1,0,unknown,1
35,0,0,0,0,0,0,0,0,1,0,0,0,0,1,0,1,0,0,0,353,0,0,cellular,11,feb,1,183,1,success,1
39,0,0,0,1,0,0,0,0,0,0,0,0,1,0,0,0,0,1,0,1564,0,0,unknown,17,jun,1,-1,0,unknown,0
59,1,0,0,0,0,0,0,0,0,0,0,0,0,0,1,1,0,0,0,59,1,0,unknown,5,may,1,-1,0,unknown,0
45,0,1,0,0,0,0,0,0,0,0,0,0,0,1,0,1,0,0,0,302,1,0,cellular,21,nov,2,154,4,failure,0
25,0,0,0,0,0,0,0,0,1,0,0,0,0,1,0,1,0,0,0,42,1,0,cellular,3,mar,1,-1,0,unknown,1
46,0,1,0,0,0,0,0,0,0,0,0,0,1,0,0,0,1,0,0,363,1,0,cellular,2,feb,1,180,3,failure,0
46,0,0,0,1,0,0,0,0,0,0,0,0,0,1,0,1,0,0,0,460,1,0,unknown,7,may,2,-1,0,unknown,1
36,0,0,0,0,0,0,0,0,1,0,0,0,0,1,0,1,0,0,0,977,0,0,unknown,20,jun,2,-1,0,unknown,0
41,0,0,0,0,0,0,0,1,0,0,0,0,1,0,0,0,1,0,0,4505,1,0,unknown,14,may,2,-1,0,unknown,0
39,1,0,0,0,0,0,0,0,0,0,0,0,1,0,0,1,0,0,0,278,0,1,cellular,28,jul,3,-1,0,unknown,0
33,0,0,0,0,0,0,0,1,0,0,0,0,1,0,0,0,1,0,0,210,1,0,cellular,13,may,2,-1,0,unknown,1
35,0,0,0,1,0,0,0,0,0,0,0,0,0,0,1,0,0,1,0,37,0,1,cellular,29,jul,7,-1,0,unknown,0
51,1,0,0,0,0,0,0,0,0,0,0,0,1,0,0,1,0,0,0,469,0,0,cellular,14,oct,1,182,3,success,1
38,1,0,0,0,0,0,0,0,0,0,0,0,0,0,1,1,0,0,0,554,0,0,cellular,21,nov,1,101,4,failure,0
34,1,0,0,0,0,0,0,0,0,0,0,0,1,0,0,1,0,0,0,0,0,0,cellular,21,aug,2,-1,0,unknown,0
55,0,0,0,0,0,0,1,0,0,0,0,0,1,0,0,0,1,0,0,602,0,0,cellular,7,sep,1,98,5,success,1
37,0,0,0,1,0,0,0,0,0,0,0,0,1,0,0,0,0,1,0,0,1,0,cellular,6,may,1,363,3,other,0
34,1,0,0,0,0,0,0,0,0,0,0,0,1,0,0,1,0,0,0,589,0,0,cellular,19,apr,2,-1,0,unknown,1
32,1,0,0,0,0,0,0,0,0,0,0,0,0,1,0,1,0,0,0,0,1,0,cellular,30,apr,3,-1,0,unknown,1
33,0,1,0,0,0,0,0,0,0,0,0,0,1,0,0,0,1,0,0,603,1,0,unknown,20,may,1,-1,0,unknown,0
65,0,0,0,0,1,0,0,0,0,0,0,0,1,0,0,0,0,0,0,4717,0,0,telephone,6,aug,1,-1,0,unknown,1
40,1,0,0,0,0,0,0,0,0,0,0,0,0,1,0,1,0,0,0,0,0,0,cellular,26,aug,7,-1,0,unknown,0
29,1,0,0,0,0,0,0,0,0,0,0,0,1,0,0,1,0,0,0,135,0,0,cellular,29,jul,4,-1,0,unknown,0
33,0,0,0,0,0,0,1,0,0,0,0,0,1,0,0,0,1,0,0,482,1,0,cellular,2,feb,1,-1,0,unknown,0
34,0,1,0,0,0,0,0,0,0,0,0,0,1,0,0,0,1,0,0,354,0,0,cellular,25,aug,3,-1,0,unknown,0
31,0,1,0,0,0,0,0,0,0,0,0,0,0,1,0,0,1,0,0,335,1,0,unknown,28,may,5,-1,0,unknown,0
43,0,0,0,0,0,0,0,0,0,1,0,0,0,0,1,0,1,0,0,1854,0,0,cellular,13,nov,2,197,1,success,0
32,0,0,0,0,0,0,1,0,0,0,0,0,0,0,1,0,1,0,0,298,1,0,cellular,9,feb,4,-1,0,unknown,0
39,1,0,0,0,0,0,0,0,0,0,0,0,0,0,1,1,0,0,0,126,0,0,cellular,14,may,1,-1,0,unknown,0
47,0,0,0,0,0,0,1,0,0,0,0,0,1,0,0,0,1,0,0,1210,0,0,cellular,26,oct,1,91,4,failure,1
35,0,0,0,0,0,0,1,0,0,0,0,0,1,0,0,1,0,0,0,286,0,0,cellular,30,apr,2,-1,0,unknown,1
30,1,0,0,0,0,0,0,0,0,0,0,0,0,1,0,1,0,0,0,424,0,0,cellular,16,apr,4,-1,0,unknown,1
46,0,1,0,0,0,0,0,0,0,0,0,0,1,0,0,0,1,0,0,0,0,0,cellular,30,apr,1,259,2,other,1
34,0,1,0,0,0,0,0,0,0,0,0,0,1,0,0,0,1,0,0,1012,1,1,telephone,28,oct,1,-1,0,unknown,1
53,0,0,0,0,0,1,0,0,0,0,0,0,1,0,0,0,0,1,0,0,0,0,cellular,31,jul,3,-1,0,unknown,0
65,0,0,0,0,0,1,0,0,0,0,0,0,1,0,0,1,0,0,0,1153,0,0,cellular,3,feb,1,-1,0,unknown,0
28,0,0,0,0,0,0,1,0,0,0,0,0,0,1,0,0,1,0,0,1277,0,0,cellular,26,mar,1,-1,0,unknown,1
36,1,0,0,0,0,0,0,0,0,0,0,0,1,0,0,1,0,0,0,3537,1,0,cellular,21,nov,2,-1,0,unknown,0
30,1,0,0,0,0,0,0,0,0,0,0,0,0,1,0,1,0,0,0,1572,0,0,cellular,28,jan,1,-1,0,unknown,0
25,0,0,1,0,0,0,0,0,0,0,0,0,0,1,0,1,0,0,0,347,0,0,cellular,20,aug,1,-1,0,unknown,1
27,0,0,0,0,0,0,0,1,0,0,0,0,0,1,0,0,1,0,0,54,1,0,unknown,28,may,2,-1,0,unknown,1
34,0,0,0,0,0,0,0,0,0,0,1,0,0,0,1,0,1,0,0,787,1,0,cellular,15,may,1,-1,0,unknown,0
43,0,0,0,0,0,0,0,0,1,0,0,0,1,0,0,0,1,0,0,104,0,0,unknown,17,jun,1,-1,0,unknown,0
29,0,1,0,0,0,0,0,0,0,0,0,0,0,1,0,1,0,0,0,195,1,1,cellular,6,feb,16,-1,0,unknown,0
41,0,0,0,0,0,0,1,0,0,0,0,0,1,0,0,0,1,0,0,0,0,0,unknown,20,jun,1,-1,0,unknown,0
29,0,1,0,0,0,0,0,0,0,0,0,0,0,1,0,1,0,0,0,2325,0,0,cellular,2,feb,1,-1,0,unknown,1
60,0,0,0,0,0,0,0,0,1,0,0,0,1,0,0,1,0,0,0,10861,0,0,cellular,9,nov,1,91,2,failure,1
36,0,0,0,0,0,0,1,0,0,0,0,0,0,0,1,0,1,0,0,-811,1,0,cellular,12,may,2,-1,0,unknown,1
39,1,0,0,0,0,0,0,0,0,0,0,0,1,0,0,1,0,0,0,1836,0,0,cellular,6,aug,3,-1,0,unknown,1
39,0,0,0,0,0,0,1,0,0,0,0,0,1,0,0,0,1,0,0,26233,0,0,cellular,2,oct,1,-1,0,unknown,0
50,1,0,0,0,0,0,0,0,0,0,0,0,1,0,0,1,0,0,0,5969,0,0,cellular,25,jan,1,544,2,failure,1
55,0,0,0,0,0,1,0,0,0,0,0,0,1,0,0,0,0,1,0,-90,1,1,unknown,7,may,2,-1,0,unknown,0
46,0,0,0,0,0,1,0,0,0,0,0,0,1,0,0,0,1,0,0,119,0,1,cellular,30,jul,2,-1,0,unknown,0
46,0,0,0,1,0,0,0,0,0,0,0,0,1,0,0,0,0,1,0,0,1,0,unknown,13,may,3,-1,0,unknown,0
35,0,0,0,0,0,0,0,1,0,0,0,0,1,0,0,0,1,0,0,52,1,0,cellular,4,jun,2,94,4,success,1
34,0,1,0,0,0,0,0,0,0,0,0,0,0,0,1,0,1,0,0,-276,1,0,unknown,29,may,3,-1,0,unknown,0
36,0,0,0,0,0,0,0,1,0,0,0,0,1,0,0,0,1,0,0,-274,0,0,cellular,7,jul,1,-1,0,unknown,0
29,1,0,0,0,1,0,0,0,0,0,0,0,0,1,0,0,0,0,0,560,0,0,cellular,5,apr,1,307,1,failure,1
29,0,0,0,0,0,0,0,1,0,0,0,0,0,1,0,0,1,0,0,441,1,0,cellular,17,apr,1,-1,0,unknown,0
32,0,0,0,0,0,0,0,0,0,1,0,0,1,0,0,0,1,0,0,314,1,0,cellular,11,may,6,172,10,success,0
41,0,0,0,0,0,0,1,0,0,0,0,0,0,0,1,0,1,0,0,2970,0,1,unknown,27,jun,2,-1,0,unknown,0
39,1,0,0,0,0,0,0,0,0,0,0,0,1,0,0,1,0,0,0,0,1,1,cellular,17,jul,1,-1,0,unknown,0
57,1,0,0,0,0,0,0,0,0,0,0,0,1,0,0,1,0,0,0,2845,1,0,telephone,19,apr,5,-1,0,unknown,1
42,0,1,0,0,0,0,0,0,0,0,0,0,1,0,0,0,1,0,0,994,1,0,cellular,11,aug,1,78,5,failure,1
35,1,0,0,0,0,0,0,0,0,0,0,0,1,0,0,1,0,0,0,925,0,0,cellular,8,jun,4,-1,0,unknown,1
47,0,0,0,0,0,0,1,0,0,0,0,0,1,0,0,0,1,0,0,368,0,0,cellular,23,feb,1,187,5,success,1
54,1,0,0,0,0,0,0,0,0,0,0,0,1,0,0,0,0,1,0,2587,0,0,cellular,2,jun,2,-1,0,unknown,1
49,1,0,0,0,0,0,0,0,0,0,0,0,1,0,0,1,0,0,0,1311,1,0,cellular,8,may,1,-1,0,unknown,1
61,1,0,0,0,0,0,0,0,0,0,0,0,1,0,0,0,1,0,0,544,0,0,cellular,29,dec,3,200,9,success,1
44,0,0,0,1,0,0,0,0,0,0,0,0,1,0,0,0,0,1,0,-101,1,0,cellular,15,may,1,366,4,failure,1
45,0,0,0,0,0,0,1,0,0,0,0,0,1,0,0,1,0,0,0,2552,0,0,cellular,1,jun,1,293,7,failure,1
50,0,0,0,0,0,0,0,1,0,0,0,0,1,0,0,0,1,0,0,1501,0,0,cellular,21,aug,4,-1,0,unknown,1
56,0,1,0,0,0,0,0,0,0,0,0,0,1,0,0,1,0,0,0,787,0,1,cellular,9,jul,1,-1,0,unknown,0
50,0,0,0,0,0,0,0,0,0,0,1,0,0,0,1,0,0,1,0,94,1,0,cellular,22,jul,4,-1,0,unknown,0
37,0,0,1,0,0,0,0,0,0,0,0,0,1,0,0,0,1,0,0,351,1,0,unknown,5,jun,3,-1,0,unknown,0
57,0,0,0,0,0,1,0,0,0,0,0,0,1,0,0,0,0,1,0,641,0,1,telephone,30,jan,4,-1,0,unknown,0
32,0,0,0,0,0,0,1,0,0,0,0,0,1,0,0,1,0,0,0,118,0,0,cellular,21,nov,4,176,10,failure,0
31,0,1,0,0,0,0,0,0,0,0,0,0,0,1,0,1,0,0,0,110,0,0,cellular,21,aug,4,-1,0,unknown,0
29,0,0,0,0,0,0,0,1,0,0,0,0,1,0,0,0,1,0,0,480,1,0,cellular,18,jul,2,-1,0,unknown,0
28,0,0,0,0,0,0,0,0,0,0,0,1,0,1,0,0,1,0,0,246,1,0,unknown,14,may,4,-1,0,unknown,0
58,0,0,0,1,0,0,0,0,0,0,0,0,1,0,0,0,0,1,0,3109,0,0,cellular,29,jun,1,287,4,success,1
25,0,0,0,1,0,0,0,0,0,0,0,0,0,1,0,0,0,1,0,6,1,1,unknown,27,may,2,-1,0,unknown,0
29,0,0,0,1,0,0,0,0,0,0,0,0,0,1,0,1,0,0,0,455,0,0,telephone,21,apr,1,-1,0,unknown,1
42,1,0,0,0,0,0,0,0,0,0,0,0,0,0,1,1,0,0,0,1243,0,0,cellular,26,aug,4,-1,0,unknown,1
65,0,1,0,0,0,0,0,0,0,0,0,0,1,0,0,0,1,0,0,2303,0,0,cellular,1,sep,2,-1,0,unknown,0
32,0,1,0,0,0,0,0,0,0,0,0,0,0,1,0,1,0,0,0,388,0,0,cellular,29,apr,3,-1,0,unknown,1
41,0,0,0,0,0,0,0,1,0,0,0,0,1,0,0,0,1,0,0,1836,1,1,cellular,15,apr,1,-1,0,unknown,0
45,0,0,0,0,0,0,0,0,1,0,0,0,1,0,0,0,1,0,0,571,1,0,cellular,19,aug,5,-1,0,unknown,0
60,0,0,0,0,0,1,0,0,0,0,0,0,1,0,0,0,1,0,0,404,0,0,cellular,5,mar,2,196,2,failure,1
50,1,0,0,0,0,0,0,0,0,0,0,0,1,0,0,1,0,0,0,346,0,0,cellular,6,feb,1,-1,0,unknown,1
49,0,0,0,1,0,0,0,0,0,0,0,0,1,0,0,0,1,0,0,1946,0,0,cellular,19,oct,1,95,1,success,1
37,0,0,0,0,0,0,1,0,0,0,0,0,0,1,0,0,1,0,0,796,1,0,telephone,29,jan,3,-1,0,unknown,0
34,1,0,0,0,0,0,0,0,0,0,0,0,1,0,0,1,0,0,0,986,1,0,unknown,2,jun,11,-1,0,unknown,0
53,0,0,0,0,0,1,0,0,0,0,0,0,0,1,0,0,1,0,0,1421,1,0,unknown,13,may,2,-1,0,unknown,0
32,0,0,0,0,0,0,0,0,1,0,0,0,0,0,1,1,0,0,0,3271,0,0,cellular,4,may,3,-1,0,unknown,1
47,0,1,0,0,0,0,0,0,0,0,0,0,1,0,0,1,0,0,0,0,1,1,cellular,30,jul,2,-1,0,unknown,0
37,0,0,0,0,0,0,0,0,1,0,0,0,1,0,0,1,0,0,0,0,0,0,unknown,6,jun,1,-1,0,unknown,0
39,1,0,0,0,0,0,0,0,0,0,0,0,1,0,0,1,0,0,0,2976,0,0,cellular,5,feb,12,-1,0,unknown,0
50,0,1,0,0,0,0,0,0,0,0,0,0,1,0,0,0,1,0,0,3654,0,0,cellular,29,oct,2,78,2,other,1
55,0,0,1,0,0,0,0,0,0,0,0,0,1,0,0,0,1,0,0,27624,0,0,telephone,3,jun,1,-1,0,unknown,1
37,0,0,1,0,0,0,0,0,0,0,0,0,1,0,0,1,0,0,0,227,1,0,cellular,10,jul,1,-1,0,unknown,0
30,0,0,0,0,0,0,0,0,1,0,0,0,0,1,0,1,0,0,0,916,0,0,cellular,29,dec,2,-1,0,unknown,1
33,0,0,0,1,0,0,0,0,0,0,0,0,0,1,0,0,1,0,0,22,0,0,cellular,30,jan,2,207,1,failure,0
48,0,0,0,0,0,0,0,1,0,0,0,0,1,0,0,0,0,1,0,1496,1,0,telephone,29,jan,2,258,2,failure,0
35,1,0,0,0,0,0,0,0,0,0,0,0,1,0,0,0,1,0,0,616,0,1,cellular,7,aug,2,-1,0,unknown,0
43,0,0,0,0,0,0,1,0,0,0,0,0,1,0,0,0,0,1,0,392,1,1,cellular,11,jul,2,-1,0,unknown,0
46,1,0,0,0,1,0,0,0,0,0,0,0,0,0,1,0,0,0,0,2,1,0,unknown,6,may,1,-1,0,unknown,0
48,0,0,0,0,0,0,1,0,0,0,0,0,1,0,0,0,1,0,0,368,1,0,telephone,7,may,2,367,2,failure,0
44,0,1,0,0,0,0,0,0,0,0,0,0,1,0,0,1,0,0,0,1933,0,0,cellular,5,jun,1,-1,0,unknown,1
34,1,0,0,0,0,0,0,0,0,0,0,0,1,0,0,1,0,0,0,1048,0,0,cellular,7,aug,2,-1,0,unknown,0
30,0,0,0,0,0,0,1,0,0,0,0,0,1,0,0,0,1,0,0,667,1,0,unknown,2,jun,2,-1,0,unknown,0
36,0,1,0,0,0,0,0,0,0,0,0,0,1,0,0,0,1,0,0,1345,1,0,unknown,30,may,3,-1,0,unknown,0
71,0,0,0,0,0,1,0,0,0,0,0,0,1,0,0,1,0,0,0,3561,0,0,telephone,15,mar,7,-1,0,unknown,1
38,1,0,0,0,0,0,0,0,0,0,0,0,1,0,0,1,0,0,0,6209,0,0,unknown,20,jun,10,-1,0,unknown,0
24,0,0,0,0,0,0,0,0,0,0,0,1,0,1,0,1,0,0,0,235,0,0,cellular,9,feb,1,92,1,success,1
32,0,0,0,0,0,0,1,0,0,0,0,0,0,1,0,1,0,0,0,138,0,1,cellular,29,jul,4,-1,0,unknown,0
65,0,0,0,0,0,1,0,0,0,0,0,0,1,0,0,0,0,1,0,1004,0,0,cellular,28,oct,1,-1,0,unknown,1
55,0,0,0,1,0,0,0,0,0,0,0,0,1,0,0,0,1,0,0,-256,1,1,unknown,9,may,2,-1,0,unknown,0
37,1,0,0,0,0,0,0,0,0,0,0,0,0,1,0,1,0,0,0,337,1,0,unknown,26,may,5,-1,0,unknown,0
28,0,0,0,0,0,0,0,0,1,0,0,0,0,1,0,1,0,0,0,1579,0,0,cellular,13,jan,1,91,3,failure,1
43,1,0,0,0,0,0,0,0,0,0,0,0,0,1,0,1,0,0,0,0,0,0,cellular,30,jun,2,296,1,failure,1
38,0,0,0,0,0,0,1,0,0,0,0,0,1,0,0,0,1,0,0,545,0,0,unknown,12,jun,1,-1,0,unknown,0
20,0,0,0,1,0,0,0,0,0,0,0,0,0,1,0,0,1,0,0,76,1,0,cellular,18,may,2,-1,0,unknown,1
54,1,0,0,0,0,0,0,0,0,0,0,0,1,0,0,1,0,0,0,292,0,0,unknown,12,jun,1,-1,0,unknown,0
44,1,0,0,0,0,0,0,0,0,0,0,0,0,0,1,1,0,0,0,36,0,0,cellular,26,oct,2,153,3,failure,0
40,0,0,0,0,0,0,0,0,0,0,1,0,1,0,0,0,0,1,0,224,1,0,cellular,29,jul,3,-1,0,unknown,0
41,0,1,0,0,0,0,0,0,0,0,0,0,1,0,0,0,1,0,0,965,0,0,cellular,22,aug,10,-1,0,unknown,1
47,0,0,0,1,0,0,0,0,0,0,0,0,0,1,0,0,1,0,0,57,1,0,cellular,18,may,3,369,4,failure,0
36,0,1,0,0,0,0,0,0,0,0,0,0,0,1,0,0,1,0,0,376,0,0,cellular,13,nov,1,92,1,success,1
35,1,0,0,0,0,0,0,0,0,0,0,0,0,1,0,1,0,0,0,2707,0,0,cellular,5,feb,1,-1,0,unknown,1
34,1,0,0,0,0,0,0,0,0,0,0,0,0,1,0,1,0,0,0,3821,1,0,cellular,13,may,2,-1,0,unknown,1
41,0,0,0,0,0,0,0,1,0,0,0,0,1,0,0,1,0,0,0,881,0,0,cellular,30,oct,3,-1,0,unknown,1
46,0,0,0,0,0,0,1,0,0,0,0,0,1,0,0,0,1,0,0,171,1,1,cellular,11,oct,1,430,1,failure,0
56,1,0,0,0,0,0,0,0,0,0,0,0,0,0,1,1,0,0,0,968,0,0,cellular,17,nov,1,-1,0,unknown,0
60,1,0,0,0,0,0,0,0,0,0,0,0,1,0,0,0,1,0,0,544,0,0,cellular,12,jun,7,357,2,failure,1
39,0,0,0,0,0,0,0,1,0,0,0,0,0,1,0,0,1,0,0,2453,0,0,unknown,19,jun,2,-1,0,unknown,0
31,1,0,0,0,0,0,0,0,0,0,0,0,0,1,0,1,0,0,0,354,0,0,cellular,21,apr,2,-1,0,unknown,1
29,0,0,0,1,0,0,0,0,0,0,0,0,0,1,0,1,0,0,0,455,0,0,cellular,22,oct,4,148,3,success,1
50,0,0,0,0,0,0,0,1,0,0,0,0,1,0,0,0,1,0,0,26394,0,0,cellular,25,aug,4,-1,0,unknown,0
28,0,0,0,0,0,0,1,0,0,0,0,0,0,1,0,0,1,0,0,261,1,1,cellular,9,sep,2,98,4,success,1
80,0,0,0,0,0,1,0,0,0,0,0,0,1,0,0,0,1,0,0,8304,0,0,telephone,9,jun,1,64,12,failure,1
39,0,0,0,0,0,0,0,1,0,0,0,0,1,0,0,0,1,0,0,1099,0,0,cellular,29,jan,2,245,6,failure,0
44,1,0,0,0,0,0,0,0,0,0,0,0,1,0,0,1,0,0,0,0,0,0,cellular,20,aug,2,-1,0,unknown,0
45,0,0,0,0,0,0,1,0,0,0,0,0,1,0,0,0,1,0,0,335,0,0,cellular,9,jul,3,-1,0,unknown,0
36,0,0,0,1,0,0,0,0,0,0,0,0,0,0,1,0,1,0,0,638,1,0,unknown,16,jun,2,-1,0,unknown,1
35,1,0,0,0,0,0,0,0,0,0,0,0,1,0,0,1,0,0,0,1906,1,0,cellular,16,apr,1,148,5,other,0
53,0,0,0,0,0,0,0,1,0,0,0,0,0,0,1,1,0,0,0,329,0,0,cellular,30,jan,1,-1,0,unknown,0
57,0,0,0,0,0,1,0,0,0,0,0,0,1,0,0,0,1,0,0,1841,0,0,cellular,18,dec,2,196,1,success,0
45,0,1,0,0,0,0,0,0,0,0,0,0,0,0,1,0,1,0,0,2657,0,0,cellular,7,aug,3,-1,0,unknown,1
38,0,0,0,0,0,0,0,0,0,1,0,0,1,0,0,1,0,0,0,2812,1,0,cellular,30,apr,1,-1,0,unknown,1
49,1,0,0,0,0,0,0,0,0,0,0,0,0,0,1,1,0,0,0,300,0,0,cellular,21,jul,1,-1,0,unknown,1
56,0,1,0,0,0,0,0,0,0,0,0,0,1,0,0,0,0,1,0,284,0,0,cellular,4,feb,1,197,9,failure,0
30,1,0,0,0,0,0,0,0,0,0,0,0,1,0,0,1,0,0,0,1942,1,1,cellular,21,nov,2,178,3,other,1
52,0,0,0,0,0,0,0,1,0,0,0,0,1,0,0,0,1,0,0,2257,1,0,unknown,14,may,1,-1,0,unknown,0
47,0,0,0,1,0,0,0,0,0,0,0,0,1,0,0,0,1,0,1,-614,1,0,unknown,26,may,2,-1,0,unknown,0
50,0,0,0,0,0,0,1,0,0,0,0,0,0,1,0,0,1,0,0,133,0,0,cellular,28,jul,4,-1,0,unknown,1
33,0,0,0,0,0,0,0,1,0,0,0,0,1,0,0,0,1,0,0,1553,1,0,unknown,27,may,8,-1,0,unknown,0
31,1,0,0,0,0,0,0,0,0,0,0,0,1,0,0,1,0,0,0,3160,1,0,cellular,26,apr,2,-1,0,unknown,1
32,1,0,0,0,0,0,0,0,0,0,0,0,0,0,1,1,0,0,0,294,1,0,cellular,17,apr,1,274,5,success,1
45,0,0,0,1,0,0,0,0,0,0,0,0,1,0,0,0,1,0,0,159,1,1,unknown,30,may,2,-1,0,unknown,0
31,0,0,0,1,0,0,0,0,0,0,0,0,1,0,0,0,1,0,0,152,1,1,cellular,8,jul,1,-1,0,unknown,1
44,1,0,0,0,0,0,0,0,0,0,0,0,1,0,0,1,0,0,0,1058,0,0,cellular,11,mar,3,-1,0,unknown,1
52,0,1,0,0,0,0,0,0,0,0,0,0,1,0,0,0,1,0,0,137,0,0,cellular,6,jul,2,-1,0,unknown,1
25,0,0,0,0,1,0,1,0,0,0,0,0,1,0,0,0,0,0,0,349,1,0,cellular,22,jul,8,-1,0,unknown,1
26,0,0,0,0,0,0,0,0,0,1,0,0,0,1,0,0,1,0,0,622,0,0,cellular,28,jan,2,-1,0,unknown,1
32,0,1,0,0,0,0,0,0,0,0,0,0,0,0,1,0,1,0,0,2,1,0,unknown,11,jun,17,-1,0,unknown,0
27,0,0,0,0,0,0,0,0,0,0,0,1,0,1,0,0,1,0,0,568,1,0,cellular,18,may,6,-1,0,unknown,0
34,0,0,0,0,0,0,0,1,0,0,0,0,0,1,0,0,1,0,0,-30,0,0,cellular,21,jul,3,-1,0,unknown,1
34,0,1,0,0,0,0,0,0,0,0,0,0,1,0,0,1,0,0,0,7050,0,0,cellular,7,aug,1,-1,0,unknown,1
72,0,0,0,0,0,0,1,0,0,0,0,0,1,0,0,0,0,1,0,2321,0,0,cellular,14,sep,2,64,12,failure,1
31,0,1,0,0,0,0,0,0,0,0,0,0,0,1,0,1,0,0,1,24,0,0,cellular,21,aug,2,-1,0,unknown,0
83,0,0,0,0,0,1,0,0,0,0,0,0,0,0,1,0,0,1,0,1097,0,0,telephone,5,mar,1,-1,0,unknown,1
32,0,0,0,0,0,0,1,0,0,0,0,0,0,1,0,0,1,0,0,212,0,0,cellular,7,jul,5,-1,0,unknown,1
52,0,0,0,1,0,0,0,0,0,0,0,0,1,0,0,0,1,0,0,5275,0,1,cellular,22,jul,3,-1,0,unknown,0
26,0,0,0,0,0,0,1,0,0,0,0,0,0,1,0,1,0,0,0,1100,1,0,cellular,21,jul,1,-1,0,unknown,0
56,1,0,0,0,0,0,0,0,0,0,0,0,1,0,0,1,0,0,0,2333,0,0,cellular,4,may,1,-1,0,unknown,1
44,0,0,0,0,0,0,0,0,1,0,0,0,0,0,1,1,0,0,0,1070,1,0,cellular,11,nov,1,91,5,success,1
74,0,0,0,0,0,1,0,0,0,0,0,0,1,0,0,0,1,0,0,935,0,0,cellular,26,jan,1,104,1,other,0
54,1,0,0,0,0,0,0,0,0,0,0,0,1,0,0,0,1,0,0,4816,0,1,cellular,9,jul,1,-1,0,unknown,0
27,0,1,0,0,0,0,0,0,0,0,0,0,0,1,0,0,1,0,0,1842,1,1,cellular,18,may,2,300,1,failure,0
30,1,0,0,0,0,0,0,0,0,0,0,0,1,0,0,1,0,0,0,196,0,0,cellular,20,nov,1,101,4,other,0
24,0,0,0,0,0,0,1,0,0,0,0,0,0,1,0,0,1,0,0,770,1,0,unknown,16,may,1,-1,0,unknown,0
46,0,0,1,0,0,0,0,0,0,0,0,0,1,0,0,1,0,0,0,2262,0,0,telephone,14,jul,14,-1,0,unknown,0
33,0,0,0,0,0,0,0,1,0,0,0,0,1,0,0,0,1,0,0,386,0,0,cellular,12,may,1,181,5,success,1
36,0,1,0,0,0,0,0,0,0,0,0,0,1,0,0,1,0,0,0,1354,0,0,cellular,7,sep,3,97,2,success,1
26,0,0,0,0,0,0,0,0,0,1,0,0,0,1,0,1,0,0,0,3466,0,0,cellular,6,oct,2,-1,0,unknown,1
53,0,0,0,0,0,0,1,0,0,0,0,0,1,0,0,0,1,0,0,849,1,0,cellular,6,feb,3,-1,0,unknown,1
47,0,0,0,0,0,0,0,0,0,0,1,0,1,0,0,0,0,1,0,201,1,0,cellular,7,aug,2,382,1,failure,0
54,0,0,0,0,0,1,0,0,0,0,0,0,1,0,0,0,1,0,0,1826,1,0,cellular,17,nov,4,-1,0,unknown,0
24,0,0,0,1,0,0,0,0,0,0,0,0,0,1,0,0,1,0,0,9883,0,0,cellular,8,jul,5,-1,0,unknown,1
34,0,1,0,0,0,0,0,0,0,0,0,0,0,1,0,0,1,0,0,1087,0,0,unknown,1,jun,1,-1,0,unknown,0
38,0,0,0,0,0,0,1,0,0,0,0,0,1,0,0,0,1,0,0,505,1,1,cellular,21,nov,1,157,2,failure,0
36,0,0,0,0,0,0,0,1,0,0,0,0,1,0,0,0,1,0,0,456,1,1,cellular,17,apr,1,319,4,failure,0
38,1,0,0,0,0,0,0,0,0,0,0,0,0,1,0,1,0,0,0,3646,1,0,cellular,12,may,2,286,1,other,1
30,0,0,0,0,0,0,0,1,0,0,0,0,0,1,0,0,1,0,0,1268,1,0,cellular,8,apr,4,320,8,other,1
42,0,0,0,0,0,0,1,0,0,0,0,0,0,1,0,0,1,0,0,1601,0,0,unknown,20,jun,2,-1,0,unknown,0
58,0,0,0,0,0,0,1,0,0,0,0,0,1,0,0,0,1,0,0,169,0,0,cellular,13,aug,1,92,8,success,1
35,0,0,0,0,0,0,0,0,0,1,0,0,1,0,0,0,0,1,0,4564,1,0,telephone,5,feb,1,-1,0,unknown,0
36,0,0,0,1,0,0,0,0,0,0,0,0,0,1,0,0,0,1,0,109,1,0,telephone,12,may,2,370,2,failure,0
31,0,0,0,0,0,0,1,0,0,0,0,0,0,1,0,1,0,0,0,676,1,0,cellular,22,apr,2,343,2,other,1
80,0,0,0,0,0,0,0,0,0,0,1,0,1,0,0,0,0,1,0,0,0,0,cellular,23,feb,1,189,1,failure,1
32,0,0,0,0,0,0,0,0,0,0,0,1,0,1,0,1,0,0,0,1138,0,0,cellular,4,may,3,83,3,success,1
58,1,0,0,0,0,0,0,0,0,0,0,0,0,1,0,1,0,0,0,21,0,0,telephone,28,aug,19,-1,0,unknown,0
29,0,0,0,0,0,0,1,0,0,0,0,0,0,1,0,0,1,0,0,305,1,0,cellular,18,may,4,304,1,failure,0
63,1,0,0,0,1,0,0,0,0,0,0,0,1,0,0,0,0,0,0,2352,0,0,telephone,4,may,7,-1,0,unknown,1
52,0,1,0,0,0,0,0,0,0,0,0,0,0,0,1,0,1,0,0,1005,1,0,cellular,2,jun,1,-1,0,unknown,1
37,0,0,1,0,0,0,0,0,0,0,0,0,0,0,1,0,1,0,0,14,0,0,unknown,5,jun,1,-1,0,unknown,0
41,0,1,0,0,0,0,0,0,0,0,0,0,1,0,0,0,1,0,0,0,1,0,telephone,4,dec,1,-1,0,unknown,0
76,0,0,0,0,0,1,0,0,0,0,0,0,1,0,0,0,1,0,0,4112,0,0,telephone,23,oct,2,-1,0,unknown,1
47,0,1,0,0,0,0,0,0,0,0,0,0,1,0,0,1,0,0,0,1694,0,1,unknown,20,jun,3,-1,0,unknown,1
52,1,0,0,0,0,0,0,0,0,0,0,0,1,0,0,1,0,0,0,-970,1,0,cellular,4,feb,1,-1,0,unknown,1
84,0,0,0,0,0,1,0,0,0,0,0,0,0,0,1,0,0,1,0,639,0,0,telephone,18,may,3,-1,0,unknown,1
28,0,0,0,0,0,0,1,0,0,0,0,0,0,0,1,0,1,0,0,451,1,0,cellular,13,may,1,301,1,success,1
38,0,1,0,0,0,0,0,0,0,0,0,0,0,0,1,0,1,0,0,1803,0,1,cellular,17,jul,1,-1,0,unknown,0
70,0,0,0,0,0,1,0,0,0,0,0,0,1,0,0,0,0,1,0,324,0,0,cellular,11,aug,1,308,6,other,1
31,0,0,0,0,0,0,1,0,0,0,0,0,0,1,0,0,1,0,0,523,0,1,cellular,16,oct,1,126,4,failure,0
73,0,0,0,0,1,1,0,0,0,0,0,0,1,0,0,0,0,0,0,739,0,0,cellular,11,sep,1,-1,0,unknown,1
42,1,0,0,0,0,0,0,0,0,0,0,0,1,0,0,1,0,0,0,4,1,0,cellular,8,may,2,295,1,success,1
48,0,0,0,0,0,0,1,0,0,0,0,0,1,0,0,0,1,0,0,50,0,1,cellular,21,oct,1,-1,0,unknown,1
28,0,0,0,0,1,0,1,0,0,0,0,0,0,1,0,0,0,0,0,24,1,0,cellular,18,jul,2,-1,0,unknown,1
41,0,1,0,0,0,0,0,0,0,0,0,0,1,0,0,0,1,0,0,634,0,0,cellular,7,aug,2,-1,0,unknown,0
44,1,0,0,0,0,0,0,0,0,0,0,0,1,0,0,0,1,0,0,2984,1,0,unknown,15,may,2,-1,0,unknown,0
25,0,0,0,1,0,0,0,0,0,0,0,0,0,1,0,0,1,0,0,764,1,0,cellular,18,may,1,-1,0,unknown,0
59,0,1,0,0,0,0,0,0,0,0,0,0,1,0,0,1,0,0,0,6573,1,0,telephone,10,nov,1,-1,0,unknown,0
54,0,0,0,0,0,0,0,0,1,0,0,0,1,0,0,0,1,0,0,9,1,0,cellular,22,jul,2,-1,0,unknown,0
52,0,0,0,0,0,0,1,0,0,0,0,0,1,0,0,0,1,0,0,422,0,0,unknown,19,jun,1,-1,0,unknown,0
36,1,0,0,0,0,0,0,0,0,0,0,0,1,0,0,1,0,0,0,-1312,1,1,unknown,29,may,4,-1,0,unknown,0
33,0,0,0,1,0,0,0,0,0,0,0,0,1,0,0,0,1,0,0,-10,1,0,unknown,6,may,1,-1,0,unknown,0
34,0,0,0,1,0,0,0,0,0,0,0,0,0,1,0,0,1,0,0,1475,1,0,cellular,16,nov,3,530,12,other,0
77,0,0,0,0,0,1,0,0,0,0,0,0,1,0,0,0,1,0,0,1208,0,0,telephone,28,apr,4,-1,0,unknown,0
30,1,0,0,0,0,0,0,0,0,0,0,0,0,1,0,1,0,0,0,3384,0,0,cellular,4,jun,2,-1,0,unknown,1
46,0,0,0,0,0,0,1,0,0,0,0,0,1,0,0,0,1,0,0,556,1,1,unknown,15,may,3,-1,0,unknown,1
40,0,0,0,0,0,0,1,0,0,0,0,0,1,0,0,0,1,0,1,-279,1,0,unknown,28,may,2,-1,0,unknown,0
34,1,0,0,0,0,0,0,0,0,0,0,0,1,0,0,1,0,0,0,714,1,0,cellular,21,nov,4,113,27,failure,0
29,0,1,0,0,0,0,0,0,0,0,0,0,0,1,0,0,1,0,0,590,0,0,cellular,25,may,1,-1,0,unknown,1
61,0,0,0,0,0,1,0,0,0,0,0,0,1,0,0,0,1,0,0,11,0,0,cellular,29,sep,1,92,3,success,1
33,1,0,0,0,0,0,0,0,0,0,0,0,0,1,0,1,0,0,0,1304,1,0,cellular,18,may,2,-1,0,unknown,1
56,0,0,0,1,0,0,0,0,0,0,0,0,1,0,0,0,0,1,0,827,1,0,telephone,15,may,4,-1,0,unknown,1
28,1,0,0,0,0,0,0,0,0,0,0,0,0,1,0,1,0,0,0,781,0,0,cellular,9,apr,6,-1,0,unknown,0
23,0,0,0,1,0,0,0,0,0,0,0,0,1,0,0,0,1,0,0,272,0,0,cellular,14,aug,2,-1,0,unknown,1
37,1,0,0,0,0,0,0,0,0,0,0,0,1,0,0,1,0,0,0,5016,0,0,cellular,8,aug,1,-1,0,unknown,0
23,0,0,0,0,0,0,0,1,0,0,0,0,0,1,0,0,1,0,0,425,1,0,unknown,3,jun,1,-1,0,unknown,1
39,0,1,0,0,0,0,0,0,0,0,0,0,0,0,1,1,0,0,1,3,0,0,cellular,6,may,1,-1,0,unknown,1
37,0,0,0,0,1,0,0,1,0,0,0,0,0,1,0,0,0,0,0,-118,1,0,unknown,6,may,2,-1,0,unknown,0
59,0,0,0,0,0,1,0,0,0,0,0,0,1,0,0,0,1,0,0,4457,0,0,cellular,28,jan,2,-1,0,unknown,0
28,0,0,0,0,0,0,1,0,0,0,0,0,0,1,0,0,1,0,0,-170,0,1,cellular,10,jul,2,-1,0,unknown,1
25,0,0,0,1,0,0,0,0,0,0,0,0,0,1,0,0,1,0,0,-375,1,0,cellular,14,jul,2,-1,0,unknown,0
28,1,0,0,0,0,0,0,0,0,0,0,0,0,1,0,0,1,0,0,1633,0,0,cellular,5,jun,1,-1,0,unknown,1
25,0,0,0,0,0,0,0,0,0,0,0,1,0,1,0,0,1,0,0,1747,1,0,cellular,24,jul,1,-1,0,unknown,1
44,0,0,0,1,0,0,0,0,0,0,0,0,0,1,0,0,0,1,0,0,1,0,cellular,24,jul,1,-1,0,unknown,0
53,1,0,0,0,0,0,0,0,0,0,0,0,0,1,0,1,0,0,0,0,0,0,unknown,20,jun,7,-1,0,unknown,0
32,1,0,0,0,0,0,0,0,0,0,0,0,0,1,0,1,0,0,0,3,1,0,cellular,13,may,1,-1,0,unknown,1
59,1,0,0,0,0,0,0,0,0,0,0,0,1,0,0,1,0,0,0,474,0,0,cellular,21,aug,1,-1,0,unknown,1
59,0,0,0,0,0,0,1,0,0,0,0,0,0,1,0,0,1,0,0,2166,1,1,cellular,7,may,1,-1,0,unknown,1
46,1,0,0,0,0,0,0,0,0,0,0,0,1,0,0,1,0,0,0,699,0,0,cellular,30,apr,1,87,1,failure,1
55,0,0,0,0,0,1,0,0,0,0,0,0,0,0,1,1,0,0,0,1218,0,1,unknown,5,jun,1,-1,0,unknown,0
35,0,0,0,1,0,0,0,0,0,0,0,0,0,1,0,0,1,0,0,855,1,0,cellular,12,may,1,300,1,success,1
66,0,0,0,0,0,1,0,0,0,0,0,0,1,0,0,1,0,0,0,0,0,0,cellular,5,aug,1,-1,0,unknown,0
36,1,0,0,0,0,0,0,0,0,0,0,0,0,0,1,1,0,0,0,0,0,0,cellular,28,aug,4,-1,0,unknown,0
73,0,0,0,0,0,1,0,0,0,0,0,0,0,0,1,0,0,1,0,2308,0,0,telephone,30,mar,2,-1,0,unknown,1
24,0,1,0,0,0,0,0,0,0,0,0,0,1,0,0,0,1,0,0,556,1,0,cellular,8,feb,1,94,4,success,1
48,0,0,0,1,0,0,0,0,0,0,0,0,1,0,0,0,1,0,0,1000,1,0,unknown,12,jun,2,-1,0,unknown,1
39,0,0,0,1,0,0,0,0,0,0,0,0,0,1,0,0,1,0,0,175,0,0,cellular,12,may,1,365,2,other,0
48,0,0,0,0,0,0,1,0,0,0,0,0,0,0,1,0,1,0,0,362,0,0,cellular,13,aug,1,-1,0,unknown,1
39,0,0,0,0,0,0,0,1,0,0,0,0,1,0,0,0,1,0,0,702,1,0,cellular,8,apr,1,300,1,failure,0
43,0,1,0,0,0,0,0,0,0,0,0,0,1,0,0,1,0,0,0,4333,1,0,cellular,20,nov,3,-1,0,unknown,1
60,0,0,0,0,0,0,0,0,0,1,0,0,0,0,1,0,1,0,0,385,1,0,cellular,4,feb,1,-1,0,unknown,0
52,0,0,0,0,0,0,0,0,0,1,0,0,1,0,0,1,0,0,0,0,0,0,telephone,6,feb,4,-1,0,unknown,0
40,1,0,0,0,0,0,0,0,0,0,0,0,1,0,0,1,0,0,0,1308,0,0,telephone,3,feb,2,-1,0,unknown,1
50,0,1,0,0,0,0,0,0,0,0,0,0,1,0,0,0,1,0,0,3176,0,0,cellular,7,aug,1,-1,0,unknown,1
54,0,0,0,1,0,0,0,0,0,0,0,0,1,0,0,0,0,1,0,1311,0,0,telephone,15,oct,3,184,3,failure,1
26,0,1,0,0,0,0,0,0,0,0,0,0,0,1,0,0,1,0,0,124,1,0,unknown,12,may,8,-1,0,unknown,0
43,1,0,0,0,0,0,0,0,0,0,0,0,1,0,0,1,0,0,0,1530,0,0,cellular,7,jul,3,-1,0,unknown,0
50,0,0,0,1,0,0,0,0,0,0,0,0,1,0,0,0,0,1,0,9202,0,0,cellular,18,aug,7,-1,0,unknown,0
31,0,0,0,0,1,0,0,0,0,0,0,0,1,0,0,0,1,0,0,111,0,0,cellular,20,aug,2,-1,0,unknown,0
32,0,0,0,0,0,0,0,1,0,0,0,0,0,1,0,0,1,0,0,545,1,0,cellular,19,nov,1,-1,0,unknown,0
39,0,0,0,0,0,0,1,0,0,0,0,0,1,0,0,0,1,0,0,2598,0,0,cellular,17,nov,1,-1,0,unknown,0
50,1,0,0,0,0,0,0,0,0,0,0,0,0,0,1,1,0,0,0,810,0,0,cellular,15,sep,1,103,3,success,1
49,0,0,0,1,0,0,0,0,0,0,0,0,1,0,0,0,0,1,0,592,0,0,cellular,28,aug,15,-1,0,unknown,0
49,1,0,0,0,0,0,0,0,0,0,0,0,1,0,0,1,0,0,0,22520,0,0,cellular,21,nov,9,-1,0,unknown,1
42,0,1,0,0,1,0,0,0,0,0,0,0,0,1,0,0,0,0,0,11115,0,0,cellular,10,aug,1,102,1,success,1
56,0,0,0,0,0,0,0,0,0,0,1,0,0,1,0,1,0,0,0,1947,0,0,unknown,30,mar,1,-1,0,unknown,1
24,0,0,0,0,0,0,0,1,0,0,0,0,0,1,0,0,1,0,0,53,1,1,unknown,28,may,1,-1,0,unknown,0
26,0,0,0,1,0,0,0,0,0,0,0,0,1,0,0,0,1,0,0,115,1,0,unknown,4,jul,3,-1,0,unknown,0
40,0,1,0,0,0,0,0,0,0,0,0,0,1,0,0,1,0,0,0,2946,0,0,unknown,9,jun,2,-1,0,unknown,0
30,1,0,0,0,0,0,0,0,0,0,0,0,0,1,0,1,0,0,0,4210,0,0,cellular,12,aug,4,-1,0,unknown,1
57,0,0,0,1,0,0,0,0,0,0,0,0,1,0,0,0,0,1,1,0,1,0,unknown,12,may,3,-1,0,unknown,0
55,1,0,0,0,0,0,0,0,0,0,0,0,0,0,1,1,0,0,0,2037,0,0,cellular,2,nov,2,273,1,failure,1
47,0,1,0,0,0,0,0,0,0,0,0,0,0,1,0,0,1,0,0,80,1,0,cellular,16,jul,5,-1,0,unknown,0
44,0,0,0,0,0,0,1,0,0,0,0,0,0,1,0,0,1,0,0,89,1,1,cellular,8,may,1,-1,0,unknown,0
32,0,1,0,0,0,0,0,0,0,0,0,0,0,1,0,1,0,0,0,-770,1,0,cellular,18,may,1,-1,0,unknown,1
40,1,0,0,0,0,0,0,0,0,0,0,0,0,1,0,1,0,0,0,0,1,0,cellular,23,feb,2,182,6,failure,1
28,0,0,0,0,0,0,0,0,1,0,0,0,0,1,0,1,0,0,0,159,0,0,cellular,14,oct,2,420,2,other,1
39,0,0,0,0,1,0,0,0,0,0,1,0,1,0,0,0,0,0,0,9716,0,0,unknown,20,jun,2,-1,0,unknown,0
71,0,0,0,0,0,1,0,0,0,0,0,0,1,0,0,0,1,0,0,5715,0,0,cellular,17,nov,2,-1,0,unknown,1
27,0,0,0,1,0,0,0,0,0,0,0,0,1,0,0,0,1,0,0,4333,0,0,cellular,20,apr,1,-1,0,unknown,1
33,1,0,0,0,0,0,0,0,0,0,0,0,1,0,0,1,0,0,0,0,1,0,cellular,9,mar,1,326,1,success,1
50,0,0,0,1,0,0,0,0,0,0,0,0,1,0,0,1,0,0,0,267,1,0,cellular,13,may,3,-1,0,unknown,0
45,0,0,0,1,0,0,0,0,0,0,0,0,0,0,1,0,0,1,0,594,1,0,unknown,29,may,2,-1,0,unknown,1
37,1,0,0,0,0,0,0,0,0,0,0,0,1,0,0,1,0,0,0,0,1,0,cellular,23,apr,5,153,7,failure,1
63,0,0,0,0,0,0,0,0,1,0,0,0,1,0,0,1,0,0,0,661,0,0,cellular,2,mar,2,-1,0,unknown,0
35,0,1,0,0,0,0,0,0,0,0,0,0,0,1,0,0,1,0,0,1609,1,0,unknown,30,may,3,-1,0,unknown,0
22,0,0,0,1,0,0,0,0,0,0,0,0,0,1,0,0,1,0,0,-51,1,0,cellular,15,may,1,-1,0,unknown,1
26,0,0,0,0,0,0,1,0,0,0,0,0,0,1,0,0,1,0,0,1200,0,0,cellular,29,jan,3,-1,0,unknown,0
49,0,0,0,0,0,0,0,0,1,0,0,0,1,0,0,1,0,0,0,1842,1,0,unknown,9,may,2,-1,0,unknown,0
37,0,0,0,0,1,0,0,0,0,0,0,0,1,0,0,0,0,0,0,1699,0,0,unknown,9,jun,1,-1,0,unknown,0
27,0,0,0,0,0,0,0,0,1,0,0,0,0,1,0,1,0,0,0,1,1,0,cellular,23,jul,4,-1,0,unknown,0
34,1,0,0,0,0,0,0,0,0,0,0,0,0,1,0,1,0,0,0,13014,0,0,cellular,13,aug,1,-1,0,unknown,1
23,0,0,0,0,0,0,0,0,0,0,0,1,0,1,0,0,1,0,0,0,0,0,cellular,30,apr,1,83,6,success,1
41,0,1,0,0,0,0,0,0,0,0,0,0,0,0,1,0,1,0,0,4047,1,0,cellular,18,feb,1,-1,0,unknown,1
31,0,0,0,0,0,0,1,0,0,0,0,0,1,0,0,0,1,0,0,5,0,0,unknown,16,may,1,-1,0,unknown,0
41,0,0,0,0,0,0,1,0,0,0,0,0,1,0,0,1,0,0,0,1,1,0,telephone,18,may,2,361,3,failure,1
60,0,1,0,0,0,0,0,0,0,0,0,0,0,0,1,0,1,0,0,367,0,0,cellular,16,aug,2,-1,0,unknown,1
59,0,0,0,1,0,0,0,0,0,0,0,0,1,0,0,0,0,1,0,754,0,0,cellular,11,aug,4,-1,0,unknown,0
25,0,0,0,0,0,0,0,0,0,0,0,1,0,1,0,1,0,0,0,1189,0,0,cellular,3,jun,1,-1,0,unknown,1
39,0,0,0,1,0,0,0,0,0,0,0,0,1,0,0,0,1,0,0,1756,1,0,cellular,3,apr,1,-1,0,unknown,1
58,0,0,0,0,0,0,0,0,1,0,0,0,1,0,0,0,0,1,0,1013,1,0,cellular,11,aug,1,461,1,failure,1
52,0,0,1,0,0,0,0,0,0,0,0,0,1,0,0,0,1,0,0,1306,0,0,cellular,15,jun,1,-1,0,unknown,1
52,0,0,0,0,0,0,0,1,0,0,0,0,1,0,0,1,0,0,0,1135,1,1,unknown,13,may,5,-1,0,unknown,0
32,0,0,0,1,0,0,0,0,0,0,0,0,1,0,0,0,1,0,0,736,1,0,unknown,23,may,3,-1,0,unknown,0
40,0,0,0,1,0,0,0,0,0,0,0,0,1,0,0,0,1,0,0,1451,0,0,cellular,30,sep,1,121,1,success,1
27,0,1,0,0,0,0,0,0,0,0,0,0,0,1,0,1,0,0,0,11862,0,0,cellular,25,nov,2,97,7,success,1
54,1,0,0,0,0,0,0,0,0,0,0,0,1,0,0,1,0,0,0,1464,0,0,cellular,30,jun,1,-1,0,unknown,1
51,0,0,0,0,0,0,0,1,0,0,0,0,1,0,0,0,1,0,0,1605,1,0,cellular,16,jul,3,-1,0,unknown,0
34,0,0,0,0,0,0,0,1,0,0,0,0,0,1,0,0,0,1,0,25,1,1,cellular,9,apr,4,314,8,other,0
29,0,0,0,1,0,0,0,0,0,0,0,0,0,1,0,0,0,1,0,80,1,0,unknown,28,may,1,-1,0,unknown,0
54,1,0,0,0,0,0,0,0,0,0,0,0,1,0,0,1,0,0,0,656,1,1,cellular,27,aug,6,-1,0,unknown,0
71,0,1,0,0,0,0,0,0,0,0,0,0,1,0,0,0,1,0,0,3020,0,0,telephone,30,jul,1,270,3,failure,1
39,0,0,0,1,0,0,0,0,0,0,0,0,1,0,0,0,1,0,0,-219,1,0,cellular,7,may,1,-1,0,unknown,0
36,0,1,0,0,0,0,0,0,0,0,0,0,0,0,1,0,1,0,0,54,1,0,cellular,27,aug,3,-1,0,unknown,1
27,0,0,0,0,0,0,0,0,1,0,0,0,0,1,0,1,0,0,0,202,1,0,cellular,21,jul,1,-1,0,unknown,0
28,0,0,0,0,0,0,1,0,0,0,0,0,1,0,0,0,1,0,0,576,1,1,cellular,18,may,6,-1,0,unknown,0
56,0,0,0,0,0,0,0,0,0,0,1,0,1,0,0,0,1,0,0,619,1,0,telephone,21,jul,1,-1,0,unknown,0
56,0,0,0,0,0,0,0,1,0,0,0,0,1,0,0,0,1,0,0,83,0,0,cellular,27,aug,11,-1,0,unknown,0
32,0,0,0,1,0,0,0,0,0,0,0,0,1,0,0,0,0,1,0,634,0,0,cellular,29,jan,1,-1,0,unknown,1
25,0,1,0,0,0,0,0,0,0,0,0,0,0,1,0,1,0,0,0,3411,0,0,cellular,19,aug,2,-1,0,unknown,1
72,0,0,0,0,0,1,0,0,0,0,0,0,1,0,0,0,1,0,0,1978,0,0,cellular,6,sep,1,-1,0,unknown,1
55,0,0,0,1,0,0,0,0,0,0,0,0,1,0,0,0,1,0,0,1268,1,0,unknown,7,may,2,-1,0,unknown,0
36,0,1,0,0,0,0,0,0,0,0,0,0,1,0,0,0,1,0,0,-342,1,0,cellular,28,jul,3,-1,0,unknown,0
45,0,0,0,0,0,0,0,0,0,0,1,0,0,1,0,0,0,1,0,959,1,0,telephone,6,feb,2,-1,0,unknown,0
42,0,1,0,0,0,0,0,0,0,0,0,0,0,1,0,1,0,0,0,2625,0,0,cellular,29,jul,2,-1,0,unknown,1
33,1,0,0,0,0,0,0,0,0,0,0,0,0,1,0,1,0,0,0,99,0,0,cellular,8,jul,1,-1,0,unknown,0
51,0,0,0,1,0,0,0,0,0,0,0,0,1,0,0,0,0,1,0,1164,1,0,cellular,12,may,1,369,2,failure,0
47,0,0,0,0,0,0,1,0,0,0,0,0,1,0,0,0,1,0,0,70,1,0,cellular,5,apr,4,374,2,success,1
31,0,1,0,0,0,0,0,0,0,0,0,0,0,1,0,0,1,0,0,198,0,0,cellular,30,jan,4,-1,0,unknown,0
46,0,1,0,0,0,0,0,0,0,0,0,0,1,0,0,0,1,0,0,3,1,1,cellular,12,may,3,-1,0,unknown,1
30,0,0,0,0,0,0,0,1,0,0,0,0,0,0,1,0,0,1,0,459,1,0,cellular,18,jul,1,-1,0,unknown,1
43,0,0,0,0,0,0,0,1,0,0,0,0,1,0,0,0,1,0,0,774,0,0,cellular,25,mar,1,421,1,success,1
34,0,0,0,0,0,0,1,0,0,0,0,0,1,0,0,0,1,0,0,256,0,0,unknown,27,may,2,-1,0,unknown,0
30,0,0,0,1,0,0,0,0,0,0,0,0,1,0,0,0,1,0,0,1,0,1,cellular,9,jul,1,-1,0,unknown,0
24,0,0,0,0,0,0,0,0,0,0,0,1,0,1,0,0,1,0,0,1123,0,0,cellular,13,jul,1,412,1,other,1
35,0,0,0,0,0,0,0,0,0,1,0,0,1,0,0,0,1,0,0,978,0,0,cellular,29,jun,2,182,6,success,1
30,0,0,0,0,0,0,1,0,0,0,0,0,0,1,0,1,0,0,0,-396,1,0,unknown,9,may,2,-1,0,unknown,0
28,0,1,0,0,0,0,0,0,0,0,0,0,1,0,0,0,1,0,0,1086,1,0,cellular,20,apr,3,-1,0,unknown,1
32,0,0,0,1,0,0,0,0,0,0,0,0,1,0,0,0,0,1,0,2,1,0,unknown,2,jun,1,-1,0,unknown,0
50,1,0,0,0,0,0,0,0,0,0,0,0,1,0,0,0,1,0,0,0,1,0,unknown,14,may,4,-1,0,unknown,0
56,0,0,1,0,0,0,0,0,0,0,0,0,1,0,0,0,1,0,0,938,0,1,unknown,3,jul,2,-1,0,unknown,0
30,0,0,0,0,0,0,1,0,0,0,0,0,0,1,0,0,1,0,0,983,1,0,cellular,27,may,2,-1,0,unknown,1
29,0,0,0,1,0,0,0,0,0,0,0,0,0,1,0,0,1,0,0,-138,1,1,unknown,8,may,5,-1,0,unknown,0
30,0,0,0,1,0,0,0,0,0,0,0,0,0,1,0,0,0,1,0,413,1,0,cellular,15,may,1,345,4,other,0
34,0,1,0,0,0,0,0,0,0,0,0,0,0,1,0,1,0,0,0,992,1,0,cellular,5,feb,2,-1,0,unknown,1
38,1,0,0,0,0,0,0,0,0,0,0,0,1,0,0,1,0,0,0,613,0,0,cellular,30,apr,1,86,1,success,1
37,0,1,0,0,0,0,0,0,0,0,0,0,1,0,0,0,1,0,0,729,1,0,cellular,15,jul,5,-1,0,unknown,0
37,1,0,0,0,0,0,0,0,0,0,0,0,0,1,0,1,0,0,0,3141,0,0,cellular,4,may,2,-1,0,unknown,1
53,1,0,0,0,0,0,0,0,0,0,0,0,1,0,0,1,0,0,0,583,0,0,cellular,17,nov,1,184,4,success,1
32,0,1,0,0,0,0,0,0,0,0,0,0,0,0,1,1,0,0,0,3628,0,0,cellular,18,aug,2,-1,0,unknown,0
56,0,0,0,1,0,0,0,0,0,0,0,0,1,0,0,0,1,0,0,448,1,1,cellular,17,may,1,181,2,other,1
41,0,1,0,0,0,0,0,0,0,0,0,0,0,1,0,1,0,0,0,145,0,0,cellular,22,jul,2,-1,0,unknown,1
49,0,0,0,1,0,0,0,0,0,0,0,0,1,0,0,0,1,0,0,366,1,1,unknown,30,may,3,-1,0,unknown,0
44,0,0,0,1,1,0,0,0,0,0,0,0,0,0,1,0,0,0,0,532,0,0,unknown,16,may,2,-1,0,unknown,0
35,1,0,0,0,0,0,0,0,0,0,0,0,0,1,0,1,0,0,0,704,0,0,cellular,21,apr,1,-1,0,unknown,1
52,0,0,0,0,0,0,0,1,0,0,0,0,1,0,0,0,0,1,0,1625,0,0,cellular,8,aug,2,-1,0,unknown,1
18,0,0,0,0,1,0,0,0,0,0,0,1,0,1,0,0,0,0,0,3,0,0,cellular,25,aug,2,-1,0,unknown,1
29,0,0,0,0,0,0,0,0,0,0,1,0,0,1,0,1,0,0,0,19,0,0,cellular,3,dec,1,230,1,success,1
29,1,0,0,0,0,0,0,0,0,0,0,0,0,1,0,1,0,0,0,1026,0,0,cellular,12,nov,1,92,1,other,1
36,0,0,0,0,0,0,0,1,0,0,0,0,0,0,1,0,1,0,0,241,1,0,unknown,8,may,1,-1,0,unknown,0
33,0,0,0,0,0,0,0,0,0,0,1,0,1,0,0,0,1,0,0,0,1,1,cellular,23,jul,13,-1,0,unknown,0
46,0,0,0,1,0,0,0,0,0,0,0,0,1,0,0,0,1,0,0,1287,0,0,cellular,23,jul,1,-1,0,unknown,0
35,0,0,1,0,0,0,0,0,0,0,0,0,0,1,0,1,0,0,0,-15,1,0,unknown,21,may,3,-1,0,unknown,0
23,0,0,0,0,0,0,0,1,0,0,0,0,0,1,0,0,1,0,0,31,0,0,cellular,1,jun,1,-1,0,unknown,1
35,0,0,0,0,0,0,0,0,0,1,0,0,0,1,0,1,0,0,0,415,0,0,cellular,4,aug,1,92,4,success,1
32,0,0,0,0,0,0,0,0,0,0,0,1,0,1,0,1,0,0,0,64,0,0,cellular,30,jun,4,105,5,failure,1
33,0,0,0,0,0,0,1,0,0,0,0,0,0,1,0,0,1,0,0,304,0,1,cellular,4,feb,2,212,2,other,0
52,0,0,0,0,0,0,0,1,0,0,0,0,1,0,0,0,1,0,0,992,1,0,cellular,27,oct,1,515,1,failure,1
58,0,0,0,1,0,0,0,0,0,0,0,0,0,0,1,0,1,0,0,-11,0,0,unknown,6,may,1,-1,0,unknown,0
43,0,0,0,0,0,1,0,0,0,0,0,0,1,0,0,0,1,0,0,56,1,1,unknown,15,may,1,-1,0,unknown,0
42,1,0,0,0,1,0,0,0,0,0,0,0,0,0,1,0,0,0,0,7702,0,0,cellular,16,feb,2,-1,0,unknown,1
54,0,0,0,0,0,0,0,0,1,0,0,0,1,0,0,0,1,0,0,203,1,0,telephone,7,jul,8,-1,0,unknown,0
44,0,0,0,0,0,0,0,0,0,0,1,0,1,0,0,0,0,1,0,64,0,1,cellular,29,jul,6,-1,0,unknown,0
53,0,0,0,0,0,0,0,0,1,0,0,0,1,0,0,0,0,1,0,862,1,0,telephone,14,may,4,-1,0,unknown,0
43,0,1,0,0,0,0,0,0,0,0,0,0,0,1,0,1,0,0,0,1017,1,0,unknown,19,may,2,-1,0,unknown,0
35,0,0,0,1,0,0,0,0,0,0,0,0,0,1,0,0,1,0,0,3508,1,0,cellular,15,jul,3,-1,0,unknown,0
41,0,0,0,0,0,0,0,1,0,0,0,0,0,0,1,0,1,0,0,2769,1,0,unknown,18,jun,3,-1,0,unknown,0
50,1,0,0,0,0,0,0,0,0,0,0,0,1,0,0,1,0,0,0,3463,0,1,cellular,28,oct,1,-1,0,unknown,1
30,0,0,0,0,0,0,0,0,1,0,0,0,0,1,0,1,0,0,0,251,0,0,cellular,12,jul,1,-1,0,unknown,1
38,0,0,0,0,0,0,0,0,0,0,1,0,1,0,0,0,0,1,0,196,0,0,cellular,30,apr,1,-1,0,unknown,1
76,0,0,0,0,0,1,0,0,0,0,0,0,1,0,0,1,0,0,0,2991,0,0,cellular,22,oct,1,183,1,success,1
59,0,0,1,0,0,0,0,0,0,0,0,0,1,0,0,0,1,0,0,496,0,0,cellular,22,oct,3,183,1,success,1
34,1,0,0,0,0,0,0,0,0,0,0,0,0,1,0,1,0,0,0,1228,0,0,cellular,5,feb,8,-1,0,unknown,1
23,0,0,0,1,0,0,0,0,0,0,0,0,0,1,0,0,1,0,0,214,1,0,unknown,28,may,1,-1,0,unknown,0
45,0,0,0,0,0,0,1,0,0,0,0,0,0,0,1,0,1,0,0,0,0,0,cellular,29,oct,1,-1,0,unknown,1
35,0,0,0,0,0,0,0,1,0,0,0,0,0,1,0,0,1,0,0,414,1,0,cellular,20,apr,5,319,2,other,0
57,0,0,0,0,0,0,0,1,0,0,0,0,1,0,0,0,1,0,0,0,1,0,cellular,14,may,9,282,3,other,0
36,0,1,0,0,0,0,0,0,0,0,0,0,1,0,0,1,0,0,0,341,0,0,cellular,12,feb,2,183,1,success,1
32,0,1,0,0,0,0,0,0,0,0,0,0,0,1,0,0,1,0,1,0,0,1,cellular,16,jul,1,-1,0,unknown,0
56,0,0,0,0,0,1,0,0,0,0,0,0,0,0,1,0,1,0,0,212,0,1,telephone,17,jul,1,-1,0,unknown,0
45,1,0,0,0,0,0,0,0,0,0,0,0,1,0,0,1,0,0,0,31472,0,0,cellular,19,jul,7,-1,0,unknown,1
43,0,0,0,0,0,0,1,0,0,0,0,0,0,0,1,0,1,0,0,738,1,0,unknown,14,may,4,-1,0,unknown,0
64,0,0,0,0,1,0,0,0,0,0,1,0,1,0,0,0,0,0,0,2645,0,0,telephone,3,feb,2,-1,0,unknown,1
48,1,0,0,0,0,0,0,0,0,0,0,0,0,1,0,1,0,0,0,159,0,0,telephone,7,jul,1,251,6,success,1
74,0,0,0,0,1,1,0,0,0,0,0,0,1,0,0,0,0,0,0,7819,0,0,cellular,6,aug,3,-1,0,unknown,0
54,1,0,0,0,0,0,0,0,0,0,0,0,1,0,0,1,0,0,0,1303,0,0,cellular,3,feb,1,-1,0,unknown,1
60,0,0,0,0,0,0,0,0,0,1,0,0,0,0,1,0,1,0,0,4,0,0,telephone,5,feb,2,-1,0,unknown,0
34,0,0,0,0,0,0,1,0,0,0,0,0,1,0,0,0,1,0,0,1474,0,0,cellular,2,apr,2,-1,0,unknown,1
38,0,1,0,0,0,0,0,0,0,0,0,0,1,0,0,0,1,0,0,5115,1,0,cellular,27,feb,1,102,6,success,1
45,0,0,0,1,0,0,0,0,0,0,0,0,1,0,0,0,0,1,0,1192,0,0,cellular,7,aug,3,-1,0,unknown,0
43,1,0,0,0,0,0,0,0,0,0,0,0,1,0,0,1,0,0,0,1825,1,0,unknown,20,may,2,-1,0,unknown,0
26,0,1,0,0,0,0,0,0,0,0,0,0,1,0,0,1,0,0,0,2026,0,0,cellular,22,may,1,-1,0,unknown,0
41,0,1,0,0,0,0,0,0,0,0,0,0,0,0,1,0,1,0,0,1545,0,1,cellular,13,aug,2,-1,0,unknown,0
55,0,0,0,0,0,0,0,1,0,0,0,0,0,1,0,0,1,0,0,987,0,0,cellular,18,aug,4,-1,0,unknown,0
41,0,0,0,1,1,0,0,0,0,0,0,0,1,0,0,0,0,0,0,225,1,0,unknown,7,may,2,-1,0,unknown,0
81,0,0,0,0,0,1,0,0,0,0,0,0,0,0,1,0,1,0,0,452,0,0,telephone,16,dec,1,-1,0,unknown,1
32,0,0,0,1,0,0,0,0,0,0,0,0,1,0,0,0,0,1,0,642,0,1,cellular,8,jul,1,-1,0,unknown,0
33,0,0,0,0,0,0,0,1,0,0,0,0,0,1,0,0,1,0,0,133,0,0,cellular,14,jan,2,274,1,success,1
37,0,0,0,0,1,0,0,0,0,0,0,0,0,1,0,0,0,0,0,414,1,0,unknown,7,may,1,-1,0,unknown,0
28,1,0,0,0,0,0,0,0,0,0,0,0,0,1,0,1,0,0,0,874,1,0,cellular,5,jun,1,-1,0,unknown,1
60,0,0,0,0,0,1,0,0,0,0,0,0,1,0,0,0,1,0,1,879,1,1,cellular,29,jul,8,-1,0,unknown,0
29,0,0,0,0,0,0,1,0,0,0,0,0,1,0,0,1,0,0,0,332,0,0,cellular,9,apr,1,-1,0,unknown,1
46,0,0,1,0,0,0,0,0,0,0,0,0,1,0,0,1,0,0,0,1920,0,0,cellular,22,aug,6,-1,0,unknown,1
27,0,0,0,0,0,0,0,0,0,0,0,1,0,1,0,0,1,0,0,213,0,0,cellular,27,mar,1,-1,0,unknown,1
55,0,0,0,1,0,0,0,0,0,0,0,0,1,0,0,0,1,0,0,49,1,0,cellular,7,jul,4,-1,0,unknown,1
34,1,0,0,0,0,0,0,0,0,0,0,0,0,1,0,1,0,0,0,382,0,0,cellular,5,feb,1,94,1,failure,0
41,0,0,0,0,0,0,0,0,0,1,0,0,1,0,0,0,1,0,0,510,0,0,cellular,29,jul,2,-1,0,unknown,0
57,0,1,0,0,0,0,0,0,0,0,0,0,1,0,0,0,0,1,0,592,0,1,telephone,14,dec,6,193,5,other,0
26,0,0,0,1,0,0,0,0,0,0,0,0,0,1,0,0,1,0,0,2007,0,0,cellular,13,jul,3,182,2,success,1
33,0,0,0,0,0,0,0,1,0,0,0,0,0,1,0,0,1,0,0,3269,0,1,cellular,18,jul,1,-1,0,unknown,0
29,0,1,0,0,0,0,0,0,0,0,0,0,1,0,0,0,1,0,0,95,0,1,cellular,3,feb,3,-1,0,unknown,1
43,1,0,0,0,0,0,0,0,0,0,0,0,1,0,0,1,0,0,0,11754,0,0,cellular,7,aug,2,-1,0,unknown,0
49,1,0,0,0,0,0,0,0,0,0,0,0,1,0,0,1,0,0,0,0,0,0,cellular,19,nov,3,-1,0,unknown,0
29,0,0,0,0,0,0,1,0,0,0,0,0,0,1,0,1,0,0,0,1501,1,0,cellular,18,may,1,-1,0,unknown,0
31,1,0,0,0,0,0,0,0,0,0,0,0,0,1,0,1,0,0,0,533,0,0,cellular,11,feb,1,91,9,success,1
29,0,0,0,1,0,0,0,0,0,0,0,0,1,0,0,0,1,0,0,940,1,1,cellular,15,may,1,-1,0,unknown,1
41,0,0,0,1,0,0,0,0,0,0,0,0,1,0,0,0,0,1,0,849,1,0,unknown,15,may,1,-1,0,unknown,0
42,0,0,0,1,0,0,0,0,0,0,0,0,0,1,0,0,1,0,0,1306,1,0,unknown,15,may,1,-1,0,unknown,0
37,0,0,0,1,0,0,0,0,0,0,0,0,1,0,0,0,1,0,0,982,1,0,cellular,9,jul,2,-1,0,unknown,0
54,0,0,0,0,0,0,1,0,0,0,0,0,0,0,1,0,1,0,0,200,0,0,cellular,3,jun,1,-1,0,unknown,1
37,0,0,0,0,0,0,0,1,0,0,0,0,0,1,0,0,1,0,0,1045,0,0,cellular,17,mar,2,41,1,failure,1
27,0,0,0,0,0,0,0,0,0,0,0,1,0,1,0,1,0,0,0,524,0,0,cellular,6,feb,2,-1,0,unknown,0
54,0,1,0,0,0,0,0,0,0,0,0,0,1,0,0,0,1,0,0,0,0,0,cellular,6,nov,5,192,8,other,1
39,0,1,0,0,0,0,0,0,0,0,0,0,0,1,0,0,1,0,0,1104,0,0,cellular,7,aug,2,-1,0,unknown,1
37,0,0,0,1,0,0,0,0,0,0,0,0,1,0,0,0,1,0,0,4321,0,0,cellular,5,jun,1,-1,0,unknown,1
21,0,0,0,0,0,0,0,0,0,0,0,1,0,1,0,0,0,1,0,423,0,0,cellular,8,apr,5,-1,0,unknown,1
43,0,0,0,0,0,0,0,1,0,0,0,0,1,0,0,0,1,0,0,2145,0,0,cellular,22,may,1,183,3,failure,1
87,0,0,0,0,0,1,0,0,0,0,0,0,0,0,1,0,0,1,0,6746,0,0,telephone,21,oct,1,-1,0,unknown,1
47,0,0,0,1,0,0,0,0,0,0,0,0,1,0,0,0,0,1,0,43,0,0,cellular,19,aug,2,-1,0,unknown,0
45,1,0,0,0,0,0,0,0,0,0,0,0,1,0,0,1,0,0,0,242,0,0,cellular,30,apr,1,-1,0,unknown,1
26,1,0,0,0,0,0,0,0,0,0,0,0,0,1,0,1,0,0,0,2786,0,0,cellular,23,mar,1,-1,0,unknown,1
57,1,0,0,0,0,0,0,0,0,0,0,0,0,0,1,1,0,0,0,3287,0,0,cellular,22,jun,1,84,3,success,1
69,0,0,0,0,1,1,0,0,0,0,0,0,1,0,0,0,0,0,0,426,0,0,telephone,9,dec,1,-1,0,unknown,1
36,0,0,0,0,0,0,0,0,0,0,1,0,0,1,0,0,1,0,0,1015,1,0,cellular,18,may,1,347,2,success,1
32,0,0,0,0,0,0,1,0,0,0,0,0,0,0,1,0,1,0,0,-46,0,1,cellular,18,jul,4,-1,0,unknown,1
29,0,0,0,0,0,0,1,0,0,0,0,0,0,1,0,0,1,0,0,0,1,0,cellular,5,may,1,365,1,other,0
55,0,0,0,0,0,1,0,0,0,0,0,0,1,0,0,0,1,0,0,905,0,0,cellular,30,jan,1,2,1,other,0
31,1,0,0,0,0,0,0,0,0,0,0,0,1,0,0,1,0,0,0,156,0,0,cellular,13,aug,7,-1,0,unknown,1
63,0,0,0,0,0,1,0,0,0,0,0,0,1,0,0,1,0,0,0,1795,0,0,cellular,7,sep,1,-1,0,unknown,1
53,0,0,0,1,0,0,0,0,0,0,0,0,1,0,0,0,1,0,0,-8,0,0,cellular,5,aug,1,-1,0,unknown,1
28,0,0,1,0,0,0,0,0,0,0,0,0,0,1,0,1,0,0,0,224,1,0,cellular,18,may,2,-1,0,unknown,0
49,0,1,0,0,0,0,0,0,0,0,0,0,1,0,0,0,1,0,0,1269,1,0,unknown,16,may,2,-1,0,unknown,0
40,0,0,0,0,0,0,1,0,0,0,0,0,0,0,1,0,1,0,0,2129,0,0,cellular,30,apr,1,-1,0,unknown,1
46,1,0,0,0,0,0,0,0,0,0,0,0,1,0,0,1,0,0,0,11385,0,0,cellular,24,mar,3,-1,0,unknown,1
27,0,0,0,0,0,0,0,0,0,0,0,1,0,1,0,0,1,0,0,67,0,0,telephone,14,nov,1,-1,0,unknown,1
36,0,1,0,0,0,0,0,0,0,0,0,0,1,0,0,1,0,0,0,521,0,0,cellular,20,oct,3,-1,0,unknown,1
33,1,0,0,0,0,0,0,0,0,0,0,0,1,0,0,0,1,0,0,369,0,0,cellular,11,feb,1,-1,0,unknown,1
33,0,1,0,0,0,0,0,0,0,0,0,0,1,0,0,0,1,0,0,711,0,0,cellular,4,dec,2,-1,0,unknown,0
60,0,0,0,0,0,0,0,0,0,1,0,0,1,0,0,0,1,0,0,957,0,0,cellular,8,sep,1,184,3,success,1
36,0,0,0,1,0,0,0,0,0,0,0,0,1,0,0,0,0,1,0,1177,0,0,cellular,15,apr,1,311,4,success,1
42,1,0,0,0,0,0,0,0,0,0,0,0,1,0,0,1,0,0,0,144,0,0,cellular,4,mar,1,87,4,failure,1
71,0,0,0,0,0,1,0,0,0,0,0,0,1,0,0,0,0,1,0,2600,0,0,cellular,7,aug,1,-1,0,unknown,1
28,0,0,0,1,0,0,0,0,0,0,0,0,0,1,0,0,1,0,0,-197,1,0,unknown,9,may,2,-1,0,unknown,1
40,1,0,0,0,0,0,0,0,0,0,0,0,1,0,0,1,0,0,0,995,1,0,cellular,22,jul,2,-1,0,unknown,0
34,1,0,0,0,0,0,0,0,0,0,0,0,1,0,0,1,0,0,0,690,1,0,cellular,1,jun,2,-1,0,unknown,0
49,0,0,0,0,0,0,0,0,0,0,1,0,1,0,0,0,0,1,0,0,1,0,cellular,25,jul,3,-1,0,unknown,0
70,0,0,0,0,0,1,0,0,0,0,0,0,0,0,1,0,0,1,0,482,0,0,telephone,14,jan,1,196,2,success,1
41,0,0,0,0,0,0,0,1,0,0,0,0,1,0,0,0,1,0,0,-141,1,1,unknown,2,jun,3,-1,0,unknown,0
44,1,0,0,0,0,0,0,0,0,0,0,0,1,0,0,1,0,0,0,647,0,0,unknown,16,jun,2,-1,0,unknown,0
30,0,0,0,0,0,0,1,0,0,0,0,0,0,1,0,0,1,0,0,278,1,0,cellular,15,may,1,-1,0,unknown,0
22,0,0,0,0,0,0,0,0,1,0,0,0,0,1,0,0,1,0,0,2138,0,1,cellular,10,aug,1,109,2,other,1
26,0,1,0,0,0,0,0,0,0,0,0,0,0,1,0,0,1,0,0,639,1,0,unknown,6,jun,5,-1,0,unknown,1
40,0,0,0,0,0,0,1,0,0,0,0,0,1,0,0,0,1,0,0,2574,1,0,cellular,20,nov,1,-1,0,unknown,0
26,0,0,0,1,0,0,0,0,0,0,0,0,0,1,0,0,0,1,0,102,1,0,unknown,9,may,1,-1,0,unknown,0
55,0,0,0,0,0,0,0,1,0,0,0,0,1,0,0,0,1,0,0,761,1,0,telephone,11,may,1,-1,0,unknown,0
40,0,1,0,0,0,0,0,0,0,0,0,0,1,0,0,0,1,0,0,56,0,0,cellular,29,aug,2,-1,0,unknown,0
25,0,0,0,0,0,0,0,0,0,0,0,1,0,1,0,0,1,0,0,154,0,0,cellular,2,sep,1,183,3,success,1
44,0,0,0,0,0,0,0,0,1,0,0,0,0,1,0,1,0,0,0,2734,1,0,cellular,12,may,4,-1,0,unknown,1
23,0,0,0,0,0,0,0,1,0,0,0,0,0,1,0,0,1,0,0,870,0,0,cellular,29,dec,1,176,4,success,1
23,0,1,0,0,0,0,0,0,0,0,0,0,0,1,0,1,0,0,0,1129,1,0,unknown,28,may,1,-1,0,unknown,1
35,0,0,0,1,0,0,0,0,0,0,0,0,1,0,0,0,0,1,0,2878,1,0,cellular,18,nov,2,-1,0,unknown,0
33,0,0,0,0,0,0,1,0,0,0,0,0,0,1,0,0,1,0,0,555,1,0,cellular,9,sep,1,365,1,success,1
55,1,0,0,0,0,0,0,0,0,0,0,0,0,0,1,1,0,0,0,668,0,0,cellular,28,aug,6,-1,0,unknown,0
49,0,0,0,0,0,0,0,1,0,0,0,0,0,0,1,0,1,0,0,947,0,0,unknown,20,jun,2,-1,0,unknown,1
39,0,0,1,0,0,0,0,0,0,0,0,0,1,0,0,1,0,0,0,5848,1,0,cellular,19,nov,1,-1,0,unknown,0
43,0,1,0,0,0,0,0,0,0,0,0,0,1,0,0,0,1,0,0,0,0,0,cellular,19,aug,3,-1,0,unknown,0
52,1,0,0,0,0,0,0,0,0,0,0,0,1,0,0,1,0,0,0,-2712,1,1,cellular,2,apr,1,-1,0,unknown,0
36,0,0,0,1,0,0,0,0,0,0,0,0,1,0,0,0,0,1,0,856,1,0,cellular,31,jul,10,-1,0,unknown,0
31,1,0,0,0,0,0,0,0,0,0,0,0,0,1,0,1,0,0,0,147,0,0,cellular,9,jun,2,92,3,success,1
50,0,0,0,1,0,0,0,0,0,0,0,0,1,0,0,0,0,1,0,82,0,0,telephone,5,apr,1,-1,0,unknown,1
35,0,0,0,1,1,0,0,0,0,0,0,0,1,0,0,0,0,0,0,1201,0,0,unknown,18,jun,1,-1,0,unknown,1
45,0,1,0,0,0,0,0,0,0,0,0,0,0,1,0,0,1,0,0,11,0,0,cellular,22,aug,1,-1,0,unknown,0
61,0,0,0,0,0,1,0,0,0,0,0,0,0,0,1,0,1,0,0,927,0,0,cellular,30,apr,3,-1,0,unknown,1
46,0,1,0,0,0,0,0,0,0,0,0,0,1,0,0,1,0,0,0,0,0,0,cellular,20,nov,1,167,1,failure,1
43,0,1,0,0,0,0,0,0,0,0,0,0,1,0,0,1,0,0,0,2643,0,0,cellular,12,aug,3,100,5,success,1
30,0,0,0,0,0,0,0,1,0,0,0,0,1,0,0,0,1,0,0,1399,0,0,cellular,28,jul,6,-1,0,unknown,0
44,0,0,0,1,0,0,0,0,0,0,0,0,0,1,0,0,1,0,0,712,1,1,cellular,6,apr,3,-1,0,unknown,1
45,0,0,0,1,0,0,0,0,0,0,0,0,0,1,0,0,1,0,0,636,1,0,unknown,16,may,4,-1,0,unknown,0
28,0,0,0,0,0,0,1,0,0,0,0,0,1,0,0,0,1,0,0,147,1,1,cellular,26,may,1,-1,0,unknown,0
60,1,0,0,0,0,0,0,0,0,0,0,0,0,0,1,1,0,0,0,366,0,0,cellular,3,jun,1,-1,0,unknown,1
32,0,1,0,0,0,0,0,0,0,0,0,0,1,0,0,0,1,0,0,367,1,0,cellular,11,may,2,276,3,failure,0
35,0,0,0,0,0,0,1,0,0,0,0,0,0,1,0,0,1,0,0,0,0,1,cellular,7,jul,1,-1,0,unknown,0
48,0,0,0,1,0,0,0,0,0,0,0,0,1,0,0,0,0,1,0,1850,1,0,cellular,29,jul,1,-1,0,unknown,0
42,0,0,1,0,0,0,0,0,0,0,0,0,1,0,0,0,0,1,0,198,1,0,unknown,8,may,1,-1,0,unknown,0
70,0,0,0,0,0,1,0,0,0,0,0,0,1,0,0,0,1,0,0,2384,0,0,cellular,30,oct,2,-1,0,unknown,1
32,0,1,0,0,0,0,0,0,0,0,0,0,0,1,0,0,1,0,0,540,0,1,cellular,29,jan,1,-1,0,unknown,1
44,0,0,0,0,0,0,1,0,0,0,0,0,0,1,0,0,1,0,0,1534,0,0,cellular,10,nov,1,95,3,success,1
34,0,0,0,0,0,0,0,0,0,1,0,0,0,1,0,1,0,0,0,1974,0,0,cellular,22,jul,1,342,3,success,1
26,1,0,0,0,0,0,0,0,0,0,0,0,0,1,0,1,0,0,0,222,0,0,cellular,26,oct,1,120,3,success,1
48,0,0,0,1,0,0,0,0,0,0,0,0,1,0,0,0,1,0,0,149,1,0,unknown,9,may,1,-1,0,unknown,0
32,0,0,0,0,0,0,0,1,0,0,0,0,0,1,0,1,0,0,0,143,1,1,cellular,22,jul,3,-1,0,unknown,0
43,0,0,0,0,0,0,1,0,0,0,0,0,0,1,0,0,1,0,0,35,0,0,telephone,9,nov,1,-1,0,unknown,0
37,1,0,0,0,0,0,0,0,0,0,0,0,1,0,0,1,0,0,0,1276,0,0,cellular,16,nov,1,94,2,success,1
77,0,0,0,0,0,1,0,0,0,0,0,0,1,0,0,1,0,0,0,0,0,0,cellular,16,oct,1,60,1,success,1
32,0,0,0,0,0,0,0,1,0,0,0,0,0,1,0,0,1,0,0,152,1,0,cellular,25,may,2,-1,0,unknown,1
48,0,0,0,0,0,0,0,1,0,0,0,0,0,1,0,0,1,0,0,0,1,1,cellular,5,may,1,-1,0,unknown,0
32,1,0,0,0,0,0,0,0,0,0,0,0,0,1,0,1,0,0,0,12569,0,0,cellular,1,jul,2,295,2,success,1
25,0,0,0,1,0,0,0,0,0,0,0,0,0,1,0,0,1,0,0,1857,1,0,cellular,13,apr,4,187,6,success,1
37,0,0,0,1,0,0,0,0,0,0,0,0,1,0,0,0,0,1,0,106,1,0,cellular,25,aug,1,392,13,failure,1
61,1,0,0,0,0,0,0,0,0,0,0,0,1,0,0,0,1,0,0,1471,0,0,cellular,13,nov,1,93,2,failure,0
29,0,0,0,0,0,0,0,1,0,0,0,0,0,0,1,0,1,0,0,-7,1,0,cellular,13,may,3,-1,0,unknown,1
32,0,0,0,1,0,0,0,0,0,0,0,0,0,1,0,0,1,0,0,811,1,0,cellular,14,may,1,-1,0,unknown,1
55,1,0,0,0,0,0,0,0,0,0,0,0,1,0,0,0,1,0,0,964,0,0,cellular,3,feb,3,-1,0,unknown,0
28,0,0,0,1,0,0,0,0,0,0,0,0,0,1,0,0,1,0,0,416,1,0,unknown,13,may,2,-1,0,unknown,0
47,0,0,0,1,0,0,0,0,0,0,0,0,1,0,0,0,1,0,0,292,0,0,cellular,10,feb,1,-1,0,unknown,1
41,0,0,0,0,0,0,1,0,0,0,0,0,1,0,0,0,1,0,0,55,1,0,unknown,8,may,2,-1,0,unknown,1
32,0,1,0,0,0,0,0,0,0,0,0,0,0,1,0,1,0,0,0,1855,0,0,cellular,15,sep,2,134,1,other,1
48,0,0,0,1,0,0,0,0,0,0,0,0,1,0,0,0,1,0,0,3008,1,1,cellular,18,nov,1,187,3,failure,0
28,0,0,0,0,0,0,0,1,0,0,0,0,0,1,0,0,1,0,0,217,1,0,cellular,9,feb,3,-1,0,unknown,0
55,0,0,0,1,0,0,0,0,0,0,0,0,1,0,0,0,0,1,0,3485,0,0,cellular,18,aug,4,-1,0,unknown,1
31,0,0,0,0,0,0,1,0,0,0,0,0,0,1,0,0,1,0,0,19,1,0,cellular,18,nov,1,-1,0,unknown,1
30,0,0,0,0,1,0,0,0,0,0,0,1,0,1,0,0,0,0,0,4468,0,0,cellular,2,feb,1,-1,0,unknown,1
30,0,1,0,0,0,0,0,0,0,0,0,0,1,0,0,1,0,0,0,541,1,0,unknown,26,may,2,-1,0,unknown,1
30,0,0,0,0,0,0,0,0,0,0,1,0,0,1,0,1,0,0,0,19,0,0,cellular,4,aug,1,92,5,success,1
56,0,0,0,1,0,0,0,0,0,0,0,0,0,1,0,0,1,0,0,663,0,1,cellular,8,jul,3,-1,0,unknown,1
54,0,1,0,0,0,0,0,0,0,0,0,0,1,0,0,0,1,0,0,2102,1,0,cellular,5,apr,1,626,2,failure,1
93,0,0,0,0,1,1,0,0,0,0,0,0,1,0,0,0,0,0,0,775,0,0,cellular,4,aug,2,13,9,success,1
45,0,0,0,1,0,0,0,0,0,0,0,0,1,0,0,0,0,1,0,-175,1,1,unknown,28,may,2,-1,0,unknown,0
66,0,0,0,0,0,1,0,0,0,0,0,0,1,0,0,0,1,0,0,203,0,0,cellular,18,jan,1,195,1,success,1
33,0,0,0,0,0,0,1,0,0,0,0,0,1,0,0,0,1,0,0,920,0,0,cellular,16,nov,1,95,2,failure,1
26,0,0,0,1,0,0,0,0,0,0,0,0,0,1,0,0,1,0,0,5005,0,1,cellular,3,apr,1,-1,0,unknown,1
39,1,0,0,0,0,0,0,0,0,0,0,0,1,0,0,1,0,0,0,481,0,0,cellular,7,dec,5,189,1,other,1
57,0,0,0,0,0,1,0,0,0,0,0,0,1,0,0,0,1,0,0,3738,1,0,cellular,19,apr,1,367,7,success,0
57,0,0,0,0,0,0,1,0,0,0,0,0,0,1,0,0,1,0,0,2223,0,0,cellular,12,aug,1,-1,0,unknown,1
32,0,1,0,0,0,0,0,0,0,0,0,0,0,1,0,1,0,0,0,1246,1,0,cellular,30,apr,1,85,2,success,1
30,0,0,0,0,0,0,0,0,0,1,0,0,0,1,0,1,0,0,0,1622,0,0,cellular,19,nov,1,-1,0,unknown,0
44,0,0,0,1,0,0,0,0,0,0,0,0,0,1,0,0,1,0,0,-292,1,0,unknown,2,jun,7,-1,0,unknown,0
31,1,0,0,0,0,0,0,0,0,0,0,0,1,0,0,1,0,0,0,4148,1,0,cellular,21,nov,3,99,9,other,1
32,1,0,0,0,0,0,0,0,0,0,0,0,0,1,0,1,0,0,0,4582,1,0,cellular,20,nov,3,-1,0,unknown,0
32,0,0,0,0,0,0,1,0,0,0,0,0,1,0,0,0,1,0,0,35,0,0,cellular,17,dec,3,126,3,success,1
33,1,0,0,0,0,0,0,0,0,0,0,0,0,1,0,1,0,0,0,0,0,0,unknown,3,jun,1,-1,0,unknown,0
31,0,0,0,1,0,0,0,0,0,0,0,0,0,1,0,0,1,0,0,2093,0,0,cellular,7,jul,1,-1,0,unknown,0
32,1,0,0,0,0,0,0,0,0,0,0,0,0,1,0,1,0,0,0,0,1,0,cellular,22,jul,2,-1,0,unknown,0
58,0,1,0,0,0,0,0,0,0,0,0,0,1,0,0,0,1,0,0,99,0,0,telephone,22,sep,2,-1,0,unknown,1
31,0,0,0,1,0,0,0,0,0,0,0,0,1,0,0,0,1,0,0,557,1,1,unknown,27,may,1,-1,0,unknown,0
28,0,0,0,1,0,0,0,0,0,0,0,0,1,0,0,0,1,0,0,214,1,1,cellular,24,jul,3,-1,0,unknown,0
50,0,1,0,0,1,0,0,0,0,0,0,0,0,0,1,0,0,0,0,2794,0,0,cellular,12,aug,2,-1,0,unknown,1
49,1,0,0,0,0,0,0,0,0,0,0,0,1,0,0,1,0,0,0,4374,1,0,cellular,31,jul,3,-1,0,unknown,0
34,0,0,0,1,0,0,0,0,0,0,0,0,1,0,0,0,1,0,0,751,1,1,cellular,17,nov,1,-1,0,unknown,1
32,1,0,0,0,0,0,0,0,0,0,0,0,0,1,0,0,1,0,0,2018,0,0,cellular,11,aug,1,-1,0,unknown,1
53,0,1,0,0,0,0,0,0,0,0,0,0,1,0,0,0,1,0,0,1982,1,1,cellular,27,nov,1,-1,0,unknown,1
25,0,0,0,1,0,0,0,0,0,0,0,0,0,1,0,0,1,0,0,-247,1,0,cellular,23,jul,1,-1,0,unknown,1
33,0,0,0,0,0,0,1,0,0,0,0,0,1,0,0,0,1,0,0,82,1,0,cellular,25,jul,1,-1,0,unknown,1
38,0,0,0,0,0,0,0,0,0,0,1,0,0,0,1,0,0,1,0,359,0,0,unknown,9,jun,4,-1,0,unknown,0
26,0,0,0,0,0,0,0,0,0,0,0,1,0,1,0,1,0,0,0,39,0,0,cellular,26,may,3,-1,0,unknown,1
55,0,0,0,0,0,0,1,0,0,0,0,0,0,0,1,0,1,0,0,873,1,1,unknown,3,jun,1,-1,0,unknown,0
49,1,0,0,0,0,0,0,0,0,0,0,0,0,0,1,1,0,0,1,0,1,0,unknown,12,may,2,-1,0,unknown,0
36,0,0,0,0,0,0,0,0,0,0,0,1,0,1,0,1,0,0,0,129,0,0,cellular,27,oct,1,-1,0,unknown,1
65,1,0,0,0,0,0,0,0,0,0,0,0,0,0,1,1,0,0,0,90,1,0,cellular,22,apr,1,-1,0,unknown,1
39,0,0,0,0,0,0,0,0,1,0,0,0,1,0,0,0,1,0,0,1317,0,0,unknown,17,jun,4,-1,0,unknown,0
59,0,0,0,1,0,0,0,0,0,0,0,0,1,0,0,0,1,0,0,448,0,0,unknown,8,jun,1,651,7,other,0
26,1,0,0,0,0,0,0,0,0,0,0,0,0,1,0,1,0,0,0,4116,1,0,cellular,5,may,1,-1,0,unknown,0
39,0,0,0,1,0,0,0,0,0,0,0,0,1,0,0,0,1,0,0,497,0,0,unknown,6,jun,4,-1,0,unknown,0
28,0,0,0,0,0,0,0,1,0,0,0,0,0,1,0,0,1,0,0,0,0,0,cellular,2,feb,1,206,2,other,0
42,1,0,0,0,0,0,0,0,0,0,0,0,1,0,0,1,0,0,0,157,1,1,cellular,28,jan,1,-1,0,unknown,0
42,0,0,0,1,0,0,0,0,0,0,0,0,1,0,0,0,1,0,0,227,1,1,cellular,29,jan,3,-1,0,unknown,0
52,0,0,0,1,0,0,0,0,0,0,0,0,0,1,0,0,1,0,0,288,1,0,cellular,8,jul,2,-1,0,unknown,0
60,1,0,0,0,1,0,0,0,0,0,0,0,1,0,0,0,0,0,0,264,0,0,telephone,1,feb,1,-1,0,unknown,1
39,0,1,0,0,0,0,0,0,0,0,0,0,0,1,0,0,1,0,0,1022,1,0,unknown,20,may,2,-1,0,unknown,1
27,0,1,0,0,0,0,0,0,0,0,0,0,0,1,0,1,0,0,0,290,0,0,cellular,10,aug,1,-1,0,unknown,0
29,0,0,0,1,0,0,0,0,0,0,0,0,0,1,0,0,1,0,0,482,0,1,cellular,10,jul,3,-1,0,unknown,1
60,0,0,0,0,0,1,0,0,0,0,0,0,1,0,0,1,0,0,0,108,0,0,cellular,26,aug,1,-1,0,unknown,1
41,0,0,0,1,0,0,0,0,0,0,0,0,0,0,1,0,0,1,0,0,0,0,cellular,30,jul,2,-1,0,unknown,1
59,0,0,0,0,0,1,0,0,0,0,0,0,1,0,0,0,0,1,0,0,0,0,unknown,18,jun,1,-1,0,unknown,0
35,0,0,0,1,0,0,0,0,0,0,0,0,1,0,0,0,0,1,0,828,0,0,unknown,2,jun,8,-1,0,unknown,0
39,0,1,0,0,0,0,0,0,0,0,0,0,0,0,1,0,1,0,0,291,1,0,cellular,7,may,2,-1,0,unknown,1
37,0,0,0,0,0,0,0,0,0,0,1,0,1,0,0,0,0,1,0,2410,0,0,cellular,4,aug,1,-1,0,unknown,0
48,1,0,0,0,0,0,0,0,0,0,0,0,0,0,1,1,0,0,0,1492,1,0,unknown,26,may,2,-1,0,unknown,0
30,0,0,0,0,0,0,0,1,0,0,0,0,0,1,0,0,1,0,0,63,0,0,unknown,13,aug,1,-1,0,unknown,0
39,0,0,0,1,0,0,0,0,0,0,0,0,1,0,0,0,0,1,0,-197,1,0,unknown,20,may,2,-1,0,unknown,0
38,0,0,0,1,0,0,0,0,0,0,0,0,1,0,0,0,1,0,0,2467,0,0,cellular,2,jun,1,-1,0,unknown,1
36,0,0,0,0,0,0,0,0,0,0,1,0,0,1,0,0,1,0,0,7171,1,0,unknown,20,may,2,-1,0,unknown,0
51,0,0,0,0,0,0,0,1,0,0,0,0,0,0,1,0,1,0,0,65,0,1,cellular,15,jul,1,-1,0,unknown,1
54,1,0,0,0,0,0,0,0,0,0,0,0,0,0,1,1,0,0,0,1295,1,0,cellular,21,jul,10,-1,0,unknown,0
30,0,0,0,0,0,0,1,0,0,0,0,0,0,1,0,1,0,0,0,0,1,0,cellular,4,feb,2,-1,0,unknown,1
37,0,0,0,0,0,0,0,1,0,0,0,0,0,1,0,1,0,0,0,72,1,0,cellular,13,may,2,370,1,failure,0
19,0,0,0,0,0,0,0,0,0,0,0,1,0,1,0,0,1,0,0,372,0,0,telephone,8,jul,3,-1,0,unknown,1
27,0,1,0,0,0,0,0,0,0,0,0,0,0,1,0,0,1,0,0,126,1,1,cellular,4,jul,4,-1,0,unknown,0
53,0,0,0,1,0,0,0,0,0,0,0,0,1,0,0,0,1,0,0,6112,0,0,cellular,3,feb,1,-1,0,unknown,1
45,1,0,0,0,0,0,0,0,0,0,0,0,1,0,0,1,0,0,0,547,0,0,cellular,2,feb,1,-1,0,unknown,1
32,0,0,0,0,0,0,0,0,0,0,1,0,1,0,0,0,1,0,0,3469,0,0,cellular,7,aug,2,-1,0,unknown,0
75,0,0,0,0,0,1,0,0,0,0,0,0,1,0,0,1,0,0,0,6027,0,0,cellular,14,may,1,179,4,success,1
46,0,0,1,0,0,0,0,0,0,0,0,0,1,0,0,1,0,0,0,954,1,1,cellular,4,feb,2,-1,0,unknown,0
60,1,0,0,0,0,0,0,0,0,0,0,0,1,0,0,1,0,0,0,3401,0,0,cellular,30,oct,1,270,1,failure,1
34,0,0,0,0,0,0,1,0,0,0,0,0,0,1,0,1,0,0,0,4254,1,0,cellular,21,nov,1,-1,0,unknown,1
32,0,0,0,1,0,0,0,0,0,0,0,0,1,0,0,0,1,0,0,3144,1,0,unknown,23,may,2,-1,0,unknown,0
61,0,0,0,0,0,0,0,0,1,0,0,0,0,0,1,1,0,0,0,6,1,0,cellular,14,apr,2,-1,0,unknown,1
44,0,0,0,0,0,0,1,0,0,0,0,0,0,0,1,0,1,0,0,163,1,0,cellular,14,jul,2,-1,0,unknown,1
38,0,0,0,0,0,0,0,0,1,0,0,0,1,0,0,0,0,1,0,215,1,0,cellular,8,may,2,353,1,other,0
31,0,1,0,0,0,0,0,0,0,0,0,0,0,1,0,1,0,0,0,252,0,0,cellular,8,jun,3,-1,0,unknown,1
33,1,0,0,0,0,0,0,0,0,0,0,0,0,0,1,1,0,0,0,990,1,0,cellular,24,jul,2,-1,0,unknown,1
37,0,0,0,0,0,0,0,0,1,0,0,0,1,0,0,0,1,0,0,119,0,0,cellular,25,aug,4,-1,0,unknown,0
33,1,0,0,0,0,0,0,0,0,0,0,0,0,0,1,1,0,0,0,5550,1,0,cellular,13,may,2,278,4,failure,0
27,0,0,0,0,0,0,0,1,0,0,0,0,0,1,0,0,1,0,0,-124,0,0,cellular,18,jul,1,-1,0,unknown,0
56,0,0,0,0,0,0,1,0,0,0,0,0,0,1,0,0,1,0,0,3309,1,0,cellular,14,may,1,-1,0,unknown,0
27,0,0,0,0,0,0,0,0,0,0,0,1,0,1,0,0,1,0,0,253,0,0,cellular,25,may,2,-1,0,unknown,1
42,1,0,0,0,0,0,0,0,0,0,0,0,0,1,0,1,0,0,0,11008,0,0,cellular,28,jul,6,405,1,success,1
33,0,0,0,0,0,0,1,0,0,0,0,0,1,0,0,0,1,0,0,0,1,0,telephone,17,jul,7,-1,0,unknown,1
42,0,0,0,0,0,0,0,1,0,0,0,0,1,0,0,1,0,0,0,4216,0,0,cellular,12,jun,2,-1,0,unknown,1
53,0,0,0,1,0,0,0,0,0,0,0,0,1,0,0,0,1,0,0,143,1,0,cellular,7,jul,5,-1,0,unknown,0
45,0,1,0,0,0,0,0,0,0,0,0,0,1,0,0,0,1,0,0,1,1,0,cellular,17,nov,1,-1,0,unknown,0
31,1,0,0,0,0,0,0,0,0,0,0,0,1,0,0,1,0,0,0,877,0,0,cellular,9,sep,1,92,8,success,1
38,0,1,0,0,0,0,0,0,0,0,0,0,1,0,0,0,1,0,0,0,1,0,cellular,22,jul,1,-1,0,unknown,1
23,0,0,0,1,0,0,0,0,0,0,0,0,0,1,0,0,1,0,0,780,1,0,cellular,15,may,1,-1,0,unknown,1
32,0,0,0,1,0,0,0,0,0,0,0,0,0,0,1,0,1,0,0,658,0,0,cellular,20,nov,2,-1,0,unknown,0
36,0,0,0,1,0,0,0,0,0,0,0,0,1,0,0,0,1,0,0,1482,1,0,cellular,21,nov,1,-1,0,unknown,0
27,0,0,0,1,0,0,0,0,0,0,0,0,0,1,0,0,1,0,0,3792,0,0,cellular,22,oct,1,183,2,success,1
31,1,0,0,0,0,0,0,0,0,0,0,0,1,0,0,1,0,0,0,1224,1,1,cellular,24,jul,2,-1,0,unknown,1
54,0,0,0,0,0,0,1,0,0,0,0,0,0,0,1,0,1,0,0,791,0,1,cellular,10,jul,1,-1,0,unknown,0
39,0,0,0,0,0,0,0,0,0,1,0,0,0,1,0,1,0,0,0,7,1,0,cellular,20,nov,4,-1,0,unknown,1
45,0,1,0,0,0,0,0,0,0,0,0,0,1,0,0,0,1,0,0,1831,0,0,cellular,27,may,2,-1,0,unknown,1
43,1,0,0,0,0,0,0,0,0,0,0,0,1,0,0,1,0,0,0,240,1,0,cellular,16,apr,1,-1,0,unknown,1
33,0,0,1,0,0,0,0,0,0,0,0,0,1,0,0,0,1,0,1,-54,0,1,cellular,8,jul,1,-1,0,unknown,0
50,0,1,0,0,0,0,0,0,0,0,0,0,1,0,0,0,1,0,0,1616,1,1,unknown,4,jun,11,-1,0,unknown,0
40,1,0,0,0,0,0,0,0,0,0,0,0,1,0,0,1,0,0,0,2763,1,0,cellular,2,jul,1,395,2,success,1
45,0,0,0,0,0,0,0,1,0,0,0,0,1,0,0,0,1,0,0,1259,1,0,unknown,6,may,1,-1,0,unknown,0
42,0,0,0,1,0,0,0,0,0,0,0,0,1,0,0,0,0,1,0,1461,1,0,cellular,7,may,2,170,3,failure,1
33,1,0,0,0,0,0,0,0,0,0,0,0,0,0,1,1,0,0,0,2240,0,0,cellular,3,jun,1,-1,0,unknown,1
54,1,0,0,0,0,0,0,0,0,0,0,0,0,0,1,1,0,0,0,12018,1,0,cellular,21,dec,2,-1,0,unknown,1
33,0,1,0,0,0,0,0,0,0,0,0,0,1,0,0,1,0,0,0,17455,1,1,cellular,18,nov,3,179,4,failure,0
44,1,0,0,0,0,0,0,0,0,0,0,0,1,0,0,1,0,0,0,1791,0,0,cellular,11,feb,1,190,1,success,1
56,0,0,0,1,0,0,0,0,0,0,0,0,1,0,0,0,1,0,0,297,0,1,telephone,27,aug,16,-1,0,unknown,0
33,1,0,0,0,0,0,0,0,0,0,0,0,0,1,0,1,0,0,0,215,1,0,cellular,13,apr,1,17,1,failure,0
52,0,1,0,0,0,0,0,0,0,0,0,0,0,1,0,0,1,0,0,436,0,1,unknown,22,mar,1,-1,0,unknown,1
29,0,1,0,0,0,0,0,0,0,0,0,0,0,1,0,1,0,0,0,615,1,0,cellular,18,may,1,-1,0,unknown,1
47,0,0,0,0,1,0,1,0,0,0,0,0,1,0,0,0,0,0,0,66,0,0,cellular,7,aug,1,-1,0,unknown,1
38,0,0,0,0,0,0,0,1,0,0,0,0,0,0,1,0,1,0,0,-10,1,0,unknown,17,jun,2,-1,0,unknown,0
32,1,0,0,0,0,0,0,0,0,0,0,0,1,0,0,1,0,0,0,0,0,0,cellular,19,aug,6,-1,0,unknown,0
28,0,0,0,0,0,0,1,0,0,0,0,0,1,0,0,0,1,0,0,629,0,0,cellular,2,feb,4,-1,0,unknown,0
51,0,0,0,1,0,0,0,0,0,0,0,0,1,0,0,0,0,1,0,0,1,1,cellular,25,jul,3,-1,0,unknown,1
59,0,0,0,0,0,0,1,0,0,0,0,0,1,0,0,0,0,1,0,1040,0,0,telephone,31,jul,1,-1,0,unknown,0
35,1,0,0,0,0,0,0,0,0,0,0,0,1,0,0,1,0,0,0,-4,0,0,cellular,8,aug,2,-1,0,unknown,0
30,0,0,0,0,0,0,0,1,0,0,0,0,1,0,0,0,1,0,0,517,0,0,cellular,11,dec,2,-1,0,unknown,1
40,0,0,0,1,0,0,0,0,0,0,0,0,1,0,0,0,1,0,0,1954,0,0,cellular,31,jul,2,-1,0,unknown,1
29,0,1,0,0,0,0,0,0,0,0,0,0,1,0,0,0,1,0,0,782,1,0,unknown,16,may,1,-1,0,unknown,0
31,0,0,0,1,0,0,0,0,0,0,0,0,0,1,0,0,1,0,0,1139,1,0,cellular,22,jul,1,-1,0,unknown,0
33,1,0,0,0,0,0,0,0,0,0,0,0,0,1,0,1,0,0,0,816,1,0,cellular,11,oct,2,503,2,failure,1
42,0,0,0,0,0,0,1,0,0,0,0,0,1,0,0,0,1,0,0,-465,0,1,cellular,23,jul,1,-1,0,unknown,0
26,0,0,0,0,0,0,1,0,0,0,0,0,0,1,0,0,1,0,0,0,1,0,cellular,13,may,3,-1,0,unknown,0
56,0,0,0,0,0,1,0,0,0,0,0,0,1,0,0,0,1,0,0,3738,1,0,cellular,17,apr,1,305,6,other,1
28,0,0,0,0,0,0,1,0,0,0,0,0,0,1,0,1,0,0,0,832,0,0,telephone,29,mar,3,342,1,failure,1
36,1,0,0,0,0,0,0,0,0,0,0,0,0,1,0,0,1,0,0,1511,1,0,cellular,16,nov,1,-1,0,unknown,1
48,1,0,0,0,0,0,0,0,0,0,0,0,0,0,1,1,0,0,0,2263,0,0,cellular,29,jul,2,-1,0,unknown,1
31,0,0,0,0,0,0,1,0,0,0,0,0,0,1,0,0,1,0,0,0,0,0,cellular,17,apr,3,-1,0,unknown,1
37,0,0,0,0,0,0,1,0,0,0,0,0,1,0,0,0,1,0,0,18,1,1,unknown,28,may,4,-1,0,unknown,0
25,1,0,0,0,0,0,0,0,0,0,0,0,0,1,0,1,0,0,0,362,0,0,cellular,3,jun,2,-1,0,unknown,1
31,1,0,0,0,0,0,0,0,0,0,0,0,0,0,1,1,0,0,0,294,1,0,cellular,17,jul,5,-1,0,unknown,1
34,0,0,0,1,0,0,0,0,0,0,0,0,0,1,0,0,0,1,0,359,1,0,unknown,9,may,3,-1,0,unknown,0
37,0,0,0,0,1,0,0,0,0,0,1,0,1,0,0,0,0,0,0,0,0,0,telephone,30,jul,4,-1,0,unknown,0
30,0,1,0,0,0,0,0,0,0,0,0,0,0,1,0,1,0,0,0,53,0,0,cellular,29,apr,1,-1,0,unknown,1
52,0,0,0,1,0,0,0,0,0,0,0,0,1,0,0,0,0,1,0,1409,1,0,unknown,19,jun,1,-1,0,unknown,0
60,0,0,0,0,0,0,1,0,0,0,0,0,1,0,0,0,1,0,0,3735,0,0,cellular,22,dec,1,188,9,success,1
36,0,0,1,0,0,0,0,0,0,0,0,0,1,0,0,0,0,1,0,3352,0,0,cellular,10,jul,1,-1,0,unknown,0
30,0,0,0,1,0,0,0,0,0,0,0,0,1,0,0,0,0,1,0,1023,1,0,unknown,21,may,3,-1,0,unknown,0
50,0,1,0,0,0,0,0,0,0,0,0,0,1,0,0,0,1,0,0,2218,1,0,cellular,17,aug,1,-1,0,unknown,1
32,0,0,0,1,0,0,0,0,0,0,0,0,1,0,0,0,1,0,0,225,1,0,cellular,17,apr,1,150,1,failure,1
33,0,0,0,1,0,0,0,0,0,0,0,0,1,0,0,0,1,0,0,315,0,0,cellular,4,feb,3,-1,0,unknown,1
55,0,1,0,0,0,0,0,0,0,0,0,0,1,0,0,0,1,0,0,303,0,1,cellular,13,aug,2,-1,0,unknown,0
32,1,0,0,0,0,0,0,0,0,0,0,0,0,1,0,1,0,0,0,15561,1,0,cellular,28,jul,3,-1,0,unknown,0
22,1,0,0,0,0,0,0,0,0,0,0,0,0,1,0,1,0,0,0,104,0,1,cellular,18,oct,1,185,3,success,1
30,0,0,0,1,0,0,0,0,0,0,0,0,1,0,0,0,0,1,0,99,1,0,telephone,14,may,1,-1,0,unknown,0
32,0,0,0,1,0,0,0,0,0,0,0,0,0,1,0,0,1,0,0,217,1,0,cellular,15,may,3,-1,0,unknown,1
56,1,0,0,0,0,0,0,0,0,0,0,0,1,0,0,1,0,0,0,616,0,0,cellular,13,aug,2,105,2,success,1
42,0,0,0,1,0,0,0,0,0,0,0,0,1,0,0,0,1,0,0,88,1,0,cellular,12,may,2,-1,0,unknown,0
57,0,0,0,0,0,1,0,0,0,0,0,0,1,0,0,0,1,0,0,1841,0,0,telephone,5,jun,1,-1,0,unknown,1
31,0,0,0,0,0,0,1,0,0,0,0,0,0,1,0,0,1,0,0,112,1,0,cellular,22,jul,7,-1,0,unknown,0
32,0,0,0,1,0,0,0,0,0,0,0,0,1,0,0,0,0,1,0,3136,1,0,cellular,19,nov,1,-1,0,unknown,1
26,0,0,0,0,0,0,0,1,0,0,0,0,0,1,0,0,1,0,1,-599,1,1,unknown,30,may,3,-1,0,unknown,0
45,1,0,0,0,0,0,0,0,0,0,0,0,1,0,0,1,0,0,0,160,0,0,cellular,10,nov,2,194,1,success,1
40,1,0,0,0,0,0,0,0,0,0,0,0,1,0,0,1,0,0,0,294,1,0,cellular,23,jul,5,-1,0,unknown,0
43,0,0,0,1,0,0,0,0,0,0,0,0,1,0,0,0,1,0,0,2,1,1,cellular,8,may,5,-1,0,unknown,0
25,0,0,0,0,0,0,0,1,0,0,0,0,1,0,0,0,1,0,0,-282,1,1,cellular,25,jul,1,-1,0,unknown,0
27,0,0,0,1,0,0,0,0,0,0,0,0,0,1,0,0,1,0,1,-27,0,0,unknown,23,jun,2,-1,0,unknown,1
36,1,0,0,0,1,0,0,0,0,0,0,0,0,1,0,0,0,0,0,62,0,0,cellular,13,jul,1,91,2,success,1
34,0,0,0,0,0,0,1,0,0,0,0,0,0,1,0,0,1,0,0,0,1,0,cellular,11,may,1,301,3,failure,0
48,0,0,0,1,0,0,0,0,0,0,0,0,0,0,1,0,1,0,1,-535,1,0,cellular,2,feb,2,187,2,failure,0
53,0,0,0,0,0,0,1,0,0,0,0,0,1,0,0,0,1,0,0,109,0,0,telephone,2,jun,1,-1,0,unknown,1
29,1,0,0,0,0,0,0,0,0,0,0,0,1,0,0,1,0,0,0,199,1,1,unknown,7,may,4,-1,0,unknown,1
51,1,0,0,0,0,0,0,0,0,0,0,0,1,0,0,1,0,0,0,346,0,0,cellular,12,feb,1,92,5,success,1
46,0,0,1,0,0,0,0,0,0,0,0,0,1,0,0,0,1,0,0,131,1,0,cellular,20,apr,2,-1,0,unknown,0
49,0,0,0,0,0,0,1,0,0,0,0,0,0,1,0,1,0,0,0,228,1,0,cellular,2,mar,1,-1,0,unknown,1
46,0,0,0,1,0,0,0,0,0,0,0,0,1,0,0,0,0,1,0,771,1,0,cellular,18,nov,1,-1,0,unknown,0
40,0,0,0,1,0,0,0,0,0,0,0,0,1,0,0,0,0,1,0,1136,1,0,unknown,21,may,1,-1,0,unknown,0
37,0,0,0,0,0,0,0,1,0,0,0,0,1,0,0,0,1,0,0,2915,0,0,cellular,26,may,2,-1,0,unknown,0
22,1,0,0,0,0,0,0,0,0,0,0,0,0,1,0,1,0,0,0,104,0,1,cellular,16,apr,3,-1,0,unknown,1
37,0,1,0,0,0,0,0,0,0,0,0,0,0,1,0,1,0,0,0,197,0,0,cellular,13,may,1,87,3,success,1
34,1,0,0,0,0,0,0,0,0,0,0,0,1,0,0,1,0,0,0,1006,1,0,cellular,19,nov,3,195,2,other,1
38,0,1,0,0,0,0,0,0,0,0,0,0,0,1,0,0,1,0,0,1711,0,0,telephone,30,sep,1,-1,0,unknown,1
53,0,0,0,0,0,0,1,0,0,0,0,0,1,0,0,0,1,0,0,53,1,0,cellular,18,may,1,-1,0,unknown,1
32,1,0,0,0,0,0,0,0,0,0,0,0,0,1,0,1,0,0,0,46,0,0,cellular,21,aug,6,-1,0,unknown,1
33,0,0,0,1,0,0,0,0,0,0,0,0,0,1,0,0,0,1,0,405,1,0,cellular,14,may,4,353,1,failure,0
34,0,0,0,0,0,0,0,0,0,1,0,0,0,0,1,1,0,0,1,530,1,0,cellular,7,may,1,-1,0,unknown,0
31,0,0,0,1,0,0,0,0,0,0,0,0,1,0,0,0,0,1,0,3007,1,0,unknown,9,may,1,-1,0,unknown,0
29,0,0,0,0,0,0,0,0,1,0,0,0,0,1,0,1,0,0,0,814,0,0,unknown,13,aug,1,-1,0,unknown,1
28,0,1,0,0,0,0,0,0,0,0,0,0,1,0,0,1,0,0,0,2925,1,0,cellular,20,apr,4,-1,0,unknown,0
26,0,1,0,0,0,0,0,0,0,0,0,0,0,1,0,0,1,0,0,1231,1,0,cellular,3,jun,2,96,5,success,1
43,0,0,0,0,0,0,0,1,0,0,0,0,0,0,1,0,1,0,0,957,0,1,cellular,22,jul,4,-1,0,unknown,0
42,1,0,0,0,0,0,0,0,0,0,0,0,0,0,1,1,0,0,0,0,0,0,unknown,6,jun,1,-1,0,unknown,0
52,0,0,0,0,0,0,1,0,0,0,0,0,1,0,0,0,1,0,0,1274,1,0,cellular,17,nov,1,-1,0,unknown,0
39,1,0,0,0,0,0,0,0,0,0,0,0,0,0,1,0,0,1,0,516,1,0,cellular,8,may,2,-1,0,unknown,0
43,1,0,0,0,0,0,0,0,0,0,0,0,1,0,0,1,0,0,0,2640,0,0,cellular,21,nov,4,-1,0,unknown,1
31,1,0,0,0,0,0,0,0,0,0,0,0,0,1,0,1,0,0,0,9421,0,0,cellular,25,nov,1,-1,0,unknown,1
43,1,0,0,0,0,0,0,0,0,0,0,0,0,1,0,1,0,0,0,776,0,0,telephone,18,may,9,-1,0,unknown,0
29,1,0,0,0,0,0,0,0,0,0,0,0,0,1,0,1,0,0,0,2753,0,0,cellular,30,apr,1,-1,0,unknown,1
31,0,0,0,0,0,0,0,0,1,0,0,0,0,1,0,1,0,0,0,144,1,0,unknown,16,may,1,-1,0,unknown,1
53,1,0,0,0,0,0,0,0,0,0,0,0,1,0,0,0,1,0,0,-264,0,1,cellular,2,feb,1,-1,0,unknown,0
43,0,0,0,0,0,1,0,0,0,0,0,0,0,0,1,0,0,1,0,5805,0,0,cellular,13,aug,5,-1,0,unknown,0
29,0,0,0,0,0,0,1,0,0,0,0,0,0,1,0,0,1,0,0,306,1,0,cellular,18,may,4,-1,0,unknown,1
46,0,0,0,1,0,0,0,0,0,0,0,0,1,0,0,0,0,1,0,2269,1,0,cellular,12,aug,2,-1,0,unknown,0
37,0,0,0,0,0,0,0,1,0,0,0,0,0,1,0,1,0,0,0,1189,0,0,cellular,13,sep,9,199,4,other,1
35,1,0,0,0,0,0,0,0,0,0,0,0,0,1,0,1,0,0,0,2928,1,0,cellular,18,nov,1,-1,0,unknown,0
59,0,0,0,0,0,0,0,0,0,0,1,0,1,0,0,0,0,1,0,37,0,1,cellular,15,jul,2,-1,0,unknown,0
28,0,1,0,0,0,0,0,0,0,0,0,0,1,0,0,0,1,0,0,742,0,0,cellular,26,may,1,-1,0,unknown,1
29,0,0,0,1,0,0,0,0,0,0,0,0,0,1,0,0,1,0,0,260,1,0,unknown,2,jun,14,-1,0,unknown,1
39,0,0,0,0,0,0,1,0,0,0,0,0,0,0,1,0,1,0,0,2610,0,0,unknown,6,jun,5,-1,0,unknown,0
58,0,1,0,0,0,0,0,0,0,0,0,0,1,0,0,0,1,0,0,589,1,0,cellular,10,feb,3,183,6,success,1
24,1,0,0,0,0,0,0,0,0,0,0,0,0,1,0,0,1,0,0,653,1,0,unknown,27,jun,3,-1,0,unknown,0
30,0,1,0,0,0,0,0,0,0,0,0,0,1,0,0,0,1,0,0,817,1,0,cellular,21,nov,3,91,4,failure,0
43,1,0,0,0,1,0,0,0,0,0,0,0,0,0,1,0,0,0,0,7702,0,0,cellular,22,may,1,95,2,success,1
77,0,0,0,0,0,1,0,0,0,0,0,0,1,0,0,1,0,0,0,0,0,0,cellular,17,aug,1,-1,0,unknown,1
30,0,0,0,0,0,0,0,0,0,0,0,1,0,1,0,1,0,0,0,228,1,0,cellular,13,may,2,-1,0,unknown,1
39,0,0,0,0,0,0,0,0,0,1,0,0,0,0,1,0,1,0,0,265,1,0,unknown,27,may,1,555,2,other,1
25,0,0,0,0,1,0,0,0,0,0,0,1,0,1,0,0,0,0,0,1003,0,0,cellular,12,aug,1,-1,0,unknown,1
32,0,0,0,1,0,0,0,0,0,0,0,0,1,0,0,0,0,1,0,1287,1,0,cellular,14,apr,2,-1,0,unknown,0
60,0,0,0,1,0,0,0,0,0,0,0,0,1,0,0,0,0,1,0,7929,0,0,unknown,1,apr,1,-1,0,unknown,1
48,0,1,0,0,0,0,0,0,0,0,0,0,0,1,0,1,0,0,0,0,0,0,unknown,16,jun,4,-1,0,unknown,0
35,1,0,0,0,0,0,0,0,0,0,0,0,0,1,0,1,0,0,0,2646,0,0,cellular,13,oct,1,182,1,success,1
40,0,0,0,0,0,0,0,1,0,0,0,0,1,0,0,0,1,0,0,446,1,0,unknown,16,may,1,-1,0,unknown,1
33,0,0,0,1,0,0,0,0,0,0,0,0,1,0,0,0,1,0,0,24,1,0,cellular,18,nov,1,-1,0,unknown,0
32,0,0,0,1,0,0,0,0,0,0,0,0,0,1,0,0,1,0,0,3662,0,0,telephone,28,jan,1,-1,0,unknown,0
58,0,0,0,0,0,1,0,0,0,0,0,0,1,0,0,0,0,1,0,5506,0,0,telephone,29,jul,4,-1,0,unknown,0
53,1,0,0,0,0,0,0,0,0,0,0,0,1,0,0,1,0,0,0,3754,0,0,cellular,22,apr,1,278,2,failure,1
51,0,1,0,0,1,0,0,0,0,0,0,0,0,0,1,0,0,0,0,1328,1,0,cellular,4,feb,1,251,1,failure,0
21,0,0,1,0,0,0,0,0,0,0,0,0,0,1,0,1,0,0,0,2077,0,0,cellular,5,aug,1,-1,0,unknown,1
52,0,0,0,0,0,1,0,0,0,0,0,0,1,0,0,0,1,0,0,414,0,0,cellular,28,jan,3,-1,0,unknown,0
25,0,0,0,0,0,0,1,0,0,0,0,0,0,1,0,0,1,0,0,1871,0,0,cellular,4,jun,1,-1,0,unknown,1
45,1,0,0,0,0,0,0,0,0,0,0,0,1,0,0,1,0,0,0,103,1,0,unknown,7,may,4,-1,0,unknown,0
32,0,1,0,0,0,0,0,0,0,0,0,0,1,0,0,1,0,0,0,2553,1,0,cellular,24,jul,7,-1,0,unknown,0
57,0,0,0,1,0,0,0,0,0,0,0,0,1,0,0,0,0,1,0,42,1,0,unknown,21,may,3,-1,0,unknown,0
59,0,0,0,1,0,0,0,0,0,0,0,0,1,0,0,0,0,1,0,320,1,0,unknown,15,may,1,-1,0,unknown,1
43,1,0,0,0,0,0,0,0,0,0,0,0,1,0,0,1,0,0,0,1059,0,1,cellular,1,jun,2,-1,0,unknown,1
56,0,0,0,1,0,0,0,0,0,0,0,0,1,0,0,0,0,1,0,6677,1,0,telephone,20,apr,4,-1,0,unknown,0
49,0,1,0,0,0,0,0,0,0,0,0,0,1,0,0,1,0,0,0,2611,0,0,cellular,20,apr,2,-1,0,unknown,1
37,0,0,0,0,0,0,1,0,0,0,0,0,0,1,0,0,1,0,0,1097,1,0,cellular,21,nov,2,-1,0,unknown,1
44,0,1,0,0,0,0,0,0,0,0,0,0,0,0,1,0,1,0,0,2340,0,0,cellular,29,jul,3,-1,0,unknown,0
56,0,0,0,0,0,0,0,0,1,0,0,0,0,0,1,0,0,1,0,97,0,1,telephone,17,nov,1,-1,0,unknown,0
36,0,0,0,0,0,0,0,0,1,0,0,0,0,1,0,1,0,0,0,-103,1,1,telephone,17,oct,1,-1,0,unknown,1
58,1,0,0,0,0,0,0,0,0,0,0,0,1,0,0,1,0,0,0,3864,1,0,cellular,15,jul,4,-1,0,unknown,1
53,0,0,0,0,0,0,0,1,0,0,0,0,1,0,0,0,1,0,0,6170,0,0,cellular,13,aug,4,-1,0,unknown,1
56,0,1,0,0,0,0,0,0,0,0,0,0,1,0,0,0,1,0,0,2065,0,0,cellular,14,aug,2,-1,0,unknown,0
30,0,0,0,1,0,0,0,0,0,0,0,0,0,1,0,0,1,0,0,239,1,0,unknown,23,may,1,-1,0,unknown,1
27,1,0,0,0,0,0,0,0,0,0,0,0,0,1,0,1,0,0,0,828,0,0,cellular,30,apr,1,-1,0,unknown,0
28,0,0,0,0,0,0,1,0,0,0,0,0,0,1,0,0,1,0,0,2290,1,0,cellular,18,may,1,-1,0,unknown,1
75,0,0,0,0,0,1,0,0,0,0,0,0,1,0,0,0,0,1,0,2970,0,0,cellular,12,aug,1,-1,0,unknown,1
43,0,0,0,0,0,0,1,0,0,0,0,0,0,1,0,0,1,0,0,733,1,0,cellular,25,may,1,187,3,success,1
58,0,0,0,0,0,0,0,1,0,0,0,0,1,0,0,0,0,1,0,2946,1,0,cellular,14,may,1,-1,0,unknown,1
32,1,0,0,0,0,0,0,0,0,0,0,0,0,1,0,1,0,0,0,819,1,0,cellular,20,apr,2,-1,0,unknown,1
37,0,1,0,0,1,0,0,0,0,0,0,0,1,0,0,0,0,0,0,88,1,1,cellular,8,may,1,308,2,failure,0
53,0,0,0,0,0,0,0,0,0,0,1,0,1,0,0,0,0,1,0,104,0,1,unknown,5,jun,1,-1,0,unknown,1
49,0,0,0,0,0,0,1,0,0,0,0,0,1,0,0,0,0,1,0,305,1,1,unknown,26,may,1,-1,0,unknown,0
44,0,0,0,0,0,0,1,0,0,0,0,0,0,1,0,0,1,0,0,985,1,1,cellular,11,may,7,325,19,failure,0
34,0,0,0,1,0,0,0,0,0,0,0,0,1,0,0,0,0,1,0,218,1,1,unknown,21,may,1,-1,0,unknown,0
38,0,0,0,1,0,0,0,0,0,0,0,0,0,0,1,0,1,0,0,2048,0,1,cellular,14,may,1,-1,0,unknown,0
33,0,0,0,0,1,0,0,0,0,0,0,1,0,1,0,0,0,0,0,1170,0,0,cellular,30,apr,1,-1,0,unknown,1
51,0,1,0,0,0,0,0,0,0,0,0,0,0,0,1,0,1,0,1,-113,0,1,cellular,22,jul,4,-1,0,unknown,0
33,0,0,0,1,0,0,0,0,0,0,0,0,1,0,0,0,0,1,0,3512,1,0,cellular,19,nov,1,183,2,failure,0
52,0,1,0,0,0,0,0,0,0,0,0,0,0,0,1,0,1,0,0,0,0,0,cellular,29,aug,2,-1,0,unknown,0
27,0,1,0,0,0,0,0,0,0,0,0,0,0,1,0,1,0,0,0,4661,0,0,cellular,8,apr,1,-1,0,unknown,1
64,0,0,1,0,0,0,0,0,0,0,0,0,1,0,0,1,0,0,0,2331,0,0,telephone,9,nov,1,-1,0,unknown,1
49,0,1,0,0,0,0,0,0,0,0,0,0,1,0,0,0,1,0,0,673,1,0,cellular,19,aug,2,-1,0,unknown,0
53,1,0,0,0,0,0,0,0,0,0,0,0,1,0,0,0,1,0,0,2895,1,0,unknown,29,may,1,-1,0,unknown,0
39,0,0,0,1,0,0,0,0,0,0,0,0,0,1,0,0,0,1,0,1530,1,0,unknown,9,jun,1,-1,0,unknown,0
53,0,1,0,0,0,0,0,0,0,0,0,0,1,0,0,1,0,0,0,395,0,0,cellular,29,oct,1,148,1,failure,1
33,1,0,0,0,0,0,0,0,0,0,0,0,0,1,0,1,0,0,0,-67,1,0,unknown,5,may,1,-1,0,unknown,0
36,0,0,0,1,0,0,0,0,0,0,0,0,1,0,0,0,1,0,0,1772,0,0,unknown,5,jun,1,-1,0,unknown,1
69,0,0,0,0,1,1,0,0,0,0,0,0,1,0,0,0,0,0,0,426,0,0,telephone,10,sep,2,185,2,success,1
26,0,0,0,0,0,0,1,0,0,0,0,0,0,1,0,0,1,0,0,-35,0,1,cellular,8,jul,1,-1,0,unknown,0
34,0,1,0,0,0,0,0,0,0,0,0,0,0,0,1,0,1,0,0,1451,1,0,unknown,30,may,15,-1,0,unknown,1
34,1,0,0,0,0,0,0,0,0,0,0,0,1,0,0,1,0,0,0,520,1,0,cellular,12,aug,4,-1,0,unknown,1
46,0,0,0,0,1,0,0,1,0,0,0,0,0,0,1,0,0,0,0,973,0,0,cellular,2,feb,1,-1,0,unknown,0
40,0,0,0,0,0,0,1,0,0,0,0,0,1,0,0,0,1,0,0,1597,1,0,unknown,30,may,1,-1,0,unknown,0
41,0,0,0,1,0,0,0,0,0,0,0,0,0,1,0,0,1,0,0,948,1,0,unknown,3,jun,1,-1,0,unknown,0
72,0,0,0,0,0,0,0,0,1,0,0,0,1,0,0,1,0,0,0,132,0,0,cellular,27,apr,1,-1,0,unknown,1
53,0,0,0,0,0,1,0,0,0,0,0,0,0,0,1,0,0,1,0,2997,0,0,unknown,9,jun,1,-1,0,unknown,0
36,0,0,0,1,0,0,0,0,0,0,0,0,0,1,0,0,1,0,0,366,1,1,unknown,30,may,2,-1,0,unknown,1
36,0,0,0,0,0,0,0,0,0,1,0,0,0,0,1,0,1,0,0,871,0,0,cellular,12,aug,3,-1,0,unknown,1
20,0,0,0,0,1,0,0,0,0,0,0,1,1,0,0,0,0,0,0,292,0,0,cellular,5,aug,2,93,1,failure,1
57,1,0,0,0,0,0,0,0,0,0,0,0,1,0,0,0,1,0,0,7633,0,0,cellular,12,aug,1,-1,0,unknown,0
53,0,0,0,1,0,0,0,0,0,0,0,0,0,0,1,0,0,1,0,4401,0,0,telephone,11,nov,1,92,1,success,1
33,0,0,0,0,0,0,0,1,0,0,0,0,0,1,0,0,1,0,0,170,0,0,cellular,7,jul,1,-1,0,unknown,1
25,0,0,0,0,0,0,0,0,1,0,0,0,0,1,0,1,0,0,0,42,1,0,cellular,5,jun,1,94,1,success,1
47,0,0,0,0,0,0,0,1,0,0,0,0,1,0,0,0,1,0,0,367,1,0,cellular,10,jul,4,-1,0,unknown,1
38,0,0,0,0,1,0,0,1,0,0,0,0,0,0,1,0,0,0,0,6360,0,0,unknown,20,jun,2,-1,0,unknown,1
59,0,1,0,0,0,0,0,0,0,0,0,0,1,0,0,0,1,0,0,116,0,0,cellular,12,aug,4,422,3,failure,1
47,1,0,0,0,0,0,0,0,0,0,0,0,1,0,0,1,0,0,0,1425,0,0,cellular,29,jan,1,-1,0,unknown,0
47,0,0,0,1,0,0,0,0,0,0,0,0,1,0,0,0,0,1,0,1092,0,1,unknown,30,may,8,-1,0,unknown,0
63,0,1,0,0,0,0,0,0,0,0,0,0,1,0,0,0,1,0,0,896,1,0,cellular,14,aug,2,-1,0,unknown,1
53,0,0,0,1,0,0,0,0,0,0,0,0,0,1,0,0,1,0,0,5715,0,0,cellular,28,jan,2,-1,0,unknown,0
65,0,0,0,0,0,0,1,0,0,0,0,0,1,0,0,0,1,0,0,952,0,0,cellular,6,sep,1,96,1,success,1
38,0,0,0,0,0,0,0,0,1,0,0,0,1,0,0,0,1,0,0,-17,1,0,cellular,17,apr,3,326,1,other,0
29,0,0,0,0,0,0,1,0,0,0,0,0,0,1,0,0,1,0,0,1261,0,0,cellular,5,feb,1,-1,0,unknown,0
31,0,0,0,1,0,0,0,0,0,0,0,0,1,0,0,0,1,0,0,-596,1,0,cellular,21,jul,1,-1,0,unknown,0
40,0,0,0,0,0,0,0,1,0,0,0,0,0,1,0,0,1,0,0,224,1,0,cellular,17,apr,2,-1,0,unknown,1
46,0,0,0,0,0,1,0,0,0,0,0,0,1,0,0,0,1,0,0,23,1,1,cellular,7,aug,2,-1,0,unknown,0
22,0,0,0,0,0,0,1,0,0,0,0,0,0,1,0,1,0,0,0,377,0,0,cellular,5,jun,1,-1,0,unknown,0
32,0,0,0,0,0,0,1,0,0,0,0,0,0,1,0,0,1,0,0,555,1,0,cellular,9,sep,1,-1,0,unknown,1
60,1,0,0,0,0,0,0,0,0,0,0,0,1,0,0,0,1,0,0,358,0,0,unknown,18,jun,2,-1,0,unknown,0
49,1,0,0,0,0,0,0,0,0,0,0,0,1,0,0,0,0,1,0,1330,0,1,unknown,18,jun,1,-1,0,unknown,0
57,0,0,0,0,0,0,0,1,0,0,0,0,1,0,0,0,1,0,0,1433,0,0,telephone,21,nov,1,-1,0,unknown,0
25,0,1,0,0,0,0,0,0,0,0,0,0,0,1,0,0,1,0,0,1199,0,0,cellular,1,jun,1,-1,0,unknown,1
38,1,0,0,0,0,0,0,0,0,0,0,0,1,0,0,1,0,0,0,12855,1,0,unknown,30,may,1,-1,0,unknown,0
28,0,0,0,0,1,0,0,0,0,0,0,0,0,1,0,0,1,0,0,4465,0,0,cellular,28,jan,1,-1,0,unknown,1
72,0,0,0,0,0,1,0,0,0,0,0,0,1,0,0,0,1,0,0,5715,0,0,cellular,17,may,1,181,2,success,1
39,0,0,0,0,0,0,0,1,0,0,0,0,1,0,0,0,1,0,0,946,1,0,cellular,17,apr,2,-1,0,unknown,0
33,0,0,0,0,0,0,1,0,0,0,0,0,0,1,0,1,0,0,0,7608,0,0,cellular,30,mar,4,-1,0,unknown,1
40,0,0,0,0,0,0,0,1,0,0,0,0,0,0,1,0,0,1,0,471,1,0,cellular,16,apr,1,345,2,failure,1
66,0,0,0,0,0,0,0,0,0,0,1,0,0,0,1,0,0,1,0,3701,0,0,telephone,3,mar,1,-1,0,unknown,1
21,0,0,0,0,0,0,0,0,0,0,0,1,0,1,0,0,1,0,0,216,0,0,cellular,5,aug,1,-1,0,unknown,1
38,0,1,0,0,0,0,0,0,0,0,0,0,1,0,0,0,1,0,0,318,0,0,cellular,5,aug,1,182,6,success,1
47,1,0,0,0,0,0,0,0,0,0,0,0,1,0,0,1,0,0,0,3844,1,0,cellular,20,nov,4,-1,0,unknown,0
31,0,0,0,0,0,0,0,1,0,0,0,0,0,1,0,0,1,0,0,205,1,0,cellular,15,apr,1,-1,0,unknown,0
30,0,1,0,0,0,0,0,0,0,0,0,0,1,0,0,0,1,0,0,289,1,0,cellular,14,aug,4,-1,0,unknown,1
36,0,0,0,0,0,0,0,0,0,1,0,0,0,0,1,0,1,0,0,5,1,0,cellular,8,jul,1,-1,0,unknown,0
55,0,0,1,0,0,0,0,0,0,0,0,0,1,0,0,1,0,0,0,625,0,0,unknown,26,jun,4,-1,0,unknown,0
41,0,0,0,1,0,0,0,0,0,0,0,0,1,0,0,0,1,0,0,2689,1,0,cellular,15,apr,1,-1,0,unknown,1
57,0,0,0,0,0,1,0,0,0,0,0,0,1,0,0,1,0,0,0,0,1,1,unknown,28,may,1,-1,0,unknown,1
37,0,0,1,0,0,0,0,0,0,0,0,0,0,1,0,0,1,0,0,-22,1,0,cellular,15,may,1,-1,0,unknown,1
49,0,0,0,0,0,0,1,0,0,0,0,0,1,0,0,0,1,0,0,197,1,0,cellular,23,jul,1,101,3,success,0
32,0,1,0,0,0,0,0,0,0,0,0,0,0,1,0,1,0,0,0,696,0,1,cellular,13,aug,4,105,4,failure,0
53,1,0,0,0,0,0,0,0,0,0,0,0,0,0,1,1,0,0,0,195,1,0,unknown,29,may,1,-1,0,unknown,0
60,0,1,0,0,0,0,0,0,0,0,0,0,1,0,0,0,1,0,0,824,1,0,cellular,9,aug,1,181,8,success,1
47,0,0,0,0,0,0,0,1,0,0,0,0,0,0,1,1,0,0,0,1639,0,0,cellular,12,jan,1,-1,0,unknown,1
44,0,0,0,1,0,0,0,0,0,0,0,0,0,1,0,0,0,1,0,99,0,0,unknown,17,jun,7,-1,0,unknown,0
31,1,0,0,0,0,0,0,0,0,0,0,0,0,0,1,1,0,0,0,1145,1,0,unknown,26,may,4,-1,0,unknown,1
31,0,0,0,1,0,0,0,0,0,0,0,0,1,0,0,0,0,1,0,224,1,0,unknown,20,jun,19,-1,0,unknown,0
38,0,0,0,1,0,0,0,0,0,0,0,0,1,0,0,0,0,1,0,3289,0,0,unknown,9,jun,2,-1,0,unknown,0
47,0,0,0,0,0,0,1,0,0,0,0,0,1,0,0,0,1,0,0,368,0,0,cellular,21,may,1,87,6,success,1
35,0,0,0,1,0,0,0,0,0,0,0,0,1,0,0,0,1,0,0,243,1,0,cellular,20,apr,3,-1,0,unknown,0
36,0,0,0,0,0,0,1,0,0,0,0,0,0,1,0,1,0,0,0,649,0,0,cellular,19,nov,1,111,1,other,0
37,0,0,0,1,0,0,0,0,0,0,0,0,1,0,0,0,1,0,0,139,1,0,cellular,18,may,5,-1,0,unknown,0
60,0,0,0,0,0,0,0,1,0,0,0,0,1,0,0,0,0,1,0,808,0,0,cellular,18,aug,3,-1,0,unknown,0
33,0,0,0,0,0,0,1,0,0,0,0,0,1,0,0,0,1,0,0,51,1,1,cellular,25,oct,1,284,3,success,1
38,0,0,0,0,0,0,0,1,0,0,0,0,1,0,0,0,1,0,0,105,0,0,cellular,30,jul,2,-1,0,unknown,0
46,0,0,0,0,0,0,1,0,0,0,0,0,1,0,0,0,1,0,0,-121,1,1,cellular,8,jul,4,-1,0,unknown,0
50,0,1,0,0,0,0,0,0,0,0,0,0,0,0,1,0,1,0,0,0,0,0,cellular,29,sep,1,120,2,failure,1
32,0,0,1,0,0,0,0,0,0,0,0,0,1,0,0,0,1,0,0,390,0,0,cellular,6,sep,1,280,1,failure,1
27,0,0,0,0,0,0,0,0,0,0,0,1,0,1,0,1,0,0,0,13107,1,0,cellular,6,apr,1,314,2,failure,1
41,0,0,0,0,0,0,0,1,0,0,0,0,1,0,0,0,1,0,0,241,1,1,unknown,4,jun,1,-1,0,unknown,0
42,1,0,0,0,0,0,0,0,0,0,0,0,0,1,0,0,1,0,0,2535,1,0,unknown,14,may,1,-1,0,unknown,0
46,1,0,0,0,0,0,0,0,0,0,0,0,0,0,1,0,1,0,0,0,0,0,cellular,27,aug,5,-1,0,unknown,1
47,0,0,0,1,0,0,0,0,0,0,0,0,1,0,0,0,1,0,0,3715,0,0,cellular,12,feb,2,182,4,other,1
47,0,0,0,1,0,0,0,0,0,0,0,0,0,0,1,0,1,0,0,65,1,0,unknown,9,may,1,-1,0,unknown,0
31,0,0,0,0,0,0,0,0,0,0,0,1,0,1,0,1,0,0,0,117,1,0,telephone,18,jul,1,-1,0,unknown,0
68,0,0,0,0,0,1,0,0,0,0,0,0,1,0,0,0,0,1,0,451,0,0,cellular,5,mar,1,-1,0,unknown,1
58,0,0,0,0,0,1,0,0,0,0,0,0,1,0,0,0,1,0,0,2714,0,0,cellular,26,may,1,287,2,failure,1
26,0,0,0,0,0,0,0,1,0,0,0,0,0,1,0,1,0,0,0,12,0,0,cellular,15,dec,4,186,6,success,0
26,0,1,0,0,0,0,0,0,0,0,0,0,0,1,0,0,1,0,0,68,0,1,cellular,8,jul,3,-1,0,unknown,0
43,0,1,0,0,0,0,0,0,0,0,0,0,1,0,0,0,1,0,0,1937,1,0,unknown,5,may,1,-1,0,unknown,0
44,0,0,0,1,0,0,0,0,0,0,0,0,1,0,0,0,1,0,0,17,1,0,unknown,19,jun,14,-1,0,unknown,0
31,0,0,0,0,0,0,0,1,0,0,0,0,1,0,0,0,0,1,0,997,1,0,cellular,3,feb,1,190,3,failure,0
34,0,0,0,0,0,0,0,0,0,1,0,0,0,1,0,0,1,0,0,371,0,0,cellular,28,jan,1,-1,0,unknown,0
52,0,1,0,0,0,0,0,0,0,0,0,0,1,0,0,0,1,0,0,234,0,0,cellular,17,nov,1,-1,0,unknown,1
34,0,0,0,1,0,0,0,0,0,0,0,0,1,0,0,0,1,0,0,7216,1,0,unknown,26,may,2,-1,0,unknown,0
44,1,0,0,0,0,0,0,0,0,0,0,0,1,0,0,1,0,0,0,0,0,0,unknown,13,may,1,-1,0,unknown,0
24,0,0,0,1,0,0,0,0,0,0,0,0,0,1,0,0,1,0,0,8594,1,0,unknown,28,may,1,-1,0,unknown,0
44,0,0,0,1,0,0,0,0,0,0,0,0,1,0,0,0,0,1,0,1265,1,0,cellular,16,jul,1,-1,0,unknown,1
29,1,0,0,0,0,0,0,0,0,0,0,0,1,0,0,1,0,0,0,5698,0,0,cellular,25,jul,1,-1,0,unknown,0
57,0,0,0,0,0,0,0,0,0,1,0,0,1,0,0,0,1,0,0,3754,0,0,cellular,5,feb,2,-1,0,unknown,1
64,0,0,0,0,0,1,0,0,0,0,0,0,1,0,0,0,1,0,0,466,1,0,cellular,18,oct,1,-1,0,unknown,1
55,0,0,0,0,0,1,0,0,0,0,0,0,1,0,0,0,1,0,0,1504,1,1,cellular,17,nov,1,-1,0,unknown,1
37,0,0,0,0,0,0,1,0,0,0,0,0,1,0,0,0,1,0,0,96,0,0,cellular,7,aug,1,99,2,success,1
50,0,0,0,0,0,0,0,1,0,0,0,0,1,0,0,0,1,0,0,1134,0,0,unknown,18,jun,2,-1,0,unknown,0
25,0,0,0,0,0,0,0,0,1,0,0,0,0,1,0,0,1,0,0,1242,1,0,unknown,28,may,2,-1,0,unknown,1
36,0,0,1,0,0,0,0,0,0,0,0,0,1,0,0,0,1,0,0,2971,0,0,cellular,12,nov,1,97,8,failure,1
54,0,0,0,0,0,0,1,0,0,0,0,0,1,0,0,0,1,0,0,276,1,1,cellular,27,apr,1,-1,0,unknown,0
23,0,0,0,0,0,0,0,0,0,0,0,1,0,1,0,0,1,0,0,431,0,0,cellular,15,feb,3,186,2,success,1
47,0,0,0,1,0,0,0,0,0,0,0,0,1,0,0,0,0,1,0,320,0,0,telephone,30,jul,2,-1,0,unknown,0
44,0,0,0,0,0,0,1,0,0,0,0,0,1,0,0,0,1,0,0,205,0,0,cellular,3,nov,1,-1,0,unknown,1
38,0,0,0,0,0,0,0,0,0,1,0,0,1,0,0,1,0,0,0,2812,1,0,cellular,3,nov,1,187,1,success,0
66,0,0,0,0,0,1,0,0,0,0,0,0,0,1,0,1,0,0,0,0,0,0,cellular,12,jan,1,92,2,failure,0
30,1,0,0,0,0,0,0,0,0,0,0,0,0,1,0,1,0,0,0,499,1,0,cellular,21,may,1,281,3,failure,0
30,0,0,0,1,0,0,0,0,0,0,0,0,0,1,0,0,1,0,0,49,0,0,cellular,30,jan,2,-1,0,unknown,1
49,0,0,0,0,0,0,0,0,0,0,1,0,1,0,0,0,0,1,0,78,0,0,telephone,10,jul,1,-1,0,unknown,0
32,0,1,0,0,0,0,0,0,0,0,0,0,0,1,0,1,0,0,0,0,0,0,cellular,21,aug,2,-1,0,unknown,0
30,0,0,1,0,0,0,0,0,0,0,0,0,1,0,0,0,1,0,0,12737,0,1,cellular,19,nov,2,-1,0,unknown,1
21,0,0,0,0,0,0,0,0,0,0,0,1,0,1,0,0,1,0,0,71,0,0,cellular,13,jan,2,-1,0,unknown,1
33,0,1,0,0,0,0,0,0,0,0,0,0,0,1,0,0,1,0,0,671,0,0,cellular,8,aug,2,-1,0,unknown,0
43,1,0,0,0,0,0,0,0,0,0,0,0,1,0,0,1,0,0,0,348,0,1,cellular,15,jul,3,-1,0,unknown,0
60,0,0,0,0,0,0,0,0,0,0,1,0,0,0,1,0,1,0,0,2063,0,0,cellular,21,aug,5,86,3,failure,0
36,0,1,0,0,0,0,0,0,0,0,0,0,0,1,0,0,1,0,1,12,0,0,cellular,12,aug,2,-1,0,unknown,1
48,1,0,0,0,0,0,0,0,0,0,0,0,1,0,0,1,0,0,0,1147,0,0,cellular,3,dec,1,120,3,success,1
47,0,0,0,0,1,0,0,0,0,0,0,0,1,0,0,0,0,0,0,0,0,0,unknown,6,jun,2,-1,0,unknown,0
79,0,0,0,0,1,1,0,0,0,0,0,0,1,0,0,0,0,0,0,0,0,0,telephone,8,jul,1,-1,0,unknown,0
44,0,0,0,0,0,0,1,0,0,0,0,0,0,1,0,0,1,0,0,1534,0,0,cellular,7,aug,1,99,2,other,1
41,1,0,0,0,0,0,0,0,0,0,0,0,1,0,0,0,1,0,0,0,1,0,cellular,2,feb,2,264,1,other,0
47,0,0,0,1,0,0,0,0,0,0,0,0,1,0,0,0,1,0,0,820,0,0,cellular,18,jan,1,91,1,success,1
31,0,0,0,0,0,0,0,0,1,0,0,0,0,1,0,1,0,0,0,3343,0,0,cellular,3,sep,1,94,1,success,1
37,0,0,0,1,0,0,0,0,0,0,0,0,1,0,0,0,0,1,0,3154,1,0,cellular,17,apr,1,305,3,failure,1
69,0,0,0,0,0,1,0,0,0,0,0,0,1,0,0,0,1,0,0,0,0,0,cellular,25,aug,2,-1,0,unknown,1
59,0,0,0,0,0,1,0,0,0,0,0,0,1,0,0,0,0,1,0,1427,0,0,unknown,18,jun,2,-1,0,unknown,0
40,0,1,0,0,0,0,0,0,0,0,0,0,1,0,0,0,1,0,1,-432,1,1,cellular,20,aug,3,-1,0,unknown,0
34,1,0,0,0,0,0,0,0,0,0,0,0,1,0,0,1,0,0,0,5878,0,0,cellular,29,jan,7,98,3,success,0
35,1,0,0,0,0,0,0,0,0,0,0,0,1,0,0,1,0,0,0,495,0,0,cellular,30,apr,1,87,1,failure,1
52,0,0,0,0,0,0,0,0,0,0,1,0,0,0,1,1,0,0,0,4306,0,0,cellular,22,jul,2,-1,0,unknown,0
37,0,1,0,0,0,0,0,0,0,0,0,0,0,1,0,0,1,0,0,1012,1,0,cellular,20,apr,4,-1,0,unknown,0
24,0,0,0,0,0,0,0,0,0,0,0,1,0,1,0,0,1,0,0,4126,0,0,cellular,5,apr,4,185,7,failure,1
46,0,0,0,0,0,0,0,1,0,0,0,0,1,0,0,0,1,0,0,2948,0,0,cellular,21,nov,1,-1,0,unknown,1
39,1,0,0,0,0,0,0,0,0,0,0,0,1,0,0,1,0,0,0,285,1,0,cellular,15,jul,3,-1,0,unknown,1
38,0,0,0,0,0,0,1,0,0,0,0,0,1,0,0,0,1,0,0,47,1,0,cellular,4,may,5,-1,0,unknown,1
51,0,0,0,0,0,1,0,0,0,0,0,0,0,0,1,0,0,1,0,43,0,0,cellular,24,jul,2,-1,0,unknown,0
82,0,0,0,0,0,1,0,0,0,0,0,0,1,0,0,0,0,1,0,243,0,0,cellular,26,jul,1,180,2,success,1
30,1,0,0,0,0,0,0,0,0,0,0,0,1,0,0,1,0,0,0,1996,0,0,cellular,8,feb,3,101,1,other,1
32,1,0,0,0,0,0,0,0,0,0,0,0,0,1,0,0,1,0,0,1088,1,0,cellular,6,apr,1,363,2,success,1
41,0,0,0,0,0,0,1,0,0,0,0,0,1,0,0,0,1,0,0,1672,1,0,cellular,25,jul,1,-1,0,unknown,0
30,0,1,0,0,0,0,0,0,0,0,0,0,0,1,0,1,0,0,0,2530,1,0,unknown,9,may,1,-1,0,unknown,0
50,1,0,0,0,0,0,0,0,0,0,0,0,1,0,0,1,0,0,0,4374,1,0,cellular,21,nov,2,113,3,failure,0
34,1,0,0,0,0,0,0,0,0,0,0,0,1,0,0,1,0,0,0,520,1,0,cellular,17,apr,1,248,4,success,0
30,0,0,0,1,0,0,0,0,0,0,0,0,0,1,0,0,1,0,0,2145,1,0,cellular,18,may,2,-1,0,unknown,1
37,0,1,0,0,0,0,0,0,0,0,0,0,0,1,0,0,1,0,0,428,1,0,unknown,30,may,1,-1,0,unknown,0
42,0,0,0,1,0,0,0,0,0,0,0,0,1,0,0,0,1,0,0,1598,1,1,cellular,16,apr,2,-1,0,unknown,1
41,0,0,0,1,0,0,0,0,0,0,0,0,1,0,0,0,0,1,0,484,1,0,cellular,7,jul,3,-1,0,unknown,0
38,0,1,0,0,0,0,0,0,0,0,0,0,0,1,0,0,1,0,0,864,1,0,cellular,13,may,1,348,1,failure,0
32,1,0,0,0,0,0,0,0,0,0,0,0,0,1,0,1,0,0,0,2,1,0,cellular,11,sep,2,-1,0,unknown,1
41,1,0,0,0,0,0,0,0,0,0,0,0,0,1,0,1,0,0,0,601,1,1,cellular,2,feb,2,-1,0,unknown,0
39,0,0,0,0,0,0,0,1,0,0,0,0,1,0,0,0,1,0,0,25,1,1,cellular,12,may,1,351,3,failure,1
30,0,0,0,0,0,0,0,0,0,0,0,1,0,1,0,1,0,0,0,0,0,0,cellular,6,feb,5,-1,0,unknown,0
33,0,0,0,0,0,0,0,1,0,0,0,0,0,1,0,0,1,0,0,329,1,1,cellular,7,jul,4,-1,0,unknown,0
38,0,0,0,1,0,0,0,0,0,0,0,0,1,0,0,0,0,1,0,481,1,0,telephone,12,may,5,-1,0,unknown,0
47,0,0,0,0,0,0,1,0,0,0,0,0,1,0,0,0,1,0,0,3480,0,0,cellular,16,apr,1,-1,0,unknown,1
59,0,0,0,1,0,0,0,0,0,0,0,0,1,0,0,0,0,1,0,416,0,0,unknown,16,jun,3,-1,0,unknown,0
43,1,0,0,0,0,0,0,0,0,0,0,0,0,1,0,1,0,0,0,1696,1,0,cellular,26,aug,1,474,3,failure,1
29,0,0,0,0,0,0,0,0,0,0,1,0,0,1,0,1,0,0,0,2196,0,0,cellular,5,aug,1,-1,0,unknown,1
32,0,0,0,0,0,0,0,0,1,0,0,0,1,0,0,0,1,0,0,217,1,1,cellular,15,jul,5,-1,0,unknown,0
23,0,0,0,1,0,0,0,0,0,0,0,0,0,1,0,0,1,0,0,0,1,0,cellular,8,may,5,350,2,failure,0
44,0,0,0,0,0,0,0,1,0,0,0,0,1,0,0,0,1,0,0,-627,1,0,unknown,26,may,2,-1,0,unknown,0
55,0,0,0,0,0,0,0,1,0,0,0,0,0,0,1,0,1,0,0,0,0,0,cellular,27,sep,6,193,4,success,1
46,1,0,0,0,0,0,0,0,0,0,0,0,0,0,1,1,0,0,0,461,0,0,cellular,30,dec,2,-1,0,unknown,1
52,1,0,0,0,0,0,0,0,0,0,0,0,1,0,0,1,0,0,0,7135,0,0,cellular,19,aug,3,-1,0,unknown,1
38,0,0,0,0,0,0,0,0,1,0,0,0,0,1,0,1,0,0,0,605,0,0,telephone,18,jun,10,-1,0,unknown,1
35,0,0,0,0,0,0,1,0,0,0,0,0,0,1,0,0,0,1,0,2355,1,0,unknown,16,jun,1,-1,0,unknown,0
51,0,0,0,0,0,0,0,1,0,0,0,0,1,0,0,0,1,0,0,209,0,0,unknown,12,jun,1,-1,0,unknown,0
59,0,0,0,0,0,0,1,0,0,0,0,0,1,0,0,0,1,0,1,-131,0,0,cellular,7,aug,2,-1,0,unknown,0
29,0,0,0,0,0,0,1,0,0,0,0,0,0,1,0,0,1,0,0,163,1,1,unknown,16,may,1,-1,0,unknown,1
40,0,0,0,1,0,0,0,0,0,0,0,0,1,0,0,0,0,1,0,3705,1,0,cellular,14,may,1,332,1,failure,0
20,0,0,0,0,0,0,0,0,0,0,0,1,0,1,0,0,1,0,0,215,0,0,cellular,21,aug,4,183,1,other,1
54,0,1,0,0,0,0,0,0,0,0,0,0,1,0,0,0,1,0,0,473,0,1,cellular,2,nov,1,81,1,failure,1
50,0,0,0,0,0,1,0,0,0,0,0,0,1,0,0,0,1,0,0,8648,0,0,cellular,12,may,3,176,1,failure,1
36,1,0,0,0,0,0,0,0,0,0,0,0,0,1,0,1,0,0,0,1379,0,0,cellular,25,may,1,186,1,failure,1
24,0,0,0,0,0,0,0,0,0,0,0,1,0,1,0,0,1,0,0,689,0,0,cellular,8,sep,1,-1,0,unknown,1
37,0,1,0,0,0,0,0,0,0,0,0,0,1,0,0,0,1,0,0,0,1,0,cellular,22,apr,3,-1,0,unknown,1
39,0,1,0,0,0,0,0,0,0,0,0,0,1,0,0,1,0,0,0,93,0,0,cellular,20,aug,2,-1,0,unknown,0
35,0,0,0,0,0,0,1,0,0,0,0,0,1,0,0,0,1,0,0,4698,1,0,unknown,16,jun,1,-1,0,unknown,0
33,1,0,0,0,0,0,0,0,0,0,0,0,1,0,0,1,0,0,0,271,1,0,cellular,14,aug,2,-1,0,unknown,1
51,1,0,0,0,0,0,0,0,0,0,0,0,0,1,0,1,0,0,0,2242,0,0,telephone,9,feb,8,-1,0,unknown,0
50,0,1,0,0,0,0,0,0,0,0,0,0,1,0,0,0,1,0,0,156,0,1,cellular,14,jul,3,-1,0,unknown,1
29,1,0,0,0,0,0,0,0,0,0,0,0,0,1,0,1,0,0,0,0,1,0,unknown,30,may,12,-1,0,unknown,1
54,0,1,0,0,0,0,0,0,0,0,0,0,0,0,1,0,1,0,0,2749,1,0,cellular,3,feb,2,-1,0,unknown,0
43,0,1,0,0,0,0,0,0,0,0,0,0,1,0,0,1,0,0,0,591,1,0,cellular,8,aug,2,-1,0,unknown,0
40,0,0,0,1,0,0,0,0,0,0,0,0,0,0,1,0,1,0,0,393,1,1,cellular,17,jul,2,-1,0,unknown,0
34,0,0,0,1,0,0,0,0,0,0,0,0,1,0,0,0,1,0,0,1988,1,0,telephone,29,jan,1,266,2,failure,0
43,0,1,0,0,0,0,0,0,0,0,0,0,1,0,0,1,0,0,0,1485,0,0,cellular,21,aug,2,-1,0,unknown,0
33,0,0,0,1,0,0,0,0,0,0,0,0,1,0,0,0,0,1,0,256,1,0,unknown,21,may,2,-1,0,unknown,0
39,0,1,0,0,0,0,0,0,0,0,0,0,1,0,0,0,1,0,0,4101,1,0,cellular,18,feb,2,264,1,other,1
46,0,0,0,0,0,0,0,0,1,0,0,0,1,0,0,0,1,0,0,706,0,0,cellular,21,may,1,386,3,failure,1
37,0,1,0,0,0,0,0,0,0,0,0,0,0,1,0,1,0,0,0,197,0,0,cellular,15,feb,1,91,2,success,1
28,0,0,0,0,0,0,0,0,0,0,0,1,0,1,0,0,1,0,0,1925,0,0,cellular,25,may,1,88,4,failure,1
34,0,0,0,0,0,0,1,0,0,0,0,0,1,0,0,0,1,0,0,3185,1,0,cellular,20,nov,1,191,1,failure,0
53,1,0,0,0,0,0,0,0,0,0,0,0,0,0,1,1,0,0,0,6388,1,0,telephone,23,jul,2,-1,0,unknown,0
46,1,0,0,0,0,0,0,0,0,0,0,0,0,1,0,1,0,0,0,2987,1,0,cellular,16,jul,1,-1,0,unknown,0
31,0,1,0,0,0,0,0,0,0,0,0,0,0,1,0,1,0,0,0,703,1,0,unknown,8,may,2,-1,0,unknown,1
48,0,0,0,0,0,0,1,0,0,0,0,0,0,0,1,0,1,0,0,1282,1,0,cellular,11,may,2,343,2,other,0
84,0,0,0,0,0,1,0,0,0,0,0,0,1,0,0,0,1,0,0,81204,0,0,telephone,1,apr,1,94,3,success,1
36,0,1,0,0,0,0,0,0,0,0,0,0,1,0,0,1,0,0,0,376,0,0,cellular,16,sep,1,-1,0,unknown,1
32,0,0,0,0,0,0,0,1,0,0,0,0,1,0,0,0,1,0,0,252,1,1,cellular,25,jul,4,-1,0,unknown,0
34,0,0,0,0,0,0,0,1,0,0,0,0,1,0,0,0,1,0,0,1337,0,0,cellular,17,dec,2,127,3,success,1
32,0,0,0,1,0,0,0,0,0,0,0,0,1,0,0,0,0,1,0,-283,1,0,cellular,18,may,2,349,2,other,0
25,0,1,0,0,0,0,0,0,0,0,0,0,0,1,0,1,0,0,0,1231,0,0,cellular,31,aug,2,-1,0,unknown,1
29,0,0,0,0,0,0,0,0,0,0,0,1,0,1,0,1,0,0,0,1679,0,0,cellular,2,feb,2,-1,0,unknown,0
29,0,0,0,0,0,0,0,1,0,0,0,0,1,0,0,1,0,0,0,0,1,0,unknown,4,jun,2,-1,0,unknown,0
26,0,0,0,1,0,0,0,0,0,0,0,0,0,1,0,0,1,0,0,2,1,0,unknown,30,may,4,-1,0,unknown,0
34,0,0,0,1,0,0,0,0,0,0,0,0,1,0,0,0,1,0,0,1089,1,0,cellular,13,may,3,-1,0,unknown,1
37,1,0,0,0,0,0,0,0,0,0,0,0,0,1,0,1,0,0,0,0,1,0,cellular,13,may,1,344,1,failure,0
49,1,0,0,0,0,0,0,0,0,0,0,0,1,0,0,1,0,0,0,1430,0,0,cellular,18,nov,2,-1,0,unknown,0
48,0,0,0,0,0,0,0,0,0,1,0,0,1,0,0,0,1,0,0,855,1,0,unknown,9,may,2,-1,0,unknown,0
26,0,1,0,0,0,0,0,0,0,0,0,0,0,1,0,0,1,0,0,941,0,1,cellular,25,jul,1,-1,0,unknown,1
32,1,0,0,0,0,0,0,0,0,0,0,0,0,1,0,1,0,0,0,20,0,0,cellular,14,aug,2,-1,0,unknown,1
35,0,0,0,0,0,0,1,0,0,0,0,0,0,0,1,0,1,0,0,579,1,0,unknown,23,may,3,-1,0,unknown,0
33,0,0,0,0,0,0,1,0,0,0,0,0,0,1,0,0,1,0,0,1613,1,0,unknown,14,may,1,-1,0,unknown,0
32,0,1,0,0,0,0,0,0,0,0,0,0,0,1,0,0,1,0,0,5118,1,0,cellular,27,aug,12,-1,0,unknown,0
45,0,0,0,0,0,0,0,0,0,1,0,0,0,0,1,0,0,1,0,757,0,0,cellular,20,apr,1,325,4,failure,0
38,0,0,0,1,0,0,0,0,0,0,0,0,0,1,0,0,1,0,0,1911,1,0,cellular,31,jul,4,-1,0,unknown,0
38,0,1,0,0,0,0,0,0,0,0,0,0,1,0,0,0,1,0,1,9,1,0,unknown,9,may,3,-1,0,unknown,0
82,0,0,0,0,0,1,0,0,0,0,0,0,1,0,0,0,1,0,0,276,0,0,telephone,17,aug,1,-1,0,unknown,1
25,0,0,0,0,0,0,1,0,0,0,0,0,0,1,0,0,1,0,0,2816,0,0,cellular,30,apr,1,-1,0,unknown,1
45,0,1,0,0,0,0,0,0,0,0,0,0,1,0,0,1,0,0,0,1780,0,0,cellular,11,aug,4,-1,0,unknown,0
38,0,0,0,0,0,0,0,1,0,0,0,0,0,0,1,0,1,0,0,-345,1,0,unknown,28,may,2,-1,0,unknown,0
31,0,0,0,0,0,0,1,0,0,0,0,0,0,1,0,0,1,0,0,50,0,0,cellular,29,jan,1,-1,0,unknown,0
56,0,0,0,1,0,0,0,0,0,0,0,0,1,0,0,0,0,1,0,0,1,0,cellular,16,jul,1,-1,0,unknown,1
50,1,0,0,0,0,0,0,0,0,0,0,0,1,0,0,1,0,0,0,78,1,0,cellular,14,jan,3,161,9,other,0
39,0,0,0,1,0,0,0,0,0,0,0,0,0,1,0,0,0,1,0,581,1,0,cellular,27,feb,1,270,1,other,1
33,1,0,0,0,0,0,0,0,0,0,0,0,1,0,0,1,0,0,0,679,0,0,cellular,5,aug,2,-1,0,unknown,1
36,0,0,0,0,0,0,0,0,1,0,0,0,1,0,0,0,1,0,0,611,0,0,cellular,11,jul,2,-1,0,unknown,0
29,1,0,0,0,0,0,0,0,0,0,0,0,0,1,0,1,0,0,0,572,1,0,telephone,8,nov,1,-1,0,unknown,1
43,0,0,0,0,0,0,0,0,0,1,0,0,1,0,0,0,1,0,0,0,1,1,cellular,23,sep,2,184,13,failure,1
35,0,1,0,0,0,0,0,0,0,0,0,0,1,0,0,1,0,0,0,712,1,0,unknown,27,may,2,-1,0,unknown,0
58,0,0,0,0,0,0,0,1,0,0,0,0,1,0,0,0,1,0,0,-37,0,1,telephone,6,feb,2,205,6,failure,0
31,1,0,0,0,0,0,0,0,0,0,0,0,0,1,0,1,0,0,0,409,0,1,cellular,9,jul,5,-1,0,unknown,1
60,0,1,0,0,0,0,0,0,0,0,0,0,1,0,0,0,1,0,0,259,0,0,cellular,6,jul,1,386,2,success,1
32,0,1,0,0,0,0,0,0,0,0,0,0,0,1,0,1,0,0,0,2684,1,0,cellular,18,may,2,-1,0,unknown,1
28,0,0,0,1,0,0,0,0,0,0,0,0,1,0,0,0,0,1,0,-65,1,0,cellular,4,may,4,-1,0,unknown,0
34,1,0,0,0,0,0,0,0,0,0,0,0,0,1,0,1,0,0,0,549,0,0,cellular,6,oct,2,-1,0,unknown,1
28,0,0,0,0,0,0,0,0,1,0,0,0,0,1,0,1,0,0,0,4579,0,0,cellular,12,jan,2,-1,0,unknown,1
37,0,0,0,1,0,0,0,0,0,0,0,0,1,0,0,0,1,0,0,563,1,0,telephone,10,jul,1,-1,0,unknown,0
59,0,0,0,0,0,0,1,0,0,0,0,0,1,0,0,0,1,0,0,1675,0,1,cellular,7,aug,2,-1,0,unknown,0
27,1,0,0,0,0,0,0,0,0,0,0,0,0,1,0,1,0,0,0,616,1,0,cellular,22,may,1,101,1,other,1
40,1,0,0,0,0,0,0,0,0,0,0,0,1,0,0,1,0,0,0,4190,0,0,unknown,9,may,4,-1,0,unknown,0
37,1,0,0,0,0,0,0,0,0,0,0,0,1,0,0,1,0,0,0,975,1,1,cellular,21,nov,9,-1,0,unknown,0
45,1,0,0,0,0,0,0,0,0,0,0,0,1,0,0,0,1,0,0,5888,1,0,unknown,26,may,5,-1,0,unknown,0
36,0,0,0,0,0,0,0,0,1,0,0,0,0,0,1,1,0,0,0,6385,1,0,cellular,21,nov,2,-1,0,unknown,0
48,0,0,0,1,0,0,0,0,0,0,0,0,1,0,0,0,1,0,0,1730,1,0,cellular,4,may,1,89,3,success,1
31,0,0,0,1,0,0,0,0,0,0,0,0,1,0,0,0,1,0,0,92,1,0,unknown,16,may,1,-1,0,unknown,1
38,0,0,0,0,0,0,0,1,0,0,0,0,0,0,1,0,1,0,0,61,0,0,unknown,5,jun,1,-1,0,unknown,1
31,0,0,0,0,0,0,1,0,0,0,0,0,0,1,0,0,1,0,0,-302,1,1,unknown,27,may,5,-1,0,unknown,0
30,0,0,0,0,0,0,0,0,1,0,0,0,1,0,0,1,0,0,0,2666,0,0,cellular,4,feb,1,-1,0,unknown,1
29,0,0,0,1,0,0,0,0,0,0,0,0,1,0,0,0,0,1,0,258,1,0,unknown,26,may,1,-1,0,unknown,0
47,0,1,0,0,0,0,0,0,0,0,0,0,0,0,1,0,1,0,0,691,0,0,cellular,14,aug,2,-1,0,unknown,0
52,0,1,0,0,0,0,0,0,0,0,0,0,1,0,0,0,1,0,0,230,1,1,cellular,21,nov,4,-1,0,unknown,0
31,1,0,0,0,1,0,0,0,0,0,0,0,0,1,0,0,0,0,0,1023,0,1,cellular,9,jul,1,-1,0,unknown,0
33,1,0,0,0,0,0,0,0,0,0,0,0,0,0,1,1,0,0,0,2885,0,0,cellular,5,aug,2,-1,0,unknown,1
45,0,0,0,1,0,0,0,0,0,0,0,0,0,1,0,0,1,0,0,0,1,0,cellular,26,apr,1,192,4,failure,1
38,1,0,0,0,0,0,0,0,0,0,0,0,1,0,0,1,0,0,0,6999,0,0,unknown,20,jun,2,-1,0,unknown,0
45,1,0,0,0,0,0,0,0,0,0,0,0,1,0,0,1,0,0,0,0,0,0,cellular,18,nov,2,-1,0,unknown,0
32,1,0,0,0,0,0,0,0,0,0,0,0,0,1,0,1,0,0,0,7444,1,1,cellular,13,may,1,370,1,failure,0
27,0,1,0,0,0,0,0,0,0,0,0,0,1,0,0,0,1,0,0,0,1,0,cellular,28,jul,6,-1,0,unknown,0
54,0,0,0,0,0,0,0,1,0,0,0,0,1,0,0,0,1,0,0,515,0,1,unknown,20,jun,2,-1,0,unknown,0
31,0,0,0,1,0,0,0,0,0,0,0,0,0,1,0,0,1,0,0,953,1,0,cellular,14,may,1,346,2,success,1
52,1,0,0,0,0,0,0,0,0,0,0,0,1,0,0,0,1,0,0,4873,0,0,telephone,6,feb,6,213,9,failure,0
49,0,1,0,0,0,0,0,0,0,0,0,0,1,0,0,1,0,0,0,1071,0,0,cellular,17,jun,1,-1,0,unknown,1
25,0,1,0,0,0,0,0,0,0,0,0,0,0,1,0,0,1,0,0,102,0,1,cellular,8,jul,2,-1,0,unknown,1
32,0,0,0,0,0,0,0,1,0,0,0,0,0,1,0,0,1,0,0,-23,0,0,cellular,11,may,1,305,1,failure,0
55,0,0,1,0,0,0,0,0,0,0,0,0,0,0,1,0,1,0,0,538,1,0,cellular,7,aug,2,-1,0,unknown,1
30,0,0,0,0,0,0,1,0,0,0,0,0,0,1,0,0,1,0,0,915,1,0,unknown,27,apr,1,-1,0,unknown,1
31,1,0,0,0,0,0,0,0,0,0,0,0,0,1,0,1,0,0,0,12569,0,0,cellular,9,sep,1,295,1,failure,1
34,1,0,0,0,0,0,0,0,0,0,0,0,1,0,0,1,0,0,0,0,0,0,cellular,29,aug,2,-1,0,unknown,0
41,0,0,0,0,0,0,1,0,0,0,0,0,0,0,1,1,0,0,0,-298,1,0,cellular,5,may,1,-1,0,unknown,0
69,0,0,0,0,0,1,0,0,0,0,0,0,1,0,0,0,1,0,0,2473,0,0,cellular,8,jul,3,-1,0,unknown,1
33,1,0,0,0,0,0,0,0,0,0,0,0,1,0,0,0,1,0,0,94,1,0,cellular,17,jul,1,-1,0,unknown,0
54,0,0,0,0,1,0,0,0,0,0,0,0,1,0,0,1,0,0,0,10,0,0,cellular,7,aug,2,-1,0,unknown,0
37,0,0,1,0,0,0,0,0,0,0,0,0,0,0,1,0,1,0,0,175,1,1,unknown,13,may,6,-1,0,unknown,1
47,0,0,0,0,0,0,0,1,0,0,0,0,0,1,0,0,1,0,0,917,0,0,cellular,29,jul,2,-1,0,unknown,0
62,1,0,0,0,0,0,0,0,0,0,0,0,1,0,0,1,0,0,0,0,0,0,cellular,3,sep,1,-1,0,unknown,1
23,0,0,0,0,0,0,0,0,0,0,0,1,0,1,0,1,0,0,0,113,0,0,cellular,17,nov,1,-1,0,unknown,1
46,0,0,0,1,0,0,0,0,0,0,0,0,0,1,0,0,0,1,0,3046,1,1,cellular,18,nov,1,183,1,other,0
50,0,1,0,0,0,0,0,0,0,0,0,0,1,0,0,0,1,0,0,3370,0,0,cellular,2,jun,2,-1,0,unknown,1
61,0,0,0,0,1,0,1,0,0,0,0,0,1,0,0,0,0,0,0,4629,1,0,cellular,27,jan,1,92,1,success,1
50,0,0,0,0,0,0,0,1,0,0,0,0,1,0,0,0,1,0,0,1687,0,0,cellular,19,aug,5,-1,0,unknown,0
38,0,0,0,0,0,0,0,1,0,0,0,0,0,1,0,1,0,0,0,1222,1,0,unknown,5,jun,2,-1,0,unknown,0
45,1,0,0,0,0,0,0,0,0,0,0,0,1,0,0,1,0,0,0,1493,0,0,unknown,16,jun,3,-1,0,unknown,0
30,0,0,1,0,0,0,0,0,0,0,0,0,0,1,0,1,0,0,0,303,1,0,cellular,14,may,2,365,4,failure,0
66,1,0,0,0,1,0,0,0,0,0,0,0,1,0,0,0,0,0,0,2149,1,0,cellular,26,may,2,90,11,success,1
34,0,1,0,0,0,0,0,0,0,0,0,0,1,0,0,1,0,0,0,127,0,0,cellular,3,jun,1,-1,0,unknown,1
48,0,0,0,0,0,0,1,0,0,0,0,0,0,1,0,0,1,0,0,1234,1,0,cellular,8,apr,1,-1,0,unknown,0
19,0,0,0,0,1,0,0,0,0,0,0,1,0,1,0,0,0,0,0,779,0,0,cellular,1,apr,4,-1,0,unknown,1
33,1,0,0,0,0,0,0,0,0,0,0,0,0,1,0,1,0,0,0,0,1,0,cellular,13,may,1,-1,0,unknown,1
46,0,0,0,0,0,0,0,1,0,0,0,0,1,0,0,0,1,0,0,-522,1,0,cellular,31,jul,2,-1,0,unknown,0
26,0,1,0,0,0,0,0,0,0,0,0,0,0,1,0,0,1,0,0,223,0,1,cellular,21,jul,3,-1,0,unknown,1
36,0,0,0,0,1,0,0,1,0,0,0,0,1,0,0,0,0,0,0,618,0,0,cellular,13,jul,1,335,2,success,1
41,0,0,0,0,0,0,0,0,1,0,0,0,0,0,1,1,0,0,0,4717,1,0,cellular,19,nov,2,-1,0,unknown,0
40,1,0,0,0,0,0,0,0,0,0,0,0,1,0,0,1,0,0,0,-606,1,0,cellular,6,may,1,345,1,failure,0
41,0,1,0,0,0,0,0,0,0,0,0,0,0,1,0,0,1,0,0,214,0,0,cellular,11,aug,2,-1,0,unknown,0
49,0,0,0,1,0,0,0,0,0,0,0,0,1,0,0,0,1,0,0,0,0,1,cellular,9,jul,1,-1,0,unknown,1
36,0,1,0,0,0,0,0,0,0,0,0,0,1,0,0,0,1,0,0,-355,1,0,cellular,8,may,1,-1,0,unknown,0
44,0,0,0,0,0,0,0,1,0,0,0,0,0,0,1,0,1,0,0,130,1,0,cellular,14,may,1,371,1,failure,0
48,0,0,0,1,0,0,0,0,0,0,0,0,1,0,0,0,1,0,0,154,1,0,unknown,27,may,3,-1,0,unknown,0
47,0,0,0,0,0,0,1,0,0,0,0,0,1,0,0,0,1,0,0,84,0,0,telephone,29,aug,3,-1,0,unknown,0
54,0,1,0,0,0,0,0,0,0,0,0,0,1,0,0,0,1,0,0,230,0,1,cellular,21,nov,1,100,2,failure,0
33,1,0,0,0,0,0,0,0,0,0,0,0,1,0,0,1,0,0,0,148,0,0,unknown,20,may,1,-1,0,unknown,0
35,0,0,0,0,0,0,0,0,1,0,0,0,1,0,0,1,0,0,0,3698,1,0,cellular,5,mar,1,-1,0,unknown,1
36,1,0,0,0,0,0,0,0,0,0,0,0,0,1,0,1,0,0,0,3850,1,0,cellular,12,aug,2,100,4,failure,1
38,1,0,0,0,0,0,0,0,0,0,0,0,0,0,1,1,0,0,0,4692,1,0,unknown,29,may,2,-1,0,unknown,1
46,0,1,0,0,0,0,0,0,0,0,0,0,1,0,0,0,1,0,0,9299,0,0,cellular,19,jul,1,276,2,other,1
32,0,0,0,1,0,0,0,0,0,0,0,0,0,0,1,0,1,0,0,-289,1,0,unknown,12,jun,2,-1,0,unknown,0
54,0,0,0,1,0,0,0,0,0,0,0,0,1,0,0,0,0,1,0,316,1,0,cellular,14,may,1,-1,0,unknown,0
41,1,0,0,0,0,0,0,0,0,0,0,0,1,0,0,1,0,0,0,397,1,0,cellular,18,jul,1,-1,0,unknown,0
37,0,0,0,1,0,0,0,0,0,0,0,0,0,1,0,0,0,1,0,5473,0,1,unknown,9,jun,2,-1,0,unknown,0
31,0,1,0,0,0,0,0,0,0,0,0,0,0,1,0,0,1,0,0,2544,0,0,cellular,12,jan,1,279,2,success,1
29,0,0,0,1,0,0,0,0,0,0,0,0,0,1,0,0,1,0,0,783,1,0,unknown,13,may,1,-1,0,unknown,0
46,0,0,0,0,0,0,0,0,1,0,0,0,0,0,1,1,0,0,0,21,0,0,cellular,30,jul,2,-1,0,unknown,1
36,0,0,0,1,1,0,0,0,0,0,0,0,0,1,0,0,0,0,1,-395,1,0,telephone,7,jul,17,-1,0,unknown,0
42,0,0,0,1,0,0,0,0,0,0,0,0,1,0,0,0,1,0,0,193,1,0,unknown,17,jun,1,-1,0,unknown,0
38,1,0,0,0,0,0,0,0,0,0,0,0,0,1,0,1,0,0,0,-974,1,0,unknown,30,may,3,-1,0,unknown,0
52,0,0,0,0,0,1,0,0,0,0,0,0,1,0,0,1,0,0,0,2269,0,0,unknown,20,jun,1,-1,0,unknown,1
32,0,0,0,1,0,0,0,0,0,0,0,0,1,0,0,0,1,0,0,34,1,0,cellular,5,may,2,-1,0,unknown,0
34,1,0,0,0,0,0,0,0,0,0,0,0,0,1,0,1,0,0,0,2159,0,0,unknown,18,feb,1,-1,0,unknown,1
52,0,0,0,1,0,0,0,0,0,0,0,0,1,0,0,0,0,1,0,2439,1,0,unknown,30,may,3,-1,0,unknown,0
29,1,0,0,0,0,0,0,0,0,0,0,0,0,1,0,1,0,0,0,92,0,0,cellular,2,mar,5,-1,0,unknown,1
51,0,0,0,1,0,0,0,0,0,0,0,0,1,0,0,0,1,0,0,814,1,0,cellular,14,may,8,-1,0,unknown,0
31,1,0,0,0,0,0,0,0,0,0,0,0,0,1,0,1,0,0,0,115,0,0,cellular,17,mar,1,-1,0,unknown,1
34,0,0,0,1,0,0,0,0,0,0,0,0,1,0,0,1,0,0,0,748,1,1,cellular,6,may,1,-1,0,unknown,0
36,1,0,0,0,0,0,0,0,0,0,0,0,0,1,0,1,0,0,0,479,0,0,cellular,9,feb,2,-1,0,unknown,1
54,0,0,0,1,0,0,0,0,0,0,0,0,1,0,0,0,1,0,0,5210,1,1,unknown,30,may,4,-1,0,unknown,0
42,0,0,0,1,0,0,0,0,0,0,0,0,1,0,0,0,0,1,0,-336,1,0,telephone,15,may,6,-1,0,unknown,0
74,0,0,0,0,0,1,0,0,0,0,0,0,1,0,0,0,1,0,0,935,0,0,cellular,25,oct,1,173,3,success,1
31,0,0,0,0,0,0,0,1,0,0,0,0,1,0,0,0,1,0,0,564,1,0,unknown,7,may,3,-1,0,unknown,0
26,0,0,0,0,0,0,0,0,0,1,0,0,0,1,0,0,1,0,0,632,0,0,cellular,12,feb,1,-1,0,unknown,1
47,0,0,0,0,0,0,0,1,0,0,0,0,1,0,0,0,1,0,0,306,1,0,cellular,20,apr,2,-1,0,unknown,0
33,0,0,0,1,0,0,0,0,0,0,0,0,1,0,0,0,0,1,0,195,0,0,cellular,16,nov,5,-1,0,unknown,1
32,1,0,0,0,0,0,0,0,0,0,0,0,0,0,1,1,0,0,0,1589,1,0,unknown,30,may,9,-1,0,unknown,0
35,1,0,0,0,0,0,0,0,0,0,0,0,1,0,0,1,0,0,0,12256,1,0,cellular,19,nov,4,-1,0,unknown,0
46,0,0,0,1,0,0,0,0,0,0,0,0,1,0,0,0,1,0,0,1568,1,0,cellular,2,jun,1,55,6,other,1
35,0,0,0,1,0,0,0,0,0,0,0,0,0,1,0,0,1,0,1,-177,1,1,cellular,7,may,1,-1,0,unknown,0
33,0,1,0,0,0,0,0,0,0,0,0,0,0,1,0,0,1,0,0,1429,1,0,cellular,31,aug,8,-1,0,unknown,1
30,1,0,0,0,0,0,0,0,0,0,0,0,1,0,0,1,0,0,0,131,1,0,cellular,11,aug,6,-1,0,unknown,1
43,1,0,0,0,0,0,0,0,0,0,0,0,1,0,0,1,0,0,0,3518,0,0,cellular,28,dec,2,196,2,success,1
34,1,0,0,0,0,0,0,0,0,0,0,0,1,0,0,1,0,0,0,1433,0,0,cellular,8,aug,3,-1,0,unknown,0
50,0,0,0,0,0,0,0,0,0,0,1,0,1,0,0,0,1,0,0,34,1,0,unknown,5,jun,1,-1,0,unknown,0
27,0,0,0,0,0,0,0,0,0,0,0,1,0,1,0,0,1,0,0,2784,1,0,telephone,20,apr,1,328,1,failure,0
29,0,0,0,0,0,0,0,0,1,0,0,0,0,1,0,1,0,0,0,3290,0,0,cellular,23,mar,1,291,2,success,1
53,1,0,0,0,0,0,0,0,0,0,0,0,0,0,1,1,0,0,0,269,0,0,cellular,6,aug,2,-1,0,unknown,0
41,0,0,0,1,0,0,0,0,0,0,0,0,1,0,0,0,0,1,0,201,1,0,cellular,3,feb,1,-1,0,unknown,1
49,0,0,0,0,0,0,0,1,0,0,0,0,1,0,0,0,1,0,0,320,0,0,telephone,9,feb,4,-1,0,unknown,1
52,0,0,0,0,0,0,0,0,0,1,0,0,1,0,0,0,1,0,0,1416,0,0,cellular,10,mar,2,182,1,success,1
49,1,0,0,0,0,0,0,0,0,0,0,0,0,0,1,0,1,0,0,4908,0,0,cellular,31,jul,4,-1,0,unknown,0
23,0,0,0,0,0,0,0,0,0,0,0,1,0,1,0,0,1,0,0,1234,0,0,cellular,15,feb,1,91,1,success,1
44,0,0,1,0,1,0,0,0,0,0,0,0,0,1,0,0,0,0,0,323,0,0,cellular,28,jul,2,181,2,failure,1
42,0,0,1,0,0,0,0,0,0,0,0,0,0,0,1,0,1,0,0,335,1,0,cellular,12,may,1,-1,0,unknown,1
35,0,0,0,0,0,0,0,0,1,0,0,0,1,0,0,1,0,0,0,560,1,0,cellular,17,nov,1,-1,0,unknown,0
50,0,0,0,1,0,0,0,0,0,0,0,0,0,0,1,0,0,1,0,171,0,0,cellular,14,aug,3,-1,0,unknown,0
37,1,0,0,0,0,0,0,0,0,0,0,0,0,1,0,1,0,0,0,240,0,0,unknown,5,jun,1,-1,0,unknown,1
41,1,0,0,0,0,0,0,0,0,0,0,0,1,0,0,1,0,0,0,1468,1,0,cellular,31,mar,3,-1,0,unknown,1
31,0,0,0,0,0,0,0,1,0,0,0,0,0,1,0,0,1,0,0,831,1,0,cellular,21,nov,2,-1,0,unknown,0
32,0,1,0,0,0,0,0,0,0,0,0,0,0,1,0,0,1,0,0,483,0,0,cellular,8,aug,3,-1,0,unknown,1
25,0,1,0,0,0,0,0,0,0,0,0,0,0,1,0,0,1,0,0,7103,1,0,cellular,28,may,3,10,1,failure,1
54,0,0,0,0,0,0,1,0,0,0,0,0,1,0,0,1,0,0,0,-690,1,1,unknown,29,may,4,-1,0,unknown,0
30,0,0,0,0,0,0,1,0,0,0,0,0,0,1,0,1,0,0,0,305,0,0,cellular,30,apr,1,85,2,success,1
25,0,0,0,1,0,0,0,0,0,0,0,0,0,1,0,0,1,0,0,330,1,0,unknown,4,jun,1,-1,0,unknown,0
34,0,0,0,0,0,0,0,0,1,0,0,0,1,0,0,0,0,1,0,712,1,0,unknown,2,jun,3,-1,0,unknown,0
38,1,0,0,0,0,0,0,0,0,0,0,0,1,0,0,1,0,0,0,358,0,0,cellular,29,jan,2,-1,0,unknown,0
31,1,0,0,0,0,0,0,0,0,0,0,0,0,1,0,1,0,0,0,3340,0,0,cellular,15,sep,2,469,3,success,1
41,0,1,0,0,0,0,0,0,0,0,0,0,0,0,1,0,1,0,0,52,0,0,cellular,20,aug,2,-1,0,unknown,0
75,0,0,0,0,1,0,0,0,1,0,0,0,1,0,0,0,0,0,0,4984,0,0,telephone,28,oct,1,-1,0,unknown,1
38,0,0,0,0,0,0,0,1,0,0,0,0,0,1,0,0,1,0,0,895,1,0,cellular,12,may,1,-1,0,unknown,1
58,0,0,0,0,0,1,0,0,0,0,0,0,0,0,1,0,1,0,0,1080,1,0,cellular,29,jul,2,-1,0,unknown,1
35,0,1,0,0,0,0,0,0,0,0,0,0,1,0,0,1,0,0,0,633,1,1,cellular,2,feb,3,5,3,other,0
36,0,0,0,1,0,0,0,0,0,0,0,0,1,0,0,0,1,0,0,0,1,0,cellular,5,may,1,-1,0,unknown,0
29,0,0,0,0,0,0,1,0,0,0,0,0,0,1,0,0,1,0,0,266,1,0,cellular,6,may,1,-1,0,unknown,1
45,0,0,0,0,0,0,1,0,0,0,0,0,0,0,1,0,1,0,0,2353,1,0,cellular,5,mar,1,107,2,other,1
33,0,1,0,0,0,0,0,0,0,0,0,0,1,0,0,1,0,0,0,1699,0,0,cellular,4,aug,1,-1,0,unknown,1
51,0,0,0,1,0,0,0,0,0,0,0,0,1,0,0,0,1,0,0,145,0,1,cellular,18,jul,1,-1,0,unknown,0
46,0,1,0,0,0,0,0,0,0,0,0,0,0,1,0,1,0,0,0,2800,0,0,unknown,5,jun,1,-1,0,unknown,0
58,1,0,0,0,0,0,0,0,0,0,0,0,0,0,1,0,1,0,0,3161,0,0,telephone,30,jul,2,-1,0,unknown,1
25,1,0,0,0,0,0,0,0,0,0,0,0,0,1,0,1,0,0,0,316,0,0,cellular,27,mar,2,-1,0,unknown,1
47,0,0,0,1,0,0,0,0,0,0,0,0,1,0,0,0,1,0,0,-337,1,1,cellular,12,may,1,-1,0,unknown,0
54,0,0,0,0,0,0,1,0,0,0,0,0,1,0,0,0,1,0,0,1633,0,0,cellular,3,jul,2,-1,0,unknown,1
46,0,0,0,0,0,0,0,1,0,0,0,0,1,0,0,0,1,0,0,311,1,1,cellular,15,jul,3,-1,0,unknown,0
24,1,0,0,0,0,0,0,0,0,0,0,0,1,0,0,0,1,0,0,867,1,0,unknown,20,jun,10,-1,0,unknown,1
35,1,0,0,0,0,0,0,0,0,0,0,0,1,0,0,1,0,0,0,1361,0,1,cellular,7,jul,11,-1,0,unknown,0
60,0,0,0,0,0,1,0,0,0,0,0,0,1,0,0,0,1,0,0,1853,0,0,cellular,10,feb,1,183,1,success,1
31,1,0,0,0,0,0,0,0,0,0,0,0,0,1,0,0,1,0,0,783,1,0,unknown,6,may,1,-1,0,unknown,0
31,0,0,0,0,0,0,0,1,0,0,0,0,1,0,0,0,1,0,0,4687,1,0,cellular,14,may,4,-1,0,unknown,0
43,0,1,0,0,1,0,0,0,0,0,0,0,0,1,0,0,0,0,0,11115,0,0,cellular,23,oct,1,74,2,success,1
53,0,0,1,0,0,0,0,0,0,0,0,0,1,0,0,1,0,0,0,1961,0,0,cellular,15,dec,1,-1,0,unknown,1
57,0,0,0,1,1,0,0,0,0,0,0,0,1,0,0,0,0,0,0,3196,0,0,cellular,28,aug,4,-1,0,unknown,0
33,1,0,0,0,0,0,0,0,0,0,0,0,0,1,0,1,0,0,0,224,0,0,cellular,23,sep,2,92,4,success,1
51,0,0,0,0,0,0,1,0,0,0,0,0,0,0,1,0,1,0,0,340,1,0,unknown,8,may,1,-1,0,unknown,0
46,1,0,0,0,0,0,0,0,0,0,0,0,1,0,0,1,0,0,0,4,0,0,cellular,8,aug,4,-1,0,unknown,1
58,1,0,0,0,0,0,0,0,0,0,0,0,0,1,0,1,0,0,0,0,0,0,cellular,22,aug,2,-1,0,unknown,0
41,1,0,0,0,0,0,0,0,0,0,0,0,0,1,0,1,0,0,0,4522,0,0,cellular,28,aug,1,-1,0,unknown,0
29,0,0,0,1,1,0,0,0,0,0,0,0,1,0,0,0,0,0,1,163,1,1,cellular,23,jul,2,-1,0,unknown,0
22,0,0,0,0,0,0,0,0,0,0,1,0,0,1,0,0,1,0,0,1796,0,0,cellular,28,jun,3,-1,0,unknown,1
38,0,1,0,0,0,0,0,0,0,0,0,0,0,1,0,0,1,0,0,9610,1,0,cellular,16,apr,2,-1,0,unknown,0
35,0,0,0,0,0,0,1,0,0,0,0,0,0,0,1,0,1,0,0,437,1,0,unknown,4,jun,1,-1,0,unknown,1
53,0,0,0,1,0,0,0,0,0,0,0,0,1,0,0,0,1,0,0,25,0,0,cellular,22,aug,2,-1,0,unknown,1
28,0,0,0,0,0,0,0,1,0,0,0,0,1,0,0,0,0,1,0,3,1,0,cellular,14,may,1,-1,0,unknown,0
58,0,0,0,0,0,1,0,0,0,0,0,0,1,0,0,0,0,1,0,565,0,0,telephone,7,jul,1,-1,0,unknown,1
27,0,1,0,0,0,0,0,0,0,0,0,0,0,1,0,0,1,0,0,2,1,1,cellular,6,may,2,356,1,failure,1
38,1,0,0,0,0,0,0,0,0,0,0,0,1,0,0,0,1,0,0,0,1,0,unknown,27,may,2,-1,0,unknown,0
70,0,0,0,0,0,1,0,0,0,0,0,0,0,0,1,0,0,1,0,482,0,0,telephone,14,jul,1,181,3,success,1
32,1,0,0,0,0,0,0,0,0,0,0,0,1,0,0,1,0,0,0,3387,1,0,cellular,15,may,5,-1,0,unknown,1
27,0,0,0,0,0,0,0,1,0,0,0,0,0,1,0,0,1,0,0,302,0,0,cellular,3,jul,1,-1,0,unknown,1
31,1,0,0,0,0,0,0,0,0,0,0,0,0,1,0,1,0,0,0,12857,1,0,cellular,6,feb,1,92,1,success,1
31,0,0,0,1,0,0,0,0,0,0,0,0,0,1,0,0,1,0,0,5607,0,0,cellular,20,nov,2,184,1,failure,0
27,0,0,0,0,0,0,1,0,0,0,0,0,1,0,0,0,1,0,0,53,1,0,cellular,18,jul,2,-1,0,unknown,0
50,0,0,0,0,0,0,0,0,0,1,0,0,0,0,1,0,1,0,0,717,1,0,cellular,30,jan,1,-1,0,unknown,0
31,0,1,0,0,0,0,0,0,0,0,0,0,0,1,0,1,0,0,0,1710,1,0,unknown,23,may,1,-1,0,unknown,0
48,0,0,0,1,0,0,0,0,0,0,0,0,1,0,0,0,1,0,0,1730,1,0,cellular,10,aug,1,102,1,success,0
30,0,0,0,1,0,0,0,0,0,0,0,0,1,0,0,0,0,1,0,307,1,1,cellular,8,jul,2,-1,0,unknown,0
30,0,0,0,0,0,0,1,0,0,0,0,0,1,0,0,0,1,0,0,265,1,0,cellular,12,may,1,354,2,failure,0
68,0,0,0,0,0,1,0,0,0,0,0,0,0,0,1,0,0,1,0,2027,0,0,cellular,15,jun,2,92,2,success,1
52,0,0,0,0,1,0,0,0,0,0,0,0,1,0,0,0,0,1,0,247,0,0,cellular,29,jul,6,-1,0,unknown,0
32,0,1,0,0,0,0,0,0,0,0,0,0,0,1,0,1,0,0,0,6746,0,0,cellular,11,nov,1,-1,0,unknown,1
29,0,0,0,1,0,0,0,0,0,0,0,0,0,1,0,0,0,1,0,161,0,1,cellular,7,jul,1,-1,0,unknown,0
27,0,0,0,0,0,0,0,0,0,0,0,1,0,1,0,1,0,0,0,3733,1,0,telephone,13,feb,6,-1,0,unknown,1
34,0,0,0,0,0,0,0,0,0,1,0,0,1,0,0,0,0,1,0,309,0,0,cellular,5,feb,1,-1,0,unknown,1
36,0,0,0,0,0,0,0,0,1,0,0,0,1,0,0,1,0,0,0,980,0,0,cellular,24,sep,2,53,8,failure,0
47,1,0,0,0,0,0,0,0,0,0,0,0,0,1,0,1,0,0,0,551,0,0,cellular,29,oct,1,-1,0,unknown,1
53,1,0,0,0,0,0,0,0,0,0,0,0,1,0,0,1,0,0,0,1319,1,0,cellular,16,apr,1,150,1,failure,0
47,0,0,0,1,0,0,0,0,0,0,0,0,1,0,0,0,1,0,0,116,1,0,unknown,8,may,2,-1,0,unknown,0
34,0,1,0,0,0,0,0,0,0,0,0,0,0,0,1,0,1,0,0,1301,1,0,cellular,30,jan,2,189,2,failure,0
57,1,0,0,0,0,0,0,0,0,0,0,0,0,0,1,1,0,0,0,52,1,0,cellular,8,may,3,359,8,other,0
34,0,0,0,1,0,0,0,0,0,0,0,0,1,0,0,0,1,0,0,2495,1,0,unknown,23,may,1,-1,0,unknown,1
48,1,0,0,0,0,0,0,0,0,0,0,0,1,0,0,1,0,0,1,0,0,1,cellular,9,feb,8,-1,0,unknown,0
35,1,0,0,0,0,0,0,0,0,0,0,0,0,0,1,1,0,0,0,26,0,0,cellular,16,apr,2,-1,0,unknown,1
58,1,0,0,0,0,0,0,0,0,0,0,0,1,0,0,0,0,1,0,2769,1,0,cellular,11,jul,2,-1,0,unknown,0
56,0,0,0,1,0,0,0,0,0,0,0,0,1,0,0,0,0,1,0,136,0,0,cellular,4,aug,1,-1,0,unknown,0
28,1,0,0,0,0,0,0,0,0,0,0,0,1,0,0,1,0,0,0,1240,0,0,cellular,4,aug,1,-1,0,unknown,1
33,0,1,0,0,0,0,0,0,0,0,0,0,1,0,0,1,0,0,0,1699,0,0,cellular,6,nov,2,94,1,success,1
35,0,0,0,0,0,0,0,1,0,0,0,0,1,0,0,0,1,0,0,240,1,1,cellular,11,may,2,-1,0,unknown,0
33,1,0,0,0,0,0,0,0,0,0,0,0,0,1,0,1,0,0,0,373,0,1,cellular,27,jul,1,180,4,failure,1
28,0,0,0,1,0,0,0,0,0,0,0,0,1,0,0,0,1,0,0,0,1,0,unknown,26,may,3,-1,0,unknown,0
31,0,0,0,0,0,0,1,0,0,0,0,0,0,1,0,0,1,0,0,1801,1,0,cellular,12,may,1,-1,0,unknown,0
57,0,1,0,0,0,0,0,0,0,0,0,0,1,0,0,0,1,0,0,254,0,0,cellular,27,oct,1,-1,0,unknown,1
32,0,0,1,0,0,0,0,0,0,0,0,0,0,1,0,1,0,0,0,1,1,1,unknown,16,may,2,-1,0,unknown,0
78,0,0,0,0,0,1,0,0,0,0,0,0,0,0,1,0,1,0,0,3219,0,0,cellular,24,feb,1,-1,0,unknown,1
59,0,0,0,1,0,0,0,0,0,0,0,0,1,0,0,0,1,0,0,32,1,0,cellular,18,may,5,-1,0,unknown,0
34,0,0,0,0,0,0,0,0,1,0,0,0,1,0,0,1,0,0,0,1545,1,0,cellular,20,nov,1,183,2,failure,0
58,0,0,0,0,0,0,0,1,0,0,0,0,0,0,1,0,1,0,0,462,0,0,cellular,12,aug,1,-1,0,unknown,1
39,0,0,0,0,0,0,1,0,0,0,0,0,0,0,1,0,1,0,0,458,0,0,cellular,21,nov,2,-1,0,unknown,0
56,0,0,0,0,0,0,0,1,0,0,0,0,0,0,1,0,0,1,0,588,0,0,cellular,17,nov,2,-1,0,unknown,0
29,0,0,0,1,0,0,0,0,0,0,0,0,1,0,0,0,1,0,0,1958,1,0,cellular,18,may,4,349,1,failure,0
59,0,0,0,1,0,0,0,0,0,0,0,0,0,0,1,0,0,1,0,1265,0,1,cellular,7,jul,1,-1,0,unknown,1
32,0,0,0,1,0,0,0,0,0,0,0,0,0,1,0,0,0,1,0,12198,1,0,cellular,18,may,1,-1,0,unknown,1
21,0,0,0,0,0,0,0,0,0,0,0,1,0,1,0,0,0,1,0,423,0,0,telephone,18,jan,5,285,5,success,1
27,0,0,0,0,0,0,0,0,1,0,0,0,0,1,0,1,0,0,0,168,0,0,cellular,12,nov,1,196,1,success,1
71,1,0,0,0,0,0,0,0,0,0,0,0,1,0,0,1,0,0,0,13297,0,0,cellular,11,aug,1,190,2,failure,0
28,1,0,0,0,0,0,0,0,0,0,0,0,0,1,0,1,0,0,0,3611,0,0,cellular,26,feb,2,-1,0,unknown,1
31,0,1,0,0,0,0,0,0,0,0,0,0,1,0,0,0,1,0,0,-556,1,0,cellular,7,aug,2,-1,0,unknown,0
38,1,0,0,0,0,0,0,0,0,0,0,0,0,1,0,1,0,0,0,623,0,0,cellular,28,jun,4,144,4,other,1
28,0,0,0,1,0,0,0,0,0,0,0,0,1,0,0,0,1,0,0,-26,0,1,cellular,30,jan,1,-1,0,unknown,0
76,0,0,0,0,0,1,0,0,0,0,0,0,0,0,1,0,0,1,0,3049,0,0,cellular,24,mar,3,-1,0,unknown,1
34,0,1,0,0,0,0,0,0,0,0,0,0,1,0,0,0,1,0,0,3000,1,1,cellular,8,feb,3,221,1,failure,0
37,0,0,0,0,0,0,1,0,0,0,0,0,1,0,0,0,1,0,0,10,0,1,cellular,7,jul,2,-1,0,unknown,0
58,0,0,0,1,0,0,0,0,0,0,0,0,1,0,0,0,1,0,0,25,0,0,unknown,9,jun,3,-1,0,unknown,1
28,0,0,0,0,0,0,0,0,1,0,0,0,1,0,0,1,0,0,0,0,1,0,cellular,4,feb,3,196,4,failure,1
41,1,0,0,0,0,0,0,0,0,0,0,0,1,0,0,1,0,0,0,-456,0,0,cellular,14,apr,4,144,1,failure,0
30,0,0,0,0,0,0,1,0,0,0,0,0,1,0,0,1,0,0,0,612,1,0,unknown,27,may,6,-1,0,unknown,0
36,0,0,0,1,0,0,0,0,0,0,0,0,1,0,0,0,0,1,0,599,1,0,unknown,21,may,2,-1,0,unknown,1
59,0,0,0,0,0,1,0,0,0,0,0,0,1,0,0,0,0,1,0,3400,1,0,cellular,5,aug,3,-1,0,unknown,1
49,0,1,0,0,0,0,0,0,0,0,0,0,1,0,0,0,1,0,0,2,0,0,cellular,19,aug,8,-1,0,unknown,0
56,1,0,0,0,0,0,0,0,0,0,0,0,1,0,0,1,0,0,0,616,0,0,cellular,30,apr,1,83,1,success,1
28,0,0,0,1,0,0,0,0,0,0,0,0,1,0,0,0,1,0,0,822,1,0,unknown,6,jun,18,-1,0,unknown,0
55,1,0,0,0,0,0,0,0,0,0,0,0,1,0,0,1,0,0,0,505,1,1,unknown,29,may,2,-1,0,unknown,0
33,1,0,0,0,0,0,0,0,0,0,0,0,0,1,0,1,0,0,0,1781,0,0,cellular,8,oct,2,183,1,success,1
50,0,0,0,0,0,1,0,0,0,0,0,0,1,0,0,0,1,0,0,0,1,1,unknown,17,jun,3,-1,0,unknown,0
40,0,0,1,0,0,0,0,0,0,0,0,0,1,0,0,0,1,0,0,264,1,0,unknown,14,may,2,-1,0,unknown,0
55,1,0,0,0,0,0,0,0,0,0,0,0,1,0,0,1,0,0,0,568,0,0,cellular,12,aug,10,-1,0,unknown,1
45,0,0,0,0,0,0,0,0,1,0,0,0,0,0,1,1,0,0,1,75,1,1,cellular,4,feb,1,-1,0,unknown,0
68,0,0,0,0,0,1,0,0,0,0,0,0,1,0,0,0,0,1,0,7945,0,0,cellular,28,oct,1,-1,0,unknown,0
46,0,0,0,0,0,0,0,0,0,0,1,0,1,0,0,0,1,0,0,271,1,0,cellular,30,jul,29,-1,0,unknown,1
70,0,0,0,0,0,1,0,0,0,0,0,0,1,0,0,0,0,1,0,7781,0,0,cellular,3,jul,1,-1,0,unknown,0
31,0,1,0,0,0,0,0,0,0,0,0,0,0,1,0,0,1,0,0,138,0,0,cellular,26,may,1,285,2,other,1
37,0,1,0,0,0,0,0,0,0,0,0,0,1,0,0,0,1,0,0,1707,1,0,cellular,26,jul,2,784,3,failure,1
33,1,0,0,0,0,0,0,0,0,0,0,0,0,1,0,1,0,0,0,0,0,0,cellular,28,aug,10,-1,0,unknown,0
58,0,0,0,0,0,1,0,0,0,0,0,0,1,0,0,0,0,1,0,0,0,0,cellular,4,aug,1,-1,0,unknown,0
33,0,1,0,0,0,0,0,0,0,0,0,0,1,0,0,0,1,0,0,133,0,0,cellular,12,nov,2,192,1,success,1
29,0,0,0,0,0,0,0,1,0,0,0,0,0,0,1,0,1,0,0,84,1,0,cellular,13,apr,2,-1,0,unknown,1
57,0,0,0,0,0,0,0,0,0,0,1,0,1,0,0,0,0,1,0,501,1,1,cellular,11,feb,7,188,2,failure,0
58,0,0,0,0,0,1,0,0,0,0,0,0,1,0,0,1,0,0,0,0,0,0,unknown,6,may,1,-1,0,unknown,0
33,0,1,0,0,0,0,0,0,0,0,0,0,0,1,0,1,0,0,0,81,0,0,cellular,18,jul,1,-1,0,unknown,0
33,0,0,0,1,0,0,0,0,0,0,0,0,0,1,0,0,0,1,0,611,0,0,telephone,16,sep,2,-1,0,unknown,1
40,0,0,0,0,0,0,1,0,0,0,0,0,1,0,0,0,1,0,0,1,0,0,unknown,19,jun,3,-1,0,unknown,0
52,0,0,0,1,0,0,0,0,0,0,0,0,0,0,1,0,0,1,1,-183,1,0,unknown,6,may,1,-1,0,unknown,0
48,0,0,1,0,0,0,0,0,0,0,0,0,0,1,0,0,1,0,0,315,0,0,unknown,11,feb,1,-1,0,unknown,1
54,0,1,0,0,0,0,0,0,0,0,0,0,0,0,1,0,1,0,0,2156,1,0,cellular,30,apr,1,86,5,success,1
36,0,0,0,1,0,0,0,0,0,0,0,0,1,0,0,0,0,1,0,-327,1,1,unknown,23,may,1,-1,0,unknown,0
27,0,0,0,0,0,0,1,0,0,0,0,0,1,0,0,1,0,0,0,2855,0,0,cellular,25,jan,1,301,3,failure,1
36,0,0,0,0,1,0,1,0,0,0,0,0,1,0,0,0,0,0,0,991,0,0,cellular,14,jan,2,-1,0,unknown,1
25,0,1,0,0,0,0,0,0,0,0,0,0,0,1,0,0,1,0,0,886,0,0,cellular,12,aug,1,-1,0,unknown,0
44,0,0,0,0,0,0,1,0,0,0,0,0,0,0,1,0,1,0,0,0,0,0,cellular,14,apr,1,148,1,failure,1
43,0,0,0,1,0,0,0,0,0,0,0,0,1,0,0,0,0,1,0,3917,0,0,cellular,3,jun,2,93,1,success,1
52,0,0,0,1,0,0,0,0,0,0,0,0,1,0,0,0,1,0,0,955,0,1,cellular,3,feb,1,48,3,success,1
30,0,1,0,0,0,0,0,0,0,0,0,0,0,1,0,0,1,0,0,0,1,0,unknown,6,may,1,-1,0,unknown,0
45,0,0,0,1,1,0,0,0,0,0,0,0,1,0,0,0,0,0,0,2056,0,1,unknown,11,jun,1,-1,0,unknown,0
32,0,1,0,0,0,0,0,0,0,0,0,0,1,0,0,0,1,0,0,791,1,0,unknown,21,may,2,-1,0,unknown,1
44,0,0,0,1,0,0,0,0,0,0,0,0,1,0,0,0,1,0,0,647,1,0,cellular,6,apr,2,-1,0,unknown,0
61,0,0,0,0,0,1,0,0,0,0,0,0,1,0,0,0,1,0,0,2801,1,1,cellular,10,mar,1,-1,0,unknown,1
30,1,0,0,0,0,0,0,0,0,0,0,0,0,1,0,1,0,0,0,398,0,0,cellular,27,oct,1,180,3,success,1
62,0,0,0,0,0,1,0,0,0,0,0,0,1,0,0,0,1,0,0,569,0,0,cellular,4,aug,1,1,8,success,1
40,0,1,0,0,0,0,0,0,0,0,0,0,0,0,1,1,0,0,0,0,0,0,unknown,17,jun,1,-1,0,unknown,1
24,0,0,0,1,0,0,0,0,0,0,0,0,0,1,0,0,1,0,0,77,1,0,unknown,16,may,2,-1,0,unknown,0
60,0,0,0,1,0,0,0,0,0,0,0,0,1,0,0,0,1,0,0,3122,0,0,telephone,18,aug,12,-1,0,unknown,0
32,0,0,0,0,0,0,0,1,0,0,0,0,0,1,0,0,1,0,0,486,0,0,cellular,29,jan,1,-1,0,unknown,1
69,1,0,0,0,0,0,0,0,0,0,0,0,1,0,0,1,0,0,0,840,0,0,telephone,5,feb,3,-1,0,unknown,1
53,0,0,0,1,1,0,0,0,0,0,0,0,1,0,0,0,0,0,0,593,0,0,telephone,6,feb,1,-1,0,unknown,0
37,0,0,0,0,0,0,0,0,0,1,0,0,1,0,0,0,0,1,0,236,1,0,cellular,4,feb,1,-1,0,unknown,0
33,0,0,0,1,0,0,0,0,0,0,0,0,1,0,0,0,1,0,0,2645,1,1,unknown,6,jun,4,-1,0,unknown,0
30,0,0,0,0,0,0,1,0,0,0,0,0,1,0,0,0,0,1,0,624,1,0,cellular,15,may,2,368,1,failure,0
30,1,0,0,0,0,0,0,0,0,0,0,0,1,0,0,1,0,0,0,0,0,0,cellular,19,aug,2,-1,0,unknown,0
24,0,0,0,0,0,0,1,0,0,0,0,0,0,1,0,1,0,0,0,0,1,0,cellular,27,may,2,-1,0,unknown,1
41,0,1,0,0,0,0,0,0,0,0,0,0,0,1,0,0,1,0,0,2919,1,0,unknown,16,may,3,-1,0,unknown,0
59,0,1,0,0,0,0,0,0,0,0,0,0,1,0,0,0,1,0,0,1,0,0,cellular,14,oct,1,182,5,success,1
49,0,1,0,0,0,0,0,0,0,0,0,0,0,1,0,0,1,0,0,1377,0,0,cellular,5,aug,1,-1,0,unknown,1
54,1,0,0,0,0,0,0,0,0,0,0,0,1,0,0,1,0,0,0,2650,1,1,cellular,19,nov,1,-1,0,unknown,0
37,0,0,0,0,0,0,1,0,0,0,0,0,1,0,0,1,0,0,0,29,0,0,cellular,14,may,2,183,2,other,1
47,0,1,0,0,0,0,0,0,0,0,0,0,1,0,0,0,1,0,0,1571,1,0,cellular,11,may,1,369,2,failure,0
30,1,0,0,0,0,0,0,0,0,0,0,0,0,1,0,1,0,0,0,398,0,0,cellular,30,apr,1,6,2,success,1
41,0,0,0,0,0,1,0,0,0,0,0,0,0,0,1,0,0,1,0,-233,1,0,unknown,15,may,2,-1,0,unknown,1
49,1,0,0,0,0,0,0,0,0,0,0,0,1,0,0,1,0,0,0,999,0,0,cellular,18,nov,4,-1,0,unknown,0
32,1,0,0,0,0,0,0,0,0,0,0,0,0,1,0,1,0,0,0,2667,1,0,cellular,12,aug,2,-1,0,unknown,1
32,1,0,0,0,0,0,0,0,0,0,0,0,0,1,0,1,0,0,0,697,0,0,cellular,7,aug,1,99,3,failure,0
33,0,0,0,0,0,0,0,1,0,0,0,0,1,0,0,0,1,0,0,207,1,0,cellular,14,may,4,-1,0,unknown,1
34,1,0,0,0,0,0,0,0,0,0,0,0,0,1,0,1,0,0,0,344,0,0,cellular,14,jul,3,-1,0,unknown,0
59,0,0,0,0,0,1,0,0,0,0,0,0,0,0,1,0,1,0,0,679,0,0,cellular,30,jul,4,-1,0,unknown,1
34,0,0,0,1,0,0,0,0,0,0,0,0,1,0,0,0,0,1,0,-78,1,0,unknown,9,may,1,-1,0,unknown,0
53,0,0,0,0,0,0,0,1,0,0,0,0,1,0,0,0,1,0,0,367,1,1,unknown,13,may,2,-1,0,unknown,0
43,1,0,0,0,0,0,0,0,0,0,0,0,1,0,0,1,0,0,0,3518,0,0,cellular,15,jun,2,-1,0,unknown,1
27,0,0,0,0,0,0,0,0,0,1,0,0,0,1,0,1,0,0,0,37,1,0,unknown,13,may,3,-1,0,unknown,0
64,0,0,0,0,0,1,0,0,0,0,0,0,1,0,0,1,0,0,0,14170,0,0,cellular,24,aug,2,-1,0,unknown,0
39,1,0,0,0,0,0,0,0,0,0,0,0,1,0,0,1,0,0,0,691,1,1,cellular,16,apr,1,255,1,failure,0
60,0,0,0,0,0,1,0,0,0,0,0,0,1,0,0,0,1,0,0,597,0,0,cellular,15,jul,1,-1,0,unknown,1
37,0,0,0,1,0,0,0,0,0,0,0,0,0,1,0,0,0,1,0,554,1,0,cellular,30,jul,3,-1,0,unknown,0
45,0,0,0,0,0,0,1,0,0,0,0,0,1,0,0,0,1,0,0,142,1,1,unknown,29,may,3,-1,0,unknown,0
47,0,0,0,0,0,0,0,0,0,0,1,0,0,1,0,0,0,1,0,2785,1,0,cellular,13,may,1,-1,0,unknown,1
36,0,0,0,0,0,0,1,0,0,0,0,0,0,1,0,0,1,0,0,281,0,0,cellular,9,jul,2,-1,0,unknown,0
28,0,0,0,1,0,0,0,0,0,0,0,0,0,1,0,0,1,0,0,1348,1,0,cellular,6,aug,2,-1,0,unknown,1
53,1,0,0,0,0,0,0,0,0,0,0,0,1,0,0,0,0,1,0,4086,0,0,unknown,20,jun,3,-1,0,unknown,0
33,0,0,0,0,0,0,1,0,0,0,0,0,1,0,0,1,0,0,0,882,0,0,cellular,22,apr,1,183,4,failure,1
57,0,0,0,0,0,0,0,0,0,1,0,0,1,0,0,0,1,0,0,890,0,0,cellular,5,feb,4,-1,0,unknown,0
42,1,0,0,0,0,0,0,0,0,0,0,0,1,0,0,0,1,0,0,0,0,0,cellular,30,jul,3,-1,0,unknown,0
30,0,0,0,1,0,0,0,0,0,0,0,0,1,0,0,0,1,0,0,2150,1,0,unknown,23,may,4,-1,0,unknown,0
41,0,0,0,0,0,0,1,0,0,0,0,0,1,0,0,0,1,0,0,1535,1,0,cellular,12,may,1,363,1,success,0
39,0,0,0,0,0,0,0,0,0,1,0,0,0,1,0,0,1,0,0,-114,1,0,cellular,3,feb,1,-1,0,unknown,1
37,0,0,0,0,0,0,0,1,0,0,0,0,1,0,0,0,1,0,0,775,0,1,cellular,25,jul,1,-1,0,unknown,1
30,0,1,0,0,0,0,0,0,0,0,0,0,1,0,0,1,0,0,0,1307,0,0,cellular,18,dec,6,-1,0,unknown,0
49,0,0,1,0,1,0,0,0,0,0,0,0,0,0,1,0,0,0,1,-701,1,0,cellular,30,jul,2,-1,0,unknown,1
58,1,0,0,0,0,0,0,0,0,0,0,0,1,0,0,1,0,0,0,4152,1,0,telephone,14,nov,1,-1,0,unknown,1
33,0,0,0,1,0,0,0,0,0,0,0,0,0,1,0,0,0,1,0,863,1,0,telephone,13,may,3,-1,0,unknown,1
35,0,0,0,1,0,0,0,0,0,0,0,0,1,0,0,0,0,1,0,102,1,0,unknown,20,may,1,-1,0,unknown,1
36,1,0,0,0,0,0,0,0,0,0,0,0,0,0,1,1,0,0,0,0,0,0,cellular,4,aug,1,-1,0,unknown,1
46,0,0,0,0,0,0,1,0,0,0,0,0,0,0,1,0,1,0,0,-637,1,0,cellular,8,may,1,172,1,failure,0
60,0,0,0,0,0,1,0,0,0,0,0,0,1,0,0,0,1,0,0,975,0,0,cellular,16,sep,1,792,1,failure,1
31,0,0,0,1,0,0,0,0,0,0,0,0,0,1,0,1,0,0,0,761,0,0,telephone,18,nov,2,-1,0,unknown,1
43,0,0,0,1,0,0,0,0,0,0,0,0,0,1,0,0,1,0,0,318,1,0,unknown,5,jun,2,-1,0,unknown,1
42,0,1,0,0,0,0,0,0,0,0,0,0,1,0,0,0,1,0,0,219,1,1,cellular,7,aug,3,-1,0,unknown,0
35,1,0,0,0,0,0,0,0,0,0,0,0,1,0,0,1,0,0,0,2717,0,0,cellular,13,aug,6,-1,0,unknown,1
53,0,0,0,0,0,0,1,0,0,0,0,0,1,0,0,0,1,0,0,1796,0,0,telephone,15,dec,1,193,1,failure,1
36,0,0,0,0,0,0,0,0,1,0,0,0,1,0,0,1,0,0,0,19,0,0,unknown,5,may,2,-1,0,unknown,0
30,0,0,0,1,0,0,0,0,0,0,0,0,1,0,0,0,0,1,0,5,0,0,cellular,23,dec,1,203,1,success,1
33,0,1,0,0,0,0,0,0,0,0,0,0,0,1,0,1,0,0,0,3773,0,0,cellular,26,aug,4,-1,0,unknown,0
43,1,0,0,0,0,0,0,0,0,0,0,0,0,0,1,1,0,0,0,388,1,0,unknown,8,may,2,-1,0,unknown,1
43,0,0,0,0,1,0,0,1,0,0,0,0,1,0,0,0,0,0,0,790,0,0,cellular,2,feb,1,-1,0,unknown,0
29,0,0,0,0,0,0,0,0,1,0,0,0,0,1,0,1,0,0,0,655,0,0,cellular,23,mar,1,-1,0,unknown,1
37,0,1,0,0,0,0,0,0,0,0,0,0,1,0,0,1,0,0,0,122,0,0,cellular,25,jun,2,318,3,other,1
52,0,0,0,0,0,0,0,0,1,0,0,0,1,0,0,0,1,0,0,371,1,0,telephone,4,feb,1,208,1,other,0
27,0,0,0,0,0,0,0,0,0,0,0,1,0,1,0,1,0,0,0,118,0,0,cellular,31,aug,3,98,1,failure,1
28,0,1,0,0,0,0,0,0,0,0,0,0,0,1,0,1,0,0,0,11862,0,0,cellular,21,oct,2,238,13,other,1
35,0,0,0,0,0,0,0,1,0,0,0,0,1,0,0,0,1,0,0,373,0,1,unknown,16,jun,6,-1,0,unknown,0
49,1,0,0,0,0,0,0,0,0,0,0,0,1,0,0,0,1,0,0,249,0,0,telephone,6,nov,1,-1,0,unknown,1
37,0,0,0,0,0,0,0,1,0,0,0,0,1,0,0,0,1,0,0,4017,0,0,cellular,30,apr,2,196,1,success,1
26,0,1,0,0,0,0,0,0,0,0,0,0,0,1,0,0,1,0,0,181,0,0,cellular,20,apr,2,-1,0,unknown,1
34,0,0,0,0,0,0,1,0,0,0,0,0,1,0,0,0,1,0,0,869,0,0,unknown,6,may,1,-1,0,unknown,1
49,0,0,0,1,0,0,0,0,0,0,0,0,1,0,0,0,0,1,0,383,1,1,unknown,26,may,1,-1,0,unknown,0
44,0,0,0,1,0,0,0,0,0,0,0,0,0,1,0,0,1,0,0,-215,1,0,unknown,27,may,2,-1,0,unknown,0
43,1,0,0,0,0,0,0,0,0,0,0,0,0,0,1,1,0,0,0,2367,0,0,cellular,22,mar,2,181,4,success,1
47,1,0,0,0,0,0,0,0,0,0,0,0,1,0,0,0,1,0,0,407,1,0,cellular,17,apr,3,-1,0,unknown,0
33,1,0,0,0,0,0,0,0,0,0,0,0,0,1,0,1,0,0,0,9317,0,0,cellular,26,may,1,205,3,failure,0
57,1,0,0,0,0,0,0,0,0,0,0,0,1,0,0,1,0,0,0,10583,0,0,cellular,25,mar,1,178,6,success,1
54,0,0,0,0,0,0,1,0,0,0,0,0,0,1,0,0,1,0,0,2423,0,0,unknown,3,jun,4,-1,0,unknown,0
46,1,0,0,0,0,0,0,0,0,0,0,0,1,0,0,0,1,0,0,5127,0,0,cellular,6,aug,1,-1,0,unknown,0
35,1,0,0,0,0,0,0,0,0,0,0,0,1,0,0,1,0,0,0,24,1,0,cellular,20,aug,2,-1,0,unknown,0
36,0,1,0,0,0,0,0,0,0,0,0,0,1,0,0,1,0,0,0,491,1,0,unknown,8,may,3,-1,0,unknown,0
60,0,0,0,0,0,1,0,0,0,0,0,0,0,1,0,1,0,0,0,568,0,0,unknown,17,jun,1,-1,0,unknown,0
27,0,0,0,0,0,0,0,0,0,0,0,1,0,1,0,1,0,0,0,5169,1,0,cellular,3,sep,1,466,3,success,1
31,1,0,0,0,0,0,0,0,0,0,0,0,0,1,0,1,0,0,0,37,0,0,cellular,8,aug,2,-1,0,unknown,1
27,0,0,0,0,0,0,1,0,0,0,0,0,0,1,0,0,1,0,0,321,0,1,unknown,2,sep,1,-1,0,unknown,0
31,0,0,0,0,0,0,0,0,1,0,0,0,0,1,0,1,0,0,0,1657,1,1,cellular,28,jan,1,-1,0,unknown,1
36,1,0,0,0,0,0,0,0,0,0,0,0,1,0,0,1,0,0,0,696,0,0,cellular,17,apr,1,-1,0,unknown,0
54,0,0,0,0,0,1,0,0,0,0,0,0,0,0,1,1,0,0,0,349,1,0,cellular,18,nov,1,-1,0,unknown,0
55,0,0,0,1,0,0,0,0,0,0,0,0,1,0,0,0,1,0,0,644,0,0,cellular,21,aug,3,-1,0,unknown,0
55,0,1,0,0,1,0,0,0,0,0,0,0,1,0,0,0,0,0,0,1393,1,1,telephone,21,nov,5,-1,0,unknown,0
28,0,0,0,1,0,0,0,0,0,0,0,0,1,0,0,0,0,1,0,507,1,0,unknown,16,may,1,-1,0,unknown,0
76,0,0,0,0,0,1,0,0,0,0,0,0,1,0,0,0,0,1,0,2632,0,0,cellular,28,aug,2,-1,0,unknown,0
44,1,0,0,0,0,0,0,0,0,0,0,0,1,0,0,0,0,1,0,4758,1,0,cellular,22,jul,6,-1,0,unknown,1
24,0,0,0,0,0,0,0,0,1,0,0,0,0,1,0,1,0,0,0,2984,1,0,unknown,27,may,1,-1,0,unknown,1
34,1,0,0,0,0,0,0,0,0,0,0,0,1,0,0,1,0,0,0,0,0,0,cellular,6,feb,3,9,1,other,1
24,0,0,0,0,0,0,1,0,0,0,0,0,0,1,0,1,0,0,0,-61,0,0,cellular,11,mar,4,-1,0,unknown,1
34,0,0,0,0,0,0,1,0,0,0,0,0,0,1,0,0,1,0,0,557,0,0,cellular,17,nov,1,-1,0,unknown,1
39,0,0,1,0,0,0,0,0,0,0,0,0,1,0,0,0,0,1,0,238,1,1,cellular,19,nov,1,-1,0,unknown,0
36,0,0,0,1,0,0,0,0,0,0,0,0,1,0,0,0,1,0,0,1165,1,0,unknown,13,may,4,-1,0,unknown,1
52,1,0,0,0,0,0,0,0,0,0,0,0,1,0,0,1,0,0,0,3634,0,0,cellular,8,feb,8,-1,0,unknown,1
39,1,0,0,0,0,0,0,0,0,0,0,0,1,0,0,1,0,0,0,2763,1,0,unknown,2,jun,2,-1,0,unknown,1
55,0,0,0,0,0,0,0,1,0,0,0,0,1,0,0,0,1,0,0,0,0,0,cellular,22,oct,1,106,1,failure,0
47,0,0,0,0,0,0,0,0,0,0,1,0,1,0,0,0,1,0,0,2524,0,0,cellular,12,oct,1,-1,0,unknown,1
53,1,0,0,0,0,0,0,0,0,0,0,0,1,0,0,0,0,1,0,3544,0,0,unknown,19,may,4,-1,0,unknown,0
27,0,0,0,0,0,0,1,0,0,0,0,0,0,1,0,0,1,0,0,4590,1,0,cellular,10,nov,4,89,3,failure,1
45,1,0,0,0,0,0,0,0,0,0,0,0,1,0,0,1,0,0,0,212,0,0,cellular,21,apr,2,-1,0,unknown,1
43,1,0,0,0,0,0,0,0,0,0,0,0,0,0,1,1,0,0,0,-173,0,1,cellular,18,aug,7,-1,0,unknown,0
34,1,0,0,0,0,0,0,0,0,0,0,0,1,0,0,1,0,0,0,158,0,0,cellular,9,sep,2,132,4,failure,1
59,0,0,0,0,0,0,1,0,0,0,0,0,1,0,0,0,1,0,0,1575,1,0,cellular,22,aug,11,-1,0,unknown,1
42,0,1,0,0,0,0,0,0,0,0,0,0,1,0,0,0,1,0,0,3,0,0,cellular,28,aug,26,-1,0,unknown,0
34,1,0,0,0,0,0,0,0,0,0,0,0,1,0,0,1,0,0,0,271,1,0,cellular,15,feb,1,94,4,success,1
54,0,1,0,0,0,0,0,0,0,0,0,0,0,0,1,0,1,0,0,-11,1,0,cellular,12,may,4,-1,0,unknown,0
29,0,0,0,0,1,0,0,0,0,1,0,0,0,1,0,0,0,0,0,1584,0,0,cellular,6,sep,1,-1,0,unknown,1
31,0,0,0,1,1,0,0,0,0,0,0,0,0,1,0,0,0,0,0,6281,0,0,cellular,22,oct,1,128,3,other,1
40,0,1,0,0,0,0,0,0,0,0,0,0,0,1,0,0,1,0,0,360,1,0,unknown,9,may,1,-1,0,unknown,0
56,0,0,0,0,0,0,0,0,0,0,1,0,0,0,1,0,0,1,1,1238,0,0,unknown,5,jun,1,-1,0,unknown,1
52,0,0,0,1,0,0,0,0,0,0,0,0,1,0,0,0,0,1,0,273,1,0,cellular,12,aug,2,-1,0,unknown,0
30,0,0,0,1,0,0,0,0,0,0,0,0,0,1,0,0,1,0,0,-177,1,0,cellular,14,may,1,345,2,other,0
74,0,0,0,0,0,1,0,0,0,0,0,0,1,0,0,0,0,1,0,279,0,0,telephone,15,oct,1,-1,0,unknown,0
37,0,1,0,0,0,0,0,0,0,0,0,0,1,0,0,0,1,0,0,490,1,0,unknown,30,may,1,-1,0,unknown,0
37,1,0,0,0,0,0,0,0,0,0,0,0,1,0,0,1,0,0,0,1315,0,0,cellular,30,jun,1,-1,0,unknown,1
35,0,0,0,0,0,0,1,0,0,0,0,0,0,1,0,0,1,0,0,-32,0,1,cellular,6,aug,2,178,9,success,1
30,1,0,0,0,0,0,0,0,0,0,0,0,0,1,0,1,0,0,0,5359,0,0,cellular,27,may,1,98,1,success,1
38,1,0,0,0,0,0,0,0,0,0,0,0,1,0,0,0,1,0,0,65,1,0,unknown,8,may,1,-1,0,unknown,0
33,0,1,0,0,0,0,0,0,0,0,0,0,0,1,0,0,1,0,0,163,1,0,cellular,20,aug,2,-1,0,unknown,1
32,1,0,0,0,0,0,0,0,0,0,0,0,1,0,0,0,1,0,0,14611,1,0,cellular,17,jul,1,-1,0,unknown,0
47,0,0,0,0,0,0,0,0,0,0,1,0,0,1,0,1,0,0,0,3727,0,0,unknown,12,jun,6,-1,0,unknown,1
34,0,0,0,1,0,0,0,0,0,0,0,0,1,0,0,0,0,1,0,695,1,1,unknown,16,may,4,-1,0,unknown,1
36,0,0,0,0,0,0,1,0,0,0,0,0,0,1,0,1,0,0,0,5007,1,0,cellular,8,oct,3,331,4,failure,0
45,0,0,0,0,0,0,1,0,0,0,0,0,1,0,0,0,1,0,0,373,1,0,unknown,21,may,7,-1,0,unknown,0
27,1,0,0,0,0,0,0,0,0,0,0,0,0,1,0,1,0,0,0,-69,1,0,cellular,15,feb,3,-1,0,unknown,1
35,0,0,0,1,1,0,0,0,0,0,0,0,1,0,0,0,0,0,0,520,1,0,cellular,17,apr,1,-1,0,unknown,1
36,0,0,0,1,0,0,0,0,0,0,0,0,0,1,0,0,1,0,0,3111,1,0,unknown,20,may,2,-1,0,unknown,0
58,0,1,0,0,0,0,0,0,0,0,0,0,1,0,0,0,1,0,0,3399,0,0,cellular,26,may,1,97,7,other,1
30,0,0,0,0,0,0,0,0,0,0,0,1,0,1,0,0,1,0,0,4,0,0,cellular,4,feb,2,-1,0,unknown,0
33,0,0,0,1,0,0,0,0,0,0,0,0,0,0,1,0,0,1,0,390,1,0,unknown,9,may,2,-1,0,unknown,1
39,1,0,0,0,0,0,0,0,0,0,0,0,0,1,0,1,0,0,0,139,0,0,cellular,22,aug,2,-1,0,unknown,0
51,0,1,0,0,0,0,0,0,0,0,0,0,1,0,0,0,1,0,0,271,1,0,unknown,28,may,3,-1,0,unknown,0
31,0,0,0,0,0,0,1,0,0,0,0,0,0,0,1,0,1,0,0,217,1,0,cellular,30,jan,2,-1,0,unknown,1
39,0,1,0,0,0,0,0,0,0,0,0,0,1,0,0,0,1,0,0,140,0,0,cellular,22,aug,1,-1,0,unknown,0
35,1,0,0,0,0,0,0,0,0,0,0,0,0,0,1,1,0,0,0,153,0,0,cellular,9,jul,2,-1,0,unknown,0
35,1,0,0,0,0,0,0,0,0,0,0,0,1,0,0,1,0,0,0,76,0,0,cellular,5,may,1,362,9,failure,0
33,0,0,0,0,0,0,1,0,0,0,0,0,1,0,0,0,1,0,0,616,0,0,cellular,6,sep,3,-1,0,unknown,1
42,0,0,0,1,0,0,0,0,0,0,0,0,1,0,0,0,1,0,0,3052,1,0,unknown,27,may,1,-1,0,unknown,0
57,0,0,0,0,0,0,0,0,0,0,1,0,1,0,0,0,0,1,0,2785,0,0,cellular,11,aug,4,-1,0,unknown,1
25,0,0,0,1,0,0,0,0,0,0,0,0,0,1,0,0,1,0,0,303,0,0,cellular,18,mar,1,-1,0,unknown,1
19,0,0,0,0,0,0,0,0,0,0,0,1,0,1,0,0,1,0,0,302,0,0,cellular,16,jul,1,-1,0,unknown,1
41,0,0,0,0,0,0,0,0,0,0,1,0,1,0,0,0,0,1,0,0,0,0,cellular,14,apr,1,-1,0,unknown,1
28,0,0,0,0,0,0,0,0,0,0,0,1,0,1,0,0,1,0,0,378,1,0,cellular,17,apr,1,-1,0,unknown,0
49,0,0,0,0,0,0,0,1,0,0,0,0,1,0,0,0,1,0,0,202,1,0,cellular,17,nov,2,104,1,failure,1
38,0,0,0,1,0,0,0,0,0,0,0,0,0,0,1,0,1,0,0,887,1,0,cellular,7,may,1,-1,0,unknown,0
24,0,0,0,1,0,0,0,0,0,0,0,0,1,0,0,0,0,1,0,656,1,0,unknown,16,may,1,-1,0,unknown,1
34,0,0,0,1,0,0,0,0,0,0,0,0,0,1,0,0,1,0,0,855,1,0,cellular,16,jul,1,-1,0,unknown,1
32,0,1,0,0,0,0,0,0,0,0,0,0,0,1,0,1,0,0,0,932,1,0,cellular,16,apr,1,318,1,failure,1
72,0,0,0,0,0,1,0,0,0,0,0,0,1,0,0,0,0,1,0,2600,0,0,cellular,3,feb,2,82,3,success,1
47,0,1,0,0,0,0,0,0,0,0,0,0,1,0,0,0,1,0,0,3466,1,0,cellular,11,jul,2,-1,0,unknown,1
38,0,0,0,0,0,0,0,1,0,0,0,0,0,1,0,0,1,0,0,91,0,0,cellular,2,mar,1,-1,0,unknown,1
26,0,0,0,1,0,0,0,0,0,0,0,0,0,1,0,0,1,0,0,535,0,0,cellular,14,aug,1,-1,0,unknown,1
34,0,0,0,1,0,0,0,0,0,0,0,0,1,0,0,0,1,0,0,320,1,0,cellular,12,aug,1,828,2,failure,1
32,0,1,0,0,0,0,0,0,0,0,0,0,0,1,0,1,0,0,0,6281,1,0,unknown,3,jun,4,-1,0,unknown,1
44,0,1,0,0,0,0,0,0,0,0,0,0,1,0,0,0,1,0,0,267,0,0,cellular,22,aug,2,-1,0,unknown,1
29,0,0,0,0,0,0,0,1,0,0,0,0,0,0,1,0,1,0,0,330,1,0,unknown,12,may,2,-1,0,unknown,0
24,0,0,0,0,0,0,1,0,0,0,0,0,0,1,0,0,1,0,0,166,0,0,cellular,10,sep,2,-1,0,unknown,1
54,0,1,0,0,0,0,0,0,0,0,0,0,1,0,0,0,1,0,0,1299,1,0,cellular,25,may,1,-1,0,unknown,0
35,1,0,0,0,0,0,0,0,0,0,0,0,0,1,0,1,0,0,0,992,0,1,cellular,1,sep,1,-1,0,unknown,1
41,0,0,0,0,0,0,1,0,0,0,0,0,1,0,0,0,1,0,0,67,0,0,cellular,20,apr,2,150,2,failure,0
39,0,1,0,0,0,0,0,0,0,0,0,0,1,0,0,0,1,0,0,4444,1,0,unknown,21,may,1,-1,0,unknown,0
42,0,0,0,1,0,0,0,0,0,0,0,0,1,0,0,0,1,0,0,413,1,0,cellular,11,aug,2,-1,0,unknown,1
56,0,0,0,0,0,0,0,1,0,0,0,0,1,0,0,0,1,0,0,1989,0,0,cellular,3,feb,2,281,2,failure,1
33,0,0,0,0,0,0,0,0,0,0,0,1,1,0,0,0,1,0,0,1536,0,0,cellular,6,aug,2,178,4,success,1
32,0,0,0,0,0,0,0,1,0,0,0,0,1,0,0,0,1,0,0,0,1,0,cellular,25,jul,10,-1,0,unknown,0
46,0,0,0,1,0,0,0,0,0,0,0,0,1,0,0,0,1,0,0,310,1,0,cellular,24,jul,2,-1,0,unknown,0
42,0,0,0,0,0,0,0,1,0,0,0,0,0,1,0,0,1,0,0,3403,1,0,cellular,7,aug,1,99,1,failure,1
31,0,0,0,1,0,0,0,0,0,0,0,0,1,0,0,0,1,0,0,3311,1,0,unknown,20,may,1,-1,0,unknown,1
30,0,0,0,0,0,0,1,0,0,0,0,0,0,1,0,0,1,0,0,315,1,0,cellular,14,may,3,346,4,failure,1
53,0,0,1,0,0,0,0,0,0,0,0,0,1,0,0,0,0,1,0,1034,1,0,cellular,19,nov,2,170,3,other,0
48,0,0,0,1,0,0,0,0,0,0,0,0,1,0,0,0,1,0,0,1405,1,0,unknown,14,may,2,-1,0,unknown,1
37,0,0,0,0,0,0,0,0,1,0,0,0,1,0,0,0,1,0,0,1633,0,0,cellular,7,jul,2,-1,0,unknown,1
29,0,1,0,0,0,0,0,0,0,0,0,0,0,1,0,0,1,0,0,110,1,0,cellular,13,apr,1,-1,0,unknown,1
57,0,0,0,0,0,1,0,0,0,0,0,0,1,0,0,0,1,0,0,466,0,0,cellular,5,aug,2,-1,0,unknown,1
47,1,0,0,0,0,0,0,0,0,0,0,0,1,0,0,1,0,0,0,3663,0,0,cellular,30,mar,3,-1,0,unknown,1
32,0,1,0,0,0,0,0,0,0,0,0,0,0,1,0,0,1,0,0,35,0,0,cellular,28,aug,6,-1,0,unknown,0
30,0,0,0,0,0,0,0,1,0,0,0,0,0,1,0,1,0,0,0,108,1,0,unknown,26,may,8,-1,0,unknown,0
63,0,0,0,1,0,0,0,0,0,0,0,0,1,0,0,0,0,1,0,115,0,0,telephone,27,apr,1,180,7,failure,1
31,0,1,0,0,1,0,0,0,0,0,0,0,1,0,0,0,0,0,0,14533,0,0,cellular,16,jun,2,-1,0,unknown,1
38,0,0,0,1,0,0,0,0,0,0,0,0,1,0,0,0,0,1,0,406,1,0,cellular,29,jan,1,188,5,failure,0
30,1,0,0,0,0,0,0,0,0,0,0,0,1,0,0,0,1,0,0,850,0,0,cellular,12,aug,2,-1,0,unknown,1
49,0,0,0,0,0,0,0,1,0,0,0,0,1,0,0,0,1,0,0,823,0,0,cellular,8,aug,4,-1,0,unknown,1
28,0,0,0,1,0,0,0,0,0,0,0,0,0,1,0,0,1,0,0,75,0,0,unknown,1,jun,1,-1,0,unknown,0
43,0,1,0,0,0,0,0,0,0,0,0,0,0,0,1,0,1,0,0,1326,0,0,cellular,26,aug,2,-1,0,unknown,0
59,0,0,0,0,0,0,0,0,0,0,1,0,0,0,1,0,0,1,0,2518,0,0,cellular,30,jul,3,-1,0,unknown,1
46,1,0,0,0,0,0,0,0,0,0,0,0,1,0,0,1,0,0,0,4693,0,1,cellular,7,aug,1,394,2,failure,1
55,0,0,0,1,0,0,0,0,0,0,0,0,1,0,0,0,0,1,0,512,0,0,cellular,5,aug,2,-1,0,unknown,1
30,1,0,0,0,0,0,0,0,0,0,0,0,1,0,0,1,0,0,0,2451,1,0,cellular,19,nov,2,175,1,failure,0
39,0,0,0,0,0,0,1,0,0,0,0,0,0,0,1,0,1,0,0,112,0,0,cellular,16,sep,3,-1,0,unknown,1
42,0,0,0,0,0,0,1,0,0,0,0,0,0,1,0,0,1,0,0,684,0,0,cellular,4,jun,1,-1,0,unknown,1
61,1,0,0,0,0,0,0,0,0,0,0,0,1,0,0,0,1,0,0,985,0,0,cellular,18,aug,6,-1,0,unknown,1
36,0,1,0,0,0,0,0,0,0,0,0,0,1,0,0,0,1,0,0,318,0,0,cellular,30,jul,2,-1,0,unknown,0
33,0,0,1,0,0,0,0,0,0,0,0,0,1,0,0,0,1,0,0,0,0,1,cellular,7,jul,4,-1,0,unknown,0
37,1,0,0,0,0,0,0,0,0,0,0,0,1,0,0,1,0,0,0,0,0,0,cellular,16,jul,2,182,3,success,1
25,0,0,0,0,0,0,1,0,0,0,0,0,1,0,0,1,0,0,0,906,0,0,cellular,26,may,1,-1,0,unknown,1
36,0,0,0,1,0,0,0,0,0,0,0,0,1,0,0,0,0,1,0,1925,1,0,cellular,20,apr,2,-1,0,unknown,1
31,0,1,0,0,0,0,0,0,0,0,0,0,0,1,0,1,0,0,0,454,0,0,cellular,30,apr,1,-1,0,unknown,1
43,0,0,0,0,0,0,0,1,0,0,0,0,1,0,0,0,1,0,0,2145,0,0,cellular,25,aug,2,95,4,success,1
53,0,1,0,0,0,0,0,0,0,0,0,0,1,0,0,0,1,0,0,6831,0,0,cellular,13,may,2,-1,0,unknown,1
60,0,0,0,1,1,0,0,0,0,0,0,0,1,0,0,0,0,0,0,2090,1,0,cellular,7,may,2,-1,0,unknown,1
47,0,1,0,0,1,0,0,0,0,0,0,0,1,0,0,0,0,0,0,-598,1,0,unknown,28,may,4,-1,0,unknown,0
63,1,0,0,0,0,0,0,0,0,0,0,0,1,0,0,1,0,0,0,2785,0,0,cellular,2,aug,2,392,3,success,1
47,1,0,0,0,0,0,0,0,0,0,0,0,0,1,0,1,0,0,0,372,0,0,cellular,15,jun,1,-1,0,unknown,1
58,0,0,0,1,0,0,0,0,0,0,0,0,0,0,1,0,1,0,0,543,0,1,telephone,17,jul,3,-1,0,unknown,0
78,0,0,0,0,0,1,0,0,0,0,0,0,1,0,0,0,0,1,0,8556,0,0,telephone,21,apr,2,-1,0,unknown,1
42,1,0,0,0,0,0,0,0,0,0,0,0,1,0,0,0,0,1,0,5310,1,0,cellular,20,aug,1,90,3,success,1
56,0,0,0,1,0,0,0,0,0,0,0,0,1,0,0,0,0,1,0,197,0,0,unknown,9,jun,2,-1,0,unknown,0
47,0,1,0,0,0,0,0,0,0,0,0,0,0,0,1,0,1,0,0,1013,0,0,cellular,15,sep,1,92,3,failure,1
41,0,0,0,1,1,0,0,0,0,0,0,0,1,0,0,0,0,0,0,732,1,0,unknown,16,may,1,-1,0,unknown,0
53,0,1,0,0,0,0,0,0,0,0,0,0,0,1,0,1,0,0,0,118,0,0,cellular,14,jul,3,-1,0,unknown,0
30,1,0,0,0,0,0,0,0,0,0,0,0,0,1,0,1,0,0,0,1161,1,0,cellular,29,jul,3,-1,0,unknown,0
36,0,1,0,0,0,0,0,0,0,0,0,0,1,0,0,0,1,0,0,84,1,0,unknown,20,may,1,-1,0,unknown,0
39,1,0,0,0,0,0,0,0,0,0,0,0,1,0,0,1,0,0,0,-17,1,1,cellular,28,aug,1,-1,0,unknown,1
45,0,1,0,0,0,0,0,0,0,0,0,0,1,0,0,0,1,0,0,1415,1,0,cellular,17,nov,1,116,1,failure,0
60,0,0,0,0,0,0,1,0,0,0,0,0,1,0,0,0,1,0,0,106,0,0,cellular,24,feb,1,187,4,success,1
24,0,0,0,0,0,0,0,0,0,0,0,1,0,1,0,1,0,0,0,834,0,0,cellular,9,sep,1,-1,0,unknown,1
36,0,0,0,0,0,0,0,0,1,0,0,0,0,0,1,1,0,0,0,1354,1,0,cellular,14,may,1,356,2,success,1
61,0,0,0,0,0,1,0,0,0,0,0,0,1,0,0,0,0,1,0,56,0,0,cellular,7,sep,3,-1,0,unknown,1
32,0,0,0,0,0,0,0,0,0,0,0,1,0,1,0,0,1,0,0,1102,0,0,telephone,8,oct,1,-1,0,unknown,1
39,0,0,0,0,0,0,1,0,0,0,0,0,1,0,0,0,1,0,0,0,0,0,unknown,19,jun,11,-1,0,unknown,0
37,0,0,0,1,0,0,0,0,0,0,0,0,1,0,0,0,1,0,0,56,1,0,cellular,20,apr,2,285,1,failure,0
39,0,0,0,0,0,0,0,0,1,0,0,0,1,0,0,0,1,0,0,266,0,0,cellular,11,may,2,-1,0,unknown,0
33,1,0,0,0,0,0,0,0,0,0,0,0,1,0,0,1,0,0,0,1514,0,0,cellular,10,aug,1,728,2,failure,1
30,0,0,0,1,0,0,0,0,0,0,0,0,0,1,0,0,0,1,0,459,1,0,cellular,17,apr,1,-1,0,unknown,0
33,1,0,0,0,0,0,0,0,0,0,0,0,0,1,0,1,0,0,0,3161,1,0,cellular,2,apr,3,-1,0,unknown,1
62,0,0,0,0,0,1,0,0,0,0,0,0,1,0,0,0,0,1,0,1742,0,0,cellular,14,jun,2,98,6,other,1
31,0,0,0,0,0,0,1,0,0,0,0,0,1,0,0,0,1,0,0,8781,1,0,cellular,14,may,1,177,1,success,1
47,0,0,0,0,0,0,1,0,0,0,0,0,0,0,1,0,1,0,0,555,1,1,telephone,17,oct,1,-1,0,unknown,1
29,0,0,0,0,0,0,0,0,0,0,0,1,0,1,0,0,1,0,0,658,0,0,cellular,15,jul,2,244,4,other,1
27,0,1,0,0,0,0,0,0,0,0,0,0,0,1,0,0,1,0,0,439,1,0,cellular,15,apr,2,-1,0,unknown,1
46,1,0,0,0,0,0,0,0,0,0,0,0,1,0,0,1,0,0,0,2199,0,0,telephone,27,may,1,-1,0,unknown,0
28,0,0,0,1,0,0,0,0,0,0,0,0,1,0,0,0,1,0,0,781,1,0,unknown,27,may,2,-1,0,unknown,0
57,0,0,0,1,0,0,0,0,0,0,0,0,1,0,0,0,1,0,0,75,0,0,cellular,8,jul,8,-1,0,unknown,0
42,0,0,0,0,0,0,1,0,0,0,0,0,1,0,0,0,1,0,0,947,0,0,cellular,30,jul,2,-1,0,unknown,0
39,1,0,0,0,0,0,0,0,0,0,0,0,1,0,0,1,0,0,0,568,1,1,unknown,30,may,3,-1,0,unknown,0
66,0,0,0,0,0,1,0,0,0,0,0,0,1,0,0,0,1,0,0,995,0,0,cellular,27,feb,2,-1,0,unknown,1
68,0,0,0,0,1,0,0,0,0,0,0,0,1,0,0,0,0,0,0,4092,0,0,telephone,11,aug,1,-1,0,unknown,0
40,0,0,0,0,1,0,0,0,1,0,0,0,0,1,0,0,0,0,0,109,1,0,cellular,4,feb,1,-1,0,unknown,0
60,0,0,0,0,1,0,0,0,0,0,0,0,1,0,0,0,0,0,0,17297,0,0,cellular,26,aug,11,-1,0,unknown,1
29,1,0,0,0,0,0,0,0,0,0,0,0,0,1,0,1,0,0,0,697,0,0,cellular,4,feb,1,-1,0,unknown,1
51,0,0,0,0,0,0,0,1,0,0,0,0,1,0,0,0,1,0,0,144,0,1,unknown,27,jun,2,-1,0,unknown,0
54,0,1,0,0,0,0,0,0,0,0,0,0,0,0,1,0,1,0,0,255,1,0,unknown,27,jun,2,-1,0,unknown,0
48,0,1,0,0,0,0,0,0,0,0,0,0,1,0,0,0,1,0,0,335,0,0,unknown,17,jun,3,-1,0,unknown,0
35,1,0,0,0,0,0,0,0,0,0,0,0,1,0,0,1,0,0,0,43,1,0,cellular,20,apr,1,-1,0,unknown,1
78,0,0,0,0,1,0,0,0,0,0,0,0,1,0,0,0,0,0,0,2235,0,0,telephone,14,apr,3,-1,0,unknown,1
38,0,0,0,0,0,0,0,1,0,0,0,0,0,0,1,0,1,0,0,53,0,0,cellular,8,oct,1,58,1,other,0
38,0,1,0,0,0,0,0,0,0,0,0,0,0,0,1,0,1,0,0,902,1,0,cellular,4,may,3,90,1,success,1
48,1,0,0,0,0,0,0,0,0,0,0,0,0,0,1,1,0,0,0,266,1,0,cellular,17,apr,2,343,1,failure,0
27,0,0,0,0,0,0,0,0,1,0,0,0,0,1,0,0,1,0,0,50,0,0,cellular,29,jan,1,-1,0,unknown,0
56,0,0,0,1,0,0,0,0,0,0,0,0,1,0,0,0,1,0,0,241,1,0,cellular,17,aug,2,-1,0,unknown,0
34,0,0,0,1,1,0,0,0,0,0,0,0,0,0,1,0,0,0,0,172,0,0,cellular,15,jun,1,-1,0,unknown,1
25,0,0,0,0,1,0,0,1,0,0,0,0,0,1,0,0,0,0,0,2022,0,0,cellular,29,jul,8,97,12,other,1
52,0,0,0,1,0,0,0,0,0,0,0,0,1,0,0,0,1,0,0,580,0,0,cellular,21,nov,2,-1,0,unknown,1
20,0,0,0,0,0,0,0,0,0,0,0,1,0,1,0,0,1,0,0,88,0,0,telephone,21,oct,1,181,4,other,0
27,0,0,0,1,0,0,0,0,0,0,0,0,0,1,0,1,0,0,0,567,0,0,cellular,26,may,3,182,3,success,1
30,0,0,0,0,0,0,0,1,0,0,0,0,1,0,0,0,1,0,0,384,1,0,unknown,16,jun,3,-1,0,unknown,0
54,1,0,0,0,0,0,0,0,0,0,0,0,1,0,0,1,0,0,0,1502,0,0,cellular,20,nov,3,-1,0,unknown,0
48,0,0,0,0,0,0,0,0,0,0,1,0,0,1,0,0,0,1,0,46,0,0,cellular,3,aug,2,180,1,failure,1
46,1,0,0,0,0,0,0,0,0,0,0,0,0,0,1,1,0,0,0,1297,0,0,cellular,11,aug,3,-1,0,unknown,1
52,0,1,0,0,0,0,0,0,0,0,0,0,1,0,0,1,0,0,0,0,0,0,cellular,9,nov,3,92,7,failure,1
51,0,1,0,0,0,0,0,0,0,0,0,0,1,0,0,0,1,0,0,536,1,1,cellular,4,feb,1,-1,0,unknown,0
38,0,0,0,0,0,0,0,0,0,1,0,0,0,1,0,0,1,0,0,223,1,0,cellular,30,jul,4,-1,0,unknown,0
36,1,0,0,0,0,0,0,0,0,0,0,0,1,0,0,1,0,0,0,1133,1,0,cellular,4,aug,1,181,2,other,1
24,0,0,0,1,0,0,0,0,0,0,0,0,0,0,1,0,1,0,0,513,1,0,cellular,15,may,3,-1,0,unknown,0
47,0,0,0,0,0,0,0,1,0,0,0,0,0,0,1,0,1,0,0,0,0,0,cellular,28,jan,1,-1,0,unknown,0
34,0,0,0,1,0,0,0,0,0,0,0,0,0,1,0,0,1,0,0,3043,1,1,cellular,20,nov,1,-1,0,unknown,1
31,0,0,0,0,0,0,0,0,0,1,0,0,0,1,0,0,1,0,0,2616,0,0,cellular,21,may,1,185,2,other,1
31,0,0,0,1,0,0,0,0,0,0,0,0,1,0,0,0,0,1,0,292,1,1,unknown,30,may,18,-1,0,unknown,0
49,0,0,0,0,0,0,0,0,1,0,0,0,0,1,0,0,1,0,0,766,1,0,cellular,7,jul,4,-1,0,unknown,0
31,0,0,0,0,0,0,1,0,0,0,0,0,0,1,0,1,0,0,0,383,0,1,cellular,7,jul,1,-1,0,unknown,0
43,0,0,0,1,0,0,0,0,0,0,0,0,0,0,1,0,0,1,0,3550,0,0,cellular,20,nov,1,-1,0,unknown,1
34,0,1,0,0,0,0,0,0,0,0,0,0,1,0,0,0,1,0,0,1,0,0,cellular,28,aug,2,-1,0,unknown,1
32,1,0,0,0,0,0,0,0,0,0,0,0,1,0,0,1,0,0,0,16,0,0,telephone,29,aug,2,-1,0,unknown,0
32,0,1,0,0,0,0,0,0,0,0,0,0,0,0,1,0,1,0,0,-262,1,0,telephone,28,aug,24,-1,0,unknown,0
27,0,1,0,0,0,0,0,0,0,0,0,0,0,1,0,0,1,0,1,0,0,1,cellular,8,jul,1,-1,0,unknown,1
51,1,0,0,0,0,0,0,0,0,0,0,0,0,0,1,1,0,0,0,2011,1,0,cellular,20,nov,3,-1,0,unknown,0
45,0,0,0,0,0,0,0,0,0,0,1,0,1,0,0,0,1,0,0,4068,0,0,cellular,30,sep,1,41,1,success,0
82,0,0,0,0,0,1,0,0,0,0,0,0,1,0,0,0,1,0,0,121,0,0,telephone,19,feb,1,-1,0,unknown,1
49,0,0,0,0,0,0,1,0,0,0,0,0,1,0,0,0,1,0,0,635,0,0,telephone,22,jul,8,-1,0,unknown,0
35,1,0,0,0,0,0,0,0,0,0,0,0,0,1,0,1,0,0,0,1618,1,1,cellular,7,may,1,-1,0,unknown,1
52,0,0,0,0,0,0,0,0,0,1,0,0,1,0,0,0,1,0,0,2251,1,0,unknown,3,jun,9,-1,0,unknown,0
63,0,0,0,0,0,1,0,0,0,0,0,0,1,0,0,1,0,0,0,262,0,0,cellular,8,jul,1,-1,0,unknown,0
27,0,0,0,0,0,0,0,1,0,0,0,0,1,0,0,0,1,0,0,0,1,0,cellular,22,jul,13,-1,0,unknown,1
26,1,0,0,0,0,0,0,0,0,0,0,0,0,1,0,1,0,0,0,3944,1,0,cellular,14,may,2,-1,0,unknown,1
40,0,0,0,0,0,0,0,1,0,0,0,0,0,1,0,0,1,0,0,573,1,0,cellular,14,may,1,-1,0,unknown,0
41,1,0,0,0,0,0,0,0,0,0,0,0,1,0,0,1,0,0,0,0,0,0,cellular,11,aug,5,-1,0,unknown,1
51,0,1,0,0,0,0,0,0,0,0,0,0,1,0,0,0,1,0,0,117,0,0,cellular,18,feb,2,-1,0,unknown,1
75,0,0,0,0,0,1,0,0,0,0,0,0,1,0,0,1,0,0,0,2991,0,0,cellular,22,apr,1,-1,0,unknown,1
48,0,0,0,0,0,0,1,0,0,0,0,0,0,0,1,0,1,0,0,1180,0,0,cellular,27,jan,1,238,3,other,1
30,0,1,0,0,0,0,0,0,0,0,0,0,1,0,0,1,0,0,0,101,1,1,cellular,7,jul,3,-1,0,unknown,0
41,0,0,0,1,0,0,0,0,0,0,0,0,0,0,1,0,1,0,0,3622,0,0,unknown,19,jun,4,-1,0,unknown,1
26,0,1,0,0,0,0,0,0,0,0,0,0,0,1,0,1,0,0,0,1066,0,0,cellular,15,apr,1,-1,0,unknown,1
35,0,1,0,0,0,0,0,0,0,0,0,0,0,0,1,0,1,0,0,56,0,0,cellular,29,aug,12,-1,0,unknown,0
42,0,0,0,0,0,0,1,0,0,0,0,0,0,1,0,0,1,0,0,1451,1,0,cellular,4,may,4,-1,0,unknown,1
48,0,0,0,1,0,0,0,0,0,0,0,0,1,0,0,0,1,0,0,1596,1,0,unknown,14,may,1,-1,0,unknown,1
36,0,0,0,0,0,0,0,0,0,1,0,0,0,1,0,0,1,0,0,851,0,0,cellular,2,jun,2,-1,0,unknown,0
50,0,0,0,0,0,0,1,0,0,0,0,0,1,0,0,0,1,0,0,2678,0,0,telephone,30,jul,6,-1,0,unknown,1
53,0,1,0,0,0,0,0,0,0,0,0,0,0,1,0,0,1,0,0,925,0,0,cellular,25,aug,3,-1,0,unknown,1
38,0,0,1,0,0,0,0,0,0,0,0,0,0,1,0,1,0,0,0,243,0,1,unknown,5,may,1,-1,0,unknown,0
58,0,0,0,0,0,1,0,0,0,0,0,0,1,0,0,0,1,0,0,1230,0,0,cellular,20,may,1,87,1,failure,1
62,0,0,0,0,0,1,0,0,0,0,0,0,1,0,0,0,1,0,0,3114,0,0,cellular,18,may,2,186,1,success,1
26,0,0,0,0,0,0,1,0,0,0,0,0,0,1,0,0,1,0,0,274,0,0,cellular,1,apr,3,-1,0,unknown,1
59,1,0,0,0,0,0,0,0,0,0,0,0,0,1,0,1,0,0,0,7668,0,0,cellular,5,aug,1,-1,0,unknown,0
37,1,0,0,0,0,0,0,0,0,0,0,0,1,0,0,1,0,0,0,57,0,0,cellular,5,feb,1,-1,0,unknown,1
45,0,0,0,0,0,0,0,1,0,0,0,0,1,0,0,0,1,0,0,0,0,1,unknown,5,jun,2,-1,0,unknown,0
33,0,0,0,0,0,0,1,0,0,0,0,0,1,0,0,1,0,0,0,568,0,0,cellular,7,jul,1,-1,0,unknown,0
46,0,0,0,1,0,0,0,0,0,0,0,0,1,0,0,0,0,1,0,804,1,0,cellular,12,may,2,361,1,success,1
31,0,0,0,0,0,0,0,1,0,0,0,0,0,1,0,0,1,0,0,8,0,0,cellular,7,jul,3,-1,0,unknown,0
32,1,0,0,0,0,0,0,0,0,0,0,0,0,1,0,1,0,0,0,470,0,0,cellular,19,aug,2,-1,0,unknown,0
43,0,1,0,0,0,0,0,0,0,0,0,0,1,0,0,0,1,0,0,0,0,1,cellular,8,may,2,172,5,failure,0
49,0,1,0,0,0,0,0,0,0,0,0,0,1,0,0,1,0,0,0,1071,0,0,cellular,16,sep,1,91,1,success,1
60,0,0,0,0,0,1,0,0,0,0,0,0,1,0,0,0,1,0,0,523,0,0,cellular,13,aug,3,-1,0,unknown,1
36,1,0,0,0,0,0,0,0,0,0,0,0,0,1,0,1,0,0,0,7606,1,0,unknown,30,may,1,-1,0,unknown,1
30,0,0,0,0,0,0,0,1,0,0,0,0,1,0,0,0,1,0,0,5,0,1,cellular,10,jul,5,-1,0,unknown,1
59,0,0,0,0,0,0,0,0,0,0,1,0,1,0,0,0,0,1,0,235,0,0,cellular,13,aug,2,-1,0,unknown,0
29,0,0,0,0,0,0,0,0,0,1,0,0,0,1,0,0,1,0,0,1055,0,0,cellular,23,sep,1,603,1,failure,1
50,0,1,0,0,0,0,0,0,0,0,0,0,0,0,1,0,1,0,0,380,1,0,cellular,29,jan,1,-1,0,unknown,0
30,0,1,0,0,0,0,0,0,0,0,0,0,0,1,0,1,0,0,1,23,0,0,cellular,12,aug,4,-1,0,unknown,0
27,0,0,0,0,0,0,1,0,0,0,0,0,0,1,0,1,0,0,0,138,0,0,cellular,15,jun,2,-1,0,unknown,1
40,1,0,0,0,0,0,0,0,0,0,0,0,1,0,0,1,0,0,0,416,1,0,cellular,24,jul,2,-1,0,unknown,0
42,1,0,0,0,0,0,0,0,0,0,0,0,0,0,1,0,1,0,0,317,1,0,cellular,20,apr,3,-1,0,unknown,0
53,0,0,0,0,0,0,1,0,0,0,0,0,1,0,0,0,0,1,0,234,1,0,telephone,13,may,7,-1,0,unknown,0
45,1,0,0,0,0,0,0,0,0,0,0,0,1,0,0,1,0,0,0,226,1,0,cellular,15,feb,4,185,6,success,1
71,0,0,0,0,0,1,0,0,0,0,0,0,0,0,1,0,0,1,0,275,0,0,cellular,14,jun,1,425,1,success,1
58,0,0,0,0,0,1,0,0,0,0,0,0,0,0,1,0,0,1,0,2538,1,0,cellular,19,nov,2,111,6,failure,1
28,0,0,0,0,0,0,0,1,0,0,0,0,0,1,0,0,1,0,0,5090,1,0,unknown,6,may,3,-1,0,unknown,1
33,0,0,0,1,0,0,0,0,0,0,0,0,0,1,0,0,1,0,0,-416,1,0,unknown,16,may,2,-1,0,unknown,1
57,0,1,0,0,0,0,0,0,0,0,0,0,0,0,1,0,1,0,0,3043,0,0,cellular,14,aug,2,-1,0,unknown,1
33,0,0,0,0,0,0,0,1,0,0,0,0,1,0,0,0,1,0,0,478,0,0,cellular,30,apr,2,-1,0,unknown,1
58,0,0,0,0,1,0,0,0,0,0,0,0,1,0,0,0,0,0,0,68,0,0,cellular,2,apr,1,-1,0,unknown,1
30,0,0,0,0,0,0,1,0,0,0,0,0,0,1,0,0,1,0,0,127,1,0,cellular,18,may,6,368,1,other,0
58,0,0,0,0,0,1,0,0,0,0,0,0,1,0,0,0,1,0,0,158,1,1,cellular,2,feb,5,-1,0,unknown,0
43,0,0,0,1,0,0,0,0,0,0,0,0,1,0,0,0,1,0,0,-128,1,0,cellular,21,nov,1,-1,0,unknown,0
39,0,0,0,1,0,0,0,0,0,0,0,0,1,0,0,0,1,0,0,1307,1,0,telephone,31,oct,1,-1,0,unknown,1
58,0,0,0,1,1,0,0,0,0,0,0,0,1,0,0,0,0,0,0,807,1,0,cellular,7,may,1,366,2,failure,0
51,0,0,0,0,0,0,0,0,1,0,0,0,0,1,0,0,1,0,0,0,0,0,cellular,29,oct,2,-1,0,unknown,1
34,0,1,0,0,0,0,0,0,0,0,0,0,1,0,0,0,1,0,0,1464,1,0,unknown,23,may,1,-1,0,unknown,0
54,0,0,0,1,0,0,0,0,0,0,0,0,1,0,0,0,0,1,0,0,0,0,cellular,18,aug,2,-1,0,unknown,0
27,0,0,0,1,0,0,0,0,0,0,0,0,0,1,0,0,1,0,0,535,0,0,cellular,16,aug,3,95,4,success,1
57,0,0,0,1,0,0,0,0,0,0,0,0,0,0,1,0,0,1,0,1299,0,0,cellular,27,nov,2,-1,0,unknown,0
35,1,0,0,0,0,0,0,0,0,0,0,0,1,0,0,1,0,0,0,6,1,1,unknown,15,may,1,-1,0,unknown,0
30,0,1,0,0,0,0,0,0,0,0,0,0,0,1,0,1,0,0,0,3291,1,0,unknown,19,may,3,-1,0,unknown,1
37,1,0,0,0,0,0,0,0,0,0,0,0,0,1,0,0,1,0,0,655,0,1,cellular,4,feb,6,-1,0,unknown,0
23,0,0,0,0,0,0,0,0,0,0,0,1,0,1,0,1,0,0,0,0,0,0,cellular,10,aug,1,-1,0,unknown,1
53,0,0,0,0,0,0,1,0,0,0,0,0,1,0,0,0,1,0,0,10541,0,0,cellular,9,feb,2,92,1,success,1
59,0,0,0,0,0,1,0,0,0,0,0,0,0,0,1,0,1,0,0,5845,0,0,cellular,14,may,2,-1,0,unknown,1
52,0,0,0,1,0,0,0,0,0,0,0,0,1,0,0,0,1,0,0,46,1,0,unknown,8,may,1,-1,0,unknown,0
70,0,0,0,0,0,0,0,0,0,0,1,0,0,0,1,0,0,1,0,1311,0,0,cellular,11,aug,1,-1,0,unknown,1
57,1,0,0,0,0,0,0,0,0,0,0,0,1,0,0,1,0,0,0,1318,0,0,cellular,14,apr,2,-1,0,unknown,0
34,1,0,0,0,0,0,0,0,0,0,0,0,0,1,0,1,0,0,0,-281,0,0,cellular,29,aug,6,-1,0,unknown,0
27,0,0,0,1,0,0,0,0,0,0,0,0,1,0,0,0,1,0,0,362,1,0,unknown,14,may,2,-1,0,unknown,0
29,1,0,0,0,0,0,0,0,0,0,0,0,0,1,0,1,0,0,0,307,1,0,cellular,2,jun,1,-1,0,unknown,1
25,0,0,0,1,0,0,0,0,0,0,0,0,1,0,0,0,1,0,0,97,1,0,unknown,27,may,1,-1,0,unknown,1
43,0,0,0,1,0,0,0,0,0,0,0,0,1,0,0,0,1,0,0,1927,1,0,cellular,19,nov,1,-1,0,unknown,0
31,0,0,0,1,0,0,0,0,0,0,0,0,1,0,0,0,1,0,0,4471,1,0,unknown,9,may,2,-1,0,unknown,0
32,0,0,0,0,1,0,0,0,0,0,0,1,0,1,0,0,0,0,0,1583,1,0,unknown,20,may,1,-1,0,unknown,0
53,0,1,0,0,0,0,0,0,0,0,0,0,1,0,0,0,1,0,0,287,0,0,telephone,6,feb,5,-1,0,unknown,0
39,0,0,0,0,0,0,1,0,0,0,0,0,1,0,0,0,1,0,0,607,1,0,cellular,12,may,2,364,3,failure,1
48,0,0,0,0,0,0,1,0,0,0,0,0,1,0,0,0,1,0,0,35,0,0,cellular,27,aug,4,-1,0,unknown,0
57,0,1,0,0,0,0,0,0,0,0,0,0,1,0,0,0,1,0,0,1070,0,0,unknown,19,jun,1,-1,0,unknown,0
48,1,0,0,0,0,0,0,0,0,0,0,0,1,0,0,0,1,0,0,4415,1,0,cellular,8,aug,6,-1,0,unknown,0
47,0,1,0,0,0,0,0,0,0,0,0,0,1,0,0,1,0,0,1,-813,1,1,unknown,16,jun,25,-1,0,unknown,0
33,0,0,0,0,0,0,1,0,0,0,0,0,0,1,0,1,0,0,0,146,0,0,cellular,22,oct,1,91,3,success,1
31,1,0,0,0,0,0,0,0,0,0,0,0,0,1,0,0,1,0,0,360,1,0,cellular,18,may,1,-1,0,unknown,1
27,0,0,0,0,0,0,0,1,0,0,0,0,0,1,0,0,1,0,0,1820,1,0,cellular,17,jul,1,-1,0,unknown,1
52,0,1,0,0,0,0,0,0,0,0,0,0,1,0,0,0,1,0,1,0,0,0,cellular,8,jul,2,-1,0,unknown,0
36,0,1,0,0,0,0,0,0,0,0,0,0,0,0,1,0,1,0,0,409,1,0,unknown,20,may,1,-1,0,unknown,0
33,0,0,0,0,0,0,1,0,0,0,0,0,0,0,1,0,1,0,0,818,1,1,cellular,16,apr,3,-1,0,unknown,0
28,1,0,0,0,0,0,0,0,0,0,0,0,0,1,0,1,0,0,0,730,1,0,cellular,3,mar,1,-1,0,unknown,1
57,0,0,0,0,0,0,1,0,0,0,0,0,0,0,1,0,0,1,0,1,0,0,unknown,15,may,10,-1,0,unknown,0
32,0,0,0,1,0,0,0,0,0,0,0,0,1,0,0,0,0,1,0,1903,1,0,unknown,23,may,3,-1,0,unknown,0
33,0,1,0,0,0,0,0,0,0,0,0,0,0,1,0,0,1,0,0,5833,1,0,cellular,8,aug,2,-1,0,unknown,0
34,0,0,0,0,0,0,0,1,0,0,0,0,0,0,1,0,1,0,0,797,1,0,cellular,20,nov,1,126,1,failure,0
61,1,0,0,0,0,0,0,0,0,0,0,0,1,0,0,1,0,0,0,3371,0,0,cellular,28,sep,2,-1,0,unknown,1
40,0,1,0,0,0,0,0,0,0,0,0,0,0,1,0,0,1,0,0,57,0,1,cellular,6,aug,4,-1,0,unknown,0
58,0,0,0,0,0,0,0,1,0,0,0,0,0,0,1,0,1,0,0,183,0,0,cellular,22,aug,2,-1,0,unknown,0
43,1,0,0,0,0,0,0,0,0,0,0,0,1,0,0,1,0,0,0,1429,1,0,cellular,7,may,1,169,3,success,1
38,0,0,0,0,0,0,0,0,0,1,0,0,0,0,1,0,1,0,0,0,1,0,unknown,30,may,4,-1,0,unknown,0
30,0,0,0,0,0,0,1,0,0,0,0,0,0,1,0,0,1,0,0,219,1,1,cellular,18,may,6,-1,0,unknown,0
56,0,1,0,0,0,0,0,0,0,0,0,0,0,0,1,0,1,0,0,146,1,0,cellular,5,aug,3,-1,0,unknown,1
51,0,0,0,0,0,1,0,0,0,0,0,0,1,0,0,0,0,1,0,1495,0,0,telephone,25,jul,4,-1,0,unknown,1
38,0,0,0,0,0,0,0,1,0,0,0,0,1,0,0,0,1,0,0,2669,1,0,cellular,20,apr,2,-1,0,unknown,0
42,0,0,0,0,0,0,1,0,0,0,0,0,1,0,0,0,1,0,0,874,1,0,cellular,7,may,1,287,2,other,0
71,0,0,0,0,0,1,0,0,0,0,0,0,1,0,0,0,1,0,0,1998,0,0,cellular,23,jun,1,-1,0,unknown,0
38,0,0,0,0,0,0,0,0,1,0,0,0,0,1,0,1,0,0,0,973,0,0,cellular,4,feb,1,-1,0,unknown,0
40,1,0,0,0,0,0,0,0,0,0,0,0,1,0,0,1,0,0,0,1468,0,0,cellular,8,aug,2,-1,0,unknown,0
28,0,1,0,0,0,0,0,0,0,0,0,0,0,1,0,0,1,0,0,313,0,0,cellular,9,feb,2,-1,0,unknown,1
36,1,0,0,0,0,0,0,0,0,0,0,0,1,0,0,1,0,0,0,0,1,0,cellular,8,may,3,-1,0,unknown,1
18,0,0,0,0,1,0,0,0,0,0,0,1,0,1,0,0,0,0,0,108,0,0,cellular,9,feb,1,183,1,success,1
34,0,0,0,0,0,0,1,0,0,0,0,0,0,0,1,0,1,0,0,1186,1,1,cellular,18,nov,1,-1,0,unknown,0
37,0,0,0,0,0,0,1,0,0,0,0,0,1,0,0,0,1,0,0,96,0,0,cellular,5,feb,1,182,3,success,0
69,0,0,0,0,0,1,0,0,0,0,0,0,0,0,1,1,0,0,0,247,0,0,cellular,22,apr,2,-1,0,unknown,1
36,0,0,0,0,0,0,0,1,0,0,0,0,1,0,0,0,1,0,0,4721,0,0,cellular,9,mar,2,90,3,success,1
40,0,0,0,1,0,0,0,0,0,0,0,0,0,1,0,0,1,0,0,879,1,1,unknown,8,may,3,-1,0,unknown,0
42,0,0,0,0,1,0,0,0,0,0,0,0,0,1,0,1,0,0,0,2918,0,0,unknown,18,jun,1,-1,0,unknown,0
54,1,0,0,0,0,0,0,0,0,0,0,0,1,0,0,0,0,1,0,630,1,0,cellular,17,apr,2,-1,0,unknown,0
48,0,0,0,0,0,0,0,1,0,0,0,0,0,0,1,0,0,1,0,-110,0,1,unknown,19,jun,2,-1,0,unknown,0
41,1,0,0,0,0,0,0,0,0,0,0,0,1,0,0,1,0,0,0,5561,0,0,cellular,20,aug,2,-1,0,unknown,1
30,0,0,0,1,0,0,0,0,0,0,0,0,0,1,0,0,1,0,1,239,1,0,unknown,21,may,1,-1,0,unknown,1
58,1,0,0,0,0,0,0,0,0,0,0,0,1,0,0,0,1,0,0,-382,0,0,cellular,31,jul,12,-1,0,unknown,1
29,0,1,0,0,0,0,0,0,0,0,0,0,0,1,0,0,1,0,0,1856,1,1,cellular,18,may,1,-1,0,unknown,0
31,0,1,0,0,0,0,0,0,0,0,0,0,1,0,0,0,1,0,0,793,0,0,cellular,19,nov,1,-1,0,unknown,0
58,0,0,0,0,0,0,1,0,0,0,0,0,1,0,0,0,0,1,0,2232,0,0,unknown,11,jun,1,-1,0,unknown,0
60,0,1,0,0,0,0,0,0,0,0,0,0,1,0,0,0,0,1,0,65,1,0,unknown,9,may,2,-1,0,unknown,1
35,0,0,0,0,0,0,0,0,1,0,0,0,0,1,0,1,0,0,0,353,0,0,cellular,12,aug,1,-1,0,unknown,1
29,0,0,0,0,0,0,0,1,0,0,0,0,0,1,0,0,1,0,0,0,0,0,cellular,17,jul,1,-1,0,unknown,0
32,0,0,0,1,0,0,0,0,0,0,0,0,0,1,0,0,1,0,0,400,0,0,cellular,4,may,3,-1,0,unknown,1
30,0,0,0,0,0,0,1,0,0,0,0,0,1,0,0,0,1,0,0,0,0,0,cellular,1,jun,1,-1,0,unknown,1
58,1,0,0,0,0,0,0,0,0,0,0,0,0,1,0,1,0,0,0,331,0,1,cellular,28,jul,3,-1,0,unknown,0
40,1,0,0,0,0,0,0,0,0,0,0,0,1,0,0,0,1,0,0,106,0,0,unknown,17,jun,2,-1,0,unknown,1
40,0,1,0,0,0,0,0,0,0,0,0,0,1,0,0,0,1,0,0,-357,1,0,cellular,16,jul,4,-1,0,unknown,1
28,0,1,0,0,0,0,0,0,0,0,0,0,0,1,0,1,0,0,0,4253,1,0,cellular,4,feb,6,-1,0,unknown,0
26,0,0,0,0,0,0,1,0,0,0,0,0,0,1,0,1,0,0,0,2532,1,1,cellular,18,feb,1,-1,0,unknown,1
35,0,1,0,0,0,0,0,0,0,0,0,0,0,1,0,1,0,0,0,226,1,1,unknown,6,may,3,-1,0,unknown,0
34,0,0,0,1,0,0,0,0,0,0,0,0,1,0,0,0,0,1,0,-1,1,0,cellular,18,may,6,355,1,other,1
36,1,0,0,0,0,0,0,0,0,0,0,0,0,0,1,1,0,0,0,102,1,0,cellular,14,apr,1,-1,0,unknown,0
35,1,0,0,0,0,0,0,0,0,0,0,0,0,0,1,1,0,0,0,3751,1,0,cellular,16,apr,2,-1,0,unknown,0
42,1,0,0,0,0,0,0,0,0,0,0,0,1,0,0,1,0,0,0,1435,1,0,cellular,7,may,1,-1,0,unknown,1
52,0,0,1,0,0,0,0,0,0,0,0,0,1,0,0,0,1,0,0,0,0,0,cellular,7,aug,2,-1,0,unknown,0
26,0,0,0,1,0,0,0,0,0,0,0,0,0,1,0,0,1,0,1,-36,1,0,unknown,3,jun,2,-1,0,unknown,1
30,0,0,0,0,0,0,0,0,0,1,0,0,0,1,0,0,1,0,0,2424,0,0,cellular,12,nov,1,279,1,failure,1
38,0,0,0,0,0,0,1,0,0,0,0,0,0,1,0,0,1,0,0,3239,0,0,unknown,5,jun,2,-1,0,unknown,1
56,0,0,0,1,0,0,0,0,0,0,0,0,1,0,0,0,0,1,0,186,1,0,unknown,2,jun,4,-1,0,unknown,0
52,0,0,0,1,0,0,0,0,0,0,0,0,1,0,0,0,1,0,0,-519,1,0,unknown,9,jun,8,-1,0,unknown,1
32,0,0,1,0,0,0,0,0,0,0,0,0,1,0,0,0,1,0,0,-242,1,0,cellular,20,apr,3,-1,0,unknown,1
49,0,0,0,0,0,0,1,0,0,0,0,0,1,0,0,0,1,0,0,1120,1,0,telephone,11,may,2,-1,0,unknown,0
53,0,0,0,0,0,0,0,0,1,0,0,0,1,0,0,1,0,0,0,337,1,1,cellular,18,nov,2,-1,0,unknown,0
54,0,0,1,0,0,0,0,0,0,0,0,0,1,0,0,1,0,0,0,1129,0,1,cellular,28,jan,1,184,8,failure,0
36,0,0,0,1,0,0,0,0,0,0,0,0,1,0,0,0,1,0,0,136,1,0,unknown,4,jun,2,-1,0,unknown,0
42,0,1,0,0,0,0,0,0,0,0,0,0,0,1,0,0,1,0,1,-1129,1,0,unknown,2,jun,5,-1,0,unknown,1
63,1,0,0,0,0,0,0,0,0,0,0,0,1,0,0,1,0,0,0,3115,0,0,cellular,16,nov,5,-1,0,unknown,1
38,0,0,0,0,0,0,1,0,0,0,0,0,0,1,0,0,1,0,0,18,0,0,cellular,13,may,1,366,6,failure,0
36,1,0,0,0,0,0,0,0,0,0,0,0,1,0,0,1,0,0,0,-85,1,0,unknown,12,jun,2,-1,0,unknown,0
57,0,0,0,0,0,1,0,0,0,0,0,0,1,0,0,1,0,0,0,906,1,0,unknown,7,may,1,-1,0,unknown,0
45,0,0,0,0,0,0,0,1,0,0,0,0,1,0,0,0,1,0,0,1621,0,0,cellular,18,aug,8,-1,0,unknown,0
44,0,0,0,1,0,0,0,0,0,0,0,0,1,0,0,0,1,0,0,630,0,0,cellular,30,apr,2,-1,0,unknown,0
48,1,0,0,0,0,0,0,0,0,0,0,0,1,0,0,1,0,0,0,567,0,0,cellular,27,aug,34,-1,0,unknown,0
23,0,0,0,0,1,0,0,0,0,0,0,1,0,1,0,0,0,0,0,565,0,0,cellular,28,may,7,-1,0,unknown,0
40,0,0,0,0,0,0,1,0,0,0,0,0,0,1,0,0,1,0,0,985,1,0,cellular,4,jun,3,50,8,failure,1
42,0,0,0,1,0,0,0,0,0,0,0,0,1,0,0,0,1,0,0,366,1,0,cellular,22,may,1,106,1,failure,1
57,0,0,0,0,0,1,0,0,0,0,0,0,1,0,0,1,0,0,0,1458,0,0,cellular,19,aug,1,107,5,failure,0
32,1,0,0,0,0,0,0,0,0,0,0,0,0,1,0,1,0,0,0,311,0,0,unknown,12,may,2,-1,0,unknown,1
58,0,0,0,0,1,0,0,0,0,0,0,0,0,0,1,0,1,0,0,3111,1,0,unknown,13,may,2,-1,0,unknown,0
49,0,1,0,0,0,0,0,0,0,0,0,0,1,0,0,0,1,0,0,808,1,0,cellular,28,jan,1,-1,0,unknown,1
43,0,0,0,0,0,0,0,1,0,0,0,0,0,0,1,0,1,0,0,130,1,0,unknown,8,may,1,-1,0,unknown,0
42,0,0,0,0,0,0,1,0,0,0,0,0,0,0,1,0,1,0,0,527,0,1,cellular,20,apr,1,-1,0,unknown,1
35,1,0,0,0,0,0,0,0,0,0,0,0,0,1,0,1,0,0,0,1750,1,0,cellular,21,apr,3,-1,0,unknown,1
51,0,0,0,0,0,0,0,1,0,0,0,0,1,0,0,0,0,1,0,-553,1,0,unknown,4,jun,8,-1,0,unknown,0
32,0,0,0,1,0,0,0,0,0,0,0,0,0,1,0,0,1,0,0,135,1,0,cellular,18,may,2,-1,0,unknown,0
41,0,0,0,0,0,0,0,1,0,0,0,0,1,0,0,0,1,0,0,2399,1,0,cellular,15,may,2,351,2,failure,0
34,0,0,0,1,0,0,0,0,0,0,0,0,1,0,0,0,1,0,0,634,0,1,cellular,12,may,3,-1,0,unknown,1
49,0,0,0,1,0,0,0,0,0,0,0,0,1,0,0,0,0,1,0,-157,1,0,cellular,7,jul,3,-1,0,unknown,1
47,0,1,0,0,0,0,0,0,0,0,0,0,1,0,0,1,0,0,0,1127,0,0,cellular,11,aug,6,-1,0,unknown,0
60,0,0,0,0,0,0,0,1,0,0,0,0,0,1,0,0,0,1,0,313,1,0,unknown,15,may,2,-1,0,unknown,1
40,0,0,0,0,0,0,0,0,0,1,0,0,1,0,0,0,1,0,0,1960,1,0,unknown,2,jun,6,-1,0,unknown,1
40,0,0,0,0,0,0,0,1,0,0,0,0,1,0,0,0,1,0,0,113,1,0,unknown,4,jun,1,-1,0,unknown,0
45,0,0,0,1,0,0,0,0,0,0,0,0,1,0,0,0,0,1,0,179,0,0,cellular,25,aug,3,-1,0,unknown,0
35,0,0,0,0,0,0,0,1,0,0,0,0,1,0,0,0,1,0,0,195,1,0,cellular,17,apr,1,-1,0,unknown,0
30,1,0,0,0,0,0,0,0,0,0,0,0,0,1,0,0,1,0,0,0,0,0,cellular,11,aug,5,-1,0,unknown,0
25,0,0,0,0,0,0,0,0,0,0,0,1,0,1,0,0,1,0,0,469,0,0,cellular,21,aug,1,86,1,other,1
39,0,0,0,1,0,0,0,0,0,0,0,0,1,0,0,0,1,0,0,11854,1,0,cellular,15,may,9,-1,0,unknown,0
33,0,0,0,1,0,0,0,0,0,0,0,0,1,0,0,0,1,0,0,983,0,0,unknown,8,sep,1,-1,0,unknown,0
26,0,0,0,0,0,0,0,1,0,0,0,0,0,1,0,0,1,0,0,136,0,0,cellular,20,apr,1,-1,0,unknown,1
59,1,0,0,0,0,0,0,0,0,0,0,0,1,0,0,1,0,0,0,553,1,0,cellular,7,jul,3,-1,0,unknown,1
51,0,1,0,0,0,0,0,0,0,0,0,0,0,0,1,0,1,0,0,131,1,0,cellular,18,nov,1,-1,0,unknown,0
53,0,0,0,0,0,0,1,0,0,0,0,0,1,0,0,0,1,0,0,3765,0,0,unknown,20,jun,3,-1,0,unknown,1
41,0,0,0,1,0,0,0,0,0,0,0,0,0,0,1,0,0,1,0,138,1,0,cellular,18,jul,3,-1,0,unknown,1
38,0,0,0,1,0,0,0,0,0,0,0,0,1,0,0,0,1,0,0,451,0,0,cellular,30,jan,1,-1,0,unknown,0
53,0,0,0,0,0,0,1,0,0,0,0,0,0,1,0,0,1,0,0,2398,1,0,cellular,2,aug,1,180,2,failure,1
37,0,1,0,0,0,0,0,0,0,0,0,0,1,0,0,0,1,0,0,2707,1,0,telephone,16,jul,1,-1,0,unknown,0
77,0,0,0,0,0,1,0,0,0,0,0,0,1,0,0,1,0,0,0,699,0,0,cellular,13,aug,2,-1,0,unknown,1
43,0,0,0,0,1,0,0,1,0,0,0,0,0,1,0,0,0,0,0,0,0,0,unknown,5,may,1,-1,0,unknown,0
59,0,0,0,0,0,1,0,0,0,0,0,0,0,0,1,0,0,1,0,7179,0,0,cellular,5,feb,1,-1,0,unknown,0
54,0,1,0,0,0,0,0,0,0,0,0,0,0,1,0,0,1,0,0,473,1,0,cellular,18,aug,6,-1,0,unknown,0
67,0,0,0,0,0,1,0,0,0,0,0,0,1,0,0,1,0,0,0,2812,0,0,cellular,6,aug,1,-1,0,unknown,0
35,0,0,0,1,0,0,0,0,0,0,0,0,1,0,0,0,0,1,0,994,1,0,unknown,23,may,8,-1,0,unknown,1
25,0,0,0,0,0,0,0,0,0,0,0,1,0,1,0,0,1,0,0,331,0,0,telephone,26,aug,4,-1,0,unknown,1
46,0,1,0,0,0,0,0,0,0,0,0,0,0,1,0,0,1,0,0,874,0,0,cellular,19,nov,3,-1,0,unknown,1
72,0,0,0,0,0,1,0,0,0,0,0,0,1,0,0,0,0,1,0,4657,0,0,telephone,23,mar,1,91,8,success,1
42,0,0,0,0,0,0,0,0,0,1,0,0,0,0,1,0,1,0,0,759,0,0,cellular,12,aug,3,-1,0,unknown,0
48,0,0,0,0,0,0,1,0,0,0,0,0,1,0,0,0,1,0,0,13551,0,0,unknown,11,jun,3,-1,0,unknown,0
25,0,1,0,0,0,0,0,0,0,0,0,0,0,1,0,0,1,0,0,938,0,0,cellular,1,jun,1,-1,0,unknown,1
44,1,0,0,0,0,0,0,0,0,0,0,0,1,0,0,1,0,0,0,0,0,0,unknown,12,jun,1,-1,0,unknown,0
47,0,0,0,0,0,0,0,0,0,0,1,0,0,0,1,0,0,1,0,61,0,0,cellular,29,jul,5,-1,0,unknown,0
38,1,0,0,0,0,0,0,0,0,0,0,0,1,0,0,1,0,0,0,536,1,0,cellular,22,jul,1,-1,0,unknown,1
40,0,0,0,1,0,0,0,0,0,0,0,0,1,0,0,0,0,1,0,57,1,0,cellular,31,jul,9,-1,0,unknown,1
45,0,0,0,0,0,0,1,0,0,0,0,0,0,0,1,0,1,0,0,1126,1,0,unknown,27,may,1,-1,0,unknown,0
36,1,0,0,0,0,0,0,0,0,0,0,0,1,0,0,1,0,0,0,406,0,0,cellular,14,aug,2,-1,0,unknown,0
59,0,0,0,0,0,0,1,0,0,0,0,0,1,0,0,0,1,0,0,145,1,0,telephone,12,may,2,287,13,success,1
65,0,0,0,0,0,0,1,0,0,0,0,0,1,0,0,0,1,0,0,952,0,0,cellular,2,jun,1,-1,0,unknown,1
54,0,0,0,0,0,0,0,0,0,0,1,0,1,0,0,0,1,0,0,209,1,1,cellular,25,jul,1,-1,0,unknown,0
26,0,0,0,0,0,0,1,0,0,0,0,0,0,1,0,0,1,0,1,-930,1,0,cellular,14,may,1,-1,0,unknown,1
49,0,0,1,0,0,0,0,0,0,0,0,0,1,0,0,0,0,1,0,6188,0,0,cellular,18,nov,1,-1,0,unknown,1
59,0,0,0,0,0,0,0,0,0,0,1,0,1,0,0,0,1,0,0,345,0,0,unknown,9,jun,1,-1,0,unknown,0
35,0,1,0,0,0,0,0,0,0,0,0,0,1,0,0,0,1,0,0,141,1,0,cellular,19,aug,2,-1,0,unknown,0
37,0,0,0,1,0,0,0,0,0,0,0,0,1,0,0,0,0,1,0,461,1,0,unknown,30,may,2,-1,0,unknown,0
48,0,0,0,0,0,0,0,0,0,1,0,0,1,0,0,0,1,0,0,926,0,0,cellular,12,aug,2,178,10,success,1
33,0,0,0,1,0,0,0,0,0,0,0,0,1,0,0,0,0,1,0,331,1,0,cellular,9,apr,2,314,3,failure,0
42,0,0,0,0,0,0,1,0,0,0,0,0,0,1,0,0,1,0,0,30,1,0,cellular,4,feb,1,266,3,failure,0
27,0,0,0,0,0,0,0,1,0,0,0,0,0,1,0,0,1,0,0,118,1,1,unknown,12,may,1,-1,0,unknown,0
33,0,0,0,0,0,0,1,0,0,0,0,0,1,0,0,0,1,0,0,95,1,0,cellular,30,apr,1,-1,0,unknown,1
50,0,0,1,0,0,0,0,0,0,0,0,0,1,0,0,0,0,1,0,461,1,0,unknown,15,may,32,-1,0,unknown,1
25,1,0,0,0,0,0,0,0,0,0,0,0,0,1,0,1,0,0,0,2506,0,0,cellular,17,feb,1,-1,0,unknown,1
54,0,0,0,0,0,1,0,0,0,0,0,0,1,0,0,0,1,0,0,3538,0,0,cellular,27,may,1,-1,0,unknown,1
43,0,0,0,0,0,0,1,0,0,0,0,0,1,0,0,0,1,0,0,2271,0,0,telephone,10,nov,1,-1,0,unknown,1
35,0,0,0,1,0,0,0,0,0,0,0,0,0,1,0,0,0,1,0,-276,1,0,cellular,13,may,1,-1,0,unknown,1
46,0,0,0,1,0,0,0,0,0,0,0,0,0,0,1,0,1,0,0,2441,0,0,unknown,19,jun,2,-1,0,unknown,0
30,0,0,0,0,0,0,0,0,1,0,0,0,1,0,0,0,1,0,0,1772,1,0,cellular,13,apr,4,-1,0,unknown,0
34,1,0,0,0,0,0,0,0,0,0,0,0,1,0,0,1,0,0,0,813,1,0,cellular,28,may,3,-1,0,unknown,0
36,1,0,0,0,0,0,0,0,0,0,0,0,0,1,0,1,0,0,0,2163,0,0,cellular,5,jun,1,-1,0,unknown,0
31,1,0,0,0,0,0,0,0,0,0,0,0,1,0,0,1,0,0,0,2395,0,0,cellular,27,apr,1,-1,0,unknown,0
36,0,0,0,0,0,0,1,0,0,0,0,0,1,0,0,0,1,0,0,96,0,0,cellular,30,apr,1,87,1,success,1
30,0,0,0,0,0,0,0,0,1,0,0,0,0,1,0,0,1,0,0,-617,0,1,cellular,19,nov,1,-1,0,unknown,1
50,0,1,0,0,0,0,0,0,0,0,0,0,0,0,1,0,1,0,0,75,1,0,cellular,6,aug,1,-1,0,unknown,0
35,1,0,0,0,0,0,0,0,0,0,0,0,0,1,0,1,0,0,0,2646,0,0,cellular,14,apr,8,183,2,success,1
56,0,0,0,0,0,0,1,0,0,0,0,0,0,0,1,0,1,0,0,279,1,0,cellular,11,may,2,-1,0,unknown,0
39,0,1,0,0,0,0,0,0,0,0,0,0,1,0,0,0,1,0,0,0,1,0,cellular,23,oct,1,184,1,success,0
24,0,0,0,0,0,0,0,0,0,0,0,1,0,1,0,0,1,0,0,2,0,0,cellular,15,may,1,-1,0,unknown,0
31,0,0,0,0,0,0,0,0,0,1,0,0,1,0,0,0,1,0,0,86,1,1,unknown,3,jun,2,-1,0,unknown,1
38,1,0,0,0,0,0,0,0,0,0,0,0,1,0,0,1,0,0,0,1199,0,0,cellular,4,aug,1,1,1,success,1
52,0,1,0,0,0,0,0,0,0,0,0,0,1,0,0,0,1,0,0,386,0,0,cellular,20,apr,1,-1,0,unknown,1
51,0,0,0,1,0,0,0,0,0,0,0,0,1,0,0,0,1,0,0,2007,1,0,cellular,12,aug,3,-1,0,unknown,1
79,0,0,0,0,0,1,0,0,0,0,0,0,1,0,0,0,0,1,0,429,0,0,telephone,8,jul,2,-1,0,unknown,1
33,0,0,0,0,0,0,0,1,0,0,0,0,1,0,0,0,1,0,0,2184,1,0,cellular,20,apr,1,-1,0,unknown,0
26,1,0,0,0,0,0,0,0,0,0,0,0,0,1,0,1,0,0,0,6840,1,0,unknown,28,may,2,-1,0,unknown,1
58,0,0,0,0,0,0,0,0,0,0,1,0,1,0,0,1,0,0,0,0,1,0,cellular,21,jul,1,-1,0,unknown,0
39,0,0,0,0,0,0,1,0,0,0,0,0,0,0,1,0,1,0,0,878,1,0,cellular,15,may,5,-1,0,unknown,1
49,1,0,0,0,0,0,0,0,0,0,0,0,1,0,0,1,0,0,0,5887,0,0,cellular,2,jun,3,293,2,failure,1
45,0,0,0,0,0,0,1,0,0,0,0,0,1,0,0,0,1,0,0,0,0,1,telephone,15,jul,3,-1,0,unknown,1
46,0,0,0,1,0,0,0,0,0,0,0,0,1,0,0,0,0,1,0,1596,0,0,cellular,8,aug,2,-1,0,unknown,0
47,0,0,0,0,0,0,1,0,0,0,0,0,1,0,0,0,1,0,0,2601,0,0,cellular,24,sep,1,-1,0,unknown,1
38,0,0,1,0,0,0,0,0,0,0,0,0,1,0,0,1,0,0,0,1110,1,0,cellular,20,nov,2,183,2,failure,1
53,0,1,0,0,0,0,0,0,0,0,0,0,1,0,0,0,1,0,0,10185,0,0,cellular,23,mar,1,-1,0,unknown,1
24,0,0,0,0,0,0,1,0,0,0,0,0,0,1,0,0,1,0,0,1052,0,0,cellular,30,apr,1,-1,0,unknown,1
45,0,1,0,0,0,0,0,0,0,0,0,0,1,0,0,0,1,0,0,999,1,0,unknown,16,may,2,-1,0,unknown,0
37,1,0,0,0,0,0,0,0,0,0,0,0,1,0,0,1,0,0,0,489,1,0,cellular,3,apr,2,133,6,failure,0
47,0,0,0,1,0,0,0,0,0,0,0,0,1,0,0,0,1,0,0,327,1,0,cellular,16,apr,1,-1,0,unknown,0
28,1,0,0,0,0,0,0,0,0,0,0,0,0,1,0,1,0,0,0,1287,1,0,cellular,26,feb,1,-1,0,unknown,1
53,1,0,0,0,0,0,0,0,0,0,0,0,0,0,1,1,0,0,0,2679,0,0,cellular,20,nov,3,-1,0,unknown,1
42,1,0,0,0,0,0,0,0,0,0,0,0,1,0,0,1,0,0,0,2463,0,0,cellular,26,oct,2,-1,0,unknown,0
33,0,0,0,0,1,0,1,0,0,0,0,0,1,0,0,0,0,0,0,664,0,0,cellular,28,jan,3,-1,0,unknown,0
32,0,0,0,1,0,0,0,0,0,0,0,0,1,0,0,0,1,0,1,-238,1,0,unknown,27,may,1,-1,0,unknown,0
42,0,0,0,1,0,0,0,0,0,0,0,0,1,0,0,0,1,0,0,443,1,0,unknown,2,jun,5,-1,0,unknown,1
43,0,0,0,1,0,0,0,0,0,0,0,0,0,1,0,0,0,1,0,13620,1,0,cellular,20,nov,1,-1,0,unknown,0
31,1,0,0,0,0,0,0,0,0,0,0,0,1,0,0,1,0,0,0,233,1,0,cellular,14,may,2,365,10,failure,0
40,1,0,0,0,0,0,0,0,0,0,0,0,1,0,0,1,0,0,0,8902,1,0,cellular,14,aug,5,-1,0,unknown,0
28,1,0,0,0,0,0,0,0,0,0,0,0,1,0,0,1,0,0,0,12,1,0,cellular,9,sep,1,-1,0,unknown,1
49,1,0,0,0,0,0,0,0,0,0,0,0,1,0,0,0,0,1,0,3371,0,0,cellular,11,nov,2,-1,0,unknown,1
49,0,0,0,1,0,0,0,0,0,0,0,0,1,0,0,0,0,1,0,474,1,1,telephone,9,feb,3,221,1,failure,0
24,0,0,0,0,0,0,1,0,0,0,0,0,0,1,0,0,1,0,0,1295,0,0,cellular,21,apr,1,-1,0,unknown,1
50,0,0,0,0,0,0,1,0,0,0,0,0,1,0,0,0,1,0,0,10250,1,0,cellular,7,dec,3,385,2,other,1
40,1,0,0,0,0,0,0,0,0,0,0,0,1,0,0,1,0,0,0,7780,0,0,telephone,4,may,1,355,1,other,0
59,0,0,0,0,0,0,0,0,0,1,0,0,1,0,0,0,1,0,0,957,0,0,cellular,9,dec,2,-1,0,unknown,1
31,1,0,0,0,0,0,0,0,0,0,0,0,1,0,0,1,0,0,0,216,0,0,cellular,22,jul,1,-1,0,unknown,0
50,0,0,0,1,0,0,0,0,0,0,0,0,1,0,0,0,0,1,0,-522,1,0,cellular,13,may,3,-1,0,unknown,1
51,0,0,0,0,0,0,1,0,0,0,0,0,1,0,0,0,1,0,0,949,0,0,cellular,5,aug,1,-1,0,unknown,1
25,0,0,0,0,1,0,0,0,0,0,0,1,0,1,0,0,0,0,0,722,0,0,telephone,21,apr,2,-1,0,unknown,1
50,0,1,0,0,0,0,0,0,0,0,0,0,0,0,1,0,1,0,0,0,0,0,cellular,13,aug,2,-1,0,unknown,0
28,0,0,0,1,0,0,0,0,0,0,0,0,0,1,0,0,1,0,0,2909,0,0,cellular,6,feb,7,-1,0,unknown,0
36,0,0,0,0,1,0,0,0,0,0,0,1,0,1,0,0,0,0,0,417,0,0,cellular,10,aug,1,181,1,success,1
34,0,0,0,0,0,0,1,0,0,0,0,0,0,0,1,0,1,0,0,1085,0,0,cellular,11,mar,7,-1,0,unknown,1
47,0,0,0,1,0,0,0,0,0,0,0,0,1,0,0,0,1,0,0,243,1,0,cellular,4,feb,1,246,4,failure,0
69,0,1,0,0,0,0,0,0,0,0,0,0,1,0,0,1,0,0,0,482,0,0,cellular,29,jul,1,267,1,failure,1
31,0,0,0,1,0,0,0,0,0,0,0,0,1,0,0,0,0,1,0,48,1,0,cellular,28,jul,4,-1,0,unknown,0
29,0,1,0,0,0,0,0,0,0,0,0,0,0,1,0,0,1,0,0,1165,0,0,cellular,2,jun,1,-1,0,unknown,1
54,0,0,0,0,1,0,0,0,0,0,1,0,1,0,0,0,0,0,0,4789,0,0,unknown,11,jun,1,-1,0,unknown,0
53,0,1,0,0,0,0,0,0,0,0,0,0,1,0,0,0,1,0,0,6671,1,1,cellular,30,jul,9,-1,0,unknown,0
32,1,0,0,0,0,0,0,0,0,0,0,0,1,0,0,1,0,0,0,1388,1,0,cellular,30,apr,1,-1,0,unknown,1
28,0,1,0,0,0,0,0,0,0,0,0,0,0,1,0,1,0,0,0,865,0,0,cellular,16,sep,1,-1,0,unknown,0
23,0,0,0,0,0,0,0,0,0,0,1,0,1,0,0,1,0,0,0,66,1,0,cellular,7,may,2,-1,0,unknown,1
32,1,0,0,0,0,0,0,0,0,0,0,0,0,0,1,1,0,0,0,874,0,0,cellular,21,nov,3,101,6,success,0
53,0,0,1,0,0,0,0,0,0,0,0,0,0,1,0,0,1,0,0,62,1,0,unknown,30,may,5,-1,0,unknown,1
41,0,0,0,0,1,0,0,0,1,0,0,0,0,1,0,0,0,0,0,426,1,0,unknown,19,jun,1,-1,0,unknown,0
73,0,0,0,0,0,1,0,0,0,0,0,0,1,0,0,0,0,1,0,796,0,0,cellular,23,apr,1,182,3,success,1
51,0,0,0,0,0,1,0,0,0,0,0,0,0,0,1,0,1,0,0,1679,0,0,cellular,12,aug,1,365,9,other,1
28,0,0,0,0,0,0,1,0,0,0,0,0,0,1,0,0,1,0,0,-7,0,1,unknown,26,jun,2,-1,0,unknown,1
40,1,0,0,0,0,0,0,0,0,0,0,0,1,0,0,1,0,0,0,4539,0,0,cellular,13,jul,3,439,1,failure,1
44,0,1,0,0,0,0,0,0,0,0,0,0,1,0,0,1,0,0,0,4580,1,0,cellular,20,nov,2,189,2,success,0
35,1,0,0,0,0,0,0,0,0,0,0,0,1,0,0,1,0,0,0,82,0,0,cellular,8,aug,4,-1,0,unknown,1
33,0,0,0,1,0,0,0,0,0,0,0,0,1,0,0,0,1,0,0,780,1,0,cellular,13,may,2,-1,0,unknown,0
59,1,0,0,0,0,0,0,0,0,0,0,0,1,0,0,0,0,1,0,1727,0,0,telephone,25,may,4,358,2,failure,1
74,0,0,0,0,0,1,0,0,0,0,0,0,0,0,1,0,0,1,0,29080,0,0,cellular,30,jun,5,93,4,other,1
50,0,0,0,0,1,0,0,0,1,0,0,0,1,0,0,0,0,0,0,-84,1,0,unknown,6,may,1,-1,0,unknown,0
24,0,1,0,0,0,0,0,0,0,0,0,0,0,1,0,0,1,0,0,820,1,0,unknown,23,may,1,-1,0,unknown,0
40,0,1,0,0,0,0,0,0,0,0,0,0,0,1,0,1,0,0,0,431,0,0,cellular,7,jul,2,-1,0,unknown,1
47,0,0,0,0,0,0,0,0,0,0,1,0,1,0,0,0,0,1,0,0,0,0,cellular,10,aug,2,-1,0,unknown,0
31,0,1,0,0,0,0,0,0,0,0,0,0,0,1,0,1,0,0,0,1798,1,0,unknown,8,may,1,-1,0,unknown,0
41,0,1,0,0,0,0,0,0,0,0,0,0,1,0,0,0,1,0,0,1788,0,0,cellular,28,aug,1,-1,0,unknown,0
44,0,0,0,0,0,0,1,0,0,0,0,0,1,0,0,0,1,0,0,1074,1,0,cellular,11,jul,2,-1,0,unknown,1
33,0,0,0,1,0,0,0,0,0,0,0,0,1,0,0,1,0,0,0,6138,1,0,unknown,20,may,1,-1,0,unknown,0
39,0,0,0,0,0,0,0,1,0,0,0,0,1,0,0,0,1,0,0,1179,0,0,cellular,25,may,1,-1,0,unknown,1
40,0,1,0,0,0,0,0,0,0,0,0,0,0,0,1,0,1,0,0,311,0,0,cellular,6,aug,2,-1,0,unknown,1
33,0,1,0,0,0,0,0,0,0,0,0,0,0,1,0,1,0,0,0,127,1,0,cellular,6,apr,2,222,17,failure,1
30,0,0,0,1,0,0,0,0,0,0,0,0,1,0,0,0,1,0,0,167,1,0,cellular,10,jul,1,-1,0,unknown,1
54,0,0,0,0,1,0,0,1,0,0,0,0,1,0,0,0,0,0,0,0,1,0,cellular,5,feb,2,267,1,other,1
44,0,1,0,0,0,0,0,0,0,0,0,0,0,1,0,1,0,0,0,3432,1,0,cellular,25,jul,30,-1,0,unknown,0
31,1,0,0,0,0,0,0,0,0,0,0,0,1,0,0,1,0,0,0,804,0,0,cellular,21,nov,2,-1,0,unknown,0
28,0,0,0,0,0,0,0,0,0,0,0,1,0,1,0,0,1,0,0,69,0,0,cellular,30,jan,2,-1,0,unknown,1
30,0,0,0,0,0,0,0,0,0,1,0,0,0,1,0,0,1,0,0,2424,0,0,cellular,15,feb,1,95,2,success,1
31,1,0,0,0,0,0,0,0,0,0,0,0,1,0,0,1,0,0,0,10088,0,0,cellular,8,aug,6,-1,0,unknown,0
53,0,0,0,0,0,0,0,0,0,1,0,0,1,0,0,0,1,0,0,94,0,0,cellular,10,aug,1,181,14,success,1
35,1,0,0,0,0,0,0,0,0,0,0,0,0,0,1,1,0,0,0,146,0,0,cellular,6,aug,2,-1,0,unknown,1
38,1,0,0,0,0,0,0,0,0,0,0,0,1,0,0,1,0,0,0,1187,1,1,cellular,2,feb,1,-1,0,unknown,0
57,0,1,0,0,0,0,0,0,0,0,0,0,1,0,0,0,1,0,0,1144,1,0,cellular,6,apr,2,-1,0,unknown,0
50,0,0,0,1,0,0,0,0,0,0,0,0,1,0,0,0,0,1,0,859,1,1,telephone,28,jul,7,-1,0,unknown,0
45,1,0,0,0,0,0,0,0,0,0,0,0,0,1,0,1,0,0,0,4831,0,0,cellular,30,jul,3,182,11,success,1
22,0,0,0,0,0,0,0,1,0,0,0,0,0,1,0,0,1,0,0,129,0,0,cellular,16,oct,1,-1,0,unknown,1
47,1,0,0,0,0,0,0,0,0,0,0,0,0,1,0,1,0,0,0,86,0,0,cellular,5,aug,1,97,4,success,1
56,0,0,0,1,0,0,0,0,0,0,0,0,1,0,0,0,1,0,0,276,0,0,cellular,5,aug,1,-1,0,unknown,0
46,0,0,0,0,0,0,1,0,0,0,0,0,0,0,1,0,1,0,0,2087,0,0,cellular,20,nov,3,-1,0,unknown,1
30,1,0,0,0,0,0,0,0,0,0,0,0,1,0,0,1,0,0,0,248,0,0,cellular,17,jul,1,-1,0,unknown,0
36,0,0,0,0,0,0,0,1,0,0,0,0,0,1,0,1,0,0,0,1189,0,0,cellular,17,aug,1,-1,0,unknown,1
26,0,1,0,0,0,0,0,0,0,0,0,0,0,1,0,0,1,0,0,-266,0,1,unknown,26,jun,3,-1,0,unknown,0
31,0,1,0,0,0,0,0,0,0,0,0,0,0,1,0,0,1,0,0,40,0,0,cellular,7,aug,2,-1,0,unknown,0
35,0,0,0,1,0,0,0,0,0,0,0,0,0,1,0,0,1,0,0,1253,0,0,unknown,29,may,2,-1,0,unknown,0
58,1,0,0,0,0,0,0,0,0,0,0,0,1,0,0,1,0,0,0,1602,0,0,cellular,21,nov,10,115,3,failure,0
29,0,0,0,1,0,0,0,0,0,0,0,0,0,1,0,0,0,1,0,105,1,0,unknown,16,may,1,-1,0,unknown,0
43,0,1,0,0,0,0,0,0,0,0,0,0,1,0,0,1,0,0,0,591,1,0,cellular,12,may,4,277,2,failure,0
77,1,0,0,0,1,0,0,0,0,0,0,0,1,0,0,0,0,0,0,1780,1,0,cellular,23,apr,2,182,5,success,1
43,1,0,0,0,0,0,0,0,0,0,0,0,1,0,0,1,0,0,0,1258,0,0,unknown,20,oct,1,-1,0,unknown,1
36,0,0,0,0,0,0,0,1,0,0,0,0,1,0,0,0,1,0,0,143,1,1,unknown,5,may,1,-1,0,unknown,0
33,0,1,0,0,0,0,0,0,0,0,0,0,0,1,0,0,1,0,0,1074,1,1,cellular,14,may,2,-1,0,unknown,0
39,0,0,0,0,0,0,0,1,0,0,0,0,1,0,0,0,1,0,0,0,1,1,unknown,21,may,3,-1,0,unknown,0
45,0,0,0,0,0,0,0,0,0,1,0,0,0,1,0,0,1,0,0,33,0,0,cellular,5,feb,1,-1,0,unknown,0
26,0,0,0,0,0,0,0,0,0,0,0,1,0,1,0,0,1,0,0,132,0,0,cellular,1,oct,1,119,1,success,1
59,0,0,0,1,0,0,0,0,0,0,0,0,1,0,0,0,0,1,0,1723,0,0,cellular,10,feb,3,-1,0,unknown,0
34,0,0,0,0,0,0,0,0,0,0,0,1,0,1,0,1,0,0,0,873,1,0,cellular,7,aug,2,-1,0,unknown,0
32,0,0,0,1,0,0,0,0,0,0,0,0,1,0,0,0,1,0,0,889,1,0,cellular,10,sep,1,99,5,success,1
44,0,0,0,0,0,0,0,1,0,0,0,0,0,1,0,0,1,0,0,618,0,0,cellular,12,may,1,-1,0,unknown,1
43,0,0,1,0,0,0,0,0,0,0,0,0,1,0,0,0,1,0,0,104,1,0,cellular,18,jul,3,-1,0,unknown,1
31,0,0,0,1,0,0,0,0,0,0,0,0,1,0,0,0,1,0,0,2910,1,0,unknown,23,may,2,-1,0,unknown,1
23,0,0,0,1,0,0,0,0,0,0,0,0,0,1,0,0,1,0,0,39,1,0,cellular,18,may,1,-1,0,unknown,0
51,0,0,0,0,0,1,0,0,0,0,0,0,0,0,1,0,0,1,0,1193,1,0,cellular,30,jul,2,-1,0,unknown,0
63,0,0,0,0,0,1,0,0,0,0,0,0,1,0,0,0,1,0,0,4752,0,0,cellular,2,sep,2,-1,0,unknown,1
36,0,0,0,1,0,0,0,0,0,0,0,0,0,1,0,0,1,0,0,3623,0,0,unknown,12,nov,1,378,1,success,1
59,0,1,0,0,0,0,0,0,0,0,0,0,1,0,0,0,1,0,0,259,0,0,cellular,15,jun,1,89,1,success,1
30,0,1,0,0,0,0,0,0,0,0,0,0,0,1,0,0,1,0,0,57,0,0,cellular,2,feb,2,-1,0,unknown,0
34,0,0,0,1,0,0,0,0,0,0,0,0,1,0,0,0,1,0,0,-1725,1,0,unknown,27,may,2,-1,0,unknown,0
27,0,0,0,1,0,0,0,0,0,0,0,0,0,1,0,0,1,0,0,513,1,1,cellular,18,may,1,-1,0,unknown,1
44,0,1,0,0,0,0,0,0,0,0,0,0,1,0,0,0,1,0,0,2575,1,1,cellular,29,jul,2,-1,0,unknown,0
49,0,0,0,1,0,0,0,0,0,0,0,0,1,0,0,0,0,1,0,361,1,0,unknown,16,jun,2,-1,0,unknown,1
26,1,0,0,0,0,0,0,0,0,0,0,0,0,1,0,1,0,0,0,1494,1,0,cellular,6,may,2,-1,0,unknown,0
36,0,1,0,0,0,0,0,0,0,0,0,0,1,0,0,0,1,0,0,319,1,0,cellular,29,jan,1,266,1,failure,0
31,1,0,0,0,0,0,0,0,0,0,0,0,1,0,0,1,0,0,0,69,0,0,cellular,20,aug,2,-1,0,unknown,0
41,1,0,0,0,0,0,0,0,0,0,0,0,0,1,0,1,0,0,0,11008,0,0,unknown,18,jun,1,-1,0,unknown,1
55,1,0,0,0,0,0,0,0,0,0,0,0,1,0,0,1,0,0,0,-375,0,0,cellular,30,jul,2,-1,0,unknown,1
43,0,1,0,0,0,0,0,0,0,0,0,0,0,0,1,1,0,0,0,1026,1,1,unknown,7,may,5,-1,0,unknown,0
78,0,0,0,0,1,1,0,0,0,0,0,0,0,0,1,0,0,0,0,2628,0,0,telephone,14,apr,2,-1,0,unknown,0
71,0,0,0,0,0,1,0,0,0,0,0,0,1,0,0,0,1,0,0,1696,0,0,cellular,6,oct,1,-1,0,unknown,1
67,0,0,0,0,0,1,0,0,0,0,0,0,1,0,0,0,0,1,0,2391,0,0,cellular,28,jun,6,186,10,other,1
50,0,0,0,0,0,0,0,0,0,1,0,0,1,0,0,0,1,0,0,17,0,0,unknown,20,jun,2,-1,0,unknown,0
60,0,0,0,0,1,0,0,0,0,0,0,0,1,0,0,0,0,0,0,7337,0,0,cellular,4,aug,1,-1,0,unknown,0
45,0,0,1,0,0,0,0,0,0,0,0,0,0,0,1,1,0,0,0,-395,1,0,unknown,13,may,1,-1,0,unknown,1
32,1,0,0,0,0,0,0,0,0,0,0,0,0,1,0,1,0,0,0,26,0,0,cellular,10,jul,6,-1,0,unknown,0
45,0,0,0,1,1,0,0,0,0,0,0,0,1,0,0,0,0,0,0,3114,0,0,cellular,6,aug,2,-1,0,unknown,0
50,0,0,0,0,0,0,1,0,0,0,0,0,0,0,1,0,1,0,0,223,0,0,cellular,5,feb,1,-1,0,unknown,0
47,0,0,0,0,1,0,0,1,0,0,0,0,0,1,0,0,0,0,0,1784,0,0,cellular,19,oct,2,-1,0,unknown,1
31,1,0,0,0,0,0,0,0,0,0,0,0,0,1,0,1,0,0,0,35,0,0,cellular,28,aug,16,-1,0,unknown,0
31,0,0,0,0,0,0,0,0,1,0,0,0,1,0,0,1,0,0,0,94,0,0,cellular,22,aug,2,-1,0,unknown,1
47,0,0,0,0,0,0,0,0,1,0,0,0,1,0,0,0,1,0,0,4420,1,1,cellular,20,nov,1,-1,0,unknown,1
34,0,0,0,0,0,0,0,0,0,0,1,0,1,0,0,0,0,1,0,2929,0,0,cellular,14,aug,2,-1,0,unknown,1
31,0,0,0,1,0,0,0,0,0,0,0,0,1,0,0,0,1,0,0,225,1,0,cellular,18,nov,1,-1,0,unknown,0
36,0,0,0,0,0,0,1,0,0,0,0,0,0,1,0,0,1,0,0,60,1,0,cellular,23,sep,2,-1,0,unknown,1
40,0,0,0,1,0,0,0,0,0,0,0,0,1,0,0,0,1,0,0,-839,1,1,cellular,16,jul,2,-1,0,unknown,1
35,0,0,0,1,0,0,0,0,0,0,0,0,0,1,0,0,1,0,0,0,1,0,cellular,16,apr,1,345,4,other,1
38,0,0,0,1,0,0,0,0,0,0,0,0,0,1,0,0,1,0,0,0,0,0,cellular,30,apr,1,-1,0,unknown,0
52,0,0,0,0,0,0,0,0,1,0,0,0,1,0,0,0,1,0,0,0,1,0,cellular,22,jul,1,-1,0,unknown,0
35,1,0,0,0,0,0,0,0,0,0,0,0,1,0,0,1,0,0,0,611,0,0,cellular,1,oct,2,121,1,success,1
30,0,0,0,0,0,0,0,1,0,0,0,0,1,0,0,0,1,0,0,-68,1,1,cellular,24,jul,1,-1,0,unknown,0
30,0,0,0,1,0,0,0,0,0,0,0,0,0,1,0,0,1,0,0,5909,1,0,cellular,18,may,2,-1,0,unknown,1
22,0,0,0,0,0,0,0,0,0,0,0,1,0,1,0,0,1,0,0,107,0,0,cellular,14,apr,1,-1,0,unknown,1
30,0,1,0,0,0,0,0,0,0,0,0,0,0,1,0,1,0,0,0,411,0,0,cellular,22,oct,3,149,2,failure,1
38,0,0,0,0,0,0,0,0,0,0,1,0,0,1,0,0,0,1,0,199,1,0,cellular,12,may,1,306,1,failure,1
50,0,0,0,0,0,0,1,0,0,0,0,0,0,1,0,0,1,0,0,642,0,0,cellular,18,nov,1,-1,0,unknown,0
47,0,1,0,0,0,0,0,0,0,0,0,0,0,0,1,0,1,0,0,431,0,1,unknown,17,jun,9,-1,0,unknown,0
34,0,0,0,1,0,0,0,0,0,0,0,0,1,0,0,0,0,1,0,197,1,0,cellular,22,jul,1,-1,0,unknown,0
43,0,1,0,0,0,0,0,0,0,0,0,0,1,0,0,0,1,0,0,3285,1,0,unknown,13,may,2,-1,0,unknown,1
41,0,0,0,1,0,0,0,0,0,0,0,0,1,0,0,0,0,1,0,246,0,0,unknown,19,jun,3,-1,0,unknown,1
53,0,0,0,1,0,0,0,0,0,0,0,0,1,0,0,0,0,1,0,252,0,0,cellular,31,jul,4,-1,0,unknown,1
38,0,1,0,0,0,0,0,0,0,0,0,0,1,0,0,0,1,0,0,976,1,0,cellular,14,jul,3,-1,0,unknown,1
35,0,1,0,0,0,0,0,0,0,0,0,0,0,1,0,0,1,0,0,1227,0,0,cellular,18,mar,4,90,6,other,1
60,0,0,0,0,0,1,0,0,0,0,0,0,0,0,1,0,1,0,0,4243,0,0,cellular,30,oct,2,-1,0,unknown,1
42,0,0,0,1,0,0,0,0,0,0,0,0,1,0,0,0,1,0,0,1468,1,0,unknown,28,may,1,-1,0,unknown,0
30,0,0,0,0,0,0,0,0,1,0,0,0,0,1,0,0,1,0,0,5223,0,0,cellular,14,oct,2,-1,0,unknown,0
39,0,1,0,0,0,0,0,0,0,0,0,0,0,1,0,0,1,0,0,287,1,0,cellular,14,jul,3,-1,0,unknown,0
33,1,0,0,0,0,0,0,0,0,0,0,0,1,0,0,0,1,0,0,-14,1,0,cellular,20,apr,3,-1,0,unknown,0
28,1,0,0,0,0,0,0,0,0,0,0,0,0,1,0,1,0,0,0,1584,1,0,cellular,1,sep,2,-1,0,unknown,1
41,1,0,0,0,0,0,0,0,0,0,0,0,1,0,0,1,0,0,0,3016,1,0,cellular,14,jul,3,-1,0,unknown,0
55,0,1,0,0,0,0,0,0,0,0,0,0,1,0,0,0,0,1,0,1498,0,1,unknown,17,jun,2,-1,0,unknown,0
47,1,0,0,0,0,0,0,0,0,0,0,0,1,0,0,1,0,0,0,296,1,0,cellular,8,may,1,-1,0,unknown,0
56,1,0,0,0,0,0,0,0,0,0,0,0,1,0,0,1,0,0,0,616,0,0,cellular,6,feb,1,-1,0,unknown,1
26,1,0,0,0,0,0,0,0,0,0,0,0,0,1,0,1,0,0,0,3,1,1,cellular,1,apr,1,350,1,success,1
24,0,0,0,0,0,0,0,0,0,0,0,1,0,1,0,1,0,0,0,235,0,0,cellular,9,nov,1,-1,0,unknown,1
54,0,1,0,0,0,0,0,0,0,0,0,0,0,0,1,0,1,0,0,2156,1,0,cellular,3,feb,1,195,4,failure,1
48,1,0,0,0,0,0,0,0,0,0,0,0,1,0,0,1,0,0,0,2266,0,0,cellular,18,nov,1,-1,0,unknown,1
41,0,1,0,0,0,0,0,0,0,0,0,0,0,0,1,1,0,0,0,3465,1,0,cellular,11,aug,4,-1,0,unknown,0
58,0,0,0,0,0,1,0,0,0,0,0,0,1,0,0,0,0,1,0,1241,0,0,cellular,18,aug,2,-1,0,unknown,1
50,0,0,0,0,0,0,0,1,0,0,0,0,1,0,0,0,1,0,0,1572,1,0,cellular,9,jul,1,-1,0,unknown,0
37,0,0,0,0,0,0,0,1,0,0,0,0,1,0,0,0,1,0,0,-1006,1,1,cellular,20,apr,2,-1,0,unknown,0
48,0,0,0,0,0,0,0,0,0,0,1,0,1,0,0,0,1,0,0,0,0,0,cellular,28,may,5,-1,0,unknown,1
41,0,0,0,1,0,0,0,0,0,0,0,0,1,0,0,0,1,0,0,290,1,0,unknown,5,may,2,-1,0,unknown,0
33,0,0,0,0,0,0,1,0,0,0,0,0,1,0,0,0,1,0,0,56,0,0,cellular,5,feb,2,-1,0,unknown,0
27,0,0,0,1,0,0,0,0,0,0,0,0,1,0,0,1,0,0,0,335,1,0,unknown,26,jun,3,-1,0,unknown,1
40,0,1,0,0,0,0,0,0,0,0,0,0,1,0,0,0,1,0,0,1952,1,0,cellular,17,nov,1,-1,0,unknown,0
41,0,0,0,0,0,0,1,0,0,0,0,0,1,0,0,1,0,0,0,226,1,0,cellular,15,jul,5,-1,0,unknown,0
64,1,0,0,0,0,0,0,0,0,0,0,0,1,0,0,1,0,0,0,3951,0,0,cellular,29,oct,1,-1,0,unknown,1
40,0,1,0,0,0,0,0,0,0,0,0,0,1,0,0,0,1,0,0,-282,1,0,unknown,6,jun,3,-1,0,unknown,0
39,0,0,0,1,1,0,0,0,0,0,0,0,1,0,0,0,0,0,0,1181,1,0,cellular,30,jul,2,-1,0,unknown,1
45,0,0,1,0,0,0,0,0,0,0,0,0,1,0,0,1,0,0,0,770,0,0,cellular,7,aug,2,-1,0,unknown,0
25,1,0,0,0,0,0,0,0,0,0,0,0,0,1,0,1,0,0,0,1098,1,1,cellular,8,jul,1,-1,0,unknown,0
50,1,0,0,0,0,0,0,0,0,0,0,0,0,0,1,1,0,0,0,810,0,0,cellular,4,jun,3,-1,0,unknown,1
29,1,0,0,0,0,0,0,0,0,0,0,0,1,0,0,1,0,0,0,205,0,0,cellular,4,jun,1,-1,0,unknown,1
35,1,0,0,0,0,0,0,0,0,0,0,0,0,1,0,1,0,0,0,1902,0,0,cellular,19,nov,5,-1,0,unknown,0
31,0,0,0,0,0,0,0,0,0,1,0,0,0,0,1,1,0,0,0,756,0,0,cellular,20,jul,2,-1,0,unknown,1
39,0,0,0,0,0,0,1,0,0,0,0,0,0,0,1,0,1,0,0,1086,0,0,cellular,24,jul,1,-1,0,unknown,0
48,1,0,0,0,0,0,0,0,0,0,0,0,1,0,0,0,1,0,0,0,1,1,cellular,3,nov,1,351,2,failure,1
60,1,0,0,0,0,0,0,0,0,0,0,0,0,1,0,1,0,0,0,560,0,0,cellular,15,may,5,-1,0,unknown,1
36,1,0,0,0,0,0,0,0,0,0,0,0,1,0,0,1,0,0,0,254,0,0,cellular,3,feb,2,-1,0,unknown,1
48,1,0,0,0,0,0,0,0,0,0,0,0,1,0,0,1,0,0,0,0,1,0,cellular,26,aug,2,-1,0,unknown,0
28,1,0,0,0,0,0,0,0,0,0,0,0,0,1,0,1,0,0,0,12956,1,0,cellular,2,jul,1,399,3,success,1
42,0,1,0,0,0,0,0,0,0,0,0,0,0,0,1,0,1,0,0,19,0,0,cellular,20,aug,4,-1,0,unknown,1
44,0,0,0,0,0,0,0,0,0,0,1,0,1,0,0,0,1,0,0,281,1,0,unknown,8,may,1,-1,0,unknown,0
34,0,1,0,0,0,0,0,0,0,0,0,0,0,1,0,1,0,0,0,586,1,0,unknown,16,may,2,-1,0,unknown,0
47,1,0,0,0,0,0,0,0,0,0,0,0,0,0,1,1,0,0,0,83,0,0,cellular,19,aug,2,-1,0,unknown,0
38,0,0,0,1,1,0,0,0,0,0,0,0,0,1,0,0,0,0,0,5338,0,0,telephone,19,nov,1,-1,0,unknown,0
37,0,1,0,0,0,0,0,0,0,0,0,0,0,0,1,1,0,0,0,1174,1,0,cellular,7,apr,1,140,2,failure,0
37,0,0,0,0,0,0,0,0,1,0,0,0,1,0,0,0,1,0,0,2203,0,1,cellular,5,feb,8,-1,0,unknown,0
31,1,0,0,0,0,0,0,0,0,0,0,0,0,0,1,1,0,0,0,373,0,0,cellular,10,feb,6,-1,0,unknown,1
46,1,0,0,0,0,0,0,0,0,0,0,0,1,0,0,1,0,0,0,7331,0,0,cellular,11,sep,4,95,2,other,1
43,0,1,0,0,0,0,0,0,0,0,0,0,1,0,0,0,1,0,0,236,0,0,unknown,17,jun,4,-1,0,unknown,0
32,1,0,0,0,0,0,0,0,0,0,0,0,1,0,0,0,1,0,0,350,1,0,unknown,28,may,2,-1,0,unknown,0
45,0,0,0,0,0,0,0,0,0,0,1,0,0,0,1,0,0,1,0,544,0,0,unknown,11,jun,1,-1,0,unknown,0
35,0,1,0,0,0,0,0,0,0,0,0,0,1,0,0,0,1,0,0,723,0,0,cellular,2,feb,1,-1,0,unknown,0
28,0,0,0,0,0,0,1,0,0,0,0,0,0,1,0,0,1,0,0,154,1,0,cellular,15,may,1,364,1,other,1
21,0,0,0,0,1,0,0,0,0,0,0,1,0,1,0,0,0,0,0,1506,0,0,cellular,14,sep,1,-1,0,unknown,1
42,1,0,0,0,0,0,0,0,0,0,0,0,1,0,0,1,0,0,0,981,1,0,cellular,17,nov,1,-1,0,unknown,0
34,0,0,0,1,0,0,0,0,0,0,0,0,1,0,0,0,0,1,0,251,1,1,cellular,24,jul,3,-1,0,unknown,0
87,0,0,0,0,0,1,0,0,0,0,0,0,1,0,0,0,0,1,0,2190,0,0,telephone,12,jan,2,-1,0,unknown,1
33,0,0,0,1,0,0,0,0,0,0,0,0,1,0,0,0,0,1,0,332,1,0,unknown,6,may,2,-1,0,unknown,0
30,0,0,0,0,0,0,0,0,0,0,0,1,0,1,0,0,1,0,0,2046,0,0,telephone,21,apr,3,254,1,failure,1
37,0,0,0,0,0,0,0,1,0,0,0,0,1,0,0,0,1,0,0,1543,1,0,cellular,22,may,1,10,6,failure,1
42,0,0,0,1,0,0,0,0,0,0,0,0,0,1,0,0,1,0,0,1080,1,1,cellular,13,may,3,370,4,failure,1
24,0,0,0,0,0,0,0,0,0,0,0,1,0,1,0,0,1,0,0,125,0,0,cellular,9,nov,1,90,1,failure,1
19,0,0,0,0,1,0,0,0,0,0,0,1,0,1,0,0,0,0,0,5368,0,0,cellular,4,may,6,-1,0,unknown,0
41,0,1,0,0,0,0,0,0,0,0,0,0,1,0,0,0,1,0,0,248,0,0,cellular,20,aug,2,-1,0,unknown,0
32,0,0,0,1,0,0,0,0,0,0,0,0,0,1,0,0,0,1,0,12,1,0,unknown,9,may,4,-1,0,unknown,0
28,1,0,0,0,0,0,0,0,0,0,0,0,0,1,0,1,0,0,0,187,0,0,cellular,9,mar,1,-1,0,unknown,1
60,0,0,0,0,0,1,0,0,0,0,0,0,1,0,0,0,1,0,0,2722,0,0,cellular,12,aug,2,-1,0,unknown,1
57,0,0,0,1,0,0,0,0,0,0,0,0,1,0,0,0,0,1,0,318,1,0,unknown,27,may,2,-1,0,unknown,0
75,0,0,0,0,0,1,0,0,0,0,0,0,0,0,1,0,0,1,0,3881,1,0,cellular,4,feb,3,-1,0,unknown,1
34,1,0,0,0,0,0,0,0,0,0,0,0,1,0,0,1,0,0,0,417,1,0,cellular,18,nov,1,-1,0,unknown,0
47,1,0,0,0,0,0,0,0,0,0,0,0,1,0,0,1,0,0,0,1147,0,0,cellular,2,jun,1,95,1,failure,1
41,0,0,0,0,0,0,0,1,0,0,0,0,0,0,1,1,0,0,0,1583,1,0,cellular,9,jul,1,-1,0,unknown,1
35,1,0,0,0,0,0,0,0,0,0,0,0,1,0,0,1,0,0,0,1511,1,0,cellular,12,aug,4,-1,0,unknown,0
44,1,0,0,0,0,0,0,0,0,0,0,0,1,0,0,1,0,0,0,792,0,0,cellular,25,aug,7,-1,0,unknown,1
30,0,0,0,1,0,0,0,0,0,0,0,0,0,1,0,0,1,0,0,155,1,1,cellular,9,jul,3,-1,0,unknown,1
26,0,0,0,1,0,0,0,0,0,0,0,0,0,1,0,0,1,0,0,-188,0,0,telephone,16,jul,1,-1,0,unknown,0
31,0,0,0,0,0,0,0,1,0,0,0,0,0,1,0,1,0,0,0,2332,0,0,cellular,17,feb,1,-1,0,unknown,0
27,0,0,0,1,0,0,0,0,0,0,0,0,1,0,0,0,1,0,0,1,1,0,cellular,17,jul,1,-1,0,unknown,0
58,0,0,0,0,0,1,0,0,0,0,0,0,0,0,1,1,0,0,0,3237,0,0,telephone,31,oct,1,-1,0,unknown,1
41,0,0,0,0,0,0,1,0,0,0,0,0,0,0,1,0,1,0,0,256,0,0,unknown,19,jun,1,-1,0,unknown,0
40,0,0,1,0,0,0,0,0,0,0,0,0,0,0,1,0,1,0,0,2998,1,0,cellular,18,jul,3,-1,0,unknown,1
31,0,0,0,0,0,0,0,0,0,1,0,0,0,1,0,0,1,0,0,284,1,0,cellular,2,feb,1,-1,0,unknown,1
38,0,0,0,1,0,0,0,0,0,0,0,0,0,1,0,0,1,0,0,4860,1,0,cellular,7,may,1,-1,0,unknown,0
57,0,0,0,0,0,0,0,1,0,0,0,0,1,0,0,0,1,0,0,2476,1,0,cellular,7,aug,1,459,1,success,0
46,1,0,0,0,0,0,0,0,0,0,0,0,0,0,1,1,0,0,0,624,0,0,cellular,18,mar,1,276,1,other,1
31,0,0,0,0,0,0,0,1,0,0,0,0,0,1,0,0,1,0,0,11386,1,0,cellular,20,nov,1,-1,0,unknown,0
43,0,0,0,1,0,0,0,0,0,0,0,0,1,0,0,0,0,1,0,1,1,1,cellular,14,may,2,-1,0,unknown,0
59,1,0,0,0,0,0,0,0,0,0,0,0,1,0,0,1,0,0,0,2239,0,0,cellular,20,aug,6,90,1,success,1
57,1,0,0,0,0,0,0,0,0,0,0,0,0,1,0,1,0,0,0,33,1,0,unknown,27,may,1,-1,0,unknown,0
45,0,0,0,1,0,0,0,0,0,0,0,0,1,0,0,0,1,0,0,27,1,0,unknown,12,may,5,-1,0,unknown,0
37,0,1,0,0,0,0,0,0,0,0,0,0,1,0,0,1,0,0,0,732,0,0,cellular,25,may,1,-1,0,unknown,0
36,1,0,0,0,0,0,0,0,0,0,0,0,0,1,0,1,0,0,0,490,0,0,cellular,28,aug,8,98,1,failure,1
42,0,0,0,0,0,0,0,0,0,1,0,0,0,1,0,0,1,0,0,1523,1,0,cellular,2,feb,1,-1,0,unknown,0
25,0,1,0,0,0,0,0,0,0,0,0,0,0,1,0,1,0,0,0,777,1,0,unknown,14,may,1,-1,0,unknown,0
49,0,0,0,0,0,0,0,0,0,0,1,0,1,0,0,0,0,1,0,889,0,0,telephone,7,jul,1,-1,0,unknown,1
78,0,0,0,0,1,1,0,0,0,0,0,0,1,0,0,0,0,0,0,4807,0,0,telephone,22,oct,4,-1,0,unknown,1
46,0,0,0,1,0,0,0,0,0,0,0,0,1,0,0,0,1,0,0,1685,1,0,cellular,29,aug,2,-1,0,unknown,0
29,0,0,0,0,0,0,1,0,0,0,0,0,0,1,0,0,1,0,0,3528,0,0,cellular,8,oct,1,-1,0,unknown,1
25,0,0,0,0,0,0,0,1,0,0,0,0,0,1,0,0,1,0,0,594,0,0,cellular,4,jun,2,-1,0,unknown,1
59,0,0,0,1,0,0,0,0,0,0,0,0,0,0,1,0,0,1,0,220,1,0,unknown,12,may,1,-1,0,unknown,0
36,0,0,0,0,0,0,1,0,0,0,0,0,0,1,0,0,1,0,0,16,0,0,unknown,16,jun,2,-1,0,unknown,0
55,0,0,0,0,0,0,1,0,0,0,0,0,1,0,0,1,0,0,0,46,0,0,cellular,29,aug,4,-1,0,unknown,0
40,0,0,1,0,0,0,0,0,0,0,0,0,1,0,0,0,1,0,0,0,1,1,unknown,15,may,1,-1,0,unknown,0
56,0,0,0,0,0,1,0,0,0,0,0,0,1,0,0,0,0,1,0,9367,0,0,cellular,4,may,2,-1,0,unknown,1
31,1,0,0,0,0,0,0,0,0,0,0,0,0,1,0,1,0,0,0,12857,1,0,telephone,4,may,4,87,2,success,1
35,0,1,0,0,0,0,0,0,0,0,0,0,1,0,0,0,1,0,0,1057,1,0,cellular,21,jul,2,-1,0,unknown,0
60,0,1,0,0,0,0,0,0,0,0,0,0,1,0,0,0,1,0,0,1740,0,0,cellular,13,mar,2,-1,0,unknown,1
28,0,1,0,0,0,0,0,0,0,0,0,0,0,1,0,1,0,0,0,-31,1,0,unknown,19,may,1,-1,0,unknown,0
34,0,0,0,0,0,0,0,0,0,0,1,0,1,0,0,1,0,0,0,0,0,0,cellular,18,aug,1,84,2,failure,1
34,0,1,0,0,0,0,0,0,0,0,0,0,0,0,1,0,1,0,0,2036,1,1,unknown,20,may,1,-1,0,unknown,0
73,0,0,0,0,0,1,0,0,0,0,0,0,0,0,1,1,0,0,0,3203,0,0,cellular,20,apr,1,-1,0,unknown,1
49,0,0,0,0,0,0,0,1,0,0,0,0,1,0,0,0,1,0,0,1122,0,0,cellular,4,aug,1,-1,0,unknown,0
30,0,0,0,0,0,0,0,1,0,0,0,0,0,1,0,0,1,0,0,-158,1,0,cellular,12,may,1,370,2,failure,1
58,0,0,1,0,0,0,0,0,0,0,0,0,1,0,0,0,1,0,0,670,1,0,cellular,12,may,1,-1,0,unknown,1
28,0,0,0,0,0,0,0,0,0,0,0,1,0,1,0,0,1,0,0,0,0,0,cellular,20,apr,1,-1,0,unknown,1
28,0,0,0,0,0,0,1,0,0,0,0,0,0,1,0,0,1,0,0,3,0,0,cellular,14,may,2,-1,0,unknown,0
53,0,0,0,0,0,0,1,0,0,0,0,0,1,0,0,0,1,0,0,8892,1,0,cellular,20,nov,1,-1,0,unknown,0
67,0,0,0,0,0,1,0,0,0,0,0,0,1,0,0,0,0,1,0,4416,0,0,cellular,29,sep,3,-1,0,unknown,1
26,0,0,0,0,0,0,0,1,0,0,0,0,0,1,0,0,1,0,0,1445,0,0,telephone,23,oct,1,-1,0,unknown,1
27,0,0,0,0,0,0,0,1,0,0,0,0,0,1,0,1,0,0,1,-152,1,1,cellular,15,may,4,-1,0,unknown,0
34,1,0,0,0,0,0,0,0,0,0,0,0,1,0,0,1,0,0,0,158,0,0,cellular,9,jun,1,92,9,success,1
28,0,0,0,0,0,0,0,1,0,0,0,0,1,0,0,0,1,0,0,376,0,1,telephone,29,jul,4,-1,0,unknown,0
36,0,0,0,0,0,0,1,0,0,0,0,0,0,0,1,0,1,0,0,592,0,0,cellular,13,oct,2,99,5,failure,1
29,0,0,0,0,0,0,0,0,1,0,0,0,0,1,0,1,0,0,0,1579,0,0,cellular,13,oct,1,92,5,success,1
31,1,0,0,0,0,0,0,0,0,0,0,0,1,0,0,1,0,0,0,1720,1,1,cellular,18,jul,1,-1,0,unknown,0
56,1,0,0,0,0,0,0,0,0,0,0,0,1,0,0,0,0,1,0,-155,1,0,cellular,17,nov,1,-1,0,unknown,0
51,0,0,0,1,0,0,0,0,0,0,0,0,1,0,0,0,1,0,0,700,0,0,cellular,8,aug,4,-1,0,unknown,0
59,0,0,0,0,0,0,1,0,0,0,0,0,1,0,0,0,1,0,0,2343,1,0,unknown,5,may,1,-1,0,unknown,1
32,0,1,0,0,0,0,0,0,0,0,0,0,0,1,0,1,0,0,0,34646,0,0,telephone,13,aug,9,-1,0,unknown,1
32,0,0,0,0,0,0,0,1,0,0,0,0,1,0,0,0,1,0,0,413,1,0,telephone,13,may,1,365,1,failure,0
47,0,0,0,1,0,0,0,0,0,0,0,0,1,0,0,0,0,1,0,6150,1,0,cellular,13,may,2,174,2,failure,0
81,0,0,0,0,0,1,0,0,0,0,0,0,1,0,0,0,0,1,0,1154,0,0,telephone,17,sep,1,-1,0,unknown,1
40,1,0,0,0,0,0,0,0,0,0,0,0,0,1,0,1,0,0,0,1361,0,0,cellular,29,jan,1,-1,0,unknown,1
34,0,1,0,0,0,0,0,0,0,0,0,0,0,1,0,0,1,0,0,951,1,0,unknown,21,may,1,-1,0,unknown,0
30,1,0,0,0,0,0,0,0,0,0,0,0,0,1,0,1,0,0,0,17036,1,0,unknown,4,jun,7,-1,0,unknown,0
33,0,0,0,1,0,0,0,0,0,0,0,0,1,0,0,0,1,0,0,379,1,1,cellular,16,jun,2,-1,0,unknown,1
46,0,0,0,0,0,0,1,0,0,0,0,0,1,0,0,0,1,0,0,974,0,0,cellular,5,jun,2,80,1,success,1
76,1,0,0,0,1,0,0,0,0,0,0,0,1,0,0,0,0,0,0,1780,1,0,telephone,23,apr,3,-1,0,unknown,1
29,0,0,0,0,0,0,0,0,0,0,0,1,0,1,0,1,0,0,0,795,0,0,cellular,26,may,1,-1,0,unknown,0
42,1,0,0,0,0,0,0,0,0,0,0,0,1,0,0,1,0,0,0,372,1,0,cellular,4,aug,3,1,2,success,1
34,0,0,0,0,0,0,0,0,0,0,1,0,1,0,0,0,1,0,0,0,1,0,unknown,30,oct,1,-1,0,unknown,1
34,1,0,0,0,0,0,0,0,0,0,0,0,1,0,0,1,0,0,0,3301,1,0,cellular,17,sep,5,92,6,success,1
45,1,0,0,0,0,0,0,0,0,0,0,0,0,0,1,1,0,0,0,1,0,0,cellular,6,aug,2,-1,0,unknown,1
62,0,0,0,0,0,1,0,0,0,0,0,0,1,0,0,0,0,1,0,1084,0,0,cellular,14,apr,1,-1,0,unknown,1
33,1,0,0,0,1,0,0,0,0,0,0,0,0,1,0,0,0,0,0,1534,1,0,cellular,11,jul,2,-1,0,unknown,1
30,0,1,0,0,0,0,0,0,0,0,0,0,0,1,0,1,0,0,0,1646,0,0,cellular,12,oct,3,98,6,other,0
29,0,1,0,0,0,0,0,0,0,0,0,0,0,1,0,1,0,0,0,2489,1,0,cellular,3,mar,1,86,5,failure,1
20,0,0,0,0,0,0,0,0,0,0,0,1,0,1,0,0,1,0,0,153,0,0,unknown,21,jun,1,-1,0,unknown,1
20,0,0,0,0,1,0,0,0,0,0,0,1,0,1,0,0,0,0,0,829,0,0,cellular,9,jul,2,-1,0,unknown,1
21,0,0,0,0,0,0,0,0,0,0,0,1,0,1,0,0,1,0,0,2488,0,0,cellular,12,oct,1,-1,0,unknown,1
31,0,1,0,0,0,0,0,0,0,0,0,0,0,1,0,1,0,0,0,985,1,0,cellular,17,apr,1,57,2,failure,1
29,0,0,0,1,0,0,0,0,0,0,0,0,0,1,0,0,0,1,0,213,1,0,unknown,6,jun,3,-1,0,unknown,1
48,0,0,0,0,1,0,0,1,0,0,0,0,0,0,1,0,0,0,0,973,0,0,cellular,8,oct,1,134,2,success,1
37,0,0,0,0,0,0,0,0,0,1,0,0,0,1,0,0,1,0,0,381,1,0,unknown,8,may,2,-1,0,unknown,1
68,0,0,0,0,0,1,0,0,0,0,0,0,1,0,0,1,0,0,0,2812,0,0,cellular,3,aug,4,181,3,success,1
46,0,0,0,1,0,0,0,0,0,0,0,0,1,0,0,0,0,1,0,620,1,0,cellular,20,aug,2,-1,0,unknown,0
38,1,0,0,0,0,0,0,0,0,0,0,0,0,1,0,1,0,0,0,104,1,0,cellular,6,may,3,-1,0,unknown,1
43,0,0,1,0,0,0,0,0,0,0,0,0,1,0,0,0,1,0,0,0,0,0,unknown,3,jun,7,-1,0,unknown,1
28,1,0,0,0,0,0,0,0,0,0,0,0,0,1,0,1,0,0,0,41,1,0,cellular,15,may,3,352,2,other,1
53,0,0,0,1,1,0,0,0,0,0,0,0,1,0,0,0,0,0,0,0,0,0,cellular,21,aug,2,-1,0,unknown,0
32,1,0,0,0,0,0,0,0,0,0,0,0,0,1,0,1,0,0,0,611,1,1,cellular,9,jul,1,-1,0,unknown,0
44,1,0,0,0,0,0,0,0,0,0,0,0,0,0,1,1,0,0,0,5773,0,0,unknown,23,may,6,-1,0,unknown,1
31,0,0,0,0,0,0,0,0,0,0,0,1,0,1,0,1,0,0,0,64,0,0,cellular,2,jun,2,-1,0,unknown,1
28,1,0,0,0,0,0,0,0,0,0,0,0,0,1,0,1,0,0,0,1825,0,0,cellular,9,mar,1,-1,0,unknown,1
45,0,0,0,1,0,0,0,0,0,0,0,0,0,0,1,0,1,0,0,-184,1,0,cellular,7,may,3,170,5,failure,1
49,0,0,1,0,0,0,0,0,0,0,0,0,0,0,1,0,0,1,1,-736,0,0,cellular,31,jul,6,-1,0,unknown,0
32,0,1,0,0,0,0,0,0,0,0,0,0,1,0,0,0,1,0,1,-71,1,0,unknown,28,may,2,-1,0,unknown,0
30,0,0,0,1,0,0,0,0,0,0,0,0,1,0,0,0,1,0,0,-269,1,0,unknown,27,may,2,-1,0,unknown,0
42,0,1,0,0,0,0,0,0,0,0,0,0,1,0,0,1,0,0,0,14282,1,0,cellular,6,aug,4,-1,0,unknown,1
28,0,0,0,0,0,0,0,0,1,0,0,0,0,1,0,1,0,0,0,2503,0,0,cellular,25,may,1,-1,0,unknown,1
52,1,0,0,0,0,0,0,0,0,0,0,0,1,0,0,1,0,0,0,698,1,0,cellular,11,jul,2,-1,0,unknown,0
36,0,0,0,0,0,0,0,0,0,1,0,0,0,1,0,1,0,0,0,1291,0,0,cellular,30,apr,1,86,1,success,1
31,0,0,0,0,0,0,0,1,0,0,0,0,1,0,0,1,0,0,0,585,1,1,unknown,20,may,2,-1,0,unknown,0
38,0,0,0,0,0,0,0,1,0,0,0,0,1,0,0,0,1,0,0,3259,1,0,unknown,19,may,1,-1,0,unknown,0
41,0,0,0,0,0,0,1,0,0,0,0,0,1,0,0,0,1,0,0,5110,1,0,cellular,13,apr,1,-1,0,unknown,0
35,0,1,0,0,0,0,0,0,0,0,0,0,0,1,0,0,1,0,0,204,1,0,cellular,25,may,1,-1,0,unknown,1
28,0,0,0,0,0,0,1,0,0,0,0,0,0,1,0,0,1,0,0,136,0,0,cellular,16,jun,1,-1,0,unknown,1
34,1,0,0,0,0,0,0,0,0,0,0,0,0,0,1,1,0,0,0,5754,1,0,unknown,21,may,1,-1,0,unknown,0
31,1,0,0,0,0,0,0,0,0,0,0,0,0,1,0,1,0,0,0,5205,0,0,cellular,9,jun,2,-1,0,unknown,1
25,0,0,0,0,0,0,0,0,0,0,0,1,0,1,0,0,1,0,0,154,0,0,cellular,3,mar,1,180,2,failure,1
34,0,0,0,0,0,0,1,0,0,0,0,0,1,0,0,0,1,0,0,124,1,0,telephone,14,may,4,366,2,other,1
60,1,0,0,0,0,0,0,0,0,0,0,0,0,1,0,1,0,0,0,2190,0,0,cellular,11,aug,2,-1,0,unknown,0
59,0,0,0,0,0,0,0,1,0,0,0,0,1,0,0,0,1,0,0,2965,1,0,cellular,13,may,3,-1,0,unknown,1
48,0,0,0,0,0,0,0,1,0,0,0,0,0,0,1,0,0,1,0,927,0,0,unknown,6,jun,6,-1,0,unknown,0
35,0,0,0,0,0,0,0,0,0,1,0,0,0,1,0,0,0,1,0,68,0,0,cellular,3,jul,1,-1,0,unknown,1
34,0,1,0,0,0,0,0,0,0,0,0,0,1,0,0,1,0,0,0,0,0,0,cellular,6,oct,1,133,1,failure,0
35,0,1,0,0,0,0,0,0,0,0,0,0,1,0,0,0,1,0,0,13,0,0,cellular,22,aug,2,-1,0,unknown,0
59,1,0,0,0,0,0,0,0,0,0,0,0,1,0,0,1,0,0,0,5397,0,0,cellular,23,jun,3,-1,0,unknown,1
32,0,0,0,0,0,0,1,0,0,0,0,0,1,0,0,0,1,0,0,0,0,0,unknown,16,may,1,-1,0,unknown,0
47,0,0,0,0,0,0,0,1,0,0,0,0,1,0,0,0,1,0,0,367,1,0,cellular,12,may,1,306,4,success,1
30,0,1,0,0,0,0,0,0,0,0,0,0,0,1,0,0,1,0,0,513,1,0,cellular,20,apr,1,-1,0,unknown,0
34,0,1,0,0,0,0,0,0,0,0,0,0,0,1,0,0,1,0,0,391,0,0,cellular,27,aug,8,-1,0,unknown,0
29,0,0,0,0,0,0,0,0,1,0,0,0,0,1,0,1,0,0,0,3290,0,0,cellular,12,may,1,50,3,success,1
47,0,0,0,1,0,0,0,0,0,0,0,0,1,0,0,0,0,1,0,159,1,0,unknown,13,may,2,-1,0,unknown,0
27,0,0,0,1,0,0,0,0,0,0,0,0,0,1,0,0,0,1,0,232,1,0,cellular,26,oct,2,-1,0,unknown,1
33,0,0,0,1,0,0,0,0,0,0,0,0,1,0,0,0,0,1,0,139,1,0,cellular,8,may,1,-1,0,unknown,0
45,0,0,0,1,0,0,0,0,0,0,0,0,0,1,0,0,1,0,1,0,1,0,cellular,14,may,7,287,13,other,0
26,0,1,0,0,0,0,0,0,0,0,0,0,0,0,1,1,0,0,0,-70,0,1,unknown,1,jul,2,-1,0,unknown,0
44,0,1,0,0,0,0,0,0,0,0,0,0,0,1,0,1,0,0,0,607,1,0,unknown,13,may,2,-1,0,unknown,0
37,0,1,0,0,0,0,0,0,0,0,0,0,0,1,0,1,0,0,0,197,0,0,cellular,16,nov,1,200,1,success,1
51,0,0,0,0,0,0,0,0,0,1,0,0,1,0,0,0,1,0,0,234,0,0,cellular,22,aug,1,-1,0,unknown,1
34,1,0,0,0,0,0,0,0,0,0,0,0,1,0,0,1,0,0,0,786,1,1,cellular,18,nov,1,-1,0,unknown,0
41,0,0,0,0,1,0,0,0,0,0,0,0,0,1,0,0,0,0,0,942,0,0,cellular,22,apr,1,-1,0,unknown,1
42,0,0,0,0,0,0,0,1,0,0,0,0,1,0,0,0,1,0,0,774,0,0,cellular,28,jan,1,-1,0,unknown,1
40,1,0,0,0,0,0,0,0,0,0,0,0,1,0,0,1,0,0,0,1855,0,0,telephone,8,feb,6,-1,0,unknown,1
55,0,0,0,1,0,0,0,0,0,0,0,0,1,0,0,0,0,1,0,828,1,0,unknown,30,may,1,-1,0,unknown,0
30,0,0,0,0,0,0,0,1,0,0,0,0,1,0,0,0,1,0,0,253,1,0,cellular,5,may,2,-1,0,unknown,0
39,0,0,0,1,0,0,0,0,0,0,0,0,1,0,0,0,1,0,0,785,1,0,cellular,11,may,2,-1,0,unknown,1
38,0,0,0,1,0,0,0,0,0,0,0,0,1,0,0,0,1,0,0,3598,0,0,unknown,6,jun,1,-1,0,unknown,0
37,0,1,0,0,0,0,0,0,0,0,0,0,1,0,0,0,1,0,0,275,1,0,unknown,5,may,1,-1,0,unknown,0
34,1,0,0,0,0,0,0,0,0,0,0,0,0,1,0,1,0,0,0,2343,0,0,telephone,21,nov,9,-1,0,unknown,0
48,1,0,0,0,0,0,0,0,0,0,0,0,1,0,0,1,0,0,0,5887,0,0,cellular,13,aug,2,-1,0,unknown,0
47,0,1,0,0,0,0,0,0,0,0,0,0,1,0,0,0,1,0,0,-938,1,0,unknown,28,may,2,-1,0,unknown,0
58,0,0,0,0,0,0,0,1,0,0,0,0,1,0,0,0,1,0,0,2745,1,0,cellular,7,may,1,324,2,failure,0
35,1,0,0,0,0,0,0,0,0,0,0,0,0,1,0,1,0,0,0,805,0,0,cellular,17,sep,1,-1,0,unknown,0
44,0,0,0,1,0,0,0,0,0,0,0,0,1,0,0,0,0,1,0,77,1,0,unknown,29,may,1,-1,0,unknown,0
30,0,0,0,1,0,0,0,0,0,0,0,0,1,0,0,0,1,0,0,177,1,0,cellular,9,apr,2,332,3,failure,0
42,1,0,0,0,0,0,0,0,0,0,0,0,1,0,0,1,0,0,0,-556,1,1,cellular,8,may,3,347,3,failure,1
75,0,0,0,0,0,1,0,0,0,0,0,0,1,0,0,1,0,0,0,6027,0,0,cellular,16,nov,2,94,2,failure,1
42,0,0,0,0,0,0,0,1,0,0,0,0,1,0,0,0,1,0,0,2219,1,0,cellular,31,jul,2,-1,0,unknown,0
39,0,0,1,0,0,0,0,0,0,0,0,0,1,0,0,1,0,0,1,-172,1,0,cellular,15,may,2,-1,0,unknown,1
40,0,0,0,1,0,0,0,0,0,0,0,0,1,0,0,0,1,0,0,1161,1,1,unknown,16,may,8,-1,0,unknown,0
30,1,0,0,0,0,0,0,0,0,0,0,0,0,1,0,1,0,0,0,1673,0,0,cellular,4,aug,1,-1,0,unknown,0
78,0,0,0,0,0,1,0,0,0,0,0,0,0,0,1,0,0,1,0,527,0,0,cellular,16,sep,1,-1,0,unknown,1
55,0,1,0,0,0,0,0,0,0,0,0,0,1,0,0,0,1,0,0,264,1,1,cellular,31,jul,5,-1,0,unknown,1
37,1,0,0,0,0,0,0,0,0,0,0,0,0,1,0,1,0,0,0,499,1,0,unknown,16,may,1,-1,0,unknown,0
48,0,1,0,0,0,0,0,0,0,0,0,0,1,0,0,0,1,0,0,547,0,0,cellular,28,jan,1,176,2,failure,0
44,1,0,0,0,0,0,0,0,0,0,0,0,1,0,0,1,0,0,0,4119,1,1,telephone,21,nov,1,-1,0,unknown,1
26,0,0,0,0,0,0,0,0,0,0,0,1,0,1,0,1,0,0,0,294,0,0,cellular,5,mar,1,91,2,success,1
33,0,0,0,0,0,0,0,1,0,0,0,0,0,0,1,0,1,0,0,1529,1,0,telephone,18,nov,1,-1,0,unknown,0
30,0,0,0,0,0,0,0,1,0,0,0,0,0,1,0,0,0,1,0,0,1,1,cellular,19,nov,1,-1,0,unknown,1
35,1,0,0,0,0,0,0,0,0,0,0,0,0,1,0,1,0,0,0,1228,0,0,cellular,9,nov,2,88,12,failure,1
34,0,0,0,1,0,0,0,0,0,0,0,0,1,0,0,0,0,1,0,503,1,0,unknown,26,may,2,-1,0,unknown,0
33,0,0,0,1,0,0,0,0,0,0,0,0,1,0,0,0,0,1,0,1064,1,0,cellular,7,apr,1,330,1,failure,0
22,0,0,0,1,0,0,0,0,0,0,0,0,0,1,0,0,1,0,0,104,1,0,cellular,17,apr,1,339,1,other,0
58,0,0,0,0,0,0,0,0,1,0,0,0,1,0,0,1,0,0,0,5810,0,0,cellular,12,mar,1,-1,0,unknown,1
49,0,0,0,0,0,0,0,0,0,0,1,0,1,0,0,0,1,0,0,3570,0,0,cellular,24,dec,3,202,2,failure,0
30,0,1,0,0,1,0,0,0,0,0,0,0,0,1,0,0,0,0,0,-48,1,0,unknown,6,may,2,-1,0,unknown,0
27,0,0,0,1,0,0,0,0,0,0,0,0,0,1,0,0,1,0,0,-247,0,1,cellular,22,jul,1,-1,0,unknown,0
28,1,0,0,0,0,0,0,0,0,0,0,0,1,0,0,0,1,0,0,152,1,0,cellular,15,apr,2,-1,0,unknown,0
34,1,0,0,0,0,0,0,0,0,0,0,0,0,1,0,1,0,0,0,9827,1,0,cellular,13,aug,4,-1,0,unknown,1
56,0,0,0,0,0,0,1,0,0,0,0,0,0,0,1,0,1,0,0,1026,1,0,cellular,28,jul,2,-1,0,unknown,0
51,1,0,0,0,0,0,0,0,0,0,0,0,1,0,0,1,0,0,0,2635,0,0,cellular,21,may,3,74,5,failure,1
57,0,1,0,0,0,0,0,0,0,0,0,0,1,0,0,1,0,0,0,1181,0,0,cellular,29,jul,2,182,2,success,1
47,1,0,0,0,0,0,0,0,0,0,0,0,1,0,0,1,0,0,0,600,0,0,cellular,19,aug,15,-1,0,unknown,1
55,1,0,0,0,0,0,0,0,0,0,0,0,1,0,0,1,0,0,0,685,1,0,unknown,5,may,3,-1,0,unknown,0
36,0,0,0,0,0,0,0,1,0,0,0,0,1,0,0,0,0,1,0,0,1,0,unknown,2,jun,1,-1,0,unknown,1
62,1,0,0,0,0,0,0,0,0,0,0,0,1,0,0,1,0,0,0,997,0,0,cellular,22,apr,1,304,2,success,1
70,0,0,0,0,0,1,0,0,0,0,0,0,1,0,0,1,0,0,0,44,0,0,cellular,18,sep,2,88,2,other,1
46,0,0,0,1,0,0,0,0,0,0,0,0,1,0,0,0,0,1,0,185,0,0,cellular,25,aug,10,-1,0,unknown,0
75,0,0,0,0,0,1,0,0,0,0,0,0,1,0,0,0,1,0,0,1470,0,0,telephone,27,feb,1,-1,0,unknown,0
28,0,0,0,0,0,0,1,0,0,0,0,0,1,0,0,1,0,0,0,364,1,0,unknown,16,may,1,-1,0,unknown,0
52,0,0,0,0,0,0,0,1,0,0,0,0,0,0,1,0,1,0,0,1527,0,1,cellular,20,nov,1,122,1,other,0
38,0,0,0,1,0,0,0,0,0,0,0,0,0,1,0,0,0,1,0,522,1,0,unknown,2,jun,1,-1,0,unknown,0
36,0,0,0,0,0,0,1,0,0,0,0,0,0,0,1,1,0,0,0,4708,0,0,cellular,3,dec,1,171,1,failure,1
42,0,1,0,0,0,0,0,0,0,0,0,0,0,1,0,1,0,0,0,-411,1,0,cellular,24,jul,3,-1,0,unknown,0
35,1,0,0,0,0,0,0,0,0,0,0,0,0,1,0,1,0,0,0,68,0,0,unknown,6,jun,1,-1,0,unknown,1
42,1,0,0,0,0,0,0,0,0,0,0,0,1,0,0,0,0,1,0,5310,1,0,cellular,25,nov,2,97,4,success,1
25,0,0,0,0,0,0,0,0,0,0,0,1,0,1,0,0,1,0,0,8,0,0,cellular,22,apr,2,-1,0,unknown,1
45,1,0,0,0,0,0,0,0,0,0,0,0,0,1,0,1,0,0,0,1411,0,0,cellular,7,sep,2,102,3,failure,1
40,0,1,0,0,0,0,0,0,0,0,0,0,1,0,0,0,1,0,0,88,0,0,cellular,28,aug,3,-1,0,unknown,0
50,0,0,0,1,0,0,0,0,0,0,0,0,1,0,0,0,1,0,0,-54,1,0,cellular,7,aug,2,-1,0,unknown,0
35,1,0,0,0,0,0,0,0,0,0,0,0,0,1,0,1,0,0,0,681,0,0,cellular,18,feb,1,561,2,success,1
43,0,0,0,0,0,0,1,0,0,0,0,0,1,0,0,0,1,0,0,132,0,0,cellular,27,may,2,71,1,success,1
79,0,0,0,0,0,1,0,0,0,0,0,0,1,0,0,0,1,0,0,668,0,0,telephone,2,jul,1,-1,0,unknown,1
35,0,0,0,1,0,0,0,0,0,0,0,0,1,0,0,0,0,1,0,3468,1,0,unknown,21,may,3,-1,0,unknown,0
54,0,0,0,0,0,0,1,0,0,0,0,0,0,0,1,0,1,0,0,-288,1,0,unknown,27,may,2,-1,0,unknown,0
36,0,0,0,0,0,0,0,0,1,0,0,0,0,1,0,1,0,0,0,4752,1,0,unknown,21,may,2,-1,0,unknown,0
38,0,0,1,0,0,0,0,0,0,0,0,0,0,1,0,0,1,0,0,2543,0,0,cellular,11,nov,3,93,5,success,1
34,0,0,0,0,0,0,1,0,0,0,0,0,1,0,0,1,0,0,0,899,1,0,cellular,9,apr,2,141,7,failure,0
46,0,0,0,0,0,0,0,1,0,0,0,0,1,0,0,1,0,0,0,523,1,0,cellular,17,apr,1,-1,0,unknown,0
31,0,0,0,1,0,0,0,0,0,0,0,0,1,0,0,0,1,0,0,604,1,0,cellular,17,apr,2,150,2,failure,0
55,0,0,0,1,0,0,0,0,0,0,0,0,0,0,1,0,0,1,0,8180,0,0,cellular,14,may,2,360,1,failure,1
55,1,0,0,0,0,0,0,0,0,0,0,0,0,0,1,1,0,0,0,9756,1,0,cellular,5,jun,2,95,1,other,1
27,0,0,0,1,0,0,0,0,0,0,0,0,1,0,0,0,0,1,0,416,1,0,unknown,30,may,2,-1,0,unknown,1
31,1,0,0,0,0,0,0,0,0,0,0,0,1,0,0,1,0,0,0,315,0,0,cellular,29,aug,4,-1,0,unknown,0
39,0,1,0,0,0,0,0,0,0,0,0,0,1,0,0,1,0,0,0,386,0,0,cellular,29,sep,2,-1,0,unknown,0
28,0,1,0,0,0,0,0,0,0,0,0,0,0,1,0,0,1,0,0,1536,1,0,unknown,28,may,2,-1,0,unknown,0
38,0,0,0,1,0,0,0,0,0,0,0,0,0,0,1,0,1,0,0,0,1,0,cellular,21,oct,1,183,4,success,1
38,0,0,0,1,0,0,0,0,0,0,0,0,1,0,0,0,1,0,0,1627,0,0,unknown,16,jun,9,-1,0,unknown,1
32,0,0,0,1,0,0,0,0,0,0,0,0,0,0,1,0,1,0,0,880,1,1,unknown,4,jun,1,-1,0,unknown,0
51,0,0,0,0,0,0,0,1,0,0,0,0,1,0,0,1,0,0,0,218,1,0,cellular,7,may,3,363,2,failure,0
44,1,0,0,0,0,0,0,0,0,0,0,0,1,0,0,1,0,0,0,368,0,0,cellular,9,jul,3,-1,0,unknown,0
55,0,0,0,0,0,0,1,0,0,0,0,0,0,1,0,0,1,0,0,645,0,0,telephone,10,jul,1,-1,0,unknown,0
22,0,0,0,0,0,0,0,1,0,0,0,0,0,1,0,0,1,0,0,344,1,0,cellular,18,may,1,-1,0,unknown,1
46,0,0,0,1,0,0,0,0,0,0,0,0,1,0,0,0,1,0,0,431,1,0,cellular,14,may,4,367,1,failure,0
48,0,0,0,1,0,0,0,0,0,0,0,0,0,0,1,0,0,1,0,24,1,0,unknown,14,may,1,-1,0,unknown,1
52,0,0,0,0,0,1,0,0,0,0,0,0,0,0,1,1,0,0,0,3687,1,1,unknown,16,jun,4,-1,0,unknown,1
34,0,1,0,0,0,0,0,0,0,0,0,0,1,0,0,0,1,0,0,439,1,0,cellular,12,may,1,-1,0,unknown,0
29,0,0,0,0,0,0,0,1,0,0,0,0,1,0,0,0,1,0,0,1135,1,0,cellular,17,feb,1,-1,0,unknown,1
37,0,0,0,0,0,0,0,0,0,1,0,0,0,1,0,1,0,0,0,1316,1,0,cellular,10,mar,2,112,3,failure,1
39,0,0,0,1,0,0,0,0,0,0,0,0,0,0,1,0,0,1,0,1317,1,0,cellular,20,nov,1,170,4,other,1
58,0,1,0,0,0,0,0,0,0,0,0,0,1,0,0,0,1,0,0,796,0,0,cellular,4,aug,1,-1,0,unknown,0
40,0,1,0,0,1,0,0,0,0,0,0,0,0,1,0,0,0,0,0,3652,1,0,unknown,14,may,2,-1,0,unknown,1
50,1,0,0,0,0,0,0,0,0,0,0,0,1,0,0,1,0,0,0,469,0,0,cellular,16,oct,1,183,1,success,1
35,1,0,0,0,0,0,0,0,0,0,0,0,0,1,0,1,0,0,0,2808,1,0,unknown,19,jun,12,-1,0,unknown,0
32,0,0,0,1,0,0,0,0,0,0,0,0,0,1,0,0,0,1,0,1959,0,0,cellular,20,nov,3,-1,0,unknown,0
29,1,0,0,0,0,0,0,0,0,0,0,0,0,1,0,1,0,0,0,1895,0,0,cellular,28,jul,6,-1,0,unknown,0
35,1,0,0,0,0,0,0,0,0,0,0,0,0,0,1,1,0,0,0,2885,0,0,cellular,13,aug,3,43,8,other,1
28,0,0,0,0,0,0,0,0,0,0,0,1,0,1,0,0,1,0,0,153,0,0,cellular,23,jul,2,-1,0,unknown,1
47,0,0,1,0,0,0,0,0,0,0,0,0,1,0,0,0,1,0,0,0,0,0,unknown,5,jun,1,-1,0,unknown,1
32,0,0,0,1,0,0,0,0,0,0,0,0,1,0,0,0,1,0,0,476,1,0,cellular,23,jul,9,-1,0,unknown,1
34,0,0,0,0,0,0,0,1,0,0,0,0,1,0,0,0,1,0,0,87,0,0,cellular,5,feb,1,-1,0,unknown,0
29,0,0,0,0,0,0,0,1,0,0,0,0,0,1,0,0,0,1,0,95,1,0,unknown,13,may,2,-1,0,unknown,0
79,0,0,0,0,0,1,0,0,0,0,0,0,1,0,0,0,1,0,0,2661,0,0,cellular,10,nov,5,-1,0,unknown,1
50,0,0,0,0,0,0,0,0,1,0,0,0,1,0,0,0,1,0,0,0,1,0,telephone,12,may,2,175,11,other,0
66,1,0,0,0,1,0,0,0,0,0,0,0,1,0,0,0,0,0,0,2149,1,0,cellular,25,feb,1,87,10,failure,1
40,0,0,0,1,0,0,0,0,0,0,0,0,1,0,0,0,1,0,0,6767,1,0,cellular,20,nov,2,-1,0,unknown,0
23,0,0,0,0,0,0,0,0,0,0,0,1,0,1,0,1,0,0,0,691,0,0,cellular,27,may,1,178,6,success,1
50,0,0,0,0,0,0,1,0,0,0,0,0,1,0,0,0,1,0,0,238,1,0,cellular,12,aug,5,-1,0,unknown,0
45,1,0,0,0,0,0,0,0,0,0,0,0,1,0,0,1,0,0,0,634,1,0,cellular,25,jul,1,-1,0,unknown,0
31,1,0,0,0,0,0,0,0,0,0,0,0,0,1,0,1,0,0,0,338,1,1,telephone,14,jul,2,-1,0,unknown,0
40,0,0,0,1,0,0,0,0,0,0,0,0,0,0,1,0,1,0,0,973,0,0,cellular,14,may,1,-1,0,unknown,1
29,1,0,0,0,0,0,0,0,0,0,0,0,0,1,0,1,0,0,0,268,0,0,cellular,16,apr,1,-1,0,unknown,1
47,0,0,0,1,0,0,0,0,0,0,0,0,1,0,0,0,0,1,0,4157,0,0,unknown,11,jun,3,-1,0,unknown,0
57,1,0,0,0,0,0,0,0,0,0,0,0,1,0,0,1,0,0,0,256,0,0,cellular,5,jun,2,91,1,success,1
39,0,0,0,1,0,0,0,0,0,0,0,0,1,0,0,0,0,1,0,0,0,0,unknown,29,may,5,-1,0,unknown,0
37,1,0,0,0,0,0,0,0,0,0,0,0,1,0,0,0,1,0,0,565,0,0,cellular,29,apr,1,398,1,success,1
48,0,0,0,1,0,0,0,0,0,0,0,0,1,0,0,0,0,1,0,490,1,0,unknown,19,may,2,-1,0,unknown,0
50,0,1,0,0,0,0,0,0,0,0,0,0,1,0,0,0,1,0,0,416,1,0,unknown,5,jun,5,-1,0,unknown,1
47,0,0,0,0,0,1,0,0,0,0,0,0,0,1,0,0,0,1,0,3033,0,0,cellular,8,sep,1,-1,0,unknown,1
34,0,0,0,0,0,0,0,0,0,1,0,0,1,0,0,0,1,0,0,2173,1,1,cellular,7,may,1,-1,0,unknown,0
31,0,0,0,0,0,0,1,0,0,0,0,0,1,0,0,0,1,0,0,-106,1,0,cellular,3,feb,4,-1,0,unknown,0
43,0,0,0,1,0,0,0,0,0,0,0,0,0,0,1,0,0,1,0,515,1,0,cellular,18,nov,1,-1,0,unknown,0
25,0,0,0,0,0,0,0,0,0,0,0,1,0,1,0,0,1,0,0,3713,0,0,cellular,24,may,2,353,3,other,1
24,0,0,0,0,0,0,0,1,0,0,0,0,0,1,0,0,1,0,0,638,1,1,cellular,7,may,3,-1,0,unknown,1
24,0,0,0,1,0,0,0,0,0,0,0,0,1,0,0,0,1,0,0,-389,1,1,unknown,4,jun,1,-1,0,unknown,1
56,0,0,0,0,0,0,1,0,0,0,0,0,0,0,1,0,1,0,0,1693,0,0,cellular,26,oct,4,442,4,failure,1
75,0,0,0,0,0,1,0,0,0,0,0,0,0,0,1,0,1,0,0,1341,0,0,cellular,18,dec,7,-1,0,unknown,1
46,0,1,0,0,0,0,0,0,0,0,0,0,0,0,1,0,1,0,0,-90,0,1,telephone,17,oct,1,-1,0,unknown,1
37,0,1,0,0,0,0,0,0,0,0,0,0,1,0,0,0,1,0,0,430,0,0,cellular,27,aug,4,-1,0,unknown,0
38,0,0,0,1,0,0,0,0,0,0,0,0,1,0,0,0,1,0,0,502,1,0,unknown,2,jun,2,-1,0,unknown,0
47,0,1,0,0,0,0,0,0,0,0,0,0,1,0,0,0,1,0,0,-54,1,0,cellular,16,apr,2,-1,0,unknown,0
44,1,0,0,0,0,0,0,0,0,0,0,0,0,0,1,1,0,0,0,-90,1,0,cellular,21,jul,1,-1,0,unknown,0
24,0,0,0,1,0,0,0,0,0,0,0,0,0,1,0,0,1,0,0,833,1,0,cellular,15,may,1,-1,0,unknown,1
38,1,0,0,0,0,0,0,0,0,0,0,0,1,0,0,0,1,0,0,844,0,0,cellular,9,feb,7,-1,0,unknown,0
27,0,0,0,1,0,0,0,0,0,0,0,0,0,1,0,0,1,0,0,294,1,1,unknown,28,may,2,-1,0,unknown,1
39,1,0,0,0,0,0,0,0,0,0,0,0,0,0,1,1,0,0,0,133,1,0,unknown,28,may,2,-1,0,unknown,0
32,0,1,0,0,0,0,0,0,0,0,0,0,0,1,0,0,1,0,0,1279,1,0,unknown,3,jun,3,-1,0,unknown,1
33,0,0,0,0,0,0,0,0,1,0,0,0,1,0,0,1,0,0,0,1278,0,0,cellular,6,oct,1,-1,0,unknown,1
47,1,0,0,0,0,0,0,0,0,0,0,0,1,0,0,0,0,1,0,52,1,1,unknown,15,may,1,-1,0,unknown,0
41,0,1,0,0,0,0,0,0,0,0,0,0,1,0,0,0,1,0,0,1946,0,0,cellular,28,aug,9,-1,0,unknown,0
36,0,0,0,1,0,0,0,0,0,0,0,0,1,0,0,0,1,0,0,-231,0,1,cellular,15,jul,2,-1,0,unknown,0
57,0,0,0,1,0,0,0,0,0,0,0,0,1,0,0,0,0,1,0,52,1,0,unknown,5,may,1,-1,0,unknown,0
59,1,0,0,0,0,0,0,0,0,0,0,0,1,0,0,1,0,0,0,82,1,0,cellular,17,apr,4,-1,0,unknown,0
48,0,0,0,0,0,0,0,0,1,0,0,0,1,0,0,1,0,0,0,929,0,0,cellular,29,jan,1,-1,0,unknown,0
46,0,0,0,1,0,0,0,0,0,0,0,0,1,0,0,0,1,0,0,640,1,0,cellular,6,may,1,55,5,success,1
58,0,0,0,0,0,1,0,0,0,0,0,0,1,0,0,0,0,1,0,1351,1,0,telephone,17,apr,3,-1,0,unknown,0
34,0,1,0,0,0,0,0,0,0,0,0,0,0,1,0,0,1,0,0,2085,0,0,cellular,10,aug,3,182,2,success,1
36,0,1,0,0,0,0,0,0,0,0,0,0,0,1,0,0,1,0,0,140,1,0,cellular,19,aug,9,-1,0,unknown,0
50,0,0,0,1,0,0,0,0,0,0,0,0,1,0,0,0,0,1,0,2590,1,0,telephone,20,nov,2,195,6,failure,0
30,0,0,0,1,0,0,0,0,0,0,0,0,0,1,0,0,0,1,0,253,1,0,cellular,5,may,1,-1,0,unknown,1
33,0,0,0,0,0,0,0,1,0,0,0,0,1,0,0,0,1,0,0,360,1,0,cellular,29,jan,1,185,13,other,0
35,1,0,0,0,0,0,0,0,0,0,0,0,1,0,0,1,0,0,0,43,0,0,cellular,11,aug,4,-1,0,unknown,1
35,0,0,1,0,0,0,0,0,0,0,0,0,0,1,0,1,0,0,0,-68,1,1,unknown,15,may,4,-1,0,unknown,0
39,0,0,0,1,0,0,0,0,0,0,0,0,1,0,0,0,0,1,0,1433,1,0,cellular,8,may,2,366,1,other,0
36,0,1,0,0,0,0,0,0,0,0,0,0,1,0,0,1,0,0,0,4596,1,0,cellular,16,apr,2,-1,0,unknown,1
51,0,0,0,1,0,0,0,0,0,0,0,0,1,0,0,0,1,0,0,7180,1,0,unknown,14,may,1,-1,0,unknown,1
41,0,0,0,1,0,0,0,0,0,0,0,0,1,0,0,0,0,1,0,2007,1,0,cellular,30,jan,1,-1,0,unknown,0
54,0,0,0,0,0,0,0,0,0,1,0,0,0,0,1,0,1,0,0,309,0,0,cellular,20,apr,1,-1,0,unknown,1
29,0,1,0,0,0,0,0,0,0,0,0,0,0,1,0,0,1,0,0,3527,0,1,cellular,10,jul,5,-1,0,unknown,0
52,0,0,0,0,0,1,0,0,0,0,0,0,1,0,0,1,0,0,0,350,0,1,cellular,9,jul,1,-1,0,unknown,0
42,1,0,0,0,0,0,0,0,0,0,0,0,1,0,0,1,0,0,0,1275,1,1,cellular,21,nov,5,-1,0,unknown,1
47,0,0,0,1,1,0,0,0,0,0,0,0,1,0,0,0,0,0,0,733,1,0,unknown,7,may,1,-1,0,unknown,0
59,0,0,0,0,1,0,0,0,0,0,0,0,1,0,0,0,0,1,0,1247,0,0,telephone,7,jul,8,-1,0,unknown,0
52,0,0,0,0,0,1,0,0,0,0,0,0,1,0,0,0,1,0,0,411,1,0,cellular,3,feb,3,200,10,other,0
55,1,0,0,0,0,0,0,0,0,0,0,0,1,0,0,0,1,0,0,2410,1,0,cellular,17,nov,1,-1,0,unknown,0
41,0,0,0,0,0,0,0,0,0,0,1,0,1,0,0,0,1,0,0,879,0,0,unknown,5,jun,2,-1,0,unknown,1
35,1,0,0,0,0,0,0,0,0,0,0,0,0,1,0,1,0,0,0,1162,0,0,cellular,30,apr,1,-1,0,unknown,1
33,0,0,0,0,0,0,0,1,0,0,0,0,0,0,1,0,1,0,0,44,0,1,cellular,23,jul,1,-1,0,unknown,1
40,0,0,0,0,0,0,0,1,0,0,0,0,1,0,0,0,1,0,0,471,1,0,cellular,24,jul,4,-1,0,unknown,1
37,0,0,0,1,1,0,0,0,0,0,0,0,0,1,0,0,0,0,0,217,0,0,cellular,23,sep,2,-1,0,unknown,1
45,0,1,0,0,0,0,0,0,0,0,0,0,1,0,0,0,1,0,0,879,0,0,cellular,7,jul,2,-1,0,unknown,1
31,0,0,0,0,0,0,0,1,0,0,0,0,0,1,0,0,1,0,0,181,0,0,cellular,30,apr,1,-1,0,unknown,1
47,0,1,0,0,0,0,0,0,0,0,0,0,0,0,1,1,0,0,0,194,0,0,unknown,20,jun,2,-1,0,unknown,0
31,1,0,0,0,0,0,0,0,0,0,0,0,0,0,1,1,0,0,0,414,0,1,cellular,16,jul,1,-1,0,unknown,1
38,0,0,0,0,0,0,1,0,0,0,0,0,1,0,0,0,1,0,0,0,1,0,cellular,8,sep,1,92,3,success,1
28,0,0,0,1,0,0,0,0,0,0,0,0,0,0,1,0,0,1,0,410,1,0,unknown,30,may,3,-1,0,unknown,0
50,0,0,1,0,0,0,0,0,0,0,0,0,1,0,0,1,0,0,0,230,0,0,telephone,30,jul,4,-1,0,unknown,1
59,0,0,0,0,0,0,1,0,0,0,0,0,1,0,0,0,1,0,0,3735,0,0,cellular,18,mar,4,121,2,failure,1
38,0,0,1,0,0,0,0,0,0,0,0,0,1,0,0,0,1,0,0,680,1,0,unknown,19,may,2,-1,0,unknown,0
36,0,0,0,0,0,0,0,0,1,0,0,0,1,0,0,1,0,0,0,506,0,0,cellular,3,nov,1,70,2,failure,1
47,0,1,0,0,0,0,0,0,0,0,0,0,1,0,0,0,1,0,0,-9,0,0,cellular,14,aug,2,-1,0,unknown,0
32,0,0,0,1,0,0,0,0,0,0,0,0,1,0,0,0,1,0,0,214,1,0,unknown,8,may,1,-1,0,unknown,0
45,0,1,0,0,0,0,0,0,0,0,0,0,1,0,0,0,1,0,0,256,0,0,cellular,18,aug,7,-1,0,unknown,0
41,1,0,0,0,0,0,0,0,0,0,0,0,1,0,0,1,0,0,0,144,0,0,cellular,27,feb,3,-1,0,unknown,0
40,0,0,0,0,0,0,1,0,0,0,0,0,0,0,1,0,1,0,0,221,1,0,unknown,13,may,2,-1,0,unknown,0
35,0,0,1,0,0,0,0,0,0,0,0,0,1,0,0,0,1,0,0,2436,0,1,cellular,14,jul,3,-1,0,unknown,1
30,1,0,0,0,0,0,0,0,0,0,0,0,0,1,0,0,1,0,0,4642,1,0,cellular,21,nov,1,-1,0,unknown,1
46,1,0,0,0,0,0,0,0,0,0,0,0,1,0,0,1,0,0,0,71,1,0,cellular,19,aug,4,-1,0,unknown,0
48,0,0,0,1,0,0,0,0,0,0,0,0,1,0,0,0,0,1,0,214,1,1,cellular,14,may,1,177,2,failure,1
26,0,0,0,0,0,0,0,0,0,0,0,1,0,1,0,0,1,0,0,5296,0,0,cellular,5,mar,1,205,1,failure,1
46,0,0,0,0,0,0,1,0,0,0,0,0,1,0,0,0,0,1,0,-335,1,0,unknown,3,jun,1,-1,0,unknown,0
30,0,0,1,0,0,0,0,0,0,0,0,0,1,0,0,0,0,1,0,2686,1,0,cellular,15,jul,3,-1,0,unknown,1
42,0,0,0,0,0,0,0,0,0,1,0,0,1,0,0,0,1,0,0,-165,1,1,unknown,27,may,3,-1,0,unknown,0
58,0,0,0,0,1,1,0,0,0,0,0,0,1,0,0,0,0,0,0,9004,0,0,cellular,21,jul,4,-1,0,unknown,1
63,0,0,0,1,0,0,0,0,0,0,0,0,1,0,0,0,1,0,0,180,0,0,cellular,15,jul,2,182,5,success,1
59,0,1,0,0,0,0,0,0,0,0,0,0,0,0,1,0,1,0,0,2396,0,0,cellular,20,nov,1,-1,0,unknown,1
43,0,1,0,0,0,0,0,0,0,0,0,0,0,0,1,0,1,0,0,1612,0,0,cellular,25,may,2,353,1,other,1
39,0,0,0,1,0,0,0,0,0,0,0,0,0,1,0,0,1,0,0,-480,1,1,cellular,2,feb,2,252,3,other,0
41,0,1,0,0,0,0,0,0,0,0,0,0,1,0,0,0,1,0,0,2125,1,1,cellular,21,nov,3,116,4,failure,0
42,0,0,0,1,0,0,0,0,0,0,0,0,0,1,0,0,0,1,0,1628,1,0,cellular,25,jul,8,-1,0,unknown,1
30,0,0,0,0,0,0,1,0,0,0,0,0,0,1,0,1,0,0,0,305,0,0,cellular,13,aug,1,105,3,success,0
39,0,0,0,1,0,0,0,0,0,0,0,0,1,0,0,0,1,0,0,1382,1,0,cellular,12,aug,1,182,2,success,1
32,0,0,0,0,0,0,0,1,0,0,0,0,1,0,0,0,1,0,0,1273,1,0,cellular,16,apr,2,328,1,failure,1
64,0,0,0,0,0,1,0,0,0,0,0,0,0,0,1,0,0,1,0,109,0,0,cellular,23,jun,1,225,2,success,1
52,0,0,0,1,0,0,0,0,0,0,0,0,1,0,0,0,0,1,0,306,0,0,cellular,28,jan,1,-1,0,unknown,1
37,0,0,1,0,0,0,0,0,0,0,0,0,1,0,0,1,0,0,0,1649,0,1,cellular,1,jul,3,-1,0,unknown,1
38,0,0,1,0,0,0,0,0,0,0,0,0,1,0,0,1,0,0,0,170,1,0,cellular,18,may,1,-1,0,unknown,1
58,0,0,1,0,1,0,0,0,0,0,0,0,1,0,0,0,0,0,0,2445,0,0,unknown,19,jun,3,-1,0,unknown,0
33,0,0,0,0,0,0,1,0,0,0,0,0,0,1,0,0,1,0,0,892,1,0,unknown,21,may,1,-1,0,unknown,0
45,0,0,0,0,0,0,1,0,0,0,0,0,1,0,0,0,1,0,0,740,0,1,cellular,19,aug,2,-1,0,unknown,0
49,0,1,0,0,0,0,0,0,0,0,0,0,1,0,0,0,1,0,0,652,0,0,cellular,17,nov,2,-1,0,unknown,0
36,1,0,0,0,0,0,0,0,0,0,0,0,0,1,0,1,0,0,0,0,0,0,cellular,22,aug,2,-1,0,unknown,0
51,0,0,0,0,0,0,0,0,0,0,1,0,0,0,1,1,0,0,0,1613,0,0,cellular,4,aug,1,-1,0,unknown,1
29,1,0,0,0,0,0,0,0,0,0,0,0,0,1,0,1,0,0,0,29,0,0,cellular,2,feb,1,-1,0,unknown,0
36,0,0,0,0,0,0,1,0,0,0,0,0,0,0,1,0,1,0,0,246,1,0,unknown,16,may,2,-1,0,unknown,0
33,0,0,0,0,0,0,1,0,0,0,0,0,1,0,0,0,1,0,0,-370,1,0,cellular,7,may,1,345,1,failure,1
56,0,0,0,0,1,0,1,0,0,0,0,0,1,0,0,0,0,0,0,1933,0,0,telephone,19,nov,2,-1,0,unknown,0
41,0,0,0,1,0,0,0,0,0,0,0,0,1,0,0,0,1,0,0,2067,1,0,unknown,20,jun,4,-1,0,unknown,0
44,0,0,0,0,0,0,1,0,0,0,0,0,1,0,0,0,1,0,0,4826,1,0,cellular,17,nov,1,185,4,other,0
41,0,0,0,1,0,0,0,0,0,0,0,0,0,1,0,0,0,1,0,1618,1,0,unknown,14,may,1,-1,0,unknown,1
30,0,0,0,0,0,0,1,0,0,0,0,0,1,0,0,1,0,0,0,501,1,1,cellular,25,may,1,-1,0,unknown,0
36,1,0,0,0,0,0,0,0,0,0,0,0,1,0,0,1,0,0,0,625,1,0,cellular,18,jul,9,-1,0,unknown,1
59,0,0,0,0,0,0,0,0,0,0,1,0,1,0,0,1,0,0,0,0,0,0,telephone,13,nov,1,-1,0,unknown,1
47,1,0,0,0,1,0,0,0,0,0,0,0,1,0,0,0,0,0,0,4189,1,0,cellular,19,nov,3,-1,0,unknown,1
54,0,0,0,1,0,0,0,0,0,0,0,0,0,0,1,0,0,1,0,8180,0,0,unknown,19,may,1,-1,0,unknown,0
57,0,0,0,0,0,0,0,0,0,1,0,0,0,0,1,0,1,0,0,753,0,0,cellular,21,jul,8,-1,0,unknown,0
31,0,0,0,0,0,0,0,1,0,0,0,0,0,1,0,0,1,0,0,181,0,0,cellular,13,nov,2,93,2,success,1
59,0,0,0,0,0,1,0,0,0,0,0,0,0,1,0,0,1,0,0,351,1,0,unknown,27,may,5,-1,0,unknown,1
36,0,1,0,0,0,0,0,0,0,0,0,0,0,1,0,0,1,0,0,144,0,0,cellular,26,may,1,308,2,failure,0
53,0,1,0,0,0,0,0,0,0,0,0,0,0,0,1,0,1,0,0,45,0,0,unknown,28,may,6,-1,0,unknown,0
58,1,0,0,0,0,0,0,0,0,0,0,0,1,0,0,1,0,0,0,1016,0,0,telephone,11,mar,2,91,1,failure,0
56,1,0,0,0,0,0,0,0,0,0,0,0,1,0,0,1,0,0,0,6475,0,0,cellular,25,jul,3,-1,0,unknown,0
32,1,0,0,0,0,0,0,0,0,0,0,0,1,0,0,1,0,0,0,138,0,0,cellular,20,aug,4,-1,0,unknown,0
21,0,0,0,0,0,0,0,1,0,0,0,0,0,1,0,0,1,0,0,361,0,0,telephone,5,jun,1,95,1,other,0
43,1,0,0,0,0,0,0,0,0,0,0,0,1,0,0,1,0,0,0,1429,1,0,cellular,19,nov,1,198,2,other,1
30,0,0,0,0,0,0,0,0,0,1,0,0,1,0,0,1,0,0,0,330,0,0,cellular,14,apr,1,-1,0,unknown,1
33,0,0,1,0,1,0,0,0,0,0,0,0,1,0,0,0,0,0,0,73,1,0,cellular,11,aug,1,263,2,failure,0
28,0,0,0,0,0,0,1,0,0,0,0,0,0,1,0,0,1,0,0,261,1,1,cellular,29,jan,3,142,6,success,1
34,0,0,0,0,0,0,0,1,0,0,0,0,0,0,1,0,1,0,0,1826,1,0,cellular,11,may,1,-1,0,unknown,0
27,0,1,0,0,0,0,0,0,0,0,0,0,0,1,0,0,1,0,0,204,0,0,cellular,28,jul,2,-1,0,unknown,1
46,0,0,0,1,0,0,0,0,0,0,0,0,1,0,0,0,1,0,0,640,1,0,cellular,11,sep,2,129,2,failure,1
28,0,0,0,0,0,0,0,0,1,0,0,0,0,1,0,1,0,0,0,160,0,0,unknown,11,nov,1,-1,0,unknown,1
36,0,0,0,0,0,0,1,0,0,0,0,0,0,0,1,0,1,0,0,437,1,0,cellular,14,may,2,344,1,success,1
46,0,0,0,0,0,0,0,1,0,0,0,0,1,0,0,0,1,0,0,2703,0,0,cellular,11,aug,6,-1,0,unknown,0
57,0,0,0,0,0,0,0,0,0,0,1,0,1,0,0,1,0,0,0,2326,0,0,cellular,28,oct,1,194,1,success,1
67,0,0,0,0,0,1,0,0,0,0,0,0,0,0,1,0,1,0,0,704,0,0,cellular,6,may,1,87,3,success,1
53,1,0,0,0,0,0,0,0,0,0,0,0,1,0,0,1,0,0,0,1102,0,0,cellular,24,jul,1,-1,0,unknown,0
55,0,1,0,0,0,0,0,0,0,0,0,0,0,1,0,1,0,0,0,-528,0,0,cellular,28,jul,2,-1,0,unknown,0
27,0,0,0,0,0,0,1,0,0,0,0,0,0,1,0,0,1,0,0,18188,1,0,unknown,12,jun,17,-1,0,unknown,1
50,0,0,0,0,0,0,1,0,0,0,0,0,0,0,1,0,1,0,0,797,1,0,telephone,21,nov,3,119,8,failure,0
56,1,0,0,0,0,0,0,0,0,0,0,0,1,0,0,1,0,0,0,-762,1,1,cellular,4,feb,10,7,5,other,0
36,0,0,0,0,0,0,0,0,0,0,1,0,1,0,0,0,0,1,0,191,1,0,unknown,3,jun,1,-1,0,unknown,0
34,0,0,0,0,0,0,0,0,0,0,1,0,1,0,0,1,0,0,0,5011,1,0,unknown,9,jun,2,-1,0,unknown,0
25,0,0,0,1,0,0,0,0,0,0,0,0,0,1,0,0,1,0,0,0,0,0,cellular,23,apr,1,-1,0,unknown,1
37,1,0,0,0,0,0,0,0,0,0,0,0,1,0,0,1,0,0,0,5355,0,0,telephone,17,feb,4,-1,0,unknown,1
18,0,0,0,0,0,0,0,0,0,0,0,1,0,1,0,0,0,1,0,608,0,0,cellular,13,nov,1,93,1,success,1
35,1,0,0,0,0,0,0,0,0,0,0,0,1,0,0,1,0,0,0,949,1,0,unknown,27,may,2,-1,0,unknown,0
31,0,0,0,1,0,0,0,0,0,0,0,0,1,0,0,0,1,0,0,1406,1,1,cellular,13,apr,2,-1,0,unknown,1
44,0,0,0,0,0,1,0,0,0,0,0,0,1,0,0,0,1,0,0,181,1,0,unknown,19,may,6,-1,0,unknown,0
57,0,0,0,0,0,0,1,0,0,0,0,0,1,0,0,0,1,0,0,367,0,0,telephone,16,nov,2,-1,0,unknown,0
45,0,0,1,0,0,0,0,0,0,0,0,0,1,0,0,1,0,0,0,219,1,1,cellular,28,jul,4,-1,0,unknown,0
31,0,0,0,1,0,0,0,0,0,0,0,0,1,0,0,0,1,0,0,1329,1,1,unknown,9,may,1,-1,0,unknown,0
49,1,0,0,0,0,0,0,0,0,0,0,0,0,0,1,1,0,0,0,755,0,0,cellular,31,jul,4,-1,0,unknown,1
41,0,0,0,1,0,0,0,0,0,0,0,0,1,0,0,0,1,0,0,1236,1,0,cellular,11,may,3,-1,0,unknown,1
42,0,0,0,0,0,0,1,0,0,0,0,0,1,0,0,0,1,0,0,529,1,1,cellular,19,nov,3,-1,0,unknown,0
37,1,0,0,0,0,0,0,0,0,0,0,0,0,0,1,0,1,0,0,16,1,0,unknown,30,may,1,-1,0,unknown,1
46,1,0,0,0,0,0,0,0,0,0,0,0,1,0,0,1,0,0,0,273,1,0,cellular,18,mar,2,184,4,success,1
22,0,0,0,0,0,0,0,0,0,0,0,1,0,1,0,0,1,0,0,0,0,0,cellular,6,feb,6,-1,0,unknown,1
44,0,1,0,0,0,0,0,0,0,0,0,0,0,0,1,0,1,0,0,0,1,0,cellular,28,jul,2,-1,0,unknown,0
38,0,0,0,0,0,0,0,1,0,0,0,0,1,0,0,0,1,0,0,780,1,0,cellular,13,may,1,343,5,failure,0
39,0,0,0,1,1,0,0,0,0,0,0,0,0,0,1,0,0,0,0,528,1,0,unknown,21,may,5,-1,0,unknown,0
25,0,0,0,1,0,0,0,0,0,0,0,0,0,1,0,0,1,0,0,815,1,0,unknown,19,may,6,-1,0,unknown,0
39,0,0,0,0,0,0,0,0,0,1,0,0,1,0,0,0,0,1,0,7005,1,0,cellular,28,jul,2,184,3,success,1
37,1,0,0,0,0,0,0,0,0,0,0,0,1,0,0,0,1,0,0,857,1,0,cellular,28,jan,1,-1,0,unknown,0
30,0,1,0,0,0,0,0,0,0,0,0,0,0,1,0,1,0,0,0,178,0,0,cellular,17,jul,3,-1,0,unknown,1
28,0,1,0,0,0,0,0,0,0,0,0,0,0,1,0,0,1,0,0,2034,1,0,unknown,21,may,1,-1,0,unknown,0
37,0,0,1,0,0,0,0,0,0,0,0,0,0,0,1,1,0,0,0,66,0,0,cellular,18,nov,2,-1,0,unknown,1
63,0,0,0,0,0,1,0,0,0,0,0,0,1,0,0,0,1,0,0,2030,0,0,cellular,6,apr,6,-1,0,unknown,0
53,0,0,0,0,0,0,1,0,0,0,0,0,0,0,1,0,1,0,0,-372,1,0,unknown,26,may,1,-1,0,unknown,0
37,0,1,0,0,0,0,0,0,0,0,0,0,0,1,0,0,1,0,0,1211,1,0,unknown,21,may,1,-1,0,unknown,1
60,1,0,0,0,0,0,0,0,0,0,0,0,1,0,0,1,0,0,0,315,0,0,cellular,1,sep,1,183,3,success,1
56,0,1,0,0,0,0,0,0,0,0,0,0,1,0,0,0,1,0,0,61,0,1,cellular,8,jul,1,-1,0,unknown,0
34,1,0,0,0,0,0,0,0,0,0,0,0,0,1,0,1,0,0,0,1190,0,0,cellular,3,feb,7,-1,0,unknown,0
31,1,0,0,0,0,0,0,0,0,0,0,0,0,1,0,1,0,0,0,825,1,0,unknown,21,may,2,-1,0,unknown,1
24,0,0,0,0,1,0,0,1,0,0,0,0,0,1,0,0,0,0,0,2022,0,0,cellular,23,apr,4,-1,0,unknown,1
55,1,0,0,0,0,0,0,0,0,0,0,0,1,0,0,1,0,0,0,42,0,0,cellular,26,may,1,-1,0,unknown,0
50,1,0,0,0,0,0,0,0,0,0,0,0,1,0,0,0,1,0,0,1165,0,0,cellular,16,jul,1,-1,0,unknown,1
48,0,0,0,0,0,0,1,0,0,0,0,0,1,0,0,0,1,0,0,155,0,0,unknown,11,jun,3,-1,0,unknown,0
51,0,0,0,0,0,0,0,1,0,0,0,0,0,0,1,0,1,0,0,242,0,1,cellular,14,jul,4,-1,0,unknown,1
51,1,0,0,0,0,0,0,0,0,0,0,0,1,0,0,1,0,0,0,0,0,0,unknown,27,may,5,-1,0,unknown,0
26,0,0,0,0,0,0,0,0,0,1,0,0,0,1,0,1,0,0,0,3511,0,0,cellular,30,apr,2,-1,0,unknown,1
50,0,0,0,0,1,0,0,0,0,0,0,0,1,0,0,0,0,0,0,0,0,0,cellular,21,aug,2,-1,0,unknown,0
46,0,0,0,1,0,0,0,0,0,0,0,0,0,1,0,0,0,1,0,96,1,0,cellular,16,apr,1,148,1,failure,0
31,0,0,0,0,0,0,0,0,1,0,0,0,1,0,0,0,1,0,0,581,1,0,cellular,14,may,3,174,3,failure,0
32,0,1,0,0,0,0,0,0,0,0,0,0,1,0,0,1,0,0,0,1868,0,0,cellular,27,aug,16,-1,0,unknown,0
38,0,1,0,0,0,0,0,0,0,0,0,0,1,0,0,1,0,0,0,11766,1,0,cellular,19,nov,1,-1,0,unknown,0
52,0,1,0,0,0,0,0,0,0,0,0,0,1,0,0,0,1,0,0,0,0,0,cellular,18,aug,4,-1,0,unknown,0
38,1,0,0,0,0,0,0,0,0,0,0,0,0,1,0,1,0,0,0,6158,1,0,cellular,15,apr,5,145,9,failure,1
89,0,0,0,0,0,1,0,0,0,0,0,0,1,0,0,1,0,0,0,553,0,0,telephone,19,aug,5,-1,0,unknown,0
34,0,0,0,1,0,0,0,0,0,0,0,0,1,0,0,0,1,0,0,4622,1,1,unknown,20,may,1,-1,0,unknown,0
26,0,0,0,1,0,0,0,0,0,0,0,0,0,1,0,0,0,1,0,941,0,0,cellular,29,jan,1,-1,0,unknown,1
47,0,1,0,0,0,0,0,0,0,0,0,0,1,0,0,0,1,0,0,93,0,1,cellular,18,nov,1,-1,0,unknown,0
65,0,0,0,0,0,1,0,0,0,0,0,0,1,0,0,0,1,0,0,20806,0,0,telephone,8,apr,2,-1,0,unknown,1
43,0,0,0,0,0,0,0,0,0,0,1,0,0,1,0,0,0,1,0,800,1,0,cellular,13,may,1,-1,0,unknown,1
28,0,0,0,0,0,0,0,1,0,0,0,0,0,1,0,1,0,0,0,128,0,0,cellular,27,may,1,414,1,failure,1
56,0,1,0,0,0,0,0,0,0,0,0,0,1,0,0,0,1,0,0,2847,0,0,cellular,8,apr,1,-1,0,unknown,1
41,0,0,0,0,0,0,0,0,0,1,0,0,1,0,0,0,1,0,0,2423,1,0,cellular,4,feb,1,-1,0,unknown,0
48,0,0,0,1,0,0,0,0,0,0,0,0,1,0,0,0,1,0,0,2054,1,0,cellular,6,aug,2,-1,0,unknown,0
28,0,0,0,0,0,0,0,0,0,1,0,0,0,1,0,1,0,0,0,497,1,0,cellular,24,jul,6,-1,0,unknown,1
73,0,0,0,0,0,1,0,0,0,0,0,0,1,0,0,0,0,1,0,5539,0,0,telephone,6,aug,1,-1,0,unknown,1
30,1,0,0,0,0,0,0,0,0,0,0,0,1,0,0,1,0,0,0,32,1,0,unknown,6,may,3,-1,0,unknown,0
53,0,1,0,0,0,0,0,0,0,0,0,0,1,0,0,1,0,0,0,9001,0,0,cellular,5,apr,1,-1,0,unknown,1
35,0,1,0,0,0,0,0,0,0,0,0,0,1,0,0,0,1,0,0,294,1,0,cellular,9,mar,1,90,4,success,1
45,0,0,0,1,0,0,0,0,0,0,0,0,1,0,0,0,1,0,0,1723,0,0,cellular,1,jun,2,-1,0,unknown,1
36,0,0,0,0,0,0,0,1,0,0,0,0,1,0,0,0,0,1,0,92,1,0,cellular,5,jun,7,-1,0,unknown,1
39,0,0,0,1,0,0,0,0,0,0,0,0,1,0,0,0,1,0,0,261,0,0,cellular,4,may,4,-1,0,unknown,1
28,0,1,0,0,0,0,0,0,0,0,0,0,0,1,0,1,0,0,0,-123,0,1,cellular,23,jul,1,-1,0,unknown,1
54,0,0,0,0,0,1,0,0,0,0,0,0,1,0,0,0,1,0,0,1154,1,0,telephone,3,feb,3,-1,0,unknown,0
27,0,0,0,0,0,0,0,1,0,0,0,0,0,1,0,0,1,0,0,482,1,0,unknown,6,jun,2,-1,0,unknown,0
57,0,0,0,0,0,0,0,0,1,0,0,0,1,0,0,0,0,1,0,-34,1,1,cellular,11,may,6,371,2,failure,0
25,0,0,0,1,0,0,0,0,0,0,0,0,0,1,0,0,1,0,0,1243,0,1,cellular,10,jul,7,-1,0,unknown,1
33,0,0,0,0,0,0,0,1,0,0,0,0,0,1,0,0,1,0,0,450,1,0,cellular,15,may,2,365,2,other,0
57,0,0,0,1,0,0,0,0,0,0,0,0,1,0,0,0,0,1,0,3109,0,0,cellular,15,sep,2,105,2,success,1
38,0,1,0,0,0,0,0,0,0,0,0,0,1,0,0,1,0,0,0,3234,0,0,cellular,18,nov,2,-1,0,unknown,1
51,0,1,0,0,0,0,0,0,0,0,0,0,1,0,0,1,0,0,0,0,0,0,cellular,2,mar,2,-1,0,unknown,1
39,0,0,0,1,0,0,0,0,0,0,0,0,1,0,0,0,1,0,0,660,1,1,cellular,7,may,4,168,3,failure,0
53,0,0,0,1,0,0,0,0,0,0,0,0,1,0,0,0,0,1,0,751,1,0,cellular,3,feb,2,-1,0,unknown,1
36,0,0,0,1,0,0,0,0,0,0,0,0,0,0,1,0,1,0,0,808,0,0,unknown,16,jun,1,-1,0,unknown,0
30,1,0,0,0,0,0,0,0,0,0,0,0,1,0,0,1,0,0,0,10884,0,0,cellular,4,may,2,-1,0,unknown,1
38,1,0,0,0,0,0,0,0,0,0,0,0,1,0,0,1,0,0,0,3436,0,0,cellular,21,nov,4,-1,0,unknown,1
30,0,1,0,0,0,0,0,0,0,0,0,0,1,0,0,0,1,0,0,455,1,0,cellular,21,nov,1,-1,0,unknown,1
46,0,1,0,0,0,0,0,0,0,0,0,0,1,0,0,1,0,0,0,0,1,0,cellular,28,jan,1,-1,0,unknown,0
46,1,0,0,0,1,0,0,0,0,0,0,0,1,0,0,0,0,0,0,2466,0,0,telephone,1,apr,3,370,1,failure,1
47,0,0,0,0,0,0,1,0,0,0,0,0,0,0,1,0,1,0,0,295,1,0,unknown,6,jun,2,-1,0,unknown,1
40,0,0,0,0,0,0,0,0,1,0,0,0,0,1,0,1,0,0,0,10346,0,0,cellular,15,jun,2,207,1,other,1
52,0,0,0,1,1,0,0,0,0,0,0,0,1,0,0,0,0,0,0,0,1,0,cellular,9,jul,1,-1,0,unknown,1
58,0,0,0,0,0,1,0,0,0,0,0,0,1,0,0,1,0,0,0,2199,0,0,telephone,21,oct,1,-1,0,unknown,0
30,0,0,0,0,0,0,0,1,0,0,0,0,0,1,0,1,0,0,0,1788,0,0,cellular,4,aug,1,181,2,failure,1
50,1,0,0,0,0,0,0,0,0,0,0,0,1,0,0,1,0,0,0,1597,0,0,cellular,19,nov,2,-1,0,unknown,0
31,0,0,0,0,0,0,0,0,1,0,0,0,0,1,0,1,0,0,0,217,0,0,cellular,19,nov,4,-1,0,unknown,0
60,0,0,0,0,0,1,0,0,0,0,0,0,0,1,0,0,1,0,0,-14,1,0,unknown,20,may,3,-1,0,unknown,0
39,0,0,0,0,0,0,0,1,0,0,0,0,1,0,0,0,1,0,0,1442,0,0,cellular,22,apr,3,-1,0,unknown,0
48,1,0,0,0,0,0,0,0,0,0,0,0,1,0,0,1,0,0,0,58,0,1,cellular,14,jul,2,-1,0,unknown,0
41,0,1,0,0,0,0,0,0,0,0,0,0,0,1,0,1,0,0,0,5389,0,0,cellular,13,aug,5,-1,0,unknown,0
46,0,0,0,1,0,0,0,0,0,0,0,0,1,0,0,0,1,0,0,1723,0,0,cellular,17,jun,2,52,7,failure,1
32,0,1,0,0,0,0,0,0,0,0,0,0,0,1,0,0,1,0,0,324,0,1,cellular,23,feb,1,-1,0,unknown,1
47,0,0,0,1,0,0,0,0,0,0,0,0,1,0,0,0,1,0,0,1568,1,0,cellular,21,may,3,91,8,success,1
49,0,0,0,0,0,0,0,0,1,0,0,0,1,0,0,0,1,0,0,294,1,0,unknown,2,jun,3,-1,0,unknown,0
39,0,0,0,0,0,0,0,1,0,0,0,0,1,0,0,0,1,0,0,2843,1,0,unknown,19,jun,1,-1,0,unknown,1
27,0,1,0,0,0,0,0,0,0,0,0,0,1,0,0,0,1,0,0,2183,1,1,unknown,21,may,1,-1,0,unknown,1
33,1,0,0,0,0,0,0,0,0,0,0,0,0,0,1,1,0,0,0,166,1,0,unknown,2,jun,1,-1,0,unknown,0
53,0,0,0,0,0,0,0,0,0,0,1,0,0,1,0,0,0,1,0,1238,0,0,unknown,17,jun,3,-1,0,unknown,0
31,0,0,0,0,0,0,1,0,0,0,0,0,0,1,0,0,1,0,0,4198,0,0,cellular,25,nov,1,-1,0,unknown,1
37,0,0,0,1,0,0,0,0,0,0,0,0,1,0,0,0,0,1,0,53,1,0,unknown,19,may,4,-1,0,unknown,0
40,0,0,0,0,0,0,1,0,0,0,0,0,0,0,1,0,1,0,0,220,1,0,cellular,18,may,2,-1,0,unknown,0
35,0,0,1,0,0,0,0,0,0,0,0,0,1,0,0,1,0,0,0,2723,1,1,cellular,8,aug,4,-1,0,unknown,0
30,0,0,0,0,0,0,0,0,0,1,0,0,0,1,0,1,0,0,0,1159,0,0,telephone,5,jun,1,-1,0,unknown,1
36,0,0,0,0,0,0,0,1,0,0,0,0,0,1,0,0,1,0,0,774,1,0,unknown,20,may,1,-1,0,unknown,0
20,0,0,0,0,0,0,0,0,0,0,0,1,0,1,0,0,1,0,0,502,0,0,cellular,30,apr,1,-1,0,unknown,1
41,0,0,0,0,0,0,0,0,1,0,0,0,1,0,0,0,1,0,0,323,1,0,cellular,17,apr,2,254,6,other,1
69,0,0,0,0,0,1,0,0,0,0,0,0,0,0,1,0,1,0,0,344,0,0,cellular,4,dec,2,-1,0,unknown,0
31,1,0,0,0,0,0,0,0,0,0,0,0,0,1,0,1,0,0,0,69,0,0,cellular,11,aug,2,-1,0,unknown,0
52,0,0,0,0,0,0,0,0,0,0,1,0,1,0,0,0,0,1,0,618,1,1,cellular,10,aug,2,102,2,failure,0
39,0,0,0,1,0,0,0,0,0,0,0,0,1,0,0,0,0,1,0,1005,0,0,unknown,6,jun,2,-1,0,unknown,0
33,0,0,0,1,0,0,0,0,0,0,0,0,0,0,1,0,1,0,0,75,1,1,unknown,12,may,2,-1,0,unknown,0
44,0,0,0,1,0,0,0,0,0,0,0,0,1,0,0,0,1,0,0,841,0,0,cellular,28,jul,4,-1,0,unknown,0
55,0,0,0,0,0,0,1,0,0,0,0,0,1,0,0,0,1,0,0,994,0,0,unknown,11,jun,2,-1,0,unknown,0
35,1,0,0,0,0,0,0,0,0,0,0,0,1,0,0,1,0,0,0,0,1,0,cellular,11,nov,2,96,3,success,1
48,0,0,0,1,0,0,0,0,0,0,0,0,0,1,0,0,0,1,0,1080,1,0,unknown,16,jun,3,-1,0,unknown,0
34,0,1,0,0,0,0,0,0,0,0,0,0,1,0,0,0,1,0,0,294,1,0,cellular,9,dec,1,184,3,success,1
48,0,0,0,1,0,0,0,0,0,0,0,0,0,0,1,0,1,0,0,602,1,0,unknown,12,may,1,-1,0,unknown,0
49,0,0,0,1,0,0,0,0,0,0,0,0,1,0,0,0,1,0,0,1730,1,0,cellular,4,aug,2,92,4,success,1
36,0,0,0,1,0,0,0,0,0,0,0,0,1,0,0,0,0,1,0,319,1,0,cellular,13,may,2,301,1,failure,1
37,0,0,0,0,0,0,1,0,0,0,0,0,0,0,1,1,0,0,0,4708,0,0,cellular,2,jun,1,181,2,success,1
28,1,0,0,0,0,0,0,0,0,0,0,0,0,1,0,1,0,0,0,187,0,0,cellular,10,sep,1,93,2,success,1
25,1,0,0,0,0,0,0,0,0,0,0,0,1,0,0,1,0,0,0,-242,1,1,cellular,18,may,4,332,4,other,1
35,0,0,0,0,0,0,0,0,0,0,1,0,0,0,1,0,1,0,0,39,0,0,cellular,31,jul,2,-1,0,unknown,0
60,0,0,0,0,0,0,0,0,0,0,1,0,1,0,0,0,1,0,0,0,0,0,telephone,3,aug,2,181,5,failure,1
40,0,0,0,1,0,0,0,0,0,0,0,0,1,0,0,0,0,1,0,2171,1,0,unknown,9,may,1,-1,0,unknown,0
31,0,1,0,0,0,0,0,0,0,0,0,0,0,1,0,1,0,0,0,6138,1,0,cellular,15,may,5,-1,0,unknown,0
35,1,0,0,0,0,0,0,0,0,0,0,0,1,0,0,0,1,0,0,339,1,0,unknown,23,may,1,-1,0,unknown,0
25,0,0,0,0,0,0,1,0,0,0,0,0,0,1,0,0,1,0,0,122,1,0,cellular,7,may,2,-1,0,unknown,1
35,0,0,0,0,0,0,0,0,1,0,0,0,1,0,0,0,0,1,0,2086,1,0,cellular,21,nov,7,-1,0,unknown,0
50,0,0,0,0,0,0,0,0,0,1,0,0,1,0,0,1,0,0,0,377,0,0,cellular,6,apr,1,319,3,failure,0
41,1,0,0,0,0,0,0,0,0,0,0,0,1,0,0,1,0,0,0,768,0,0,cellular,7,aug,3,-1,0,unknown,0
33,0,0,0,1,0,0,0,0,0,0,0,0,0,1,0,1,0,0,0,700,0,0,cellular,30,apr,1,80,2,success,1
41,0,0,0,0,0,0,0,1,0,0,0,0,0,0,1,0,1,0,0,727,1,0,cellular,11,may,1,-1,0,unknown,0
50,0,0,0,0,0,0,0,0,0,1,0,0,1,0,0,0,1,0,0,3674,1,0,unknown,30,may,3,-1,0,unknown,1
42,0,0,0,0,0,0,0,1,0,0,0,0,0,0,1,0,1,0,0,257,1,0,cellular,12,may,2,-1,0,unknown,1
34,0,0,0,0,0,0,1,0,0,0,0,0,1,0,0,1,0,0,0,457,0,0,cellular,6,feb,5,-1,0,unknown,0
37,1,0,0,0,0,0,0,0,0,0,0,0,1,0,0,1,0,0,0,1352,0,0,cellular,1,jun,1,347,1,success,0
35,0,0,0,1,0,0,0,0,0,0,0,0,1,0,0,0,0,1,0,414,0,0,unknown,13,may,4,-1,0,unknown,1
47,1,0,0,0,0,0,0,0,0,0,0,0,0,1,0,1,0,0,0,159,0,0,telephone,29,oct,3,155,3,other,1
59,0,0,0,0,0,1,0,0,0,0,0,0,1,0,0,0,0,1,0,1245,0,0,unknown,18,jun,2,-1,0,unknown,0
63,0,0,0,0,0,1,0,0,0,0,0,0,1,0,0,0,1,0,0,474,0,0,cellular,25,jan,1,-1,0,unknown,1
35,0,0,0,1,0,0,0,0,0,0,0,0,1,0,0,0,1,0,0,106,1,0,cellular,14,apr,5,-1,0,unknown,0
24,1,0,0,0,0,0,0,0,0,0,0,0,0,1,0,1,0,0,0,933,1,0,unknown,4,jun,1,-1,0,unknown,0
60,1,0,0,0,0,0,0,0,0,0,0,0,1,0,0,1,0,0,0,474,0,0,cellular,31,aug,5,186,3,other,1
57,0,0,0,0,0,0,1,0,0,0,0,0,1,0,0,0,1,0,0,169,0,0,cellular,3,feb,1,-1,0,unknown,1
35,1,0,0,0,0,0,0,0,0,0,0,0,1,0,0,1,0,0,0,86,1,0,cellular,19,aug,3,-1,0,unknown,0
25,0,0,0,1,0,0,0,0,0,0,0,0,0,1,0,0,1,0,0,509,0,0,cellular,5,mar,1,-1,0,unknown,1
48,1,0,0,0,0,0,0,0,0,0,0,0,0,0,1,1,0,0,0,64,0,1,cellular,25,jul,6,-1,0,unknown,0
37,0,1,0,0,0,0,0,0,0,0,0,0,0,0,1,0,1,0,0,141,1,0,cellular,6,may,1,364,3,failure,1
44,0,1,0,0,0,0,0,0,0,0,0,0,0,0,1,0,1,0,0,1262,1,0,unknown,26,may,11,-1,0,unknown,1
35,0,0,0,0,0,0,0,0,1,0,0,0,1,0,0,0,1,0,0,2251,0,0,cellular,19,aug,8,-1,0,unknown,0
51,0,0,1,0,0,0,0,0,0,0,0,0,1,0,0,0,0,1,0,805,1,0,cellular,8,aug,4,-1,0,unknown,0
35,0,0,0,0,0,0,0,0,1,0,0,0,1,0,0,1,0,0,0,333,0,0,unknown,17,jun,5,-1,0,unknown,0
32,0,1,0,0,0,0,0,0,0,0,0,0,1,0,0,0,1,0,0,473,0,1,cellular,10,aug,1,95,3,success,1
44,1,0,0,0,0,0,0,0,0,0,0,0,1,0,0,1,0,0,0,2283,1,1,unknown,18,jun,2,-1,0,unknown,0
34,0,0,0,0,0,1,0,0,0,0,0,0,1,0,0,0,1,0,0,165,0,0,cellular,12,may,1,370,1,failure,0
51,1,0,0,0,0,0,0,0,0,0,0,0,0,1,0,1,0,0,0,6510,0,0,unknown,15,may,1,-1,0,unknown,0
44,0,0,0,0,0,0,0,1,0,0,0,0,1,0,0,0,1,0,0,-63,0,0,unknown,6,jun,2,-1,0,unknown,0
39,1,0,0,0,0,0,0,0,0,0,0,0,1,0,0,1,0,0,0,2939,0,0,cellular,6,oct,1,99,3,failure,1
48,0,1,0,0,0,0,0,0,0,0,0,0,0,1,0,0,1,0,0,329,0,0,cellular,23,jul,1,-1,0,unknown,0
46,0,0,0,1,0,0,0,0,0,0,0,0,1,0,0,0,1,0,0,640,1,0,cellular,12,mar,1,182,4,success,1
44,0,0,0,1,0,0,0,0,0,0,0,0,1,0,0,0,1,0,0,261,1,0,unknown,19,may,5,-1,0,unknown,0
64,0,0,0,0,0,0,0,0,1,0,0,0,1,0,0,1,0,0,0,661,0,0,cellular,21,dec,2,294,2,failure,1
49,1,0,0,0,0,0,0,0,0,0,0,0,1,0,0,1,0,0,0,0,0,0,cellular,27,aug,6,-1,0,unknown,0
33,0,1,0,0,0,0,0,0,0,0,0,0,1,0,0,1,0,0,0,2976,1,0,cellular,9,nov,2,95,12,other,0
29,1,0,0,0,0,0,0,0,0,0,0,0,0,1,0,1,0,0,0,3846,0,0,cellular,3,jun,2,-1,0,unknown,1
34,1,0,0,0,0,0,0,0,0,0,0,0,0,0,1,1,0,0,0,1,1,0,cellular,5,may,1,362,3,other,0
35,0,1,0,0,0,0,0,0,0,0,0,0,0,1,0,0,1,0,0,2151,1,0,unknown,8,may,1,-1,0,unknown,0
32,0,1,0,0,0,0,0,0,0,0,0,0,1,0,0,0,1,0,0,2693,1,0,unknown,21,may,1,-1,0,unknown,0
34,0,0,0,0,0,0,1,0,0,0,0,0,1,0,0,0,1,0,0,613,1,0,cellular,4,jun,1,-1,0,unknown,0
41,0,1,0,0,0,0,0,0,0,0,0,0,0,1,0,0,1,0,0,32,1,0,cellular,7,may,1,-1,0,unknown,0
38,0,0,0,0,0,0,0,1,0,0,0,0,1,0,0,0,1,0,0,1616,1,0,telephone,12,may,5,288,3,failure,0
36,0,0,0,0,0,0,0,1,0,0,0,0,1,0,0,0,1,0,0,115,0,0,unknown,21,may,1,-1,0,unknown,0
31,1,0,0,0,0,0,0,0,0,0,0,0,0,1,0,1,0,0,0,1619,0,0,cellular,30,apr,2,-1,0,unknown,1
34,0,0,0,0,0,1,0,0,0,0,0,0,1,0,0,0,0,1,0,4499,0,0,unknown,21,may,1,-1,0,unknown,1
43,0,0,0,1,0,0,0,0,0,0,0,0,1,0,0,0,1,0,0,14646,0,0,cellular,23,oct,1,-1,0,unknown,1
35,0,0,1,0,0,0,0,0,0,0,0,0,0,1,0,1,0,0,0,-880,0,1,cellular,24,jul,3,-1,0,unknown,0
56,0,0,0,0,0,1,0,0,0,0,0,0,1,0,0,0,1,0,0,0,0,0,telephone,31,jul,2,-1,0,unknown,0
27,0,1,0,0,0,0,0,0,0,0,0,0,0,1,0,1,0,0,0,931,1,0,cellular,4,feb,1,-1,0,unknown,1
50,1,0,0,0,0,0,0,0,0,0,0,0,1,0,0,1,0,0,0,469,0,0,cellular,16,apr,1,-1,0,unknown,1
52,1,0,0,0,0,0,0,0,0,0,0,0,1,0,0,1,0,0,0,40,0,0,cellular,19,nov,3,-1,0,unknown,1
23,0,0,0,0,0,0,0,0,0,0,0,1,0,1,0,0,1,0,0,480,0,0,cellular,9,feb,2,182,1,failure,1
40,0,0,0,1,0,0,0,0,0,0,0,0,1,0,0,0,1,0,0,1451,0,0,cellular,1,jun,1,-1,0,unknown,1
29,0,1,0,0,0,0,0,0,0,0,0,0,0,1,0,1,0,0,0,0,1,0,cellular,7,may,2,337,6,failure,1
43,1,0,0,0,0,0,0,0,0,0,0,0,0,1,0,0,1,0,0,465,0,0,cellular,28,aug,12,-1,0,unknown,0
35,0,0,0,1,0,0,0,0,0,0,0,0,1,0,0,0,1,0,0,0,1,1,unknown,29,may,1,-1,0,unknown,1
41,0,0,0,1,0,0,0,0,0,0,0,0,1,0,0,0,0,1,0,219,0,1,unknown,18,jun,3,-1,0,unknown,1
56,0,0,0,0,0,0,1,0,0,0,0,0,1,0,0,0,1,0,0,33,0,1,cellular,19,nov,1,-1,0,unknown,0
58,1,0,0,0,0,0,0,0,0,0,0,0,0,0,1,0,1,0,0,10180,0,0,cellular,3,mar,2,-1,0,unknown,1
37,0,0,0,1,0,0,0,0,0,0,0,0,1,0,0,0,1,0,0,43,1,0,unknown,20,jun,3,-1,0,unknown,0
35,0,0,0,0,0,0,0,1,0,0,0,0,0,1,0,0,1,0,0,568,1,0,unknown,16,may,2,-1,0,unknown,0
30,0,0,0,1,0,0,0,0,0,0,0,0,1,0,0,0,1,0,0,23,1,0,cellular,8,may,2,359,4,failure,0
32,1,0,0,0,0,0,0,0,0,0,0,0,0,1,0,1,0,0,0,6542,1,0,cellular,15,may,4,175,5,failure,1
52,0,0,0,0,0,0,1,0,0,0,0,0,0,0,1,0,1,0,0,3029,1,1,cellular,12,may,2,285,2,failure,0
80,0,0,0,0,0,1,0,0,0,0,0,0,1,0,0,0,0,1,0,1468,0,0,cellular,13,jan,3,-1,0,unknown,1
35,1,0,0,0,0,0,0,0,0,0,0,0,1,0,0,1,0,0,0,0,1,0,cellular,5,aug,2,-1,0,unknown,0
32,0,0,0,1,0,0,0,0,0,0,0,0,0,1,0,0,0,1,0,216,1,0,cellular,7,may,2,351,1,success,0
25,0,0,0,0,0,0,0,0,0,0,0,1,0,1,0,0,1,0,0,348,0,0,cellular,10,aug,1,-1,0,unknown,1
38,0,0,0,1,0,0,0,0,0,0,0,0,0,0,1,0,1,0,0,1817,1,0,cellular,28,jul,4,-1,0,unknown,1
25,1,0,0,0,0,0,0,0,0,0,0,0,0,1,0,1,0,0,0,2305,0,0,cellular,12,aug,2,104,2,failure,0
24,0,1,0,0,0,0,0,0,0,0,0,0,1,0,0,0,1,0,0,556,1,0,cellular,18,aug,2,-1,0,unknown,1
31,0,0,0,0,0,0,0,1,0,0,0,0,0,1,0,0,1,0,0,1709,0,1,telephone,28,jan,3,-1,0,unknown,1
34,0,1,0,0,0,0,0,0,0,0,0,0,1,0,0,0,1,0,0,0,1,0,cellular,5,aug,2,2,3,success,1
44,0,0,0,1,0,0,0,0,0,0,0,0,0,1,0,0,1,0,0,-212,1,1,unknown,7,may,4,-1,0,unknown,0
45,1,0,0,0,0,0,0,0,0,0,0,0,0,0,1,1,0,0,0,702,0,1,cellular,9,jul,1,-1,0,unknown,0
40,0,0,0,0,0,0,0,1,0,0,0,0,0,1,0,0,1,0,0,316,0,0,unknown,11,jun,5,-1,0,unknown,0
40,0,0,0,0,0,0,0,1,0,0,0,0,1,0,0,0,0,1,0,-9,1,0,unknown,15,may,2,-1,0,unknown,1
42,1,0,0,0,1,0,0,0,0,0,0,0,1,0,0,0,0,0,0,1519,0,0,cellular,19,jul,1,-1,0,unknown,1
43,0,0,0,1,0,0,0,0,0,0,0,0,1,0,0,0,1,0,0,2160,0,0,cellular,2,jun,1,-1,0,unknown,1
32,0,0,0,0,0,0,0,1,0,0,0,0,0,1,0,0,1,0,0,5806,1,0,cellular,20,nov,2,-1,0,unknown,1
49,0,0,0,1,0,0,0,0,0,0,0,0,1,0,0,0,1,0,0,863,1,1,telephone,8,may,1,-1,0,unknown,0
29,0,0,0,1,0,0,0,0,0,0,0,0,1,0,0,0,0,1,0,5,0,0,cellular,3,jun,1,-1,0,unknown,1
35,0,0,0,1,0,0,0,0,0,0,0,0,1,0,0,0,1,0,0,1602,1,1,unknown,20,may,1,-1,0,unknown,0
57,0,0,0,0,0,0,1,0,0,0,0,0,0,0,1,0,1,0,0,658,0,0,cellular,10,jul,1,-1,0,unknown,1
54,0,0,0,1,0,0,0,0,0,0,0,0,1,0,0,0,0,1,0,532,0,0,telephone,31,jul,2,-1,0,unknown,0
44,1,0,0,0,0,0,0,0,0,0,0,0,0,0,1,1,0,0,0,2367,0,0,cellular,22,sep,1,184,6,success,1
25,0,0,0,0,0,0,0,0,0,0,0,1,0,1,0,0,0,1,0,373,1,0,cellular,11,may,2,-1,0,unknown,1
24,0,0,0,0,0,0,0,0,0,0,0,1,0,1,0,0,1,0,0,1250,0,0,cellular,25,mar,2,-1,0,unknown,1
52,0,1,0,0,0,0,0,0,0,0,0,0,0,0,1,0,1,0,0,137,1,0,unknown,30,may,3,-1,0,unknown,0
31,0,0,0,0,0,0,0,1,0,0,0,0,1,0,0,0,1,0,0,418,1,1,cellular,9,jul,1,-1,0,unknown,0
42,0,0,0,0,0,0,1,0,0,0,0,0,0,0,1,0,1,0,0,0,1,1,unknown,18,jun,4,-1,0,unknown,0
35,0,1,0,0,0,0,0,0,0,0,0,0,1,0,0,1,0,0,0,489,0,0,cellular,5,aug,2,-1,0,unknown,0
34,0,0,0,0,0,0,1,0,0,0,0,0,1,0,0,1,0,0,0,69,0,1,cellular,3,aug,3,251,3,success,1
43,0,0,0,1,0,0,0,0,0,0,0,0,0,1,0,0,1,0,0,615,0,0,cellular,14,jul,4,-1,0,unknown,0
33,0,0,0,0,0,0,1,0,0,0,0,0,1,0,0,1,0,0,0,79,1,0,cellular,22,oct,2,335,2,failure,1
31,0,0,0,0,0,0,0,0,0,0,0,1,0,1,0,0,1,0,0,3511,0,0,cellular,6,oct,1,96,1,success,1
31,0,0,0,0,0,0,0,0,1,0,0,0,1,0,0,1,0,0,0,227,1,1,cellular,30,jan,6,263,3,failure,0
60,0,0,0,0,0,0,1,0,0,0,0,0,1,0,0,0,1,0,0,3735,0,0,cellular,22,mar,1,90,10,success,1
55,0,0,0,0,0,0,0,0,1,0,0,0,1,0,0,0,1,0,0,203,1,0,telephone,14,may,5,174,12,other,0
35,0,1,0,0,0,0,0,0,0,0,0,0,1,0,0,0,1,0,0,518,1,0,cellular,30,apr,1,-1,0,unknown,1
43,0,0,0,1,0,0,0,0,0,0,0,0,0,1,0,0,0,1,0,-399,0,1,cellular,28,jul,3,-1,0,unknown,1
33,0,0,0,1,0,0,0,0,0,0,0,0,1,0,0,0,1,0,0,89,1,0,cellular,18,jul,2,-1,0,unknown,1
31,1,0,0,0,0,0,0,0,0,0,0,0,0,1,0,1,0,0,0,635,1,0,cellular,20,apr,1,320,2,failure,0
30,0,1,0,0,0,0,0,0,0,0,0,0,0,1,0,1,0,0,0,880,1,1,unknown,19,may,6,-1,0,unknown,1
37,0,0,0,0,1,0,0,0,0,0,0,1,0,1,0,0,0,0,0,444,0,0,cellular,14,aug,1,102,5,success,1
50,0,0,0,1,0,0,0,0,0,0,0,0,1,0,0,0,1,0,0,907,0,1,cellular,16,jul,1,-1,0,unknown,0
28,1,0,0,0,0,0,0,0,0,0,0,0,1,0,0,0,1,0,0,292,1,0,unknown,28,may,1,-1,0,unknown,1
46,0,0,0,0,0,0,1,0,0,0,0,0,1,0,0,0,1,0,0,660,0,0,cellular,6,aug,2,-1,0,unknown,1
31,1,0,0,0,0,0,0,0,0,0,0,0,0,1,0,1,0,0,0,2384,1,0,cellular,14,apr,2,-1,0,unknown,0
50,0,0,0,0,0,0,1,0,0,0,0,0,1,0,0,1,0,0,0,6574,0,0,cellular,8,sep,1,92,3,success,1
48,0,0,0,0,0,0,0,1,0,0,0,0,1,0,0,0,1,0,0,2739,0,0,telephone,23,jul,4,-1,0,unknown,0
41,1,0,0,0,0,0,0,0,0,0,0,0,1,0,0,1,0,0,0,2127,0,0,cellular,8,aug,7,-1,0,unknown,0
67,0,0,0,0,0,1,0,0,0,0,0,0,1,0,0,0,1,0,0,1443,0,0,cellular,8,apr,1,-1,0,unknown,1
29,0,0,0,0,0,0,0,0,0,0,0,1,0,1,0,1,0,0,0,80,1,0,cellular,15,may,5,361,1,failure,0
40,0,0,0,0,0,0,0,0,1,0,0,0,0,0,1,0,1,0,0,1876,0,1,unknown,20,jun,1,-1,0,unknown,0
46,0,0,0,1,0,0,0,0,0,0,0,0,1,0,0,0,0,1,0,2427,0,0,cellular,23,jul,1,-1,0,unknown,0
34,0,0,0,1,0,0,0,0,0,0,0,0,1,0,0,0,1,0,0,262,0,0,cellular,15,sep,2,106,1,success,1
43,0,0,0,0,0,0,1,0,0,0,0,0,0,1,0,0,1,0,0,1707,1,0,cellular,6,sep,3,504,5,other,1
51,0,0,1,0,0,0,0,0,0,0,0,0,0,0,1,1,0,0,0,23,1,0,cellular,18,jul,3,-1,0,unknown,0
32,0,1,0,0,0,0,0,0,0,0,0,0,0,1,0,0,1,0,0,40,0,0,cellular,8,aug,2,-1,0,unknown,1
39,1,0,0,0,0,0,0,0,0,0,0,0,1,0,0,0,1,0,0,794,1,0,cellular,4,feb,1,243,3,failure,0
46,1,0,0,0,0,0,0,0,0,0,0,0,1,0,0,0,1,0,0,10,1,0,cellular,29,jul,7,-1,0,unknown,0
42,0,1,0,0,0,0,0,0,0,0,0,0,1,0,0,0,1,0,0,799,0,0,cellular,28,jan,1,181,6,failure,0
33,0,0,0,0,0,0,0,1,0,0,0,0,0,0,1,0,1,0,0,1117,0,0,cellular,2,jun,1,-1,0,unknown,1
32,0,0,0,0,0,0,0,1,0,0,0,0,0,1,0,1,0,0,0,1743,1,0,cellular,1,apr,1,261,3,other,0
52,0,0,0,0,0,0,1,0,0,0,0,0,0,1,0,0,1,0,0,726,1,0,cellular,24,may,1,378,9,failure,1
38,0,1,0,0,0,0,0,0,0,0,0,0,1,0,0,0,1,0,0,1097,0,1,cellular,7,aug,3,-1,0,unknown,0
61,0,0,0,0,0,1,0,0,0,0,0,0,1,0,0,0,1,0,0,3340,0,0,cellular,30,jun,1,-1,0,unknown,0
33,0,0,0,1,0,0,0,0,0,0,0,0,0,1,0,0,1,0,0,264,1,0,cellular,17,apr,1,-1,0,unknown,0
34,0,0,0,1,0,0,0,0,0,0,0,0,0,1,0,0,1,0,1,-60,0,0,cellular,3,apr,1,332,1,failure,0
26,1,0,0,0,0,0,0,0,0,0,0,0,1,0,0,1,0,0,0,775,0,0,unknown,19,may,3,-1,0,unknown,0
46,0,0,1,0,0,0,0,0,0,0,0,0,1,0,0,1,0,0,0,120,0,0,unknown,17,jun,4,-1,0,unknown,0
42,0,1,0,0,0,0,0,0,0,0,0,0,1,0,0,0,1,0,0,89,1,0,cellular,5,may,1,-1,0,unknown,0
52,0,0,0,0,0,0,0,1,0,0,0,0,1,0,0,0,1,0,0,540,1,0,cellular,11,may,2,340,2,failure,0
31,0,0,0,0,0,0,0,1,0,0,0,0,1,0,0,0,1,0,0,1020,1,0,cellular,19,nov,6,-1,0,unknown,0
47,0,0,0,0,0,0,0,0,1,0,0,0,0,0,1,0,1,0,0,510,1,0,cellular,11,may,3,-1,0,unknown,0
31,0,0,0,0,0,0,1,0,0,0,0,0,0,1,0,0,1,0,0,3950,1,0,cellular,21,nov,1,-1,0,unknown,1
30,1,0,0,0,0,0,0,0,0,0,0,0,0,1,0,1,0,0,0,617,0,0,cellular,27,feb,2,-1,0,unknown,1
34,0,0,0,0,0,0,0,0,0,1,0,0,0,1,0,0,1,0,0,1965,0,0,telephone,4,may,1,-1,0,unknown,1
71,0,0,0,0,0,1,0,0,0,0,0,0,0,0,1,0,1,0,0,3104,0,0,telephone,12,apr,1,187,1,failure,0
37,1,0,0,0,0,0,0,0,0,0,0,0,1,0,0,1,0,0,0,108,1,1,cellular,4,jun,2,-1,0,unknown,1
22,0,0,0,0,0,0,0,0,0,0,0,1,0,1,0,0,1,0,0,185,0,0,cellular,8,jul,1,-1,0,unknown,1
51,1,0,0,0,0,0,0,0,0,0,0,0,1,0,0,1,0,0,0,4917,0,0,cellular,23,apr,1,-1,0,unknown,1
28,1,0,0,0,0,0,0,0,0,0,0,0,0,1,0,1,0,0,0,1720,0,0,cellular,14,sep,1,91,4,success,1
31,0,0,0,1,0,0,0,0,0,0,0,0,1,0,0,1,0,0,0,-35,0,0,cellular,20,nov,2,-1,0,unknown,1
33,0,0,0,0,0,0,0,1,0,0,0,0,0,1,0,0,1,0,0,152,1,0,cellular,25,may,2,365,2,success,1
27,0,0,0,1,0,0,0,0,0,0,0,0,0,1,0,0,1,0,0,3792,0,0,cellular,22,apr,2,-1,0,unknown,1
21,0,0,0,1,0,0,0,0,0,0,0,0,0,1,0,0,0,1,0,-42,0,0,unknown,10,oct,1,-1,0,unknown,0
28,0,0,0,0,0,0,0,1,0,0,0,0,1,0,0,0,1,0,0,6,1,0,unknown,8,may,1,-1,0,unknown,0
37,0,0,0,1,0,0,0,0,0,0,0,0,1,0,0,0,1,0,0,604,1,0,cellular,7,oct,1,495,1,failure,1
36,1,0,0,0,0,0,0,0,0,0,0,0,1,0,0,0,0,1,0,1506,0,0,cellular,14,aug,3,-1,0,unknown,1
35,1,0,0,0,0,0,0,0,0,0,0,0,1,0,0,0,1,0,0,53,1,0,cellular,18,nov,1,-1,0,unknown,0
54,1,0,0,0,0,0,0,0,0,0,0,0,0,1,0,1,0,0,0,1464,1,1,unknown,26,may,4,-1,0,unknown,0
61,0,0,0,0,0,1,0,0,0,0,0,0,1,0,0,1,0,0,0,1257,0,0,cellular,10,feb,1,-1,0,unknown,1
47,0,0,0,0,0,0,1,0,0,0,0,0,1,0,0,0,1,0,0,1060,1,0,unknown,6,jun,3,-1,0,unknown,0
39,0,1,0,0,0,0,0,0,0,0,0,0,1,0,0,0,1,0,0,447,0,0,cellular,19,nov,1,-1,0,unknown,0
41,0,0,0,1,0,0,0,0,0,0,0,0,1,0,0,0,0,1,0,-75,1,0,cellular,18,may,1,-1,0,unknown,0
36,0,0,0,1,0,0,0,0,0,0,0,0,1,0,0,0,1,0,0,753,1,0,unknown,12,jun,1,-1,0,unknown,0
31,1,0,0,0,0,0,0,0,0,0,0,0,1,0,0,0,1,0,0,625,1,0,cellular,20,nov,1,-1,0,unknown,0
35,1,0,0,0,0,0,0,0,0,0,0,0,1,0,0,1,0,0,0,8000,0,0,cellular,13,may,1,90,3,success,1
64,0,0,0,0,1,1,0,0,0,0,0,0,1,0,0,0,0,0,0,679,0,0,telephone,16,nov,1,-1,0,unknown,1
34,1,0,0,0,0,0,0,0,0,0,0,0,1,0,0,1,0,0,0,498,1,0,cellular,29,jan,1,251,2,failure,0
28,0,1,0,0,0,0,0,0,0,0,0,0,0,1,0,0,1,0,0,0,0,1,cellular,22,jul,2,-1,0,unknown,0
40,0,0,0,1,0,0,0,0,0,0,0,0,1,0,0,0,0,1,0,540,1,0,unknown,2,jun,1,-1,0,unknown,0
40,0,0,0,1,1,0,0,0,0,0,0,0,1,0,0,0,0,0,0,928,1,0,cellular,17,apr,1,-1,0,unknown,0
41,0,0,0,0,0,0,1,0,0,0,0,0,1,0,0,0,1,0,0,3126,1,0,cellular,29,jun,1,91,7,failure,1
42,0,0,0,0,0,0,1,0,0,0,0,0,0,1,0,0,1,0,0,470,1,0,telephone,12,may,4,-1,0,unknown,0
42,0,0,0,1,0,0,0,0,0,0,0,0,1,0,0,0,0,1,0,402,0,0,cellular,13,may,7,330,17,failure,0
34,0,0,0,1,0,0,0,0,0,0,0,0,1,0,0,0,1,0,0,80,1,1,unknown,8,may,1,-1,0,unknown,0
41,0,0,0,0,0,0,0,0,0,1,0,0,1,0,0,0,1,0,0,1077,1,1,telephone,9,dec,3,387,2,failure,1
54,0,0,1,0,0,0,0,0,0,0,0,0,0,1,0,1,0,0,0,5417,1,0,cellular,3,apr,1,-1,0,unknown,0
29,1,0,0,0,0,0,0,0,0,0,0,0,0,1,0,1,0,0,0,985,1,0,cellular,23,jul,2,-1,0,unknown,1
36,0,0,0,0,0,0,1,0,0,0,0,0,0,1,0,0,1,0,0,0,1,1,unknown,16,may,1,-1,0,unknown,0
41,0,0,0,0,0,0,0,1,0,0,0,0,1,0,0,0,1,0,0,6618,1,0,unknown,4,jul,1,-1,0,unknown,0
52,0,1,0,0,0,0,0,0,0,0,0,0,1,0,0,1,0,0,0,876,0,0,cellular,4,may,3,-1,0,unknown,1
56,1,0,0,0,0,0,0,0,0,0,0,0,1,0,0,1,0,0,0,0,0,1,unknown,20,jun,1,-1,0,unknown,1
38,0,0,0,0,0,0,1,0,0,0,0,0,0,1,0,0,1,0,0,100,1,0,unknown,7,may,1,-1,0,unknown,1
47,0,0,0,1,0,0,0,0,0,0,0,0,1,0,0,0,1,0,0,2787,0,0,cellular,11,aug,1,-1,0,unknown,1
52,0,1,0,0,0,0,0,0,0,0,0,0,1,0,0,1,0,0,0,2557,0,0,cellular,8,jul,1,156,1,other,1
48,1,0,0,0,0,0,0,0,0,0,0,0,0,0,1,1,0,0,0,249,0,0,cellular,6,aug,6,-1,0,unknown,0
41,1,0,0,0,0,0,0,0,0,0,0,0,1,0,0,0,1,0,0,280,1,0,cellular,27,feb,2,-1,0,unknown,1
28,0,0,0,0,0,0,0,1,0,0,0,0,0,1,0,0,1,0,0,340,1,0,cellular,24,jul,2,-1,0,unknown,1
36,0,0,0,1,0,0,0,0,0,0,0,0,1,0,0,0,1,0,0,3266,1,0,cellular,21,nov,1,-1,0,unknown,0
41,0,0,0,1,0,0,0,0,0,0,0,0,1,0,0,0,1,0,0,-217,1,0,cellular,11,may,1,349,3,other,0
41,1,0,0,0,0,0,0,0,0,0,0,0,1,0,0,1,0,0,0,850,0,0,unknown,6,jun,2,-1,0,unknown,0
30,0,0,0,0,0,0,1,0,0,0,0,0,0,1,0,0,1,0,0,69,1,0,cellular,17,apr,1,-1,0,unknown,1
41,0,0,0,1,0,0,0,0,0,0,0,0,0,1,0,0,1,0,1,81,0,0,cellular,19,nov,3,-1,0,unknown,0
30,0,1,0,0,0,0,0,0,0,0,0,0,0,1,0,0,1,0,0,23,1,0,unknown,9,may,1,-1,0,unknown,0
51,0,0,0,0,0,0,0,1,0,0,0,0,1,0,0,0,1,0,0,1191,0,1,cellular,17,nov,1,-1,0,unknown,0
70,0,0,0,0,0,1,0,0,0,0,0,0,1,0,0,0,0,1,0,2346,0,0,cellular,24,feb,1,184,5,failure,1
59,0,0,0,1,0,0,0,0,0,0,0,0,1,0,0,0,0,1,0,14,1,1,cellular,18,nov,2,182,1,failure,0
35,0,0,0,1,0,0,0,0,0,0,0,0,0,0,1,0,0,1,0,1792,1,0,cellular,31,jul,6,-1,0,unknown,1
76,0,0,0,0,0,1,0,0,0,0,0,0,0,0,1,0,0,1,0,2693,0,0,cellular,21,oct,2,-1,0,unknown,1
39,0,1,0,0,0,0,0,0,0,0,0,0,1,0,0,0,1,0,0,133,1,0,cellular,14,may,4,352,4,other,0
33,0,0,0,1,0,0,0,0,0,0,0,0,0,1,0,0,1,0,0,697,0,0,cellular,6,feb,2,-1,0,unknown,1
48,0,1,0,0,0,0,0,0,0,0,0,0,1,0,0,0,0,1,1,-530,0,1,cellular,19,nov,1,-1,0,unknown,0
34,1,0,0,0,0,0,0,0,0,0,0,0,0,1,0,1,0,0,0,6766,0,0,cellular,28,aug,5,-1,0,unknown,0
59,0,0,0,0,0,1,0,0,0,0,0,0,1,0,0,0,1,0,0,319,1,0,unknown,5,may,3,-1,0,unknown,0
34,0,0,0,1,0,0,0,0,0,0,0,0,1,0,0,0,1,0,0,3990,1,0,cellular,24,jul,7,-1,0,unknown,0
58,1,0,0,0,0,0,0,0,0,0,0,0,1,0,0,1,0,0,0,4152,1,0,cellular,30,apr,2,164,4,other,1
48,0,0,0,0,0,0,1,0,0,0,0,0,0,1,0,0,1,0,0,1150,1,0,unknown,28,may,1,-1,0,unknown,0
37,1,0,0,0,0,0,0,0,0,0,0,0,0,1,0,1,0,0,0,102,1,0,cellular,6,may,1,258,2,failure,1
39,0,0,0,0,0,0,1,0,0,0,0,0,1,0,0,0,1,0,0,732,0,0,cellular,23,apr,4,-1,0,unknown,1
21,0,0,0,1,0,0,0,0,0,0,0,0,0,1,0,0,1,0,0,292,1,1,telephone,13,may,4,-1,0,unknown,0
40,0,0,0,1,0,0,0,0,0,0,0,0,1,0,0,0,1,0,0,1808,1,0,cellular,12,may,1,-1,0,unknown,1
65,0,0,0,0,0,1,0,0,0,0,0,0,1,0,0,0,0,1,0,308,0,0,cellular,1,sep,1,-1,0,unknown,1
47,0,0,0,0,0,0,1,0,0,0,0,0,1,0,0,0,1,0,0,257,1,0,unknown,15,may,11,-1,0,unknown,0
44,0,0,1,0,0,0,0,0,0,0,0,0,1,0,0,0,0,1,0,276,1,1,unknown,15,may,1,-1,0,unknown,0
26,0,0,0,1,0,0,0,0,0,0,0,0,0,1,0,0,1,0,0,2669,1,0,cellular,16,apr,1,-1,0,unknown,0
47,1,0,0,0,0,0,0,0,0,0,0,0,0,1,0,1,0,0,0,86,0,0,cellular,2,feb,1,-1,0,unknown,1
50,0,0,0,0,0,0,0,1,0,0,0,0,1,0,0,0,1,0,0,1683,0,0,telephone,9,jul,1,-1,0,unknown,0
60,0,1,0,0,0,0,0,0,0,0,0,0,1,0,0,0,1,0,0,10925,0,0,cellular,23,oct,3,185,1,success,1
29,0,0,0,1,0,0,0,0,0,0,0,0,0,1,0,0,1,0,0,2891,1,0,cellular,7,may,1,-1,0,unknown,0
34,0,1,0,0,0,0,0,0,0,0,0,0,1,0,0,1,0,0,0,23076,0,0,cellular,26,may,2,35,6,other,1
39,1,0,0,0,0,0,0,0,0,0,0,0,1,0,0,1,0,0,0,2939,0,0,cellular,29,jun,1,165,2,success,0
53,1,0,0,0,0,0,0,0,0,0,0,0,0,0,1,1,0,0,0,913,0,0,cellular,20,aug,3,-1,0,unknown,0
58,1,0,0,0,0,0,0,0,0,0,0,0,1,0,0,1,0,0,0,256,0,0,cellular,10,dec,1,188,3,success,1
52,0,0,0,0,0,0,1,0,0,0,0,0,1,0,0,0,1,0,0,484,1,0,unknown,6,may,1,-1,0,unknown,0
35,1,0,0,0,0,0,0,0,0,0,0,0,1,0,0,1,0,0,0,5367,0,0,cellular,2,mar,1,-1,0,unknown,0
84,0,0,1,0,0,0,0,0,0,0,0,0,1,0,0,0,1,0,0,0,0,0,telephone,30,sep,2,-1,0,unknown,1
47,0,0,0,0,1,0,1,0,0,0,0,0,1,0,0,0,0,0,0,66,0,0,cellular,26,feb,1,203,1,success,0
49,0,0,1,0,0,0,0,0,0,0,0,0,1,0,0,0,1,0,0,1160,1,0,unknown,14,may,1,-1,0,unknown,0
57,1,0,0,0,0,0,0,0,0,0,0,0,0,0,1,1,0,0,0,8897,1,0,cellular,12,aug,2,-1,0,unknown,1
28,1,0,0,0,0,0,0,0,0,0,0,0,0,1,0,1,0,0,0,957,0,0,cellular,25,may,2,-1,0,unknown,1
29,0,0,0,1,0,0,0,0,0,0,0,0,0,0,1,0,1,0,0,-19,1,0,cellular,20,apr,4,-1,0,unknown,1
30,0,1,0,0,0,0,0,0,0,0,0,0,0,1,0,0,1,0,0,411,1,0,cellular,16,apr,1,-1,0,unknown,0
35,1,0,0,0,0,0,0,0,0,0,0,0,0,1,0,1,0,0,0,-146,1,0,cellular,21,aug,1,-1,0,unknown,0
40,0,0,0,0,0,0,0,1,0,0,0,0,1,0,0,0,0,1,0,1082,1,0,unknown,30,may,2,-1,0,unknown,1
36,1,0,0,0,0,0,0,0,0,0,0,0,1,0,0,1,0,0,0,495,0,0,cellular,5,aug,3,97,2,success,1
43,0,0,0,0,0,0,0,0,1,0,0,0,0,0,1,0,1,0,0,347,0,0,cellular,19,nov,3,-1,0,unknown,1
85,0,0,0,0,0,1,0,0,0,0,0,0,0,0,1,0,0,1,0,7613,0,0,cellular,18,feb,3,-1,0,unknown,1
53,0,0,0,1,0,0,0,0,0,0,0,0,1,0,0,0,0,1,0,18,0,0,cellular,26,aug,4,-1,0,unknown,0
34,0,1,0,0,0,0,0,0,0,0,0,0,1,0,0,0,1,0,0,159,1,0,cellular,18,oct,1,-1,0,unknown,1
37,0,0,0,1,0,0,0,0,0,0,0,0,1,0,0,0,0,1,0,643,1,1,cellular,2,feb,3,269,3,other,0
43,0,0,0,1,0,0,0,0,0,0,0,0,1,0,0,0,1,0,0,576,1,1,unknown,13,may,1,-1,0,unknown,0
35,0,0,0,0,0,0,0,1,0,0,0,0,1,0,0,0,1,0,0,341,1,0,cellular,14,may,1,-1,0,unknown,1
55,1,0,0,0,0,0,0,0,0,0,0,0,0,0,1,0,1,0,0,698,1,1,cellular,6,feb,1,-1,0,unknown,0
50,0,0,0,1,0,0,0,0,0,0,0,0,1,0,0,0,0,1,0,84,1,0,unknown,29,may,1,-1,0,unknown,0
35,1,0,0,0,0,0,0,0,0,0,0,0,0,0,1,1,0,0,0,505,0,0,cellular,23,jul,1,-1,0,unknown,0
41,0,0,0,1,0,0,0,0,0,0,0,0,0,1,0,0,0,1,0,74,0,0,unknown,9,jul,4,-1,0,unknown,0
42,0,1,0,0,0,0,0,0,0,0,0,0,0,1,0,0,1,0,0,2646,1,0,cellular,23,jul,4,-1,0,unknown,0
46,0,0,0,0,0,0,1,0,0,0,0,0,1,0,0,0,1,0,0,1804,0,0,cellular,11,aug,2,-1,0,unknown,0
32,1,0,0,0,0,0,0,0,0,0,0,0,0,1,0,1,0,0,0,11,1,1,cellular,5,may,1,-1,0,unknown,0
28,0,0,0,0,0,0,0,1,0,0,0,0,1,0,0,0,1,0,0,510,1,1,cellular,8,jul,2,-1,0,unknown,1
46,0,0,0,1,0,0,0,0,0,0,0,0,1,0,0,0,1,0,0,-221,1,1,cellular,2,feb,2,244,1,failure,0
43,0,0,0,1,0,0,0,0,0,0,0,0,0,0,1,0,1,0,0,47,1,1,cellular,13,may,2,370,1,failure,0
50,0,0,1,0,0,0,0,0,0,0,0,0,1,0,0,1,0,0,0,1605,1,0,unknown,23,may,2,-1,0,unknown,0
28,0,0,0,0,0,0,0,0,1,0,0,0,0,1,0,1,0,0,0,805,0,0,cellular,16,feb,1,-1,0,unknown,1
59,0,0,0,0,0,1,0,0,0,0,0,0,1,0,0,0,0,1,0,574,0,0,cellular,18,aug,6,-1,0,unknown,0
52,0,0,0,1,0,0,0,0,0,0,0,0,0,1,0,0,0,1,0,210,1,0,unknown,12,may,1,-1,0,unknown,0
23,0,0,0,0,0,0,0,0,0,0,0,1,0,1,0,0,1,0,0,1062,0,0,telephone,27,sep,3,-1,0,unknown,0
41,1,0,0,0,0,0,0,0,0,0,0,0,0,0,1,1,0,0,0,1757,0,0,cellular,22,apr,1,239,13,failure,1
39,0,0,0,0,0,0,0,0,1,0,0,0,0,1,0,1,0,0,0,917,1,0,cellular,5,feb,2,258,1,failure,0
52,0,0,0,0,0,0,0,0,0,0,1,0,1,0,0,0,1,0,0,3923,1,0,unknown,14,may,3,-1,0,unknown,1
36,1,0,0,0,0,0,0,0,0,0,0,0,1,0,0,1,0,0,0,2660,0,0,cellular,6,aug,2,-1,0,unknown,0
71,0,0,0,0,0,1,0,0,0,0,0,0,0,0,1,1,0,0,1,1236,1,0,cellular,14,sep,4,-1,0,unknown,1
31,0,0,0,0,0,0,0,1,0,0,0,0,1,0,0,0,1,0,0,428,1,0,unknown,21,may,1,-1,0,unknown,0
33,0,0,0,1,0,0,0,0,0,0,0,0,1,0,0,0,0,1,0,5,1,0,cellular,17,apr,2,-1,0,unknown,1
42,0,0,1,0,0,0,0,0,0,0,0,0,1,0,0,1,0,0,0,5345,0,0,unknown,11,jun,3,-1,0,unknown,1
71,0,0,0,0,0,1,0,0,0,0,0,0,1,0,0,1,0,0,0,2887,0,0,cellular,30,jun,1,-1,0,unknown,1
34,0,1,0,0,0,0,0,0,0,0,0,0,0,1,0,0,1,0,0,85,1,0,unknown,20,may,4,-1,0,unknown,1
34,0,0,0,1,0,0,0,0,0,0,0,0,1,0,0,0,1,0,0,0,1,0,unknown,30,jun,3,-1,0,unknown,0
63,0,0,0,0,0,1,0,0,0,0,0,0,1,0,0,0,1,0,0,18016,0,0,cellular,7,jul,1,-1,0,unknown,1
49,0,0,0,0,0,0,1,0,0,0,0,0,0,0,1,0,1,0,0,168,1,1,unknown,8,may,1,-1,0,unknown,1
40,0,0,0,0,0,0,1,0,0,0,0,0,0,1,0,0,1,0,0,142,0,1,unknown,20,jun,3,-1,0,unknown,0
35,0,0,0,0,0,0,0,1,0,0,0,0,1,0,0,0,1,0,0,2918,0,1,cellular,16,jul,2,407,3,success,1
37,1,0,0,0,0,0,0,0,0,0,0,0,1,0,0,1,0,0,0,156,0,0,cellular,19,nov,3,-1,0,unknown,1
48,0,1,0,0,0,0,0,0,0,0,0,0,0,0,1,1,0,0,0,855,0,0,cellular,6,aug,4,-1,0,unknown,0
31,0,0,0,0,0,0,0,0,0,1,0,0,0,1,0,0,1,0,0,-186,1,0,unknown,26,may,3,-1,0,unknown,0
39,0,0,0,0,0,0,0,1,0,0,0,0,0,0,1,0,1,0,0,-152,1,0,cellular,3,apr,3,-1,0,unknown,0
31,0,1,0,0,0,0,0,0,0,0,0,0,0,1,0,0,1,0,0,13,0,0,cellular,21,nov,1,-1,0,unknown,0
34,1,0,0,0,0,0,0,0,0,0,0,0,1,0,0,1,0,0,0,2287,1,0,unknown,26,may,4,-1,0,unknown,1
39,0,1,0,0,0,0,0,0,0,0,0,0,0,1,0,1,0,0,0,1531,0,0,telephone,15,jul,6,-1,0,unknown,0
52,0,0,0,0,0,1,0,0,0,0,0,0,0,0,1,0,0,1,0,-779,1,1,cellular,17,apr,1,-1,0,unknown,1
37,0,1,0,0,0,0,0,0,0,0,0,0,1,0,0,1,0,0,0,88,0,0,cellular,6,may,1,90,3,other,1
29,0,0,0,0,0,0,0,1,0,0,0,0,0,1,0,0,0,1,0,339,0,0,unknown,4,jul,3,-1,0,unknown,1
49,1,0,0,0,0,0,0,0,0,0,0,0,1,0,0,1,0,0,0,5887,0,0,cellular,4,dec,3,185,5,success,1
55,0,0,0,0,1,0,0,0,0,0,0,0,1,0,0,0,1,0,0,2206,0,0,cellular,12,aug,1,91,5,success,1
39,1,0,0,0,0,0,0,0,0,0,0,0,1,0,0,1,0,0,0,763,1,0,cellular,11,may,7,300,2,other,1
58,0,0,0,0,0,0,0,0,1,0,0,0,0,0,1,1,0,0,0,1382,0,0,unknown,9,jun,1,-1,0,unknown,1
71,0,0,0,0,0,1,0,0,0,0,0,0,1,0,0,1,0,0,0,653,0,0,telephone,26,feb,1,-1,0,unknown,1
41,0,0,0,0,0,0,0,0,0,1,0,0,1,0,0,0,1,0,0,0,1,1,telephone,27,apr,12,-1,0,unknown,0
37,1,0,0,0,0,0,0,0,0,0,0,0,0,1,0,1,0,0,0,1730,0,0,cellular,19,mar,1,-1,0,unknown,1
33,1,0,0,0,0,0,0,0,0,0,0,0,0,1,0,1,0,0,0,718,1,0,cellular,6,apr,1,98,2,success,1
35,1,0,0,0,0,0,0,0,0,0,0,0,0,1,0,1,0,0,0,916,1,0,cellular,14,may,2,-1,0,unknown,1
63,0,0,0,0,0,1,0,0,0,0,0,0,1,0,0,0,1,0,0,2896,0,0,cellular,1,jul,1,119,2,success,1
39,1,0,0,0,0,0,0,0,0,0,0,0,1,0,0,1,0,0,0,5495,1,0,cellular,19,aug,6,-1,0,unknown,0
54,0,0,0,1,0,0,0,0,0,0,0,0,1,0,0,0,0,1,0,1111,0,0,telephone,26,aug,9,-1,0,unknown,0
43,0,0,1,0,0,0,0,0,0,0,0,0,1,0,0,0,1,0,0,1516,1,0,unknown,14,may,1,-1,0,unknown,0
36,0,1,0,0,0,0,0,0,0,0,0,0,1,0,0,1,0,0,0,404,0,0,unknown,17,jun,2,-1,0,unknown,0
57,0,1,0,0,0,0,0,0,0,0,0,0,1,0,0,1,0,0,0,-1,0,0,unknown,14,may,2,-1,0,unknown,1
33,0,0,0,0,0,0,0,1,0,0,0,0,0,1,0,1,0,0,0,395,1,0,cellular,23,jul,6,-1,0,unknown,1
37,0,0,0,0,0,0,1,0,0,0,0,0,0,1,0,1,0,0,0,1000,1,0,cellular,15,jun,1,90,1,success,1
31,0,0,0,0,1,0,0,0,0,0,0,0,1,0,0,0,1,0,0,111,0,0,cellular,21,nov,2,93,2,failure,1
30,0,0,0,0,0,0,1,0,0,0,0,0,0,0,1,0,1,0,0,78,1,0,cellular,24,jul,1,-1,0,unknown,0
48,1,0,0,0,0,0,0,0,0,0,0,0,1,0,0,0,1,0,0,410,1,0,cellular,12,may,1,-1,0,unknown,0
36,1,0,0,0,0,0,0,0,0,0,0,0,1,0,0,1,0,0,0,203,0,0,cellular,23,jul,3,179,2,success,1
34,0,0,1,0,0,0,0,0,0,0,0,0,1,0,0,1,0,0,0,1076,1,0,cellular,5,feb,10,-1,0,unknown,1
36,0,0,0,0,0,0,0,1,0,0,0,0,1,0,0,0,1,0,0,4721,0,0,cellular,9,dec,3,-1,0,unknown,1
29,0,0,0,0,0,0,1,0,0,0,0,0,0,1,0,0,1,0,0,464,0,0,cellular,10,aug,2,518,1,failure,1
47,0,0,0,1,0,0,0,0,0,0,0,0,1,0,0,0,1,0,0,8229,0,0,cellular,8,aug,2,-1,0,unknown,1
29,0,0,0,0,0,0,1,0,0,0,0,0,0,1,0,0,1,0,0,11,0,0,unknown,27,jun,1,-1,0,unknown,0
30,0,1,0,0,0,0,0,0,0,0,0,0,0,1,0,0,1,0,0,3,0,0,cellular,28,aug,6,-1,0,unknown,0
57,0,0,0,0,0,0,1,0,0,0,0,0,1,0,0,0,0,1,0,202,1,0,cellular,20,apr,1,346,2,failure,0
72,0,0,0,0,1,1,0,0,0,0,0,0,1,0,0,0,0,0,0,1940,0,0,telephone,4,dec,2,-1,0,unknown,1
42,0,0,0,0,0,0,0,0,0,1,0,0,1,0,0,1,0,0,0,576,0,0,cellular,3,jun,2,96,1,success,1
44,0,0,0,0,0,0,1,0,0,0,0,0,0,0,1,1,0,0,0,558,1,0,cellular,31,mar,2,-1,0,unknown,1
59,0,0,0,0,0,0,1,0,0,0,0,0,1,0,0,0,1,0,0,0,1,0,cellular,10,jul,1,-1,0,unknown,1
56,0,0,0,0,0,1,0,0,0,0,0,0,0,0,1,1,0,0,0,158,0,1,cellular,21,jul,1,-1,0,unknown,1
48,1,0,0,0,0,0,0,0,0,0,0,0,1,0,0,1,0,0,0,5320,1,0,unknown,20,jun,1,-1,0,unknown,1
45,0,0,0,0,1,0,0,0,0,0,0,0,0,0,1,0,0,0,0,0,0,0,cellular,21,apr,3,-1,0,unknown,1
23,0,1,0,0,0,0,0,0,0,0,0,0,1,0,0,0,1,0,0,8254,1,0,unknown,29,may,3,-1,0,unknown,0
28,1,0,0,0,0,0,0,0,0,0,0,0,0,1,0,1,0,0,0,9314,0,0,cellular,2,jul,2,-1,0,unknown,1
34,1,0,0,0,0,0,0,0,0,0,0,0,0,1,0,1,0,0,0,681,0,0,cellular,6,aug,2,-1,0,unknown,1
38,0,0,0,1,0,0,0,0,0,0,0,0,1,0,0,0,0,1,0,-41,1,0,cellular,21,jul,10,-1,0,unknown,0
36,0,0,0,0,0,0,1,0,0,0,0,0,1,0,0,0,1,0,0,114,1,1,unknown,8,may,1,-1,0,unknown,0
53,0,0,0,0,0,0,0,0,0,0,1,0,1,0,0,0,0,1,0,362,0,0,cellular,28,jul,2,-1,0,unknown,1
26,1,0,0,0,0,0,0,0,0,0,0,0,0,1,0,1,0,0,0,3704,0,0,cellular,19,aug,4,-1,0,unknown,1
73,0,0,0,0,0,1,0,0,0,0,0,0,0,0,1,0,1,0,0,7111,1,0,cellular,12,oct,1,-1,0,unknown,1
31,0,1,0,0,0,0,0,0,0,0,0,0,0,1,0,1,0,0,0,56,0,0,unknown,15,may,3,-1,0,unknown,0
37,0,1,0,0,0,0,0,0,0,0,0,0,0,1,0,1,0,0,0,1309,0,0,unknown,6,jun,2,-1,0,unknown,0
26,0,0,0,1,0,0,0,0,0,0,0,0,0,1,0,0,0,1,0,409,1,0,cellular,21,jul,2,-1,0,unknown,1
33,0,1,0,0,0,0,0,0,0,0,0,0,0,1,0,1,0,0,0,109,1,1,cellular,25,may,2,10,7,failure,1
45,0,0,0,0,0,0,0,1,0,0,0,0,0,0,1,0,1,0,0,608,1,1,cellular,7,may,3,323,30,failure,1
52,0,0,0,0,0,0,0,0,0,0,1,0,1,0,0,0,0,1,0,3798,1,0,cellular,17,jul,1,-1,0,unknown,1
34,0,0,0,1,0,0,0,0,0,0,0,0,1,0,0,0,1,0,0,1207,1,0,unknown,21,may,1,-1,0,unknown,1
36,1,0,0,0,0,0,0,0,0,0,0,0,0,1,0,1,0,0,0,613,0,0,cellular,7,aug,2,-1,0,unknown,0
30,1,0,0,0,1,0,0,0,0,0,0,0,1,0,0,0,0,0,0,385,0,0,cellular,26,may,2,97,2,other,0
35,0,0,0,0,0,0,1,0,0,0,0,0,0,0,1,0,1,0,0,1085,0,0,cellular,5,jun,1,86,7,success,1
48,1,0,0,0,0,0,0,0,0,0,0,0,1,0,0,1,0,0,0,1147,0,0,cellular,5,aug,1,64,2,success,1
30,0,1,0,0,0,0,0,0,0,0,0,0,0,1,0,1,0,0,0,0,1,0,cellular,5,jul,1,424,8,success,1
48,0,0,0,0,0,0,0,0,1,0,0,0,1,0,0,1,0,0,0,0,0,0,cellular,29,jan,3,-1,0,unknown,1
36,0,0,0,0,0,0,1,0,0,0,0,0,1,0,0,1,0,0,0,29,0,0,cellular,12,aug,1,-1,0,unknown,1
53,0,1,0,0,0,0,0,0,0,0,0,0,1,0,0,0,1,0,0,3429,0,0,cellular,19,aug,4,-1,0,unknown,0
35,0,0,0,0,0,0,0,0,1,0,0,0,1,0,0,0,1,0,0,188,1,1,unknown,5,jun,2,-1,0,unknown,1
26,0,0,0,1,0,0,0,0,0,0,0,0,1,0,0,0,1,0,0,-11,1,1,cellular,17,jul,3,-1,0,unknown,1
57,0,0,0,1,0,0,0,0,0,0,0,0,1,0,0,0,0,1,0,1610,0,0,telephone,16,mar,1,-1,0,unknown,0
60,0,0,1,0,1,0,0,0,0,0,0,0,1,0,0,0,0,0,1,-284,1,1,cellular,4,aug,8,-1,0,unknown,0
42,1,0,0,0,0,0,0,0,0,0,0,0,1,0,0,1,0,0,0,2187,1,0,cellular,17,nov,3,-1,0,unknown,1
25,0,0,0,0,0,0,0,1,0,0,0,0,0,1,0,0,1,0,0,229,1,0,unknown,2,jun,2,-1,0,unknown,0
39,0,1,0,0,0,0,0,0,0,0,0,0,0,1,0,0,1,0,0,1048,1,1,cellular,8,apr,2,-1,0,unknown,0
34,1,0,0,0,0,0,0,0,0,0,0,0,1,0,0,1,0,0,0,8000,0,0,cellular,12,feb,1,260,2,failure,1
54,1,0,0,0,0,0,0,0,0,0,0,0,0,0,1,1,0,0,0,2152,0,0,cellular,17,may,3,186,7,other,0
59,0,0,0,0,0,1,0,0,0,0,0,0,1,0,0,0,0,1,0,1115,0,0,unknown,19,jun,1,-1,0,unknown,1
43,0,0,0,1,0,0,0,0,0,0,0,0,1,0,0,0,1,0,0,3549,1,0,cellular,15,may,5,-1,0,unknown,0
31,1,0,0,0,0,0,0,0,0,0,0,0,0,1,0,1,0,0,0,933,1,0,cellular,9,jul,1,-1,0,unknown,0
26,0,0,0,1,0,0,0,0,0,0,0,0,0,1,0,0,1,0,0,-46,1,0,unknown,20,jun,7,-1,0,unknown,1
52,0,0,1,0,0,0,0,0,0,0,0,0,1,0,0,0,0,1,0,-104,0,1,cellular,10,jul,1,-1,0,unknown,0
39,0,0,0,1,0,0,0,0,0,0,0,0,1,0,0,0,1,0,0,0,1,0,unknown,6,may,1,-1,0,unknown,0
25,0,0,0,1,0,0,0,0,0,0,0,0,0,1,0,0,0,1,0,292,1,1,cellular,18,may,2,-1,0,unknown,1
41,1,0,0,0,0,0,0,0,0,0,0,0,0,1,0,1,0,0,0,1253,0,0,cellular,21,jul,5,-1,0,unknown,1
25,0,0,0,0,0,0,1,0,0,0,0,0,0,1,0,1,0,0,0,3730,1,0,cellular,27,feb,1,-1,0,unknown,1
42,1,0,0,0,0,0,0,0,0,0,0,0,1,0,0,1,0,0,0,36,0,0,cellular,21,nov,3,-1,0,unknown,1
51,0,0,0,0,0,0,1,0,0,0,0,0,1,0,0,0,1,0,0,423,1,1,cellular,16,oct,1,-1,0,unknown,0
35,0,0,0,0,0,0,0,0,0,0,1,0,1,0,0,1,0,0,0,1265,1,0,cellular,15,may,5,179,4,failure,1
25,0,1,0,0,0,0,0,0,0,0,0,0,0,1,0,1,0,0,0,640,1,0,unknown,13,may,2,-1,0,unknown,0
32,0,0,0,0,0,0,1,0,0,0,0,0,0,1,0,1,0,0,0,3816,1,0,cellular,21,nov,3,-1,0,unknown,0
54,0,0,0,0,0,1,0,0,0,0,0,0,1,0,0,0,1,0,0,918,1,0,unknown,14,may,1,-1,0,unknown,0
32,0,0,0,0,0,0,0,1,0,0,0,0,0,1,0,0,1,0,0,284,1,0,unknown,28,may,2,-1,0,unknown,0
34,0,0,0,1,0,0,0,0,0,0,0,0,0,1,0,0,1,0,0,1759,0,1,cellular,25,jul,1,-1,0,unknown,1
36,0,0,0,1,0,0,0,0,0,0,0,0,0,0,1,0,0,1,0,102,0,0,cellular,3,feb,2,-1,0,unknown,0
33,0,0,0,0,0,0,0,0,0,1,0,0,0,1,0,1,0,0,0,1974,0,0,cellular,14,aug,2,191,1,failure,1
65,0,0,0,0,0,1,0,0,0,0,0,0,1,0,0,1,0,0,0,1973,0,0,telephone,21,apr,3,-1,0,unknown,1
54,0,0,0,0,0,0,1,0,0,0,0,0,0,0,1,0,1,0,0,1872,0,0,cellular,13,feb,5,-1,0,unknown,1
33,0,0,1,0,0,0,0,0,0,0,0,0,1,0,0,0,1,0,0,-627,1,1,cellular,8,jul,1,-1,0,unknown,1
42,0,0,0,0,0,0,1,0,0,0,0,0,0,0,1,0,1,0,0,2129,0,0,cellular,13,aug,1,182,2,other,1
27,0,0,0,0,0,0,0,1,0,0,0,0,0,1,0,0,1,0,0,814,1,0,cellular,7,may,2,-1,0,unknown,0
40,0,0,0,0,0,0,0,1,0,0,0,0,1,0,0,0,1,0,0,71,0,0,unknown,6,may,1,-1,0,unknown,0
34,0,0,0,1,0,0,0,0,0,0,0,0,0,0,1,0,1,0,0,1125,1,1,cellular,19,nov,2,-1,0,unknown,0
57,0,0,0,0,0,0,1,0,0,0,0,0,0,0,1,0,1,0,0,0,0,0,cellular,9,sep,2,-1,0,unknown,0
37,0,0,0,0,0,0,0,0,0,1,0,0,1,0,0,0,1,0,0,1978,0,0,cellular,9,sep,1,182,1,success,1
30,1,0,0,0,0,0,0,0,0,0,0,0,1,0,0,1,0,0,0,10639,0,0,cellular,18,aug,2,-1,0,unknown,0
43,0,1,0,0,0,0,0,0,0,0,0,0,1,0,0,0,1,0,0,1358,0,0,cellular,10,mar,3,-1,0,unknown,1
35,0,1,0,0,0,0,0,0,0,0,0,0,1,0,0,0,1,0,0,1707,1,0,unknown,2,jun,3,-1,0,unknown,0
40,0,0,0,1,0,0,0,0,0,0,0,0,0,1,0,0,1,0,0,3,0,0,cellular,19,nov,1,-1,0,unknown,1
27,1,0,0,0,0,0,0,0,0,0,0,0,0,1,0,1,0,0,0,703,1,0,unknown,5,jun,3,-1,0,unknown,1
29,0,0,0,0,0,0,1,0,0,0,0,0,0,1,0,0,1,0,0,1070,1,0,unknown,19,may,1,357,1,other,1
61,0,0,0,0,0,1,0,0,0,0,0,0,0,0,1,0,1,0,0,4243,0,0,cellular,30,apr,1,182,2,success,1
55,0,1,0,0,0,0,0,0,0,0,0,0,1,0,0,0,1,0,0,3899,1,0,telephone,28,jul,4,-1,0,unknown,1
45,0,0,0,0,0,0,0,0,0,1,0,0,1,0,0,0,1,0,0,-407,1,0,cellular,15,may,3,371,2,failure,0
61,0,0,0,0,0,1,0,0,0,0,0,0,1,0,0,1,0,0,0,3140,1,1,cellular,6,aug,4,98,1,unknown,1
26,0,1,0,0,0,0,0,0,0,0,0,0,0,1,0,0,1,0,0,2002,0,0,cellular,29,jan,1,-1,0,unknown,1
46,1,0,0,0,0,0,0,0,0,0,0,0,1,0,0,1,0,0,0,245,1,0,unknown,16,may,10,-1,0,unknown,0
33,1,0,0,0,0,0,0,0,0,0,0,0,0,1,0,1,0,0,0,1120,0,0,cellular,11,aug,2,-1,0,unknown,1
54,0,0,0,0,0,1,0,0,0,0,0,0,1,0,0,0,1,0,0,1371,0,0,telephone,25,jul,2,-1,0,unknown,1
28,0,0,0,1,0,0,0,0,0,0,0,0,1,0,0,0,1,0,0,61,1,0,cellular,11,feb,1,174,4,success,1
41,0,0,0,1,0,0,0,0,0,0,0,0,1,0,0,0,0,1,0,143,1,1,unknown,2,jun,2,-1,0,unknown,1
59,1,0,0,0,0,0,0,0,0,0,0,0,1,0,0,1,0,0,0,1783,0,1,cellular,17,nov,2,-1,0,unknown,1
52,0,1,0,0,0,0,0,0,0,0,0,0,1,0,0,0,1,0,0,851,0,0,unknown,17,jun,2,-1,0,unknown,0
34,0,0,0,0,0,0,0,0,0,1,0,0,1,0,0,0,1,0,0,978,0,0,cellular,3,jun,2,71,1,success,1
35,1,0,0,0,0,0,0,0,0,0,0,0,0,1,0,1,0,0,0,2576,1,1,cellular,6,may,3,273,4,failure,0
52,0,0,0,1,0,0,0,0,0,0,0,0,1,0,0,0,1,0,0,409,0,0,cellular,8,aug,2,-1,0,unknown,0
37,1,0,0,0,0,0,0,0,0,0,0,0,0,1,0,1,0,0,0,72,1,1,cellular,20,apr,5,150,7,failure,1
35,0,0,0,0,0,0,0,0,0,1,0,0,1,0,0,0,1,0,0,978,0,0,cellular,29,dec,3,209,3,success,1
45,0,1,0,0,0,0,0,0,0,0,0,0,1,0,0,0,1,0,0,0,1,1,telephone,9,jul,1,-1,0,unknown,0
42,0,1,0,0,0,0,0,0,0,0,0,0,0,0,1,1,0,0,0,2517,0,0,cellular,27,aug,17,-1,0,unknown,0
29,0,0,0,1,0,0,0,0,0,0,0,0,1,0,0,0,1,0,0,2870,1,0,cellular,16,jul,1,-1,0,unknown,1
37,0,0,0,0,0,0,1,0,0,0,0,0,0,1,0,0,1,0,0,4803,0,0,cellular,15,jan,2,-1,0,unknown,1
30,0,0,0,0,0,0,0,1,0,0,0,0,1,0,0,0,1,0,0,134,1,0,cellular,17,apr,1,-1,0,unknown,0
58,0,0,0,0,0,1,0,0,0,0,0,0,1,0,0,1,0,0,0,1425,0,0,cellular,30,apr,1,-1,0,unknown,1
26,0,0,0,1,0,0,0,0,0,0,0,0,1,0,0,0,1,0,0,-284,1,0,unknown,28,may,3,-1,0,unknown,0
58,1,0,0,0,0,0,0,0,0,0,0,0,1,0,0,1,0,0,0,473,0,0,cellular,18,feb,1,262,1,success,1
25,1,0,0,0,0,0,0,0,0,0,0,0,0,1,0,1,0,0,0,1317,0,0,cellular,26,may,1,-1,0,unknown,1
38,0,0,0,0,0,0,0,1,0,0,0,0,1,0,0,0,1,0,0,5293,1,0,cellular,11,may,1,171,6,failure,1
60,1,0,0,0,0,0,0,0,0,0,0,0,1,0,0,1,0,0,0,6657,1,0,cellular,29,jul,19,-1,0,unknown,0
41,1,0,0,0,0,0,0,0,0,0,0,0,1,0,0,1,0,0,0,2226,0,0,cellular,7,aug,2,99,1,failure,1
36,0,1,0,0,0,0,0,0,0,0,0,0,0,1,0,1,0,0,0,3241,1,1,cellular,17,apr,2,-1,0,unknown,0
33,1,0,0,0,0,0,0,0,0,0,0,0,0,1,0,1,0,0,0,30,1,0,cellular,22,jul,1,-1,0,unknown,1
45,1,0,0,0,0,0,0,0,0,0,0,0,1,0,0,1,0,0,0,2805,0,0,cellular,19,aug,2,-1,0,unknown,0
57,0,0,0,0,0,1,0,0,0,0,0,0,1,0,0,0,1,0,0,1044,0,0,telephone,12,jul,1,182,3,success,1
60,0,0,0,1,0,0,0,0,0,0,0,0,1,0,0,0,0,1,0,631,0,0,cellular,12,aug,2,-1,0,unknown,1
28,0,0,0,0,0,0,1,0,0,0,0,0,0,1,0,0,1,0,0,2,1,0,cellular,24,jul,1,-1,0,unknown,1
29,0,1,0,0,0,0,0,0,0,0,0,0,0,1,0,0,1,0,0,1165,0,0,cellular,3,dec,2,184,1,success,1
48,1,0,0,0,0,0,0,0,0,0,0,0,1,0,0,0,1,0,0,4415,1,0,cellular,8,apr,3,141,7,failure,1
29,0,0,0,0,0,0,1,0,0,0,0,0,0,1,0,1,0,0,0,507,1,0,unknown,20,jun,33,-1,0,unknown,0
42,0,0,0,0,0,0,1,0,0,0,0,0,0,0,1,0,1,0,0,1811,1,0,unknown,14,may,1,-1,0,unknown,0
29,0,0,0,0,0,0,0,0,0,1,0,0,0,1,0,0,0,1,0,1374,0,0,cellular,14,may,2,178,7,success,1
36,1,0,0,0,0,0,0,0,0,0,0,0,1,0,0,1,0,0,0,-115,1,0,cellular,16,apr,4,182,2,other,1
33,1,0,0,0,0,0,0,0,0,0,0,0,0,1,0,1,0,0,0,307,0,0,cellular,23,jul,6,179,4,failure,0
31,0,0,0,1,0,0,0,0,0,0,0,0,0,1,0,0,1,0,0,196,1,0,cellular,5,may,1,341,7,failure,1
59,0,0,0,0,0,1,0,0,0,0,0,0,1,0,0,0,0,1,0,0,0,0,cellular,5,jun,2,-1,0,unknown,1
31,1,0,0,0,0,0,0,0,0,0,0,0,0,0,1,1,0,0,0,883,1,0,cellular,5,mar,2,106,1,failure,1
31,0,0,0,0,0,0,1,0,0,0,0,0,1,0,0,0,1,0,0,355,1,0,unknown,9,may,1,-1,0,unknown,0
36,1,0,0,0,0,0,0,0,0,0,0,0,1,0,0,1,0,0,0,0,1,0,telephone,23,oct,1,143,3,failure,1
46,0,0,0,1,0,0,0,0,0,0,0,0,1,0,0,0,1,0,0,450,1,0,cellular,17,apr,1,-1,0,unknown,0
33,0,0,0,1,0,0,0,0,0,0,0,0,0,0,1,0,1,0,0,176,1,0,unknown,12,may,5,-1,0,unknown,0
29,0,0,0,1,1,0,0,0,0,0,0,0,0,1,0,0,0,0,0,694,1,1,cellular,16,jul,4,-1,0,unknown,1
35,0,0,1,0,0,0,0,0,0,0,0,0,1,0,0,0,1,0,0,24,1,0,unknown,20,may,1,-1,0,unknown,0
29,0,0,0,0,0,0,1,0,0,0,0,0,0,0,1,0,1,0,0,-254,1,0,cellular,14,may,2,-1,0,unknown,1
58,0,0,0,0,0,0,1,0,0,0,0,0,1,0,0,0,1,0,0,145,1,0,telephone,29,jul,13,-1,0,unknown,1
36,0,0,0,0,0,0,0,1,0,0,0,0,1,0,0,0,0,1,0,795,0,1,cellular,8,jul,2,-1,0,unknown,0
46,0,0,0,0,0,0,0,1,0,0,0,0,1,0,0,0,1,0,0,2215,0,0,unknown,6,jun,2,-1,0,unknown,0
30,0,1,0,0,0,0,0,0,0,0,0,0,0,1,0,1,0,0,0,4060,0,0,cellular,3,feb,1,93,1,other,1
64,0,0,0,0,0,1,0,0,0,0,0,0,1,0,0,0,1,0,0,1574,0,0,telephone,29,jul,3,-1,0,unknown,1
34,0,0,0,0,0,0,1,0,0,0,0,0,0,1,0,0,1,0,0,-32,0,1,cellular,30,apr,2,-1,0,unknown,1
29,0,0,0,0,0,0,0,1,0,0,0,0,1,0,0,0,1,0,0,1135,1,0,cellular,26,may,2,98,1,success,0
32,1,0,0,0,0,0,0,0,0,0,0,0,0,0,1,1,0,0,0,883,1,0,cellular,10,dec,1,185,5,other,1
46,0,0,0,1,0,0,0,0,0,0,0,0,1,0,0,0,1,0,0,1673,1,0,cellular,29,aug,10,-1,0,unknown,0
43,1,0,0,0,0,0,0,0,0,0,0,0,0,1,0,1,0,0,0,379,1,0,cellular,28,jan,1,-1,0,unknown,0
55,0,0,0,1,0,0,0,0,0,0,0,0,1,0,0,0,1,0,0,0,0,0,unknown,12,jun,2,-1,0,unknown,1
25,0,1,0,0,0,0,0,0,0,0,0,0,0,1,0,0,1,0,0,139,0,1,cellular,11,jan,1,91,1,success,1
48,0,1,0,0,0,0,0,0,0,0,0,0,1,0,0,0,1,0,0,606,1,0,cellular,19,aug,4,-1,0,unknown,0
76,0,0,0,0,0,1,0,0,0,0,0,0,1,0,0,0,1,0,0,820,0,0,telephone,23,apr,4,-1,0,unknown,1
52,1,0,0,0,0,0,0,0,0,0,0,0,1,0,0,1,0,0,0,1111,0,0,unknown,5,jun,1,-1,0,unknown,0
44,1,0,0,0,0,0,0,0,0,0,0,0,1,0,0,1,0,0,0,-1636,1,1,cellular,11,may,1,-1,0,unknown,0
41,0,0,0,1,0,0,0,0,0,0,0,0,1,0,0,0,0,1,0,96,1,1,cellular,17,apr,3,-1,0,unknown,0
30,0,0,0,1,0,0,0,0,0,0,0,0,1,0,0,0,1,0,0,2493,0,0,cellular,28,jan,2,-1,0,unknown,1
39,0,0,0,0,0,0,1,0,0,0,0,0,1,0,0,0,1,0,0,150,0,0,cellular,3,jun,4,-1,0,unknown,1
33,0,0,0,0,0,0,1,0,0,0,0,0,1,0,0,1,0,0,0,55,1,0,cellular,10,jul,1,-1,0,unknown,0
35,1,0,0,0,0,0,0,0,0,0,0,0,0,1,0,1,0,0,0,219,0,0,cellular,22,jul,6,-1,0,unknown,0
35,0,0,0,1,0,0,0,0,0,0,0,0,1,0,0,0,1,0,0,314,1,0,unknown,2,jun,1,-1,0,unknown,0
28,0,0,0,0,0,0,1,0,0,0,0,0,0,1,0,0,1,0,0,-281,1,0,cellular,8,may,4,340,4,other,0
28,0,0,0,1,0,0,0,0,0,0,0,0,0,1,0,0,0,1,0,16,1,0,cellular,8,may,7,-1,0,unknown,0
54,0,0,0,0,0,0,0,0,0,1,0,0,1,0,0,0,1,0,0,377,0,0,cellular,8,apr,1,-1,0,unknown,1
35,0,1,0,0,0,0,0,0,0,0,0,0,1,0,0,0,1,0,0,2779,0,0,cellular,22,oct,2,-1,0,unknown,1
53,0,0,0,1,0,0,0,0,0,0,0,0,1,0,0,0,0,1,0,5603,0,0,cellular,28,aug,6,-1,0,unknown,1
37,0,0,0,0,0,0,1,0,0,0,0,0,1,0,0,0,1,0,0,0,1,0,cellular,2,jun,1,-1,0,unknown,1
50,0,0,0,0,0,0,1,0,0,0,0,0,0,0,1,0,1,0,0,237,0,1,telephone,5,nov,1,-1,0,unknown,1
45,0,0,0,1,0,0,0,0,0,0,0,0,1,0,0,0,1,0,0,120,1,1,unknown,15,may,3,-1,0,unknown,0
27,0,0,0,1,0,0,0,0,0,0,0,0,0,1,0,0,1,0,1,-3,1,0,unknown,19,may,5,-1,0,unknown,0
33,0,0,0,0,0,0,0,1,0,0,0,0,1,0,0,0,1,0,0,2918,0,1,cellular,20,nov,2,-1,0,unknown,1
34,0,0,0,0,1,0,0,0,0,0,0,1,0,1,0,0,0,0,0,1011,0,0,cellular,1,jun,1,-1,0,unknown,1
58,0,0,0,0,0,0,1,0,0,0,0,0,1,0,0,0,1,0,0,2160,1,1,cellular,5,may,1,-1,0,unknown,1
31,1,0,0,0,0,0,0,0,0,0,0,0,0,1,0,1,0,0,0,9629,0,0,cellular,7,oct,2,96,2,failure,0
41,0,0,0,0,0,0,1,0,0,0,0,0,0,0,1,0,1,0,0,490,1,0,cellular,4,aug,1,-1,0,unknown,0
27,0,0,1,0,0,0,0,0,0,0,0,0,1,0,0,1,0,0,0,1991,0,1,cellular,7,sep,1,-1,0,unknown,0
42,0,0,0,1,0,0,0,0,0,0,0,0,1,0,0,0,0,1,0,636,1,0,cellular,20,apr,2,-1,0,unknown,0
56,0,1,0,0,0,0,0,0,0,0,0,0,1,0,0,1,0,0,0,52,0,0,unknown,20,jun,3,-1,0,unknown,0
38,0,0,0,1,0,0,0,0,0,0,0,0,0,1,0,0,0,1,0,20,1,0,unknown,7,may,2,-1,0,unknown,0
31,1,0,0,0,0,0,0,0,0,0,0,0,1,0,0,1,0,0,0,81,1,0,cellular,29,oct,2,-1,0,unknown,1
52,0,0,0,1,0,0,0,0,0,0,0,0,0,0,1,0,0,1,0,-191,1,0,unknown,15,may,1,-1,0,unknown,1
38,0,1,0,0,0,0,0,0,0,0,0,0,1,0,0,0,1,0,0,557,1,0,cellular,16,nov,4,-1,0,unknown,1
32,0,0,0,1,0,0,0,0,0,0,0,0,1,0,0,0,1,0,0,2089,1,0,cellular,19,nov,1,5,1,success,0
32,0,1,0,0,0,0,0,0,0,0,0,0,0,1,0,1,0,0,0,550,0,0,cellular,19,nov,1,-1,0,unknown,1
60,0,0,0,0,0,1,0,0,0,0,0,0,1,0,0,0,0,1,0,219,0,0,cellular,29,aug,2,-1,0,unknown,0
30,0,0,0,0,0,0,1,0,0,0,0,0,0,1,0,1,0,0,0,267,0,0,cellular,2,feb,1,-1,0,unknown,0
36,0,0,0,0,0,0,0,1,0,0,0,0,0,0,1,0,1,0,0,127,0,0,cellular,18,aug,3,-1,0,unknown,0
38,0,0,0,0,0,0,0,1,0,0,0,0,1,0,0,0,1,0,0,2678,0,0,cellular,28,sep,2,187,1,success,1
27,0,1,0,0,0,0,0,0,0,0,0,0,0,1,0,0,1,0,0,282,0,1,cellular,9,jul,5,-1,0,unknown,0
39,1,0,0,0,0,0,0,0,0,0,0,0,1,0,0,1,0,0,0,947,0,0,cellular,8,aug,2,-1,0,unknown,0
39,0,0,0,0,0,0,0,1,0,0,0,0,0,0,1,0,1,0,0,293,1,1,telephone,28,jul,2,-1,0,unknown,0
59,0,0,0,1,0,0,0,0,0,0,0,0,0,0,1,0,0,1,0,153,0,0,cellular,5,aug,2,-1,0,unknown,0
35,0,0,0,0,0,0,1,0,0,0,0,0,1,0,0,0,1,0,0,100,1,0,cellular,14,may,4,-1,0,unknown,0
43,0,0,0,0,0,0,1,0,0,0,0,0,1,0,0,0,1,0,0,132,0,0,cellular,19,aug,1,84,3,success,1
57,1,0,0,0,0,0,0,0,0,0,0,0,1,0,0,1,0,0,0,0,0,0,cellular,6,aug,6,-1,0,unknown,0
52,0,0,0,0,0,0,0,0,0,1,0,0,1,0,0,0,1,0,0,94,0,0,cellular,10,nov,3,190,10,failure,1
37,0,0,0,1,1,0,0,0,0,0,0,0,1,0,0,0,0,0,0,83,1,0,cellular,11,may,1,-1,0,unknown,0
26,0,0,0,0,0,0,0,0,0,1,0,0,0,1,0,0,1,0,0,771,0,0,cellular,22,jun,1,109,1,failure,0
22,0,0,0,0,0,0,0,0,0,0,0,1,0,1,0,0,1,0,0,1925,0,0,cellular,16,nov,1,196,1,failure,0
59,0,0,0,0,0,1,0,0,0,0,0,0,1,0,0,0,1,0,0,5678,1,0,unknown,14,may,2,-1,0,unknown,0
33,0,0,0,0,0,0,0,1,0,0,0,0,0,0,1,0,1,0,0,392,1,1,unknown,7,may,1,-1,0,unknown,0
24,1,0,0,0,0,0,0,0,0,0,0,0,0,1,0,1,0,0,0,1506,0,0,cellular,12,jun,2,95,4,success,1
45,0,0,0,1,0,0,0,0,0,0,0,0,1,0,0,0,1,0,0,10252,0,0,cellular,22,sep,1,141,2,success,1
21,0,0,0,0,0,0,0,0,0,0,0,1,0,1,0,0,1,0,0,123,0,0,telephone,12,aug,1,-1,0,unknown,1
30,0,0,0,0,0,0,0,1,0,0,0,0,0,1,0,1,0,0,0,-477,0,1,cellular,21,aug,2,-1,0,unknown,1
29,0,0,0,0,0,0,0,0,1,0,0,0,1,0,0,0,1,0,0,542,0,0,unknown,28,may,3,-1,0,unknown,0
49,0,0,0,0,0,0,1,0,0,0,0,0,1,0,0,1,0,0,0,6574,0,0,cellular,8,jun,3,-1,0,unknown,1
37,0,0,0,1,0,0,0,0,0,0,0,0,0,0,1,0,1,0,0,625,1,0,cellular,15,may,4,359,2,failure,0
50,1,0,0,0,0,0,0,0,0,0,0,0,1,0,0,1,0,0,0,253,0,0,cellular,28,may,9,-1,0,unknown,1
45,0,0,0,0,0,0,1,0,0,0,0,0,1,0,0,0,1,0,1,-106,1,1,cellular,7,may,3,288,1,other,1
56,1,0,0,0,0,0,0,0,0,0,0,0,1,0,0,1,0,0,0,73,1,0,cellular,8,may,1,368,2,failure,0
39,0,1,0,0,0,0,0,0,0,0,0,0,1,0,0,0,1,0,0,-184,0,1,unknown,17,jun,3,-1,0,unknown,0
36,0,0,0,0,0,0,0,0,0,0,1,0,1,0,0,0,0,1,0,78,1,0,telephone,30,jul,9,-1,0,unknown,1
31,0,1,0,0,0,0,0,0,0,0,0,0,0,0,1,0,1,0,0,24,0,1,cellular,27,aug,2,-1,0,unknown,0
43,0,0,0,0,0,0,0,0,0,1,0,0,0,1,0,0,0,1,0,264,0,0,cellular,4,feb,2,-1,0,unknown,0
53,0,0,0,0,0,0,0,1,0,0,0,0,0,0,1,0,0,1,0,-291,1,1,unknown,7,may,1,-1,0,unknown,1
59,0,0,0,0,0,0,0,1,0,0,0,0,0,0,1,0,1,0,0,1,1,0,cellular,28,jan,1,253,5,other,1
31,1,0,0,0,0,0,0,0,0,0,0,0,1,0,0,1,0,0,0,877,0,0,cellular,9,jun,1,93,7,other,1
27,1,0,0,0,0,0,0,0,0,0,0,0,1,0,0,0,1,0,0,2071,0,0,cellular,4,jun,1,-1,0,unknown,1
49,0,1,0,0,0,0,0,0,0,0,0,0,0,1,0,0,1,0,0,9131,1,0,cellular,18,aug,1,461,5,failure,1
38,1,0,0,0,0,0,0,0,0,0,0,0,1,0,0,1,0,0,0,1722,1,0,cellular,10,jul,1,-1,0,unknown,1
61,1,0,0,0,0,0,0,0,0,0,0,0,1,0,0,1,0,0,0,267,0,0,cellular,21,oct,3,184,1,success,1
41,1,0,0,0,0,0,0,0,0,0,0,0,1,0,0,0,1,0,0,0,0,1,cellular,7,jul,3,-1,0,unknown,0
32,1,0,0,0,0,0,0,0,0,0,0,0,0,1,0,1,0,0,0,522,0,0,cellular,22,aug,2,-1,0,unknown,1
42,0,1,0,0,0,0,0,0,0,0,0,0,1,0,0,1,0,0,0,-215,0,0,unknown,20,jun,5,-1,0,unknown,1
30,1,0,0,0,0,0,0,0,0,0,0,0,0,1,0,1,0,0,0,7845,1,0,unknown,3,jun,1,-1,0,unknown,0
26,0,0,0,1,0,0,0,0,0,0,0,0,0,1,0,0,0,1,0,-579,1,0,unknown,16,may,3,-1,0,unknown,0
29,1,0,0,0,0,0,0,0,0,0,0,0,0,1,0,1,0,0,0,2531,0,0,cellular,19,aug,1,-1,0,unknown,1
28,0,0,0,0,0,0,1,0,0,0,0,0,0,1,0,0,1,0,0,127,0,0,cellular,16,sep,2,-1,0,unknown,1
34,0,0,0,0,0,0,1,0,0,0,0,0,1,0,0,1,0,0,0,0,0,0,cellular,28,jan,2,-1,0,unknown,1
34,0,0,0,0,0,0,1,0,0,0,0,0,0,1,0,1,0,0,0,18,1,1,cellular,30,apr,1,-1,0,unknown,1
46,1,0,0,0,0,0,0,0,0,0,0,0,1,0,0,1,0,0,0,699,0,0,cellular,2,feb,1,-1,0,unknown,0
29,1,0,0,0,0,0,0,0,0,0,0,0,0,1,0,1,0,0,0,572,0,0,cellular,16,dec,1,195,1,success,1
33,0,0,0,1,0,0,0,0,0,0,0,0,1,0,0,0,1,0,0,2994,1,0,cellular,20,nov,1,-1,0,unknown,0
30,0,0,0,0,0,0,1,0,0,0,0,0,1,0,0,1,0,0,0,26,1,0,cellular,16,apr,1,323,1,failure,0
76,0,0,0,0,0,1,0,0,0,0,0,0,0,0,1,0,0,1,0,802,0,0,cellular,9,sep,5,-1,0,unknown,1
33,0,0,0,1,0,0,0,0,0,0,0,0,1,0,0,0,1,0,0,931,1,0,cellular,5,may,2,336,1,failure,0
28,0,0,0,1,0,0,0,0,0,0,0,0,0,1,0,0,1,0,0,-127,1,0,cellular,4,jul,3,-1,0,unknown,1
55,0,1,0,0,0,0,0,0,0,0,0,0,1,0,0,0,1,0,0,0,1,1,cellular,27,oct,1,-1,0,unknown,0
33,0,0,0,0,0,0,1,0,0,0,0,0,0,1,0,1,0,0,0,475,1,0,cellular,7,may,1,-1,0,unknown,1
45,0,0,0,0,0,0,0,0,1,0,0,0,1,0,0,0,1,0,0,845,0,0,unknown,20,jun,4,-1,0,unknown,0
46,1,0,0,0,0,0,0,0,0,0,0,0,1,0,0,1,0,0,0,0,1,0,cellular,14,jul,2,-1,0,unknown,0
31,0,0,0,0,0,0,1,0,0,0,0,0,1,0,0,0,1,0,0,1229,0,0,cellular,12,apr,1,-1,0,unknown,1
35,0,0,0,1,0,0,0,0,0,0,0,0,1,0,0,0,0,1,0,298,1,0,cellular,13,may,2,370,2,failure,0
48,0,0,0,0,0,0,0,1,0,0,0,0,0,0,1,0,1,0,0,-276,1,1,cellular,13,may,1,-1,0,unknown,1
23,0,0,0,0,0,0,0,0,0,0,0,1,0,1,0,0,1,0,0,4126,0,0,cellular,25,mar,2,-1,0,unknown,1
30,0,0,0,1,0,0,0,0,0,0,0,0,0,1,0,0,0,1,0,5641,0,0,cellular,21,nov,3,-1,0,unknown,0
42,0,0,0,1,0,0,0,0,0,0,0,0,1,0,0,0,0,1,0,2103,1,0,cellular,13,apr,2,-1,0,unknown,1
22,0,0,0,0,0,0,1,0,0,0,0,0,0,1,0,1,0,0,0,897,1,0,cellular,4,feb,4,-1,0,unknown,1
40,0,0,0,1,0,0,0,0,0,0,0,0,0,1,0,0,1,0,0,411,1,0,cellular,5,may,1,-1,0,unknown,0
51,1,0,0,0,0,0,0,0,0,0,0,0,0,1,0,1,0,0,0,1565,1,0,cellular,24,jul,3,-1,0,unknown,0
58,0,0,0,0,1,0,1,0,0,0,0,0,1,0,0,0,0,0,0,528,0,0,cellular,12,aug,3,-1,0,unknown,0
57,0,0,0,0,0,1,0,0,0,0,0,0,1,0,0,0,1,0,0,209,0,0,cellular,14,aug,4,-1,0,unknown,0
36,0,0,0,1,0,0,0,0,0,0,0,0,1,0,0,0,1,0,1,0,0,1,unknown,17,jun,5,-1,0,unknown,0
47,0,0,0,0,0,0,0,1,0,0,0,0,1,0,0,0,1,0,0,1160,1,0,cellular,3,feb,2,221,4,failure,0
44,0,0,0,1,0,0,0,0,0,0,0,0,0,0,1,0,0,1,0,-57,1,0,cellular,7,may,1,356,2,failure,0
30,1,0,0,0,0,0,0,0,0,0,0,0,0,1,0,1,0,0,0,57,1,0,cellular,4,feb,2,-1,0,unknown,0
27,0,0,0,0,0,0,1,0,0,0,0,0,0,0,1,0,1,0,0,112,1,0,unknown,19,may,1,-1,0,unknown,0
34,1,0,0,0,0,0,0,0,0,0,0,0,0,1,0,1,0,0,0,1058,1,0,unknown,28,may,2,-1,0,unknown,1
28,0,0,0,1,0,0,0,0,0,0,0,0,0,1,0,0,1,0,0,-284,1,0,unknown,12,may,1,-1,0,unknown,0
36,1,0,0,0,0,0,0,0,0,0,0,0,0,1,0,1,0,0,0,2685,0,1,cellular,20,nov,2,-1,0,unknown,0
56,0,0,0,1,0,0,0,0,0,0,0,0,1,0,0,0,0,1,0,187,1,0,cellular,23,jul,2,-1,0,unknown,0
33,1,0,0,0,0,0,0,0,0,0,0,0,0,1,0,1,0,0,0,2637,0,0,cellular,28,aug,17,-1,0,unknown,1
29,1,0,0,0,0,0,0,0,0,0,0,0,1,0,0,1,0,0,0,0,0,1,cellular,8,jul,2,-1,0,unknown,0
26,0,0,0,1,0,0,0,0,0,0,0,0,0,1,0,0,1,0,0,311,1,0,cellular,7,may,2,-1,0,unknown,1
35,0,0,0,0,0,0,0,0,0,1,0,0,0,1,0,0,1,0,0,127,1,0,telephone,14,nov,1,-1,0,unknown,1
36,0,0,0,0,0,0,0,0,1,0,0,0,0,1,0,1,0,0,0,351,0,0,cellular,5,feb,1,-1,0,unknown,0
26,0,0,0,0,0,0,0,0,0,0,0,1,0,1,0,1,0,0,0,10086,0,0,cellular,21,apr,2,-1,0,unknown,1
37,0,1,0,0,0,0,0,0,0,0,0,0,0,1,0,0,1,0,0,864,1,0,unknown,30,may,1,-1,0,unknown,0
40,0,0,0,0,0,0,1,0,0,0,0,0,1,0,0,0,1,0,0,168,1,0,cellular,7,may,2,169,1,failure,0
31,0,0,0,0,0,0,1,0,0,0,0,0,0,1,0,0,1,0,0,554,1,0,cellular,25,may,3,103,2,failure,0
44,0,0,0,0,0,0,0,0,0,1,0,0,0,0,1,1,0,0,0,0,0,0,cellular,5,feb,3,-1,0,unknown,1
52,0,0,0,1,0,0,0,0,0,0,0,0,0,0,1,0,0,1,0,1758,1,0,unknown,15,may,1,-1,0,unknown,0
47,0,0,0,0,1,0,0,0,0,0,0,0,1,0,0,0,0,0,0,677,0,0,cellular,30,apr,2,86,2,failure,1
57,0,1,0,0,0,0,0,0,0,0,0,0,1,0,0,0,1,0,0,197,0,0,unknown,7,may,1,-1,0,unknown,0
37,0,0,0,0,0,0,0,1,0,0,0,0,0,0,1,0,1,0,0,319,1,0,unknown,6,jun,3,-1,0,unknown,1
40,0,0,0,0,0,0,1,0,0,0,0,0,1,0,0,1,0,0,0,1108,0,0,cellular,11,aug,2,112,1,success,0
35,0,0,0,0,0,0,0,1,0,0,0,0,1,0,0,0,1,0,0,52,1,0,cellular,2,mar,4,-1,0,unknown,1
34,0,1,0,0,0,0,0,0,0,0,0,0,0,1,0,1,0,0,0,2047,1,0,cellular,28,jul,5,-1,0,unknown,0
29,1,0,0,0,0,0,0,0,0,0,0,0,0,1,0,1,0,0,0,2955,0,0,cellular,29,apr,2,-1,0,unknown,1
28,1,0,0,0,0,0,0,0,0,0,0,0,1,0,0,1,0,0,0,3516,0,0,cellular,17,jul,1,-1,0,unknown,0
62,0,0,0,0,1,0,0,0,0,0,1,0,1,0,0,0,0,0,0,2021,0,0,telephone,26,feb,1,-1,0,unknown,1
58,0,0,0,1,0,0,0,0,0,0,0,0,1,0,0,0,0,1,0,1596,1,0,cellular,12,may,2,-1,0,unknown,0
46,1,0,0,0,0,0,0,0,0,0,0,0,1,0,0,1,0,0,0,7485,0,0,cellular,23,sep,1,779,2,failure,0
48,0,0,0,1,0,0,0,0,0,0,0,0,1,0,0,0,1,0,0,205,0,0,cellular,7,aug,2,-1,0,unknown,0
42,0,0,0,0,0,0,1,0,0,0,0,0,0,0,1,0,1,0,0,241,1,0,cellular,15,may,3,-1,0,unknown,1
32,0,1,0,0,0,0,0,0,0,0,0,0,0,1,0,1,0,0,0,654,1,0,cellular,25,may,4,-1,0,unknown,1
60,1,0,0,0,0,0,0,0,0,0,0,0,1,0,0,1,0,0,0,553,1,0,cellular,2,feb,1,210,3,success,0
27,0,0,0,0,0,0,0,1,0,0,0,0,0,1,0,0,1,0,0,453,0,0,cellular,19,apr,2,-1,0,unknown,1
25,0,1,0,0,0,0,0,0,0,0,0,0,0,1,0,1,0,0,0,3630,0,0,telephone,9,jun,7,-1,0,unknown,1
44,0,0,0,1,0,0,0,0,0,0,0,0,1,0,0,0,1,0,0,577,1,0,unknown,28,may,3,-1,0,unknown,0
57,0,0,0,1,0,0,0,0,0,0,0,0,1,0,0,0,1,0,0,-898,1,1,cellular,21,jul,3,-1,0,unknown,0
71,0,0,0,0,0,1,0,0,0,0,0,0,1,0,0,0,0,1,0,2600,0,0,cellular,13,nov,2,98,1,success,1
30,0,0,0,1,0,0,0,0,0,0,0,0,1,0,0,0,1,0,0,246,1,0,cellular,17,apr,1,150,7,failure,0
48,0,1,0,0,0,0,0,0,0,0,0,0,0,0,1,0,1,0,0,-154,0,0,unknown,3,jun,3,-1,0,unknown,0
64,1,0,0,0,1,0,0,0,0,0,0,0,1,0,0,0,0,0,0,2352,0,0,cellular,3,nov,4,183,7,success,1
34,0,0,0,0,0,0,1,0,0,0,0,0,1,0,0,0,1,0,0,1671,0,0,unknown,21,may,1,-1,0,unknown,0
38,1,0,0,0,0,0,0,0,0,0,0,0,0,1,0,1,0,0,0,619,1,0,unknown,6,jun,4,-1,0,unknown,1
20,0,0,0,0,0,0,0,0,0,0,0,1,0,1,0,0,0,1,0,6991,0,0,cellular,12,aug,2,-1,0,unknown,1
41,1,0,0,0,0,0,0,0,0,0,0,0,1,0,0,1,0,0,0,27696,0,0,cellular,12,feb,2,184,3,success,1
51,1,0,0,0,0,0,0,0,0,0,0,0,1,0,0,1,0,0,0,469,0,0,cellular,15,apr,1,181,2,success,1
50,0,0,1,0,0,0,0,0,0,0,0,0,1,0,0,0,0,1,0,1327,0,1,cellular,24,jul,1,-1,0,unknown,0
36,0,0,0,0,0,0,1,0,0,0,0,0,0,0,1,0,1,0,0,869,1,0,cellular,14,may,1,350,1,failure,0
22,0,0,0,0,0,0,0,0,0,0,0,1,0,1,0,0,1,0,0,120,0,0,cellular,7,dec,5,-1,0,unknown,0
24,0,0,0,0,0,0,0,1,0,0,0,0,0,1,0,0,1,0,0,-141,1,0,unknown,4,jun,2,-1,0,unknown,0
38,1,0,0,0,0,0,0,0,0,0,0,0,0,0,1,1,0,0,0,0,0,0,cellular,10,feb,3,-1,0,unknown,0
27,0,0,0,0,0,0,1,0,0,0,0,0,1,0,0,1,0,0,0,346,0,0,cellular,11,oct,1,-1,0,unknown,1
54,0,0,0,0,0,0,1,0,0,0,0,0,1,0,0,0,0,1,0,546,1,0,telephone,9,apr,1,-1,0,unknown,0
28,0,0,0,0,0,0,1,0,0,0,0,0,0,1,0,0,1,0,0,157,0,0,cellular,27,may,3,-1,0,unknown,1
34,0,0,0,0,0,0,1,0,0,0,0,0,0,1,0,0,1,0,0,63,1,0,cellular,17,apr,1,-1,0,unknown,1
51,0,1,0,0,1,0,0,0,0,0,0,0,1,0,0,0,0,0,0,-174,1,1,cellular,17,nov,1,-1,0,unknown,0
35,0,1,0,0,0,0,0,0,0,0,0,0,0,0,1,0,1,0,0,5724,1,0,unknown,30,may,10,-1,0,unknown,1
34,0,1,0,0,0,0,0,0,0,0,0,0,0,1,0,1,0,0,0,2733,0,0,cellular,14,jul,1,-1,0,unknown,1
26,0,0,0,0,0,0,0,1,0,0,0,0,1,0,0,0,1,0,0,77,1,0,cellular,15,may,1,340,4,failure,1
57,1,0,0,0,0,0,0,0,0,0,0,0,1,0,0,1,0,0,0,830,1,1,cellular,8,may,1,367,1,success,1
40,0,0,0,0,0,0,1,0,0,0,0,0,1,0,0,0,1,0,0,5087,1,0,cellular,13,apr,2,-1,0,unknown,0
34,0,1,0,0,0,0,0,0,0,0,0,0,0,1,0,0,1,0,0,2729,1,0,cellular,18,nov,1,-1,0,unknown,1
26,0,1,0,0,0,0,0,0,0,0,0,0,0,1,0,0,1,0,0,855,1,0,unknown,28,may,2,-1,0,unknown,0
36,0,0,0,0,0,0,1,0,0,0,0,0,1,0,0,0,1,0,0,1207,1,0,cellular,19,nov,2,-1,0,unknown,1
40,0,0,0,0,0,0,0,1,0,0,0,0,1,0,0,0,1,0,0,-192,1,0,cellular,11,may,1,-1,0,unknown,1
40,0,0,0,0,0,0,1,0,0,0,0,0,0,1,0,0,1,0,0,118,1,0,unknown,8,may,3,-1,0,unknown,0
52,1,0,0,0,0,0,0,0,0,0,0,0,1,0,0,1,0,0,0,31,0,0,cellular,10,mar,1,-1,0,unknown,1
52,0,0,0,0,0,0,0,1,0,0,0,0,1,0,0,0,1,0,0,774,1,0,cellular,8,may,1,-1,0,unknown,0
48,1,0,0,0,1,0,0,0,0,0,0,0,0,0,1,0,0,0,0,549,1,0,unknown,6,may,1,-1,0,unknown,0
30,1,0,0,0,0,0,0,0,0,0,0,0,0,1,0,1,0,0,0,4889,0,0,cellular,11,aug,2,-1,0,unknown,1
29,1,0,0,0,0,0,0,0,0,0,0,0,1,0,0,1,0,0,0,51,1,0,cellular,17,jul,5,-1,0,unknown,1
41,0,1,0,0,0,0,0,0,0,0,0,0,1,0,0,0,1,0,0,1066,0,0,cellular,11,feb,3,-1,0,unknown,1
43,0,0,0,0,0,0,1,0,0,0,0,0,1,0,0,0,1,0,0,315,0,0,cellular,23,jul,2,-1,0,unknown,0
50,0,0,1,0,0,0,0,0,0,0,0,0,1,0,0,1,0,0,0,-168,1,0,cellular,23,jul,2,-1,0,unknown,1
39,0,0,0,0,1,0,1,0,0,0,0,0,0,0,1,0,0,0,0,64,1,0,cellular,18,jul,1,-1,0,unknown,0
34,0,0,0,0,0,0,0,1,0,0,0,0,0,0,1,0,1,0,0,991,1,0,cellular,6,may,1,344,1,failure,0
46,1,0,0,0,0,0,0,0,0,0,0,0,0,0,1,1,0,0,0,558,0,0,cellular,6,jul,1,-1,0,unknown,1
46,0,1,0,0,1,0,0,0,0,0,0,0,1,0,0,0,0,0,0,557,1,0,cellular,28,jan,1,197,4,failure,0
28,0,1,0,0,0,0,0,0,0,0,0,0,0,1,0,0,1,0,0,1417,1,0,unknown,28,may,1,-1,0,unknown,0
55,0,1,0,0,0,0,0,0,0,0,0,0,0,0,1,0,1,0,0,225,0,1,cellular,14,jul,2,-1,0,unknown,0
39,0,1,0,0,0,0,0,0,0,0,0,0,1,0,0,1,0,0,0,206,0,0,cellular,20,oct,2,195,2,success,1
60,0,0,0,0,0,1,0,0,0,0,0,0,1,0,0,1,0,0,0,846,0,0,telephone,26,may,1,-1,0,unknown,1
37,0,0,0,0,0,0,0,1,0,0,0,0,1,0,0,0,1,0,0,466,1,1,cellular,25,may,1,-1,0,unknown,1
28,1,0,0,0,0,0,0,0,0,0,0,0,0,1,0,1,0,0,0,145,1,0,cellular,20,apr,1,-1,0,unknown,0
41,1,0,0,0,0,0,0,0,0,0,0,0,0,0,1,1,0,0,0,846,0,1,cellular,23,jul,3,-1,0,unknown,0
35,0,0,0,0,0,0,0,1,0,0,0,0,1,0,0,0,1,0,0,74,1,0,unknown,27,may,1,-1,0,unknown,0
45,0,0,0,0,0,0,0,0,1,0,0,0,1,0,0,0,1,0,0,264,1,0,cellular,8,may,1,360,2,failure,0
33,0,1,0,0,0,0,0,0,0,0,0,0,0,1,0,1,0,0,0,149,1,0,cellular,19,nov,2,182,1,other,1
73,0,0,0,0,0,1,0,0,0,0,0,0,1,0,0,0,0,1,0,279,0,0,cellular,28,jan,3,-1,0,unknown,1
28,0,0,0,0,0,0,0,1,0,0,0,0,0,1,0,0,1,0,0,3331,1,0,unknown,28,may,2,-1,0,unknown,0
51,0,0,0,0,0,1,0,0,0,0,0,0,1,0,0,0,1,0,0,1435,0,0,unknown,11,jun,1,-1,0,unknown,1
54,0,0,0,0,0,0,1,0,0,0,0,0,1,0,0,1,0,0,0,184,0,0,unknown,5,may,2,-1,0,unknown,1
19,0,0,0,0,1,0,0,0,0,0,0,1,0,1,0,0,0,0,0,60,0,0,cellular,14,aug,1,-1,0,unknown,0
39,0,1,0,0,0,0,0,0,0,0,0,0,1,0,0,0,1,0,0,603,0,1,cellular,15,apr,1,-1,0,unknown,1
39,1,0,0,0,0,0,0,0,0,0,0,0,1,0,0,1,0,0,0,937,0,0,cellular,16,apr,4,-1,0,unknown,1
25,0,0,0,0,0,0,0,0,0,0,0,1,0,1,0,0,1,0,0,125,0,0,cellular,9,feb,1,92,2,success,1
35,0,0,0,0,0,0,1,0,0,0,0,0,0,0,1,0,1,0,0,30,0,0,unknown,23,may,1,-1,0,unknown,0
39,0,0,1,0,0,0,0,0,0,0,0,0,0,0,1,1,0,0,0,208,1,0,cellular,29,jan,1,240,2,failure,0
32,0,1,0,0,1,0,0,0,0,0,0,0,0,1,0,0,0,0,0,491,0,0,cellular,9,jul,7,-1,0,unknown,1
28,0,0,0,0,0,0,1,0,0,0,0,0,0,1,0,0,1,0,0,352,1,1,cellular,18,may,1,-1,0,unknown,1
37,1,0,0,0,0,0,0,0,0,0,0,0,0,1,0,0,1,0,0,3167,1,0,unknown,30,may,1,-1,0,unknown,0
49,0,1,0,0,0,0,0,0,0,0,0,0,1,0,0,1,0,0,0,3726,0,0,cellular,5,aug,2,-1,0,unknown,1
41,0,1,0,0,0,0,0,0,0,0,0,0,0,1,0,1,0,0,0,0,1,0,cellular,19,nov,6,-1,0,unknown,0
41,0,0,0,1,0,0,0,0,0,0,0,0,1,0,0,0,1,0,0,563,1,0,cellular,20,apr,12,348,1,failure,0
35,1,0,0,0,0,0,0,0,0,0,0,0,0,0,1,1,0,0,0,0,1,0,telephone,29,oct,1,-1,0,unknown,1
31,1,0,0,0,0,0,0,0,0,0,0,0,0,1,0,1,0,0,0,350,0,0,cellular,29,aug,24,-1,0,unknown,0
53,1,0,0,0,0,0,0,0,0,0,0,0,0,0,1,0,1,0,0,1004,0,1,telephone,22,dec,1,-1,0,unknown,1
38,0,0,0,1,0,0,0,0,0,0,0,0,1,0,0,0,1,0,0,67,0,0,cellular,28,jan,1,239,2,failure,0
35,1,0,0,0,0,0,0,0,0,0,0,0,1,0,0,1,0,0,0,105,1,0,cellular,6,may,1,365,3,failure,0
48,0,1,0,0,0,0,0,0,0,0,0,0,1,0,0,0,1,0,1,295,0,1,cellular,17,nov,2,-1,0,unknown,0
35,1,0,0,0,0,0,0,0,0,0,0,0,1,0,0,1,0,0,0,841,0,0,cellular,26,aug,6,-1,0,unknown,0
32,1,0,0,0,0,0,0,0,0,0,0,0,0,1,0,1,0,0,0,7290,1,0,cellular,18,may,1,-1,0,unknown,1
35,0,0,0,1,0,0,0,0,0,0,0,0,1,0,0,0,1,0,0,1454,1,0,cellular,12,aug,1,182,4,success,1
37,1,0,0,0,0,0,0,0,0,0,0,0,1,0,0,1,0,0,0,0,0,0,cellular,15,jan,2,196,1,other,1
44,0,0,0,1,0,0,0,0,0,0,0,0,1,0,0,0,1,0,0,1786,1,0,unknown,15,may,2,-1,0,unknown,0
53,1,0,0,0,0,0,0,0,0,0,0,0,1,0,0,1,0,0,0,15,0,0,cellular,20,aug,2,-1,0,unknown,1
37,0,1,0,0,0,0,0,0,0,0,0,0,1,0,0,0,1,0,0,83,1,0,cellular,6,may,1,363,1,failure,0
36,0,0,0,0,0,0,1,0,0,0,0,0,1,0,0,1,0,0,0,0,1,0,cellular,18,jul,8,-1,0,unknown,0
32,1,0,0,0,0,0,0,0,0,0,0,0,1,0,0,0,1,0,0,0,0,0,cellular,20,aug,4,-1,0,unknown,0
31,0,0,0,0,0,0,0,0,1,0,0,0,1,0,0,1,0,0,0,81,0,0,cellular,28,aug,2,-1,0,unknown,0
41,0,0,0,0,0,0,0,1,0,0,0,0,1,0,0,0,1,0,0,471,1,0,cellular,13,may,2,293,4,success,1
32,0,0,0,0,0,0,1,0,0,0,0,0,1,0,0,0,1,0,0,1031,1,0,cellular,17,jul,1,-1,0,unknown,0
39,0,0,0,0,0,0,1,0,0,0,0,0,1,0,0,0,1,0,0,1891,0,0,unknown,17,jun,1,-1,0,unknown,0
33,0,1,0,0,0,0,0,0,0,0,0,0,1,0,0,0,1,0,0,303,1,0,cellular,3,feb,1,301,5,success,1
38,0,1,0,0,0,0,0,0,0,0,0,0,0,1,0,1,0,0,0,1674,0,0,cellular,18,nov,1,-1,0,unknown,0
29,0,0,0,0,0,0,1,0,0,0,0,0,0,0,1,1,0,0,1,0,0,1,cellular,9,jul,3,-1,0,unknown,1
45,0,0,0,1,0,0,0,0,0,0,0,0,0,0,1,0,0,1,0,1512,1,0,cellular,9,feb,11,-1,0,unknown,0
36,1,0,0,0,1,0,0,0,0,0,0,0,0,1,0,0,0,0,0,62,0,0,cellular,13,apr,2,-1,0,unknown,1
53,0,0,0,1,0,0,0,0,0,0,0,0,0,0,1,0,0,1,0,255,1,0,cellular,4,feb,2,272,2,failure,0
37,0,1,0,0,0,0,0,0,0,0,0,0,1,0,0,0,1,0,0,5902,1,0,cellular,19,nov,1,180,4,failure,0
23,0,0,0,0,0,0,0,1,0,0,0,0,0,1,0,0,1,0,0,488,0,0,cellular,30,mar,1,92,2,other,1
46,0,0,0,1,0,0,0,0,0,0,0,0,1,0,0,0,0,1,0,174,0,1,cellular,15,jul,1,-1,0,unknown,0
50,0,0,0,0,0,0,1,0,0,0,0,0,0,1,0,0,0,1,0,181,1,0,cellular,15,may,4,372,3,failure,0
36,0,0,0,0,0,0,0,1,0,0,0,0,0,1,0,0,1,0,0,1227,1,1,cellular,4,may,5,341,3,failure,1
41,0,0,0,1,0,0,0,0,0,0,0,0,1,0,0,0,1,0,0,-15,1,0,unknown,7,may,2,-1,0,unknown,0
51,0,0,0,0,0,0,0,0,1,0,0,0,1,0,0,0,1,0,0,383,1,0,cellular,20,apr,1,-1,0,unknown,0
49,1,0,0,0,0,0,0,0,0,0,0,0,1,0,0,1,0,0,0,1533,0,0,cellular,17,nov,1,172,1,failure,0
46,1,0,0,0,0,0,0,0,0,0,0,0,1,0,0,0,1,0,0,430,1,0,cellular,18,nov,1,-1,0,unknown,0
38,0,1,0,0,0,0,0,0,0,0,0,0,1,0,0,0,1,0,0,6728,0,0,cellular,25,nov,1,96,4,success,1
32,0,0,0,0,0,0,0,0,1,0,0,0,0,1,0,1,0,0,0,12269,0,0,unknown,16,may,1,-1,0,unknown,0
27,0,1,0,0,0,0,0,0,0,0,0,0,0,1,0,0,1,0,0,740,1,0,cellular,5,may,1,-1,0,unknown,0
32,1,0,0,0,0,0,0,0,0,0,0,0,0,1,0,1,0,0,0,0,0,0,cellular,4,may,2,-1,0,unknown,0
41,0,0,1,0,0,0,0,0,0,0,0,0,0,1,0,0,0,1,0,7264,0,1,unknown,1,jul,3,-1,0,unknown,0
39,0,0,0,1,0,0,0,0,0,0,0,0,0,1,0,0,0,1,0,0,1,1,cellular,13,may,5,-1,0,unknown,1
57,0,1,0,0,0,0,0,0,0,0,0,0,0,0,1,1,0,0,0,96,0,0,cellular,21,aug,4,-1,0,unknown,1
66,0,0,0,0,0,1,0,0,0,0,0,0,1,0,0,0,1,0,0,2048,0,0,cellular,27,aug,1,-1,0,unknown,1
27,0,0,0,0,0,0,0,0,1,0,0,0,0,1,0,1,0,0,0,347,0,0,cellular,6,aug,4,-1,0,unknown,1
29,0,0,0,0,0,0,1,0,0,0,0,0,1,0,0,0,1,0,0,7707,1,0,cellular,29,apr,2,334,2,failure,1
65,0,0,1,0,0,0,0,0,0,0,0,0,1,0,0,1,0,0,0,2331,0,0,telephone,11,aug,1,183,2,success,1
50,0,0,0,0,0,0,0,0,1,0,0,0,1,0,0,0,1,0,0,36,0,0,cellular,13,aug,10,-1,0,unknown,0
34,0,0,1,0,0,0,0,0,0,0,0,0,1,0,0,1,0,0,0,0,1,0,cellular,6,may,1,183,1,failure,1
42,0,0,0,1,0,0,0,0,0,0,0,0,1,0,0,0,1,0,0,9359,1,0,unknown,15,may,1,-1,0,unknown,0
56,0,0,0,0,0,1,0,0,0,0,0,0,0,0,1,0,1,0,0,4,0,0,unknown,17,jun,1,-1,0,unknown,0
33,0,1,0,0,0,0,0,0,0,0,0,0,1,0,0,1,0,0,0,4401,0,0,cellular,30,apr,1,-1,0,unknown,1
33,1,0,0,0,0,0,0,0,0,0,0,0,0,1,0,1,0,0,0,3552,0,0,cellular,13,feb,2,85,3,failure,1
43,0,0,0,0,0,0,1,0,0,0,0,0,1,0,0,0,1,0,0,2,1,1,cellular,22,jul,1,-1,0,unknown,0
57,1,0,0,0,0,0,0,0,0,0,0,0,1,0,0,1,0,0,0,10583,0,0,cellular,28,sep,3,98,3,success,1
32,0,1,0,0,0,0,0,0,0,0,0,0,1,0,0,1,0,0,0,-252,1,0,cellular,29,jul,4,-1,0,unknown,0
31,0,0,0,1,0,0,0,0,0,0,0,0,1,0,0,0,1,0,0,-112,0,1,cellular,15,jul,1,-1,0,unknown,0
44,0,0,0,0,0,0,0,0,1,0,0,0,1,0,0,0,1,0,0,313,0,0,cellular,6,aug,4,-1,0,unknown,0
21,0,0,0,0,0,0,0,0,0,0,0,1,0,1,0,0,1,0,0,794,0,0,cellular,5,jun,1,-1,0,unknown,1
62,0,0,0,0,0,1,0,0,0,0,0,0,1,0,0,1,0,0,0,2557,1,0,cellular,10,nov,1,57,8,success,1
27,0,1,0,0,0,0,0,0,0,0,0,0,1,0,0,0,1,0,0,2460,1,0,cellular,15,may,2,-1,0,unknown,0
42,1,0,0,0,0,0,0,0,0,0,0,0,0,1,0,1,0,0,0,0,1,1,unknown,5,may,2,-1,0,unknown,1
53,1,0,0,0,0,0,0,0,0,0,0,0,1,0,0,1,0,0,0,1624,0,0,cellular,6,aug,1,98,6,success,1
36,0,0,0,1,0,0,0,0,0,0,0,0,1,0,0,0,1,0,0,1049,1,0,cellular,14,may,4,-1,0,unknown,1
27,1,0,0,0,0,0,0,0,0,0,0,0,0,1,0,1,0,0,0,831,1,0,cellular,21,jul,1,-1,0,unknown,0
70,0,0,0,0,0,1,0,0,0,0,0,0,1,0,0,1,0,0,0,15834,0,0,cellular,5,apr,3,186,1,failure,0
39,0,0,0,0,0,0,1,0,0,0,0,0,1,0,0,0,1,0,0,260,1,0,cellular,13,nov,1,94,4,success,1
34,0,0,0,1,0,0,0,0,0,0,0,0,1,0,0,0,1,0,0,1454,1,0,cellular,11,feb,2,297,2,failure,1
36,1,0,0,0,0,0,0,0,0,0,0,0,1,0,0,1,0,0,0,495,0,0,cellular,11,sep,1,37,5,success,1
36,1,0,0,0,0,0,0,0,0,0,0,0,1,0,0,1,0,0,0,85,0,0,cellular,19,aug,3,-1,0,unknown,0
40,0,0,0,0,0,0,0,1,0,0,0,0,1,0,0,0,1,0,0,5807,1,0,unknown,20,jun,1,-1,0,unknown,0
48,1,0,0,0,0,0,0,0,0,0,0,0,1,0,0,1,0,0,0,263,1,0,unknown,5,may,2,-1,0,unknown,0
57,1,0,0,0,0,0,0,0,0,0,0,0,1,0,0,1,0,0,0,1227,0,0,cellular,5,jun,1,-1,0,unknown,1
38,0,0,1,0,0,0,0,0,0,0,0,0,1,0,0,0,1,0,0,-272,0,1,unknown,17,jun,2,-1,0,unknown,0
61,0,0,0,0,0,0,1,0,0,0,0,0,1,0,0,1,0,0,0,1332,0,0,cellular,12,mar,1,-1,0,unknown,1
30,0,1,0,0,0,0,0,0,0,0,0,0,1,0,0,1,0,0,0,569,0,0,cellular,27,aug,12,-1,0,unknown,1
28,0,0,0,0,1,0,1,0,0,0,0,0,0,1,0,0,0,0,0,174,0,0,cellular,28,sep,1,-1,0,unknown,0
39,0,1,0,0,0,0,0,0,0,0,0,0,1,0,0,0,1,0,0,694,1,0,cellular,23,jul,5,-1,0,unknown,0
26,0,1,0,0,0,0,0,0,0,0,0,0,1,0,0,0,1,0,0,-119,0,1,cellular,9,jul,5,-1,0,unknown,1
57,0,1,0,0,0,0,0,0,0,0,0,0,1,0,0,0,1,0,0,589,1,0,cellular,11,aug,1,190,5,failure,1
32,0,1,0,0,0,0,0,0,0,0,0,0,1,0,0,0,1,0,0,348,1,0,cellular,17,jul,1,-1,0,unknown,1
46,0,0,0,0,0,0,0,1,0,0,0,0,0,0,1,0,1,0,0,0,0,0,cellular,17,nov,1,150,3,success,0
32,1,0,0,0,0,0,0,0,0,0,0,0,0,1,0,1,0,0,0,718,1,0,cellular,29,dec,1,197,1,success,1
54,0,0,0,0,0,1,0,0,0,0,0,0,0,1,0,0,1,0,0,515,1,0,unknown,17,jun,1,-1,0,unknown,0
32,0,0,0,1,0,0,0,0,0,0,0,0,1,0,0,0,1,0,1,-53,1,0,cellular,16,apr,1,272,1,other,1
40,1,0,0,0,0,0,0,0,0,0,0,0,1,0,0,1,0,0,0,8969,1,0,cellular,17,nov,1,-1,0,unknown,0
32,0,1,0,0,0,0,0,0,0,0,0,0,0,1,0,0,1,0,0,0,0,0,cellular,18,aug,4,-1,0,unknown,1
53,0,0,0,0,0,0,0,0,0,1,0,0,0,0,1,0,1,0,0,587,0,0,cellular,19,nov,1,-1,0,unknown,1
36,0,0,1,0,0,0,0,0,0,0,0,0,1,0,0,0,1,0,0,1163,1,0,cellular,18,may,7,363,1,failure,0
40,1,0,0,0,0,0,0,0,0,0,0,0,1,0,0,1,0,0,0,-130,1,0,unknown,28,may,2,-1,0,unknown,0
48,1,0,0,0,0,0,0,0,0,0,0,0,0,0,1,1,0,0,0,1401,1,0,unknown,20,jun,3,-1,0,unknown,0
51,0,0,0,1,0,0,0,0,0,0,0,0,1,0,0,0,1,0,0,4787,1,0,cellular,7,apr,1,-1,0,unknown,1
30,1,0,0,0,0,0,0,0,0,0,0,0,0,1,0,1,0,0,0,254,0,0,cellular,21,aug,1,-1,0,unknown,0
56,1,0,0,0,0,0,0,0,0,0,0,0,0,0,1,1,0,0,0,535,1,0,cellular,24,jul,1,-1,0,unknown,0
33,0,0,0,1,1,0,0,0,0,0,0,0,0,1,0,0,0,0,0,129,1,1,cellular,30,apr,1,161,1,failure,1
37,1,0,0,0,0,0,0,0,0,0,0,0,1,0,0,1,0,0,0,630,0,0,cellular,30,apr,1,87,1,success,1
37,1,0,0,0,0,0,0,0,0,0,0,0,1,0,0,1,0,0,1,-22,0,0,cellular,29,jan,1,-1,0,unknown,0
55,0,0,0,0,1,0,1,0,0,0,0,0,1,0,0,0,0,0,0,98,0,1,cellular,28,jan,1,-1,0,unknown,0
32,0,0,0,0,0,0,0,0,0,1,0,0,0,1,0,0,0,1,0,1429,0,0,cellular,8,mar,4,-1,0,unknown,0
45,0,0,0,0,0,0,0,0,1,0,0,0,0,0,1,1,0,0,0,963,1,0,cellular,12,may,5,-1,0,unknown,1
29,1,0,0,0,0,0,0,0,0,0,0,0,0,1,0,1,0,0,0,502,0,0,cellular,8,jul,1,87,5,failure,1
39,0,0,1,0,0,0,0,0,0,0,0,0,1,0,0,1,0,0,0,2,1,0,cellular,17,nov,1,-1,0,unknown,0
51,0,0,0,0,0,1,0,0,0,0,0,0,1,0,0,1,0,0,0,580,0,0,cellular,19,nov,2,-1,0,unknown,1
68,0,0,0,0,0,1,0,0,0,0,0,0,0,1,0,1,0,0,0,2144,0,0,cellular,26,jan,1,96,3,success,1
31,0,1,0,0,0,0,0,0,0,0,0,0,1,0,0,0,1,0,0,6699,0,0,cellular,4,aug,1,-1,0,unknown,0
54,1,0,0,0,0,0,0,0,0,0,0,0,1,0,0,1,0,0,0,8295,0,0,cellular,2,oct,2,119,1,success,1
28,1,0,0,0,0,0,0,0,0,0,0,0,0,1,0,0,1,0,0,171,0,0,cellular,10,mar,1,-1,0,unknown,1
70,0,0,0,0,0,1,0,0,0,0,0,0,0,0,1,0,1,0,0,6850,0,0,telephone,5,mar,3,183,1,failure,0
45,0,1,0,0,0,0,0,0,0,0,0,0,1,0,0,1,0,0,0,-525,0,1,cellular,21,nov,2,-1,0,unknown,1
32,0,0,0,0,0,0,1,0,0,0,0,0,0,1,0,1,0,0,0,-59,0,1,unknown,4,jul,1,-1,0,unknown,0
48,0,0,0,0,0,0,0,0,0,1,0,0,1,0,0,0,1,0,0,817,0,0,cellular,14,jan,1,282,4,success,1
41,0,0,0,0,0,0,1,0,0,0,0,0,1,0,0,0,1,0,0,4539,0,0,unknown,30,may,3,-1,0,unknown,0
67,0,0,0,0,0,1,0,0,0,0,0,0,1,0,0,0,1,0,0,1146,0,0,cellular,13,nov,1,92,2,failure,1
63,0,0,0,0,0,0,0,0,1,0,0,0,1,0,0,1,0,0,0,-39,0,0,cellular,1,apr,2,-1,0,unknown,1
37,0,0,0,0,0,0,1,0,0,0,0,0,0,1,0,1,0,0,0,1000,1,0,cellular,22,sep,1,99,2,success,1
31,0,0,0,0,0,0,0,0,0,1,0,0,0,1,0,0,1,0,0,2066,0,1,cellular,21,aug,2,-1,0,unknown,0
46,0,0,0,1,0,0,0,0,0,0,0,0,1,0,0,0,0,1,0,-169,0,1,unknown,29,may,3,-1,0,unknown,0
27,0,0,0,0,0,0,1,0,0,0,0,0,0,1,0,0,1,0,0,80,0,0,cellular,10,aug,1,-1,0,unknown,0
55,0,1,0,0,0,0,0,0,0,0,0,0,1,0,0,0,1,0,0,955,1,0,cellular,29,jan,1,-1,0,unknown,0
41,0,0,0,0,0,0,0,1,0,0,0,0,0,1,0,0,1,0,0,-675,1,1,cellular,18,mar,4,-1,0,unknown,1
35,0,0,0,0,0,0,0,0,1,0,0,0,1,0,0,0,1,0,0,273,0,0,unknown,20,jun,4,-1,0,unknown,0
50,0,0,0,0,0,0,1,0,0,0,0,0,1,0,0,0,1,0,0,0,1,1,unknown,26,jun,2,-1,0,unknown,0
36,0,0,0,1,0,0,0,0,0,0,0,0,1,0,0,0,1,0,0,723,1,0,cellular,31,jul,2,-1,0,unknown,0
23,0,0,0,0,0,0,0,0,0,0,0,1,0,1,0,1,0,0,0,1592,0,0,cellular,10,aug,1,-1,0,unknown,0
26,0,1,0,0,0,0,0,0,0,0,0,0,0,1,0,1,0,0,0,-67,1,0,cellular,13,aug,1,90,1,success,0
29,0,0,0,0,0,0,1,0,0,0,0,0,1,0,0,0,1,0,0,0,1,1,cellular,4,feb,2,229,3,other,0
36,0,0,0,0,0,0,1,0,0,0,0,0,1,0,0,1,0,0,0,3221,0,0,cellular,4,may,11,-1,0,unknown,1
34,1,0,0,0,0,0,0,0,0,0,0,0,1,0,0,1,0,0,0,828,0,1,cellular,11,aug,3,-1,0,unknown,1
44,0,1,0,0,0,0,0,0,0,0,0,0,0,1,0,1,0,0,0,2033,0,0,cellular,3,sep,1,99,1,failure,1
35,0,1,0,0,0,0,0,0,0,0,0,0,0,1,0,1,0,0,0,13460,1,0,cellular,15,may,3,-1,0,unknown,1
22,0,0,0,0,0,0,0,0,0,0,0,1,0,1,0,0,1,0,0,381,0,0,cellular,12,feb,1,-1,0,unknown,1
56,0,0,0,0,0,0,0,0,0,1,0,0,1,0,0,0,1,0,0,12,0,0,cellular,12,oct,3,187,1,failure,1
33,0,1,0,0,0,0,0,0,0,0,0,0,1,0,0,1,0,0,0,0,0,0,cellular,30,apr,2,-1,0,unknown,1
55,0,0,0,0,0,0,1,0,0,0,0,0,1,0,0,0,1,0,0,602,0,0,cellular,4,feb,2,150,6,success,1
42,0,0,0,0,0,0,0,1,0,0,0,0,1,0,0,0,1,0,0,0,1,0,cellular,9,jul,1,-1,0,unknown,0
50,0,0,0,1,0,0,0,0,0,0,0,0,1,0,0,0,1,0,0,181,1,0,cellular,17,apr,2,-1,0,unknown,0
46,0,0,0,0,0,0,1,0,0,0,0,0,0,0,1,0,0,1,0,429,1,0,cellular,26,apr,2,369,2,success,1
53,0,0,0,1,0,0,0,0,0,0,0,0,0,1,0,0,1,0,0,1004,0,0,cellular,13,may,1,84,1,other,1
40,0,1,0,0,0,0,0,0,0,0,0,0,1,0,0,0,1,0,0,2266,0,0,cellular,26,may,3,89,7,other,1
42,0,1,0,0,0,0,0,0,0,0,0,0,0,1,0,0,1,0,0,0,0,0,telephone,31,jul,13,-1,0,unknown,0
55,1,0,0,0,0,0,0,0,0,0,0,0,1,0,0,0,0,1,0,2587,0,0,cellular,4,sep,2,94,2,success,1
43,0,1,0,0,0,0,0,0,0,0,0,0,0,0,1,0,1,0,0,1648,0,0,cellular,17,nov,1,-1,0,unknown,0
48,1,0,0,0,0,0,0,0,0,0,0,0,1,0,0,1,0,0,0,157,0,0,cellular,28,jan,4,-1,0,unknown,1
40,1,0,0,0,0,0,0,0,0,0,0,0,1,0,0,0,1,0,0,4396,0,0,cellular,12,aug,3,-1,0,unknown,1
56,0,0,0,1,0,0,0,0,0,0,0,0,1,0,0,0,1,0,0,-203,1,0,unknown,7,may,1,-1,0,unknown,0
35,1,0,0,0,0,0,0,0,0,0,0,0,1,0,0,1,0,0,0,2682,1,0,cellular,9,jul,1,-1,0,unknown,0
47,0,0,0,0,0,0,0,1,0,0,0,0,1,0,0,0,0,1,0,0,1,0,cellular,4,aug,1,-1,0,unknown,0
51,0,0,0,1,0,0,0,0,0,0,0,0,1,0,0,0,1,0,0,701,1,0,unknown,15,may,3,-1,0,unknown,0
30,0,0,0,1,0,0,0,0,0,0,0,0,1,0,0,0,0,1,0,2581,0,0,unknown,12,may,2,-1,0,unknown,0
33,0,0,0,0,0,0,0,1,0,0,0,0,0,1,0,1,0,0,0,1268,1,0,cellular,3,jun,1,28,2,failure,0
43,0,0,0,1,0,0,0,0,0,0,0,0,1,0,0,0,1,0,0,1149,0,0,telephone,29,jul,2,-1,0,unknown,0
27,0,0,1,0,0,0,0,0,0,0,0,0,1,0,0,0,1,0,0,47,1,0,unknown,18,jun,4,-1,0,unknown,0
55,0,1,0,0,0,0,0,0,0,0,0,0,1,0,0,1,0,0,0,-466,1,0,cellular,15,may,1,-1,0,unknown,1
31,0,0,0,0,0,0,0,0,0,0,0,1,0,1,0,0,1,0,0,3511,0,0,cellular,2,jul,1,-1,0,unknown,1
29,0,0,0,0,0,0,0,0,1,0,0,0,0,1,0,1,0,0,0,805,0,0,cellular,23,feb,1,103,7,failure,1
40,0,0,0,1,0,0,0,0,0,0,0,0,1,0,0,0,0,1,0,1758,1,0,unknown,16,may,3,-1,0,unknown,1
33,1,0,0,0,0,0,0,0,0,0,0,0,0,1,0,0,1,0,0,15,0,0,cellular,22,aug,1,-1,0,unknown,0
32,1,0,0,0,0,0,0,0,0,0,0,0,1,0,0,1,0,0,0,663,0,1,cellular,22,jul,3,-1,0,unknown,0
34,0,0,0,0,0,0,1,0,0,0,0,0,1,0,0,1,0,0,0,79,1,0,cellular,5,aug,1,92,5,success,1
33,0,0,0,1,0,0,0,0,0,0,0,0,1,0,0,0,0,1,0,158,1,0,cellular,4,feb,1,264,4,failure,0
40,1,0,0,0,0,0,0,0,0,0,0,0,1,0,0,1,0,0,0,211,1,0,unknown,30,may,3,-1,0,unknown,0
26,1,0,0,0,0,0,0,0,0,0,0,0,0,1,0,1,0,0,0,1004,1,0,unknown,30,may,2,-1,0,unknown,1
32,0,0,0,0,0,0,0,1,0,0,0,0,0,1,0,0,1,0,0,6857,0,0,cellular,2,feb,1,-1,0,unknown,0
52,0,0,1,0,0,0,0,0,0,0,0,0,1,0,0,1,0,0,1,-468,0,0,cellular,8,jul,1,-1,0,unknown,1
36,1,0,0,0,0,0,0,0,0,0,0,0,1,0,0,1,0,0,0,1100,1,0,cellular,18,nov,1,-1,0,unknown,0
38,0,0,0,0,0,0,1,0,0,0,0,0,1,0,0,0,1,0,0,1283,1,0,cellular,29,jul,6,-1,0,unknown,0
71,0,0,0,0,0,1,0,0,0,0,0,0,1,0,0,1,0,0,0,4388,0,0,cellular,8,jul,2,-1,0,unknown,1
57,0,1,0,0,0,0,0,0,0,0,0,0,1,0,0,0,1,0,0,109,0,0,cellular,25,aug,4,-1,0,unknown,0
37,0,0,0,0,0,0,1,0,0,0,0,0,1,0,0,1,0,0,0,2693,1,0,cellular,8,apr,1,-1,0,unknown,0
33,0,1,0,0,0,0,0,0,0,0,0,0,1,0,0,0,1,0,0,73,1,0,cellular,2,jul,1,-1,0,unknown,1
33,0,0,0,0,0,0,1,0,0,0,0,0,0,1,0,0,1,0,0,16,1,1,cellular,3,jun,1,-1,0,unknown,0
33,1,0,0,0,0,0,0,0,0,0,0,0,1,0,0,1,0,0,0,17946,1,0,cellular,4,may,4,87,6,failure,0
55,1,0,0,0,1,0,0,0,0,0,0,0,1,0,0,0,0,0,0,3122,0,0,cellular,8,jul,1,-1,0,unknown,1
25,0,1,0,0,0,0,0,0,0,0,0,0,0,1,0,1,0,0,0,800,1,0,unknown,13,may,4,-1,0,unknown,0
53,0,0,0,1,0,0,0,0,0,0,0,0,1,0,0,0,1,0,0,3079,0,0,cellular,5,apr,1,-1,0,unknown,0
34,1,0,0,0,0,0,0,0,0,0,0,0,0,0,1,1,0,0,0,70,1,0,unknown,22,jul,1,701,6,other,0
48,0,0,0,0,0,0,0,1,0,0,0,0,0,0,1,0,1,0,0,-361,1,0,cellular,12,may,3,349,3,other,1
79,0,0,0,0,0,1,0,0,0,0,0,0,1,0,0,0,1,0,0,4738,0,0,telephone,9,jul,5,-1,0,unknown,0
34,0,0,0,0,0,0,0,0,0,1,0,0,0,1,0,0,1,0,0,15,0,0,cellular,12,jan,1,-1,0,unknown,1
58,0,0,0,0,0,0,0,0,0,1,0,0,1,0,0,0,1,0,0,610,1,0,telephone,29,jul,2,-1,0,unknown,0
26,0,0,0,1,0,0,0,0,0,0,0,0,0,1,0,0,1,0,0,463,0,1,cellular,2,jul,2,-1,0,unknown,1
43,1,0,0,0,0,0,0,0,0,0,0,0,0,0,1,1,0,0,0,2367,0,0,cellular,22,sep,1,113,3,success,1
36,0,1,0,0,0,0,0,0,0,0,0,0,0,1,0,0,1,0,1,-487,1,0,cellular,17,apr,1,-1,0,unknown,1
37,1,0,0,0,0,0,0,0,0,0,0,0,1,0,0,1,0,0,0,0,1,0,cellular,21,nov,1,-1,0,unknown,0
31,0,0,0,0,0,0,0,0,0,0,0,1,0,1,0,0,1,0,0,1776,0,0,cellular,15,jun,1,207,1,other,1
25,0,0,0,0,1,0,0,0,0,0,0,1,0,1,0,0,0,0,0,480,0,0,cellular,8,sep,1,-1,0,unknown,1
31,0,0,0,0,0,0,0,1,0,0,0,0,0,0,1,0,1,0,0,1656,1,0,unknown,9,may,3,-1,0,unknown,0
58,0,0,1,0,0,0,0,0,0,0,0,0,1,0,0,1,0,0,0,364,1,0,cellular,30,jan,1,-1,0,unknown,0
30,0,1,0,0,0,0,0,0,0,0,0,0,1,0,0,0,1,0,0,2371,1,1,cellular,25,jul,5,-1,0,unknown,0
41,1,0,0,0,0,0,0,0,0,0,0,0,1,0,0,1,0,0,0,254,0,0,cellular,9,jun,2,294,2,failure,1
30,0,1,0,0,0,0,0,0,0,0,0,0,1,0,0,1,0,0,0,2166,0,0,cellular,12,jan,2,-1,0,unknown,1
43,0,0,0,0,1,0,0,1,0,0,0,0,0,0,1,0,0,0,0,-291,1,0,cellular,11,may,1,301,2,failure,0
26,0,0,0,0,0,0,0,1,0,0,0,0,0,1,0,0,1,0,0,598,1,0,cellular,5,feb,2,272,1,other,0
32,0,0,0,1,0,0,0,0,0,0,0,0,0,1,0,0,1,0,0,138,1,0,cellular,15,may,2,-1,0,unknown,0
30,1,0,0,0,0,0,0,0,0,0,0,0,0,1,0,1,0,0,0,502,0,1,cellular,18,jul,1,-1,0,unknown,1
50,0,0,1,0,0,0,0,0,0,0,0,0,0,0,1,1,0,0,0,541,0,0,cellular,18,nov,1,-1,0,unknown,0
30,0,1,0,0,0,0,0,0,0,0,0,0,0,1,0,0,1,0,0,2734,0,0,cellular,21,nov,3,-1,0,unknown,1
25,0,0,0,1,0,0,0,0,0,0,0,0,0,1,0,0,1,0,0,1857,1,0,cellular,13,jul,2,91,10,success,1
27,0,0,0,0,0,0,0,1,0,0,0,0,0,1,0,0,1,0,0,1347,0,0,telephone,28,dec,1,193,11,success,1
34,0,0,0,1,0,0,0,0,0,0,0,0,0,1,0,0,0,1,0,79,0,0,telephone,10,jul,4,-1,0,unknown,1
79,0,0,0,0,0,1,0,0,0,0,0,0,1,0,0,0,1,0,0,8304,0,0,telephone,9,mar,9,-1,0,unknown,1
43,0,0,0,0,0,0,1,0,0,0,0,0,0,1,0,0,1,0,0,386,0,0,cellular,12,jul,3,529,1,failure,1
42,1,0,0,0,0,0,0,0,0,0,0,0,0,0,1,1,0,0,0,0,0,0,telephone,19,aug,4,-1,0,unknown,0
27,0,0,0,0,1,0,0,0,0,0,0,0,0,1,0,0,1,0,0,1187,0,0,telephone,26,feb,1,101,1,failure,1
50,1,0,0,0,0,0,0,0,0,0,0,0,1,0,0,0,1,0,0,-187,1,0,unknown,29,may,2,-1,0,unknown,0
30,0,0,0,0,0,0,0,1,0,0,0,0,1,0,0,0,1,0,0,292,1,1,cellular,15,apr,4,-1,0,unknown,0
30,0,0,0,0,0,0,0,0,1,0,0,0,0,1,0,1,0,0,0,3343,0,0,cellular,1,jun,1,-1,0,unknown,1
53,0,0,0,1,0,0,0,0,0,0,0,0,1,0,0,0,1,0,0,-76,0,0,cellular,29,jan,1,164,4,other,0
33,0,0,0,1,0,0,0,0,0,0,0,0,1,0,0,0,1,0,0,489,1,0,cellular,17,apr,1,332,1,failure,0
31,1,0,0,0,0,0,0,0,0,0,0,0,1,0,0,1,0,0,0,141,1,0,cellular,4,feb,2,238,7,other,1
38,0,0,0,1,0,0,0,0,0,0,0,0,0,1,0,0,1,0,0,57,1,0,unknown,9,may,1,-1,0,unknown,0
33,1,0,0,0,0,0,0,0,0,0,0,0,1,0,0,0,1,0,0,165,1,0,telephone,5,feb,3,258,15,other,0
51,0,1,0,0,0,0,0,0,0,0,0,0,0,0,1,0,1,0,0,1096,0,0,cellular,3,feb,1,-1,0,unknown,0
67,0,0,0,0,0,1,0,0,0,0,0,0,0,0,1,1,0,0,0,443,0,0,cellular,18,aug,1,-1,0,unknown,1
34,1,0,0,0,0,0,0,0,0,0,0,0,1,0,0,1,0,0,0,3050,1,0,cellular,13,may,1,-1,0,unknown,1
40,0,1,0,0,0,0,0,0,0,0,0,0,0,1,0,1,0,0,0,1646,1,0,cellular,4,aug,1,92,5,success,1
27,0,1,0,0,0,0,0,0,0,0,0,0,0,1,0,0,1,0,0,1601,0,0,cellular,4,feb,2,-1,0,unknown,0
31,0,0,0,1,0,0,0,0,0,0,0,0,1,0,0,0,1,0,0,-723,1,0,cellular,25,jul,2,-1,0,unknown,0
35,0,1,0,0,0,0,0,0,0,0,0,0,0,1,0,0,1,0,0,16,1,0,cellular,8,apr,1,-1,0,unknown,1
47,0,0,0,0,1,0,0,1,0,0,0,0,0,0,1,0,0,0,0,973,0,0,cellular,27,may,1,479,1,failure,1
48,0,0,0,0,0,0,0,0,0,1,0,0,0,0,1,0,1,0,0,201,0,0,cellular,11,aug,1,-1,0,unknown,1
41,0,0,0,1,0,0,0,0,0,0,0,0,1,0,0,0,1,0,0,1384,1,0,unknown,15,may,4,-1,0,unknown,1
34,0,1,0,0,0,0,0,0,0,0,0,0,0,1,0,0,1,0,0,1279,1,0,cellular,22,jul,2,160,8,other,1
59,1,0,0,0,0,0,0,0,0,0,0,0,0,0,1,1,0,0,0,81,0,0,cellular,26,may,1,-1,0,unknown,0
37,0,0,0,0,0,0,1,0,0,0,0,0,1,0,0,0,0,1,0,214,1,0,cellular,9,jul,1,-1,0,unknown,1
27,0,0,0,0,0,0,0,1,0,0,0,0,1,0,0,0,1,0,0,1304,0,0,cellular,30,jan,1,-1,0,unknown,0
67,0,0,0,0,0,1,0,0,0,0,0,0,1,0,0,0,1,0,0,2048,0,0,cellular,16,sep,5,195,4,other,1
40,0,0,0,0,0,0,1,0,0,0,0,0,1,0,0,0,1,0,0,260,1,0,cellular,13,may,1,181,5,success,1
27,0,0,0,0,0,0,1,0,0,0,0,0,0,1,0,1,0,0,0,73,0,0,cellular,29,jan,1,-1,0,unknown,0
19,0,0,0,0,1,0,0,0,0,0,0,1,0,1,0,0,0,0,0,108,0,0,cellular,9,mar,2,182,1,success,1
32,1,0,0,0,0,0,0,0,0,0,0,0,1,0,0,1,0,0,0,2667,1,0,cellular,4,mar,1,181,4,failure,1
41,0,0,0,0,0,0,0,1,0,0,0,0,0,1,0,0,1,0,0,-278,1,0,cellular,7,may,5,360,3,failure,0
30,1,0,0,0,0,0,0,0,0,0,0,0,0,1,0,1,0,0,0,398,0,0,cellular,24,apr,2,-1,0,unknown,1
32,0,0,0,0,0,0,1,0,0,0,0,0,1,0,0,0,1,0,0,366,0,0,cellular,14,jan,2,-1,0,unknown,1
37,0,0,0,1,0,0,0,0,0,0,0,0,0,1,0,0,1,0,0,7622,1,1,telephone,6,may,1,-1,0,unknown,0
45,0,0,0,0,0,0,1,0,0,0,0,0,1,0,0,0,1,0,0,0,0,0,cellular,22,jul,2,-1,0,unknown,0
28,0,0,0,0,0,0,0,0,0,0,0,1,0,1,0,0,1,0,0,5916,0,0,cellular,20,mar,5,-1,0,unknown,0
48,1,0,0,0,0,0,0,0,0,0,0,0,1,0,0,1,0,0,0,1808,1,0,cellular,26,feb,1,-1,0,unknown,1
33,0,0,0,0,0,0,0,0,0,1,0,0,0,1,0,0,1,0,0,427,0,0,unknown,1,jun,1,-1,0,unknown,0
33,0,0,0,0,0,0,0,0,1,0,0,0,0,1,0,1,0,0,0,562,1,1,cellular,6,apr,1,363,1,failure,1
38,0,0,0,1,0,0,0,0,0,0,0,0,1,0,0,0,0,1,0,1852,1,0,cellular,13,may,1,-1,0,unknown,1
73,0,0,0,0,0,1,0,0,0,0,0,0,0,1,0,0,1,0,0,1050,0,0,cellular,4,mar,3,181,2,failure,1
34,0,0,0,1,0,0,0,0,0,0,0,0,1,0,0,0,1,0,0,332,0,0,cellular,14,may,2,-1,0,unknown,0
30,1,0,0,0,0,0,0,0,0,0,0,0,0,1,0,1,0,0,0,297,0,0,cellular,8,nov,1,-1,0,unknown,1
46,0,0,0,1,0,0,0,0,0,0,0,0,1,0,0,0,0,1,0,369,1,0,unknown,13,may,2,-1,0,unknown,1
54,0,0,0,0,0,1,0,0,0,0,0,0,0,1,0,0,1,0,0,515,1,0,cellular,6,feb,2,234,1,failure,0
51,0,0,0,0,1,0,0,0,1,0,0,0,1,0,0,0,0,0,0,2094,0,0,cellular,8,jun,6,-1,0,unknown,1
37,0,0,0,0,0,0,1,0,0,0,0,0,1,0,0,0,0,1,0,242,1,0,unknown,8,may,8,-1,0,unknown,0
30,0,0,0,0,0,0,1,0,0,0,0,0,0,1,0,0,1,0,0,387,1,0,unknown,8,may,1,-1,0,unknown,0
31,0,1,0,0,0,0,0,0,0,0,0,0,1,0,0,1,0,0,0,313,1,0,cellular,27,aug,2,-1,0,unknown,0
53,0,0,0,0,1,0,0,0,0,0,0,0,1,0,0,0,0,1,0,732,0,0,cellular,27,oct,2,-1,0,unknown,1
23,1,0,0,0,0,0,0,0,0,0,0,0,0,1,0,1,0,0,0,2143,0,0,cellular,30,mar,2,-1,0,unknown,1
38,0,0,0,0,0,0,1,0,0,0,0,0,1,0,0,0,1,0,0,755,1,0,cellular,17,feb,1,-1,0,unknown,1
36,0,1,0,0,0,0,0,0,0,0,0,0,0,1,0,1,0,0,0,0,0,0,unknown,17,jun,4,-1,0,unknown,0
53,1,0,0,0,0,0,0,0,0,0,0,0,1,0,0,1,0,0,0,1014,0,1,cellular,19,nov,2,-1,0,unknown,0
26,0,1,0,0,0,0,0,0,0,0,0,0,0,1,0,0,1,0,0,44,0,0,cellular,30,oct,1,-1,0,unknown,1
37,0,0,0,1,0,0,0,0,0,0,0,0,1,0,0,0,0,1,0,378,1,0,unknown,9,may,1,-1,0,unknown,0
44,1,0,0,0,0,0,0,0,0,0,0,0,1,0,0,1,0,0,0,1138,0,0,cellular,27,aug,3,-1,0,unknown,1
25,0,0,0,0,0,0,0,0,0,0,0,1,0,1,0,0,1,0,0,1957,0,0,cellular,24,jun,4,385,1,failure,1
54,1,0,0,0,0,0,0,0,0,0,0,0,1,0,0,1,0,0,0,12,0,0,telephone,31,jul,4,-1,0,unknown,0
56,0,0,0,0,1,1,0,0,0,0,0,0,1,0,0,0,0,0,0,4391,1,0,unknown,16,may,1,-1,0,unknown,0
34,1,0,0,0,0,0,0,0,0,0,0,0,1,0,0,1,0,0,0,1778,0,0,cellular,4,nov,1,162,2,failure,1
38,0,0,0,1,0,0,0,0,0,0,0,0,0,1,0,0,1,0,0,2580,1,0,cellular,8,apr,2,264,3,failure,1
45,0,0,0,1,0,0,0,0,0,0,0,0,1,0,0,0,1,0,0,2,0,0,cellular,26,aug,10,-1,0,unknown,0
33,0,0,0,1,0,0,0,0,0,0,0,0,0,1,0,0,1,0,0,329,0,0,cellular,6,sep,1,145,2,other,1
34,0,0,0,0,0,0,0,1,0,0,0,0,0,1,0,1,0,0,0,3119,0,0,cellular,16,oct,1,-1,0,unknown,1
29,0,1,0,0,0,0,0,0,0,0,0,0,0,1,0,0,1,0,0,590,0,0,cellular,27,aug,1,94,1,success,1
56,0,0,0,0,0,1,0,0,0,0,0,0,0,0,1,1,0,0,0,13094,0,0,cellular,25,may,1,-1,0,unknown,1
46,0,0,0,0,0,0,0,1,0,0,0,0,1,0,0,0,0,1,0,4343,1,0,unknown,20,sep,1,-1,0,unknown,1
26,0,0,0,0,0,0,0,0,1,0,0,0,0,1,0,1,0,0,0,2857,0,0,cellular,3,jul,1,-1,0,unknown,1
31,1,0,0,0,0,0,0,0,0,0,0,0,1,0,0,1,0,0,0,4328,0,0,cellular,12,oct,4,165,14,success,1
57,0,1,0,0,0,0,0,0,0,0,0,0,0,0,1,1,0,0,0,126,0,0,telephone,4,jun,2,-1,0,unknown,1
49,0,0,0,1,0,0,0,0,0,0,0,0,1,0,0,0,0,1,0,1898,0,0,cellular,21,aug,1,-1,0,unknown,0
26,0,0,0,0,0,0,0,0,1,0,0,0,0,1,0,1,0,0,0,168,0,0,cellular,30,apr,1,-1,0,unknown,1
43,0,0,0,1,0,0,0,0,0,0,0,0,0,1,0,0,1,0,0,740,1,0,unknown,20,jun,2,-1,0,unknown,1
57,0,0,0,0,0,1,0,0,0,0,0,0,1,0,0,0,1,0,0,81,0,0,cellular,19,aug,3,-1,0,unknown,0
44,0,0,0,0,0,0,0,0,1,0,0,0,1,0,0,1,0,0,0,1196,0,0,cellular,20,aug,5,-1,0,unknown,1
42,0,1,0,0,0,0,0,0,0,0,0,0,1,0,0,1,0,0,0,1189,0,0,unknown,5,jun,3,-1,0,unknown,0
24,0,0,0,0,0,0,0,0,0,0,0,1,0,1,0,0,1,0,0,125,0,0,cellular,11,aug,1,-1,0,unknown,0
45,1,0,0,0,0,0,0,0,0,0,0,0,0,0,1,0,1,0,0,644,1,0,cellular,19,nov,1,168,1,success,1
34,1,0,0,0,0,0,0,0,0,0,0,0,1,0,0,1,0,0,0,73,0,0,cellular,4,feb,2,-1,0,unknown,1
42,0,0,0,0,1,0,0,0,0,0,0,0,0,1,0,0,0,0,0,942,0,0,cellular,27,jan,1,92,2,success,1
44,0,0,0,1,0,0,0,0,0,0,0,0,1,0,0,0,1,0,1,105,1,0,cellular,20,apr,1,-1,0,unknown,1
33,0,0,0,1,0,0,0,0,0,0,0,0,1,0,0,0,0,1,0,-191,1,1,cellular,9,jul,4,-1,0,unknown,1
35,0,0,0,1,0,0,0,0,0,0,0,0,1,0,0,0,0,1,0,198,1,0,unknown,9,may,2,-1,0,unknown,0
28,0,0,0,0,0,0,1,0,0,0,0,0,0,1,0,0,1,0,0,260,1,0,unknown,7,may,2,-1,0,unknown,0
39,1,0,0,0,0,0,0,0,0,0,0,0,0,1,0,1,0,0,0,1143,1,0,cellular,8,may,6,-1,0,unknown,0
53,1,0,0,0,0,0,0,0,0,0,0,0,0,0,1,1,0,0,0,380,0,1,cellular,5,jun,2,-1,0,unknown,1
26,0,0,0,0,0,0,0,1,0,0,0,0,0,1,0,0,0,1,0,-32,1,0,cellular,18,may,2,336,6,other,0
42,0,1,0,0,0,0,0,0,0,0,0,0,1,0,0,0,1,0,0,738,0,0,unknown,20,jun,3,-1,0,unknown,0
34,1,0,0,0,0,0,0,0,0,0,0,0,1,0,0,1,0,0,0,2037,0,0,cellular,15,dec,2,-1,0,unknown,1
28,0,1,0,0,0,0,0,0,0,0,0,0,0,1,0,1,0,0,0,875,1,0,cellular,6,may,1,-1,0,unknown,0
32,0,0,0,1,0,0,0,0,0,0,0,0,0,0,1,0,1,0,0,0,1,0,unknown,2,jun,2,-1,0,unknown,0
39,1,0,0,0,0,0,0,0,0,0,0,0,1,0,0,1,0,0,0,1795,0,0,cellular,8,aug,7,-1,0,unknown,1
50,0,0,0,1,0,0,0,0,0,0,0,0,1,0,0,0,0,1,0,12519,1,0,cellular,21,nov,3,34,1,failure,1
36,0,1,0,0,0,0,0,0,0,0,0,0,1,0,0,0,1,0,0,1368,0,0,cellular,1,jun,1,292,5,failure,1
39,0,1,0,0,1,0,0,0,0,0,0,0,0,1,0,0,0,0,0,0,1,0,unknown,7,may,1,-1,0,unknown,0
55,0,0,0,1,0,0,0,0,0,0,0,0,1,0,0,0,0,1,0,2102,1,0,cellular,12,may,4,371,1,failure,0
32,1,0,0,0,0,0,0,0,0,0,0,0,0,1,0,1,0,0,0,2465,0,0,cellular,13,aug,1,-1,0,unknown,1
64,0,0,0,0,0,1,0,0,0,0,0,0,1,0,0,1,0,0,0,380,0,0,cellular,25,aug,1,-1,0,unknown,1
36,0,0,1,0,0,0,0,0,0,0,0,0,0,1,0,0,1,0,0,45,1,0,cellular,1,apr,1,-1,0,unknown,0
46,1,0,0,0,0,0,0,0,0,0,0,0,0,0,1,1,0,0,0,-130,1,0,cellular,24,mar,2,-1,0,unknown,1
34,1,0,0,0,0,0,0,0,0,0,0,0,0,1,0,1,0,0,0,76,1,0,cellular,13,may,2,371,3,failure,1
36,1,0,0,0,0,0,0,0,0,0,0,0,1,0,0,1,0,0,0,96,0,0,cellular,30,jul,4,-1,0,unknown,1
36,1,0,0,0,0,0,0,0,0,0,0,0,1,0,0,1,0,0,0,340,1,0,cellular,20,apr,2,-1,0,unknown,0
32,0,0,0,1,0,0,0,0,0,0,0,0,0,1,0,0,1,0,0,1721,1,0,unknown,21,may,2,-1,0,unknown,0
57,0,0,0,0,0,0,0,1,0,0,0,0,0,1,0,0,1,0,0,0,0,0,cellular,6,aug,1,-1,0,unknown,1
31,0,0,0,0,0,0,0,0,0,1,0,0,0,1,0,0,0,1,0,163,0,0,cellular,30,jan,2,2,1,other,1
30,0,0,0,0,0,0,0,0,1,0,0,0,0,1,0,1,0,0,0,655,0,0,cellular,23,sep,4,184,1,success,1
37,1,0,0,0,0,0,0,0,0,0,0,0,1,0,0,1,0,0,0,658,1,0,cellular,5,may,1,-1,0,unknown,1
74,0,0,0,0,0,1,0,0,0,0,0,0,1,0,0,0,1,0,0,921,0,0,telephone,17,apr,2,-1,0,unknown,1
39,0,0,0,0,0,0,0,1,0,0,0,0,1,0,0,0,1,0,0,2758,0,0,cellular,4,feb,3,-1,0,unknown,1
60,1,0,0,0,0,0,0,0,0,0,0,0,1,0,0,1,0,0,0,73,0,0,telephone,8,aug,2,-1,0,unknown,1
75,0,0,0,0,0,1,0,0,0,0,0,0,1,0,0,0,0,1,0,1413,0,0,cellular,1,sep,2,188,2,success,1
31,1,0,0,0,0,0,0,0,0,0,0,0,0,1,0,1,0,0,0,296,0,1,cellular,8,jul,4,-1,0,unknown,1
51,1,0,0,0,0,0,0,0,0,0,0,0,0,0,1,1,0,0,0,-202,0,0,cellular,19,aug,4,-1,0,unknown,0
35,0,0,0,0,0,0,1,0,0,0,0,0,1,0,0,0,1,0,0,725,1,0,cellular,20,nov,7,133,1,failure,0
42,0,0,0,1,0,0,0,0,0,0,0,0,1,0,0,0,0,1,0,201,1,0,cellular,11,aug,1,103,3,success,1
42,1,0,0,0,0,0,0,0,0,0,0,0,0,1,0,1,0,0,0,10561,0,0,unknown,16,may,2,-1,0,unknown,0
26,0,0,0,0,0,0,0,1,0,0,0,0,0,1,0,0,1,0,0,110,0,0,cellular,30,jan,2,-1,0,unknown,1
29,0,0,0,1,0,0,0,0,0,0,0,0,0,1,0,0,1,0,0,-20,0,1,cellular,21,jul,1,-1,0,unknown,1
38,0,0,0,0,0,0,0,1,0,0,0,0,0,1,0,0,1,0,0,4317,1,0,cellular,2,feb,2,-1,0,unknown,0
37,1,0,0,0,0,0,0,0,0,0,0,0,1,0,0,1,0,0,0,40,0,0,cellular,27,aug,4,-1,0,unknown,1
43,1,0,0,0,0,0,0,0,0,0,0,0,0,1,0,1,0,0,0,1304,0,0,cellular,6,aug,2,-1,0,unknown,1
35,0,0,0,0,0,0,0,1,0,0,0,0,0,1,0,1,0,0,0,0,0,0,cellular,3,jul,1,-1,0,unknown,1
50,1,0,0,0,0,0,0,0,0,0,0,0,1,0,0,1,0,0,0,1759,0,0,cellular,19,aug,2,-1,0,unknown,0
28,0,1,0,0,0,0,0,0,0,0,0,0,0,1,0,0,1,0,0,390,0,1,cellular,23,jul,2,-1,0,unknown,0
48,0,0,0,1,0,0,0,0,0,0,0,0,0,0,1,0,0,1,0,183,0,0,unknown,9,jun,1,-1,0,unknown,1
46,1,0,0,0,0,0,0,0,0,0,0,0,0,1,0,1,0,0,0,2904,1,0,unknown,30,may,2,-1,0,unknown,1
30,0,1,0,0,0,0,0,0,0,0,0,0,0,1,0,0,1,0,0,158,0,0,cellular,6,oct,1,-1,0,unknown,1
30,0,1,0,0,0,0,0,0,0,0,0,0,0,1,0,1,0,0,0,1289,1,0,unknown,21,may,2,-1,0,unknown,1
39,0,0,0,1,0,0,0,0,0,0,0,0,1,0,0,0,0,1,0,541,1,0,cellular,2,feb,2,258,1,other,0
35,0,0,0,1,0,0,0,0,0,0,0,0,0,0,1,0,1,0,0,0,1,0,unknown,20,may,1,-1,0,unknown,1
27,0,0,0,0,0,0,0,0,0,0,0,1,0,1,0,1,0,0,0,1134,0,0,cellular,21,oct,1,183,4,success,1
34,1,0,0,0,0,0,0,0,0,0,0,0,0,1,0,1,0,0,0,14,1,0,telephone,4,may,1,-1,0,unknown,0
27,0,0,0,0,0,0,0,0,0,0,0,1,0,1,0,1,0,0,0,1,0,0,cellular,25,jul,1,-1,0,unknown,0
32,1,0,0,0,0,0,0,0,0,0,0,0,1,0,0,1,0,0,0,81,1,0,cellular,17,nov,1,-1,0,unknown,0
55,0,1,0,0,0,0,0,0,0,0,0,0,0,0,1,0,1,0,0,3450,0,0,cellular,10,feb,1,183,1,failure,1
48,0,0,0,0,0,0,1,0,0,0,0,0,0,0,1,0,1,0,0,83,1,0,cellular,13,may,1,-1,0,unknown,1
50,0,1,0,0,0,0,0,0,0,0,0,0,1,0,0,1,0,0,0,267,1,0,cellular,21,nov,1,-1,0,unknown,0
37,0,0,0,0,0,0,0,1,0,0,0,0,1,0,0,0,1,0,0,4017,0,0,cellular,16,oct,1,-1,0,unknown,1
37,1,0,0,0,0,0,0,0,0,0,0,0,1,0,0,1,0,0,0,-70,1,0,cellular,25,jul,2,-1,0,unknown,0
58,0,1,0,0,1,0,0,0,0,0,0,0,1,0,0,0,0,0,0,71,1,0,unknown,5,may,1,-1,0,unknown,0
46,0,0,0,1,0,0,0,0,0,0,0,0,1,0,0,0,0,1,0,0,1,0,cellular,12,may,1,-1,0,unknown,0
39,0,0,0,1,0,0,0,0,0,0,0,0,0,0,1,0,1,0,0,37,0,1,unknown,19,jun,1,-1,0,unknown,0
57,0,0,0,0,0,0,1,0,0,0,0,0,0,0,1,0,1,0,0,-140,1,0,unknown,28,may,2,-1,0,unknown,0
24,0,1,0,0,0,0,0,0,0,0,0,0,0,1,0,0,1,0,0,726,0,0,cellular,8,sep,2,-1,0,unknown,1
45,0,0,0,1,0,0,0,0,0,0,0,0,1,0,0,0,1,0,0,2926,1,1,cellular,22,jul,2,-1,0,unknown,0
34,0,0,0,0,0,0,1,0,0,0,0,0,0,0,1,0,1,0,0,961,0,0,cellular,5,apr,2,430,2,failure,0
27,0,0,0,0,0,0,0,0,1,0,0,0,0,1,0,1,0,0,0,5214,1,0,unknown,28,may,1,-1,0,unknown,0
34,1,0,0,0,0,0,0,0,0,0,0,0,0,1,0,1,0,0,0,966,1,0,cellular,21,nov,1,101,3,failure,0
50,0,0,0,0,0,1,0,0,0,0,0,0,1,0,0,1,0,0,0,4,1,1,cellular,11,may,1,-1,0,unknown,0
30,1,0,0,0,0,0,0,0,0,0,0,0,0,1,0,1,0,0,0,3779,0,0,cellular,13,apr,1,-1,0,unknown,1
49,0,0,0,0,0,0,0,1,0,0,0,0,1,0,0,0,1,0,0,-8,1,0,unknown,8,may,1,-1,0,unknown,1
53,0,0,0,0,0,0,1,0,0,0,0,0,0,0,1,0,1,0,0,1151,1,0,unknown,5,may,1,-1,0,unknown,0
43,0,0,0,0,0,0,0,0,0,1,0,0,1,0,0,0,0,1,0,519,0,0,unknown,20,jun,2,-1,0,unknown,1
28,0,1,0,0,0,0,0,0,0,0,0,0,0,1,0,1,0,0,0,3623,0,0,cellular,10,mar,1,-1,0,unknown,1
71,0,0,0,0,0,1,0,0,0,0,0,0,1,0,0,0,0,1,0,2988,0,0,telephone,17,apr,1,-1,0,unknown,1
44,0,0,0,0,0,0,0,0,0,0,1,0,1,0,0,0,0,1,0,-156,0,1,cellular,30,jul,2,-1,0,unknown,1
58,1,0,0,0,1,0,0,0,0,0,0,0,0,1,0,0,0,0,0,127,1,0,unknown,9,may,5,-1,0,unknown,0
35,1,0,0,0,0,0,0,0,0,0,0,0,1,0,0,1,0,0,0,36,0,1,cellular,16,jul,5,-1,0,unknown,1
28,0,0,0,0,0,0,1,0,0,0,0,0,1,0,0,0,1,0,0,22171,1,0,unknown,28,may,3,-1,0,unknown,0
29,0,0,0,0,0,0,1,0,0,0,0,0,1,0,0,1,0,0,0,238,0,0,cellular,25,may,2,88,1,failure,1
34,0,0,0,0,0,0,0,1,0,0,0,0,0,0,1,0,1,0,0,78,1,0,unknown,7,may,3,-1,0,unknown,0
34,1,0,0,0,0,0,0,0,0,0,0,0,1,0,0,1,0,0,0,160,1,1,cellular,15,jul,1,-1,0,unknown,0
39,1,0,0,0,0,0,0,0,0,0,0,0,0,1,0,1,0,0,0,968,1,0,cellular,7,may,1,258,6,failure,0
29,0,0,0,0,0,0,1,0,0,0,0,0,0,1,0,0,1,0,0,-498,1,0,cellular,2,feb,3,227,14,failure,0
28,1,0,0,0,0,0,0,0,0,0,0,0,0,1,0,1,0,0,0,866,0,0,cellular,23,mar,2,-1,0,unknown,1
38,0,0,0,0,0,0,0,1,0,0,0,0,0,0,1,0,0,1,0,188,0,0,unknown,11,jun,10,-1,0,unknown,0
56,0,1,0,0,0,0,0,0,0,0,0,0,1,0,0,0,1,0,0,203,1,0,cellular,5,aug,3,-1,0,unknown,0
51,0,0,0,0,0,1,0,0,0,0,0,0,1,0,0,0,0,1,0,67,0,0,unknown,18,jun,1,-1,0,unknown,1
31,0,0,0,1,0,0,0,0,0,0,0,0,1,0,0,0,0,1,0,554,1,0,cellular,14,may,1,352,5,failure,0
40,0,0,0,0,0,0,0,0,1,0,0,0,1,0,0,0,1,0,0,0,1,0,cellular,11,may,1,-1,0,unknown,1
34,0,1,0,0,0,0,0,0,0,0,0,0,1,0,0,0,1,0,0,0,0,0,cellular,28,aug,10,-1,0,unknown,0
26,0,0,0,0,0,0,1,0,0,0,0,0,1,0,0,0,1,0,0,3415,0,0,cellular,8,apr,1,-1,0,unknown,1
80,0,0,0,0,0,1,0,0,0,0,0,0,1,0,0,0,1,0,0,8304,0,0,telephone,8,sep,3,91,13,success,1
25,0,0,0,0,1,0,0,0,1,0,0,0,0,1,0,0,0,0,0,1179,0,0,cellular,17,aug,1,83,2,failure,0
34,0,0,0,1,0,0,0,0,0,0,0,0,0,1,0,0,1,0,0,0,1,0,cellular,20,apr,1,-1,0,unknown,0
29,1,0,0,0,0,0,0,0,0,0,0,0,0,1,0,1,0,0,0,1808,0,0,cellular,7,jul,2,433,1,success,1
60,1,0,0,0,0,0,0,0,0,0,0,0,1,0,0,1,0,0,0,261,1,1,cellular,1,jun,1,192,1,failure,0
36,0,0,0,0,0,0,1,0,0,0,0,0,1,0,0,0,1,0,0,-206,1,0,cellular,2,feb,1,-1,0,unknown,0
85,0,0,0,0,0,1,0,0,0,0,0,0,1,0,0,0,0,1,0,98,0,0,cellular,30,apr,1,-1,0,unknown,1
59,0,0,0,0,0,1,0,0,0,0,0,0,0,0,1,0,1,0,0,514,0,0,cellular,4,may,6,90,1,success,1
28,0,0,0,0,0,0,0,0,1,0,0,0,1,0,0,0,1,0,0,-522,1,1,cellular,18,may,2,-1,0,unknown,1
70,0,1,0,0,0,0,0,0,0,0,0,0,1,0,0,1,0,0,0,6797,0,0,cellular,12,aug,1,-1,0,unknown,0
33,0,0,0,0,1,0,0,1,0,0,0,0,0,1,0,0,0,0,0,2297,0,0,cellular,27,jul,1,-1,0,unknown,1
27,0,1,0,0,0,0,0,0,0,0,0,0,0,1,0,0,1,0,0,643,0,0,cellular,13,jul,1,-1,0,unknown,1
60,0,0,0,0,0,1,0,0,0,0,0,0,1,0,0,0,1,0,0,262,0,0,cellular,18,aug,4,-1,0,unknown,0
33,0,1,0,0,0,0,0,0,0,0,0,0,0,1,0,0,1,0,0,1279,1,0,cellular,18,may,2,349,3,success,0
21,0,0,0,1,0,0,0,0,0,0,0,0,1,0,0,0,0,1,0,-172,1,1,cellular,15,may,1,361,3,failure,1
33,0,0,0,0,0,0,1,0,0,0,0,0,0,0,1,0,1,0,0,-417,0,0,cellular,12,may,1,347,5,failure,0
24,0,0,0,0,0,0,0,0,1,0,0,0,0,1,0,1,0,0,0,2376,0,0,cellular,27,apr,1,-1,0,unknown,1
31,0,1,0,0,0,0,0,0,0,0,0,0,1,0,0,1,0,0,0,3382,0,0,cellular,30,apr,1,-1,0,unknown,1
44,0,0,0,0,0,0,0,1,0,0,0,0,0,0,1,0,1,0,0,20541,0,1,unknown,18,jun,2,-1,0,unknown,0
39,1,0,0,0,0,0,0,0,0,0,0,0,1,0,0,1,0,0,0,119,1,0,cellular,1,sep,2,476,4,success,1
50,0,0,0,1,0,0,0,0,0,0,0,0,0,1,0,0,0,1,0,1558,1,0,cellular,3,feb,1,265,1,other,0
49,0,0,0,1,0,0,0,0,0,0,0,0,0,0,1,0,0,1,0,24,1,0,cellular,11,may,1,362,1,success,1
46,1,0,0,0,0,0,0,0,0,0,0,0,1,0,0,1,0,0,0,349,0,0,cellular,14,may,4,88,3,success,1
22,0,0,0,0,0,0,0,0,0,0,0,1,0,1,0,1,0,0,0,691,0,0,cellular,19,aug,1,-1,0,unknown,1
61,0,0,0,0,0,1,0,0,0,0,0,0,1,0,0,0,1,0,0,3114,0,0,cellular,13,nov,1,-1,0,unknown,1
30,1,0,0,0,0,0,0,0,0,0,0,0,0,1,0,1,0,0,0,552,1,0,cellular,5,aug,2,-1,0,unknown,0
37,0,1,0,0,0,0,0,0,0,0,0,0,1,0,0,0,1,0,0,64,1,0,cellular,12,may,4,278,2,other,0
49,0,0,0,0,0,0,1,0,0,0,0,0,1,0,0,0,1,0,0,3608,1,0,unknown,13,nov,1,-1,0,unknown,1
60,0,0,0,0,0,1,0,0,0,0,0,0,1,0,0,0,1,0,0,5267,0,0,cellular,4,sep,1,-1,0,unknown,1
34,0,0,0,1,0,0,0,0,0,0,0,0,0,1,0,0,1,0,0,-603,0,0,cellular,25,jul,4,-1,0,unknown,0
41,0,0,0,1,0,0,0,0,0,0,0,0,1,0,0,0,0,1,0,208,1,0,unknown,16,may,3,-1,0,unknown,0
64,0,0,0,0,0,1,0,0,0,0,0,0,1,0,0,0,1,0,0,588,0,0,cellular,18,jan,1,91,2,failure,1
25,0,0,0,0,0,0,1,0,0,0,0,0,0,1,0,1,0,0,0,760,1,0,cellular,27,may,3,89,2,failure,1
52,0,1,0,0,0,0,0,0,0,0,0,0,1,0,0,0,1,0,0,989,0,0,cellular,11,aug,1,-1,0,unknown,0
24,0,0,0,0,0,0,0,0,0,0,0,1,0,1,0,0,1,0,0,431,0,0,cellular,19,aug,11,185,5,success,1
44,1,0,0,0,0,0,0,0,0,0,0,0,0,1,0,1,0,0,0,1090,0,0,cellular,19,jul,4,532,2,other,1
27,0,0,0,1,1,0,0,0,0,0,0,0,1,0,0,0,0,0,0,409,1,0,cellular,18,may,1,-1,0,unknown,1
44,0,1,0,0,0,0,0,0,0,0,0,0,1,0,0,1,0,0,0,1818,1,1,cellular,3,feb,1,92,4,failure,1
51,0,0,1,0,0,0,0,0,0,0,0,0,1,0,0,0,1,0,0,-799,0,1,cellular,15,jul,3,-1,0,unknown,1
60,0,0,0,0,0,1,0,0,0,0,0,0,0,0,1,0,1,0,0,1,0,0,cellular,19,feb,1,184,1,success,1
37,0,0,0,1,0,0,0,0,0,0,0,0,1,0,0,0,0,1,0,3051,0,0,cellular,14,may,4,-1,0,unknown,0
47,0,0,0,1,0,0,0,0,0,0,0,0,1,0,0,0,0,1,0,-12,1,0,unknown,5,may,1,-1,0,unknown,0
33,0,0,0,0,0,0,0,0,0,1,0,0,0,1,0,1,0,0,0,6748,0,0,cellular,14,aug,2,-1,0,unknown,1
34,0,0,0,1,0,0,0,0,0,0,0,0,1,0,0,0,1,0,0,467,1,0,cellular,13,may,2,357,2,failure,0
31,1,0,0,0,0,0,0,0,0,0,0,0,0,1,0,1,0,0,0,4718,1,0,cellular,21,nov,1,-1,0,unknown,1
22,0,0,0,0,0,0,0,0,0,0,0,1,0,1,0,0,1,0,0,216,0,0,cellular,8,feb,1,187,1,success,1
44,1,0,0,0,1,0,0,0,0,0,0,0,1,0,0,0,0,0,0,282,0,0,cellular,9,mar,2,154,3,success,1
48,0,0,0,1,1,0,0,0,0,0,0,0,1,0,0,0,0,0,0,131,1,0,unknown,6,may,1,-1,0,unknown,0
34,0,0,0,0,0,0,0,1,0,0,0,0,1,0,0,0,1,0,0,0,1,0,unknown,19,may,4,-1,0,unknown,0
57,1,0,0,0,0,0,0,0,0,0,0,0,1,0,0,1,0,0,0,375,0,0,cellular,21,oct,1,-1,0,unknown,1
56,0,0,0,0,0,1,0,0,0,0,0,0,1,0,0,0,0,1,0,9367,0,0,cellular,13,aug,2,101,2,success,1
31,0,1,0,0,0,0,0,0,0,0,0,0,0,1,0,0,1,0,0,2544,0,0,cellular,15,jul,1,184,3,success,1
36,0,0,0,1,0,0,0,0,0,0,0,0,1,0,0,0,0,1,0,408,1,1,unknown,20,may,2,-1,0,unknown,1
37,0,0,0,0,0,0,0,0,0,0,1,0,0,1,0,0,0,1,0,199,1,0,cellular,10,jul,1,-1,0,unknown,0
38,0,0,0,0,0,0,0,1,0,0,0,0,1,0,0,0,1,0,0,775,0,0,cellular,12,feb,3,182,2,success,1
37,0,0,0,0,0,0,0,1,0,0,0,0,1,0,0,0,1,0,0,1498,1,0,cellular,20,apr,1,-1,0,unknown,0
28,1,0,0,0,0,0,0,0,0,0,0,0,0,1,0,1,0,0,0,223,1,0,cellular,1,jun,1,278,3,success,1
50,0,0,0,1,0,0,0,0,0,0,0,0,1,0,0,0,0,1,0,-454,1,0,telephone,25,jul,1,-1,0,unknown,0
34,0,0,0,0,1,0,0,0,0,0,0,0,1,0,0,0,1,0,0,1434,0,0,cellular,21,nov,2,-1,0,unknown,0
27,0,0,0,0,0,0,0,0,0,0,1,0,0,1,0,0,0,1,0,494,0,0,cellular,5,feb,10,-1,0,unknown,0
45,0,1,0,0,0,0,0,0,0,0,0,0,1,0,0,1,0,0,0,377,1,0,unknown,19,jun,3,-1,0,unknown,1
38,0,0,0,0,0,0,0,0,0,1,0,0,1,0,0,0,0,1,0,7005,1,0,cellular,25,jan,1,202,2,success,1
39,1,0,0,0,0,0,0,0,0,0,0,0,0,1,0,1,0,0,0,30,1,0,cellular,13,may,3,-1,0,unknown,0
66,0,0,0,0,0,1,0,0,0,0,0,0,1,0,0,0,1,0,0,154,0,0,cellular,15,jul,5,181,2,failure,1
38,0,1,0,0,0,0,0,0,0,0,0,0,1,0,0,0,1,0,0,1442,1,0,cellular,3,jun,1,119,1,failure,0
46,0,0,0,1,0,0,0,0,0,0,0,0,1,0,0,0,1,0,0,-396,0,1,cellular,4,aug,1,-1,0,unknown,0
26,0,0,0,0,0,0,1,0,0,0,0,0,0,1,0,0,1,0,0,96,0,0,cellular,11,aug,1,70,3,failure,1
30,1,0,0,0,0,0,0,0,0,0,0,0,0,1,0,1,0,0,0,502,0,0,cellular,11,oct,3,95,6,success,1
36,1,0,0,0,0,0,0,0,0,0,0,0,1,0,0,1,0,0,0,673,1,0,cellular,16,jul,1,-1,0,unknown,1
39,1,0,0,0,0,0,0,0,0,0,0,0,1,0,0,1,0,0,1,47,0,0,unknown,16,jun,3,-1,0,unknown,0
49,0,0,0,0,0,0,0,0,0,0,1,0,1,0,0,0,0,1,0,3436,0,0,unknown,16,jun,2,-1,0,unknown,0
53,0,0,0,0,1,0,0,0,0,0,1,0,1,0,0,0,0,0,0,0,0,0,cellular,22,aug,1,-1,0,unknown,0
32,1,0,0,0,0,0,0,0,0,0,0,0,1,0,0,1,0,0,0,376,1,0,cellular,23,mar,4,-1,0,unknown,1
36,0,0,0,0,0,0,1,0,0,0,0,0,1,0,0,0,1,0,0,110,1,0,telephone,4,feb,1,-1,0,unknown,0
37,0,1,0,0,0,0,0,0,0,0,0,0,1,0,0,0,1,0,0,720,1,0,cellular,14,may,6,36,3,failure,0
59,0,0,0,0,0,1,0,0,0,0,0,0,1,0,0,1,0,0,0,9676,0,0,telephone,27,mar,2,-1,0,unknown,1
79,0,0,0,0,0,1,0,0,0,0,0,0,0,0,1,0,0,1,0,2787,0,0,telephone,13,jul,1,377,1,success,1
59,1,0,0,0,0,0,0,0,0,0,0,0,0,0,1,1,0,0,1,0,0,0,cellular,22,may,1,-1,0,unknown,0
55,0,0,0,0,0,0,0,0,0,0,1,0,0,0,1,0,0,1,0,976,0,0,cellular,28,jun,1,94,3,other,1
38,0,1,0,0,0,0,0,0,0,0,0,0,0,0,1,1,0,0,0,915,1,0,cellular,5,feb,7,266,4,other,0
43,1,0,0,0,0,0,0,0,0,0,0,0,1,0,0,1,0,0,0,370,0,0,cellular,28,aug,5,-1,0,unknown,0
39,0,0,0,1,0,0,0,0,0,0,0,0,1,0,0,0,1,0,0,5201,0,0,unknown,9,jun,1,-1,0,unknown,0
27,0,1,0,0,0,0,0,0,0,0,0,0,0,1,0,0,1,0,0,158,0,0,unknown,1,jul,2,-1,0,unknown,1
32,0,0,0,0,0,0,1,0,0,0,0,0,1,0,0,0,1,0,0,995,0,0,cellular,3,sep,1,99,2,other,1
35,0,0,0,1,0,0,0,0,0,0,0,0,1,0,0,0,0,1,0,108,1,0,unknown,9,may,4,-1,0,unknown,0
55,0,0,1,0,0,0,0,0,0,0,0,0,1,0,0,0,0,1,0,199,0,0,cellular,17,nov,1,-1,0,unknown,0
46,0,0,0,1,0,0,0,0,0,0,0,0,1,0,0,0,0,1,0,587,1,0,unknown,8,may,2,-1,0,unknown,0
40,0,0,1,0,0,0,0,0,0,0,0,0,1,0,0,1,0,0,0,3585,0,0,cellular,15,sep,3,-1,0,unknown,1
56,0,0,0,0,0,0,0,0,0,1,0,0,1,0,0,0,1,0,0,2629,0,0,cellular,16,jul,2,-1,0,unknown,0
24,1,0,0,0,0,0,0,0,0,0,0,0,0,1,0,1,0,0,0,736,1,0,cellular,15,apr,2,246,2,other,1
76,0,0,0,0,0,1,0,0,0,0,0,0,0,0,1,0,0,1,0,802,0,0,cellular,9,mar,1,181,5,success,1
37,0,0,0,0,0,0,0,0,0,0,1,0,0,1,0,0,1,0,0,465,1,0,cellular,18,may,3,-1,0,unknown,1
49,0,0,0,0,0,0,1,0,0,0,0,0,1,0,0,0,1,0,0,0,0,0,cellular,30,apr,1,-1,0,unknown,1
47,1,0,0,0,0,0,0,0,0,0,0,0,1,0,0,1,0,0,0,1890,0,0,cellular,8,jul,1,-1,0,unknown,0
37,0,0,0,1,0,0,0,0,0,0,0,0,1,0,0,0,0,1,0,61,1,0,cellular,16,jul,3,-1,0,unknown,0
37,0,1,0,0,0,0,0,0,0,0,0,0,0,1,0,0,1,0,0,61,1,0,unknown,19,may,8,-1,0,unknown,0
37,0,0,0,0,1,0,0,0,0,0,0,0,0,1,0,1,0,0,0,0,0,0,cellular,3,mar,1,-1,0,unknown,1
39,0,0,0,0,0,0,0,0,1,0,0,0,0,1,0,1,0,0,0,426,0,0,unknown,18,jun,1,-1,0,unknown,1
42,0,1,0,0,0,0,0,0,0,0,0,0,0,0,1,1,0,0,0,21,1,0,unknown,20,jun,7,-1,0,unknown,0
35,0,0,0,0,0,0,0,0,1,0,0,0,0,1,0,1,0,0,0,935,1,0,cellular,20,nov,1,176,2,failure,0
31,1,0,0,0,0,0,0,0,0,0,0,0,0,1,0,1,0,0,0,2907,1,0,cellular,12,jul,1,194,3,failure,1
35,0,0,0,0,0,0,0,0,1,0,0,0,0,0,1,1,0,0,0,1354,1,0,unknown,23,may,2,-1,0,unknown,1
37,0,1,0,0,0,0,0,0,0,0,0,0,1,0,0,0,1,0,0,421,1,1,cellular,17,nov,1,-1,0,unknown,0
29,0,0,0,1,0,0,0,0,0,0,0,0,1,0,0,0,0,1,0,236,1,0,unknown,14,may,1,-1,0,unknown,0
30,1,0,0,0,0,0,0,0,0,0,0,0,0,1,0,1,0,0,0,3473,0,0,cellular,12,mar,2,-1,0,unknown,1
39,1,0,0,0,0,0,0,0,0,0,0,0,0,0,1,1,0,0,0,224,0,0,cellular,2,jul,2,88,1,success,1
32,1,0,0,0,0,0,0,0,0,0,0,0,1,0,0,1,0,0,0,1390,0,0,cellular,7,aug,2,-1,0,unknown,0
36,0,1,0,0,0,0,0,0,0,0,0,0,0,0,1,0,1,0,0,2823,1,0,cellular,8,jun,1,371,6,failure,1
63,1,0,0,0,0,0,0,0,0,0,0,0,1,0,0,1,0,0,0,5112,0,0,telephone,13,nov,2,95,3,failure,1
39,0,1,0,0,0,0,0,0,0,0,0,0,1,0,0,0,1,0,0,116,0,0,cellular,22,may,2,-1,0,unknown,1
49,0,0,0,1,0,0,0,0,0,0,0,0,1,0,0,0,0,1,0,408,0,0,cellular,12,aug,4,-1,0,unknown,1
36,1,0,0,0,0,0,0,0,0,0,0,0,0,1,0,1,0,0,0,579,0,0,unknown,12,apr,1,-1,0,unknown,1
59,0,1,0,0,0,0,0,0,0,0,0,0,1,0,0,0,1,0,0,1,0,0,cellular,15,apr,2,378,3,failure,1
56,0,0,0,0,0,0,0,1,0,0,0,0,1,0,0,0,1,0,0,1989,0,0,cellular,3,aug,4,181,4,success,1
46,0,0,1,0,0,0,0,0,0,0,0,0,1,0,0,1,0,0,0,25204,1,1,cellular,6,may,1,-1,0,unknown,0
38,0,0,1,0,0,0,0,0,0,0,0,0,0,1,0,0,1,0,0,2543,0,0,cellular,10,aug,1,414,4,failure,1
37,1,0,0,0,0,0,0,0,0,0,0,0,1,0,0,1,0,0,0,3556,0,0,cellular,9,nov,1,-1,0,unknown,1
71,0,1,0,0,0,0,0,0,0,0,0,0,1,0,0,1,0,0,0,383,0,0,cellular,27,apr,3,-1,0,unknown,1
45,1,0,0,0,0,0,0,0,0,0,0,0,1,0,0,1,0,0,0,0,0,0,cellular,22,aug,3,-1,0,unknown,0
28,1,0,0,0,0,0,0,0,0,0,0,0,0,1,0,1,0,0,0,2725,0,0,cellular,16,jun,1,504,1,failure,1
21,0,0,0,0,1,0,0,0,0,0,0,1,0,1,0,0,0,0,0,53,0,0,cellular,14,jun,1,-1,0,unknown,1
48,0,0,0,1,0,0,0,0,0,0,0,0,1,0,0,0,0,1,0,3752,1,0,cellular,13,apr,5,-1,0,unknown,0
28,0,0,0,0,0,0,1,0,0,0,0,0,1,0,0,0,1,0,0,-201,1,0,unknown,12,may,4,-1,0,unknown,0
41,0,0,0,0,0,0,1,0,0,0,0,0,0,0,1,0,1,0,0,6046,1,1,telephone,15,mar,6,182,2,success,1
57,0,0,0,0,0,1,0,0,0,0,0,0,1,0,0,0,1,0,0,3783,1,0,unknown,6,jun,3,-1,0,unknown,0
48,0,0,0,0,1,0,0,0,0,0,0,0,0,1,0,0,0,0,0,1819,0,0,cellular,2,sep,1,458,1,failure,1
45,0,1,0,0,0,0,0,0,0,0,0,0,0,1,0,1,0,0,0,0,0,0,cellular,18,aug,4,-1,0,unknown,1
30,1,0,0,0,0,0,0,0,0,0,0,0,0,1,0,1,0,0,0,533,0,0,cellular,4,may,4,-1,0,unknown,1
58,1,0,0,0,1,0,0,0,0,0,0,0,0,0,1,0,0,0,0,2986,0,0,cellular,16,sep,1,91,5,other,1
70,0,0,0,0,0,1,0,0,0,0,0,0,1,0,0,0,1,0,0,0,0,0,cellular,27,oct,1,92,5,success,1
29,1,0,0,0,0,0,0,0,0,0,0,0,0,1,0,1,0,0,0,15459,0,0,cellular,18,feb,7,-1,0,unknown,1
39,0,0,0,1,0,0,0,0,0,0,0,0,0,1,0,0,0,1,0,24277,0,0,cellular,28,aug,1,-1,0,unknown,1
32,1,0,0,0,0,0,0,0,0,0,0,0,0,1,0,1,0,0,0,0,0,0,cellular,22,aug,2,-1,0,unknown,0
53,0,0,0,0,0,0,0,0,1,0,0,0,1,0,0,0,0,1,0,4576,0,0,telephone,30,jul,2,-1,0,unknown,0
36,0,1,0,0,0,0,0,0,0,0,0,0,1,0,0,1,0,0,0,-718,1,0,unknown,20,jun,20,-1,0,unknown,0
46,0,1,0,0,0,0,0,0,0,0,0,0,1,0,0,0,1,0,0,1029,1,0,unknown,14,may,1,-1,0,unknown,0
54,0,1,0,0,0,0,0,0,0,0,0,0,1,0,0,0,1,0,0,0,0,0,telephone,5,feb,3,-1,0,unknown,1
30,0,0,0,1,0,0,0,0,0,0,0,0,0,1,0,0,1,0,0,315,0,0,cellular,23,jun,1,-1,0,unknown,1
32,1,0,0,0,0,0,0,0,0,0,0,0,0,0,1,1,0,0,0,874,0,0,cellular,12,aug,6,-1,0,unknown,1
40,0,0,0,1,0,0,0,0,0,0,0,0,1,0,0,0,1,0,0,-438,0,0,cellular,11,may,1,-1,0,unknown,1
57,0,0,1,0,0,0,0,0,0,0,0,0,1,0,0,0,1,0,0,905,0,0,cellular,7,aug,1,-1,0,unknown,0
42,0,1,0,0,0,0,0,0,0,0,0,0,1,0,0,0,1,0,0,994,1,0,cellular,12,nov,3,93,6,success,1
51,0,0,0,0,0,0,1,0,0,0,0,0,0,0,1,1,0,0,0,178,1,0,cellular,4,feb,2,-1,0,unknown,0
38,0,0,0,0,0,0,1,0,0,0,0,0,1,0,0,0,1,0,0,0,1,0,cellular,8,jun,1,181,2,success,1
57,0,0,0,1,1,0,0,0,0,0,0,0,1,0,0,0,0,0,0,97,1,0,unknown,16,may,6,-1,0,unknown,0
27,0,0,0,0,0,0,1,0,0,0,0,0,0,1,0,1,0,0,0,662,0,0,cellular,30,apr,1,-1,0,unknown,0
38,0,0,0,1,0,0,0,0,0,0,0,0,1,0,0,0,1,0,0,332,1,0,unknown,12,may,4,-1,0,unknown,0
34,1,0,0,0,0,0,0,0,0,0,0,0,1,0,0,1,0,0,0,169,0,0,cellular,25,aug,4,-1,0,unknown,0
39,1,0,0,0,0,0,0,0,0,0,0,0,1,0,0,1,0,0,0,297,1,0,cellular,13,may,2,-1,0,unknown,1
37,0,0,0,0,0,0,0,0,1,0,0,0,1,0,0,1,0,0,0,144,1,0,unknown,5,jun,2,-1,0,unknown,0
48,0,0,0,1,0,0,0,0,0,0,0,0,0,1,0,0,0,1,0,623,1,0,cellular,2,feb,2,-1,0,unknown,1
26,0,1,0,0,0,0,0,0,0,0,0,0,0,1,0,0,1,0,0,1105,1,0,cellular,6,sep,1,297,3,other,1
38,0,0,1,0,0,0,0,0,0,0,0,0,1,0,0,0,1,0,0,0,1,1,cellular,20,apr,2,154,1,failure,0
31,0,0,0,0,0,0,1,0,0,0,0,0,0,0,1,0,1,0,0,308,1,0,unknown,7,may,1,-1,0,unknown,0
37,0,1,0,0,0,0,0,0,0,0,0,0,1,0,0,1,0,0,0,247,0,0,cellular,20,aug,6,-1,0,unknown,1
43,0,1,0,0,1,0,0,0,0,0,0,0,0,1,0,0,0,0,0,572,0,0,cellular,17,nov,2,-1,0,unknown,0
44,0,0,0,0,0,0,0,1,0,0,0,0,1,0,0,0,1,0,0,-395,1,0,cellular,5,may,1,-1,0,unknown,1
32,1,0,0,0,0,0,0,0,0,0,0,0,0,1,0,1,0,0,0,3050,1,0,cellular,21,nov,1,182,1,failure,0
45,0,0,0,1,0,0,0,0,0,0,0,0,1,0,0,0,0,1,0,97,1,0,unknown,7,may,3,-1,0,unknown,0
44,0,0,0,1,0,0,0,0,0,0,0,0,1,0,0,0,1,0,0,1944,1,0,unknown,14,may,5,-1,0,unknown,0
41,1,0,0,0,0,0,0,0,0,0,0,0,1,0,0,1,0,0,0,0,0,1,unknown,16,may,4,-1,0,unknown,0
39,0,0,0,0,0,0,0,1,0,0,0,0,1,0,0,0,1,0,0,861,1,0,cellular,30,jul,4,-1,0,unknown,0
49,1,0,0,0,0,0,0,0,0,0,0,0,0,1,0,1,0,0,0,163,1,0,unknown,6,may,3,-1,0,unknown,0
25,0,0,0,0,0,0,0,0,0,0,0,1,0,1,0,0,1,0,0,2354,0,0,cellular,5,feb,7,-1,0,unknown,1
40,0,0,0,1,0,0,0,0,0,0,0,0,1,0,0,0,0,1,0,669,1,0,unknown,26,may,3,-1,0,unknown,0
32,0,0,0,0,0,0,0,1,0,0,0,0,1,0,0,0,1,0,0,3360,1,1,cellular,7,aug,5,-1,0,unknown,0
31,0,0,0,0,0,0,0,0,0,0,0,1,0,1,0,0,1,0,0,252,1,0,unknown,6,may,3,-1,0,unknown,0
37,0,0,0,0,0,0,0,1,0,0,0,0,1,0,0,0,1,0,0,1543,1,0,cellular,16,feb,2,-1,0,unknown,1
47,0,0,0,0,0,0,1,0,0,0,0,0,1,0,0,1,0,0,0,2279,1,1,cellular,27,may,1,-1,0,unknown,0
49,0,0,0,0,0,0,1,0,0,0,0,0,1,0,0,0,1,0,0,14440,1,0,cellular,21,nov,1,-1,0,unknown,0
34,1,0,0,0,0,0,0,0,0,0,0,0,0,0,1,1,0,0,0,2240,0,0,cellular,8,sep,2,184,3,success,1
30,1,0,0,0,0,0,0,0,0,0,0,0,0,1,0,1,0,0,0,8535,0,0,cellular,18,jun,2,-1,0,unknown,1
35,0,0,0,0,1,0,0,0,0,0,1,0,0,1,0,0,0,0,0,4378,0,0,unknown,9,jun,3,-1,0,unknown,0
50,0,0,0,0,0,0,1,0,0,0,0,0,1,0,0,0,1,0,0,3608,1,0,cellular,13,nov,2,197,2,success,1
29,0,0,0,0,0,0,1,0,0,0,0,0,0,1,0,0,1,0,0,405,1,0,cellular,15,may,1,345,1,other,0
31,0,0,0,1,0,0,0,0,0,0,0,0,1,0,0,0,1,0,0,1495,1,1,unknown,23,may,3,-1,0,unknown,0
41,0,1,0,0,0,0,0,0,0,0,0,0,1,0,0,1,0,0,0,515,0,0,cellular,5,aug,2,-1,0,unknown,1
38,0,0,1,0,1,0,0,0,0,0,0,0,1,0,0,0,0,0,0,1134,1,0,cellular,7,may,4,332,3,failure,0
53,1,0,0,0,0,0,0,0,0,0,0,0,1,0,0,0,1,0,1,-689,1,0,unknown,13,may,1,-1,0,unknown,0
38,0,1,0,0,0,0,0,0,0,0,0,0,1,0,0,0,1,0,0,751,1,0,cellular,3,apr,1,-1,0,unknown,0
36,0,0,0,0,0,0,0,1,0,0,0,0,1,0,0,0,1,0,0,981,0,0,unknown,16,jun,1,-1,0,unknown,1
57,0,0,0,1,1,0,0,0,0,0,0,0,1,0,0,0,0,0,0,3585,0,0,telephone,14,nov,1,-1,0,unknown,1
56,1,0,0,0,0,0,0,0,0,0,0,0,0,0,1,1,0,0,0,442,0,0,unknown,28,may,3,-1,0,unknown,0
72,0,0,0,0,0,1,0,0,0,0,0,0,1,0,0,0,0,1,0,4657,0,0,cellular,22,dec,3,309,5,success,1
58,1,0,0,0,0,0,0,0,0,0,0,0,1,0,0,1,0,0,0,1227,0,0,cellular,8,sep,2,95,1,success,1
79,0,0,0,0,0,1,0,0,0,0,0,0,1,0,0,0,0,1,0,3025,0,0,telephone,11,mar,1,90,6,success,0
47,0,1,0,0,0,0,0,0,0,0,0,0,1,0,0,0,0,1,0,12531,1,0,unknown,30,may,3,-1,0,unknown,0
37,0,0,0,0,1,0,0,0,0,0,0,1,0,1,0,0,0,0,0,444,0,0,cellular,4,may,5,-1,0,unknown,1
49,0,0,0,0,1,0,0,0,0,0,0,0,1,0,0,0,1,0,0,1269,0,0,cellular,12,aug,9,-1,0,unknown,0
40,0,0,0,0,0,0,1,0,0,0,0,0,1,0,0,0,1,0,0,0,0,0,cellular,26,oct,2,200,2,failure,0
24,0,0,0,1,0,0,0,0,0,0,0,0,0,1,0,0,1,0,0,1857,1,0,cellular,6,may,4,-1,0,unknown,0
67,0,0,0,0,0,1,0,0,0,0,0,0,1,0,0,0,0,1,0,1430,0,0,cellular,11,jan,2,91,3,failure,1
30,1,0,0,0,0,0,0,0,0,0,0,0,1,0,0,1,0,0,0,1221,1,0,telephone,25,jul,4,-1,0,unknown,1
30,0,0,0,0,0,0,0,1,0,0,0,0,1,0,0,0,1,0,0,129,1,0,unknown,26,may,7,-1,0,unknown,1
51,0,0,0,0,0,0,0,0,0,0,1,0,1,0,0,0,0,1,0,1138,0,0,cellular,7,aug,3,-1,0,unknown,0
52,0,1,0,0,0,0,0,0,0,0,0,0,1,0,0,0,1,0,0,-384,1,0,cellular,13,aug,4,-1,0,unknown,0
77,0,0,0,0,0,1,0,0,0,0,0,0,1,0,0,0,1,0,0,4112,0,0,telephone,29,jul,1,184,3,success,1
32,1,0,0,0,0,0,0,0,0,0,0,0,0,1,0,1,0,0,0,1410,1,0,unknown,27,may,5,-1,0,unknown,0
48,0,1,0,0,0,0,0,0,0,0,0,0,0,0,1,0,1,0,0,40,0,0,unknown,12,may,3,-1,0,unknown,0
34,0,0,0,1,0,0,0,0,0,0,0,0,1,0,0,0,1,0,0,640,1,0,cellular,29,apr,2,-1,0,unknown,1
31,0,0,0,0,0,0,1,0,0,0,0,0,0,1,0,0,1,0,0,430,1,0,cellular,15,apr,2,-1,0,unknown,0
33,0,1,0,0,0,0,0,0,0,0,0,0,0,0,1,0,1,0,1,6,0,0,cellular,22,aug,2,-1,0,unknown,0
36,0,0,0,0,0,0,0,1,0,0,0,0,1,0,0,0,1,0,0,472,1,0,unknown,19,jun,1,-1,0,unknown,0
35,0,1,0,0,0,0,0,0,0,0,0,0,0,1,0,0,1,0,0,399,1,0,cellular,13,may,2,345,3,failure,1
52,0,0,0,0,1,0,1,0,0,0,0,0,0,1,0,0,0,0,0,2227,0,0,cellular,24,feb,2,-1,0,unknown,1
31,0,1,0,0,0,0,0,0,0,0,0,0,1,0,0,1,0,0,0,1570,1,0,cellular,8,mar,4,286,1,failure,1
52,0,0,0,0,0,0,0,1,0,0,0,0,1,0,0,0,1,0,0,145,0,0,cellular,22,aug,4,-1,0,unknown,0
64,0,0,0,0,0,1,0,0,0,0,0,0,1,0,0,0,1,0,0,4787,0,0,cellular,28,apr,1,182,1,success,1
40,0,1,0,0,0,0,0,0,0,0,0,0,0,0,1,0,1,0,0,2394,0,0,unknown,9,jun,4,-1,0,unknown,0
30,1,0,0,0,0,0,0,0,0,0,0,0,0,1,0,0,1,0,0,293,1,0,cellular,5,feb,1,253,2,failure,0
53,0,0,0,0,0,0,1,0,0,0,0,0,0,0,1,1,0,0,0,122,0,0,cellular,27,apr,1,-1,0,unknown,0
27,0,1,0,0,0,0,0,0,0,0,0,0,1,0,0,0,1,0,0,130,1,0,cellular,7,may,3,-1,0,unknown,0
51,1,0,0,0,0,0,0,0,0,0,0,0,1,0,0,1,0,0,0,0,0,0,cellular,22,aug,2,-1,0,unknown,0
57,0,1,0,0,0,0,0,0,0,0,0,0,1,0,0,1,0,0,0,6822,0,0,cellular,7,aug,2,-1,0,unknown,1
32,0,1,0,0,0,0,0,0,0,0,0,0,0,1,0,0,1,0,0,271,1,1,cellular,11,may,2,-1,0,unknown,0
33,0,1,0,0,0,0,0,0,0,0,0,0,1,0,0,0,1,0,0,133,0,0,cellular,4,may,1,-1,0,unknown,1
34,0,1,0,0,0,0,0,0,0,0,0,0,1,0,0,0,1,0,0,133,0,0,cellular,12,may,2,181,3,success,1
30,1,0,0,0,0,0,0,0,0,0,0,0,0,1,0,1,0,0,0,720,0,0,cellular,15,jan,4,210,4,other,1
40,0,0,0,0,0,0,0,0,0,1,0,0,0,1,0,1,0,0,0,79,0,0,cellular,15,oct,1,135,1,failure,1
36,1,0,0,0,0,0,0,0,0,0,0,0,0,0,1,1,0,0,0,59,0,0,cellular,13,aug,2,-1,0,unknown,1
30,0,1,0,0,0,0,0,0,0,0,0,0,0,1,0,0,1,0,0,249,0,0,cellular,12,may,1,-1,0,unknown,0
64,0,0,0,0,0,1,0,0,0,0,0,0,1,0,0,0,1,0,0,4787,0,0,cellular,28,oct,1,-1,0,unknown,1
39,1,0,0,0,0,0,0,0,0,0,0,0,1,0,0,1,0,0,0,588,1,1,cellular,2,feb,2,-1,0,unknown,0
43,0,0,0,0,0,0,1,0,0,0,0,0,0,0,1,0,1,0,0,242,1,0,unknown,23,may,1,-1,0,unknown,0
53,0,1,0,0,1,0,0,0,0,0,0,0,0,1,0,0,0,0,0,5331,0,0,cellular,21,nov,1,-1,0,unknown,0
26,0,0,0,0,0,0,0,0,0,1,0,0,0,1,0,0,1,0,0,111,0,0,cellular,9,jul,1,-1,0,unknown,1
30,0,0,0,0,0,0,0,0,0,0,0,1,0,1,0,0,1,0,0,5836,0,0,cellular,27,apr,2,-1,0,unknown,0
28,0,0,0,1,0,0,0,0,0,0,0,0,0,1,0,0,1,0,0,524,1,0,cellular,6,may,2,-1,0,unknown,1
61,1,0,0,0,0,0,0,0,0,0,0,0,0,1,0,1,0,0,0,2,0,0,cellular,12,aug,1,114,3,failure,1
32,0,0,0,1,0,0,0,0,0,0,0,0,0,1,0,0,1,0,0,5252,1,0,unknown,21,may,2,-1,0,unknown,0
38,0,0,0,1,0,0,0,0,0,0,0,0,1,0,0,0,0,1,0,4406,1,0,telephone,13,may,2,-1,0,unknown,1
59,1,0,0,0,0,0,0,0,0,0,0,0,1,0,0,1,0,0,0,315,0,0,cellular,2,mar,1,176,2,failure,1
46,0,0,0,1,0,0,0,0,0,0,0,0,1,0,0,0,1,0,0,312,1,0,cellular,14,may,2,-1,0,unknown,0
38,0,0,0,0,0,0,0,0,0,0,0,1,0,1,0,1,0,0,0,807,0,0,cellular,27,feb,2,-1,0,unknown,0
44,1,0,0,0,1,0,0,0,0,0,0,0,1,0,0,0,0,0,0,2724,0,0,cellular,28,dec,1,-1,0,unknown,1
45,0,0,0,1,0,0,0,0,0,0,0,0,1,0,0,0,1,0,0,1144,1,0,unknown,22,oct,1,-1,0,unknown,1
46,1,0,0,0,0,0,0,0,0,0,0,0,0,1,0,1,0,0,0,46,0,1,unknown,18,jun,1,-1,0,unknown,0
52,0,0,0,0,0,0,1,0,0,0,0,0,0,0,1,0,1,0,0,26,1,0,unknown,13,may,1,-1,0,unknown,0
55,0,1,0,0,0,0,0,0,0,0,0,0,1,0,0,0,1,0,0,0,1,1,cellular,2,mar,1,-1,0,unknown,1
29,0,0,0,0,0,0,0,0,0,0,0,1,0,1,0,1,0,0,0,559,0,0,cellular,3,feb,2,-1,0,unknown,0
71,0,0,0,0,0,1,0,0,0,0,0,0,1,0,0,1,0,0,0,653,0,0,telephone,3,sep,1,189,1,success,1
46,0,0,0,1,0,0,0,0,0,0,0,0,1,0,0,0,0,1,0,977,0,1,telephone,2,feb,3,-1,0,unknown,1
44,0,0,0,1,0,0,0,0,0,0,0,0,0,1,0,0,1,0,0,36,1,0,unknown,8,may,1,-1,0,unknown,0
35,1,0,0,0,0,0,0,0,0,0,0,0,0,0,1,1,0,0,0,434,1,0,cellular,13,aug,2,-1,0,unknown,1
22,0,0,0,0,0,0,0,0,1,0,0,0,0,1,0,1,0,0,0,780,0,0,cellular,17,mar,3,-1,0,unknown,1
30,0,1,0,0,0,0,0,0,0,0,0,0,1,0,0,1,0,0,0,526,1,1,unknown,26,jun,3,-1,0,unknown,1
39,0,0,0,1,0,0,0,0,0,0,0,0,1,0,0,0,0,1,0,70,0,0,unknown,8,may,1,-1,0,unknown,1
54,0,0,0,0,0,0,0,0,1,0,0,0,1,0,0,0,1,0,0,534,1,0,cellular,2,feb,1,188,4,failure,0
50,0,0,0,0,0,0,1,0,0,0,0,0,1,0,0,0,1,0,0,761,0,1,cellular,5,feb,3,-1,0,unknown,0
33,0,0,0,1,0,0,0,0,0,0,0,0,0,1,0,0,1,0,0,3975,1,1,cellular,17,apr,1,150,1,other,0
30,0,0,0,1,0,0,0,0,0,0,0,0,0,1,0,0,1,0,0,799,0,0,unknown,13,jun,1,-1,0,unknown,1
46,0,0,0,1,1,0,0,0,0,0,0,0,1,0,0,0,0,0,0,336,1,0,cellular,14,aug,3,457,1,other,1
33,0,0,0,0,0,0,0,1,0,0,0,0,1,0,0,0,1,0,0,386,0,0,cellular,12,nov,1,92,4,failure,1
45,0,0,0,0,0,0,1,0,0,0,0,0,1,0,0,0,1,0,0,180,1,0,unknown,9,may,1,-1,0,unknown,0
29,1,0,0,0,0,0,0,0,0,0,0,0,0,1,0,1,0,0,0,5359,0,0,cellular,18,feb,1,-1,0,unknown,1
51,0,1,0,0,0,0,0,0,0,0,0,0,1,0,0,0,1,0,0,6840,0,0,telephone,7,jul,1,-1,0,unknown,1
47,0,0,0,1,0,0,0,0,0,0,0,0,1,0,0,0,1,0,0,1612,1,0,cellular,2,apr,1,-1,0,unknown,1
46,0,0,0,0,0,0,1,0,0,0,0,0,1,0,0,0,1,0,0,-522,1,0,cellular,27,mar,3,239,13,other,1
51,0,0,1,0,0,0,0,0,0,0,0,0,1,0,0,1,0,0,0,83,0,0,cellular,20,apr,2,-1,0,unknown,1
40,0,0,0,0,0,0,0,0,1,0,0,0,1,0,0,0,1,0,1,-754,1,1,unknown,3,jun,3,-1,0,unknown,1
35,1,0,0,0,0,0,0,0,0,0,0,0,0,1,0,1,0,0,0,5958,1,0,cellular,22,mar,1,-1,0,unknown,1
37,0,1,0,0,0,0,0,0,0,0,0,0,0,1,0,0,1,0,0,363,1,0,unknown,23,may,3,-1,0,unknown,0
26,0,0,0,0,0,0,0,1,0,0,0,0,1,0,0,0,1,0,0,0,1,0,unknown,7,may,2,-1,0,unknown,0
34,0,0,0,0,0,0,1,0,0,0,0,0,0,0,1,0,1,0,0,479,1,0,cellular,12,may,1,350,5,failure,1
58,1,0,0,0,0,0,0,0,0,0,0,0,1,0,0,0,1,0,0,2155,0,1,cellular,10,feb,2,92,5,success,1
48,0,0,0,1,0,0,0,0,0,0,0,0,1,0,0,0,0,1,0,2227,0,0,cellular,18,aug,12,-1,0,unknown,0
30,0,0,0,0,0,0,0,0,0,1,0,0,0,1,0,1,0,0,0,463,0,0,cellular,22,aug,4,-1,0,unknown,0
56,0,1,0,0,0,0,0,0,0,0,0,0,1,0,0,0,1,0,0,6619,1,0,telephone,4,nov,1,-1,0,unknown,1
36,0,0,0,0,0,0,0,0,1,0,0,0,1,0,0,0,1,0,0,351,1,0,cellular,17,apr,3,343,2,failure,0
39,0,1,0,0,1,0,0,0,0,0,0,0,0,1,0,0,0,0,0,45248,1,0,unknown,6,may,1,-1,0,unknown,1
38,1,0,0,0,0,0,0,0,0,0,0,0,1,0,0,1,0,0,0,179,0,0,unknown,8,aug,4,-1,0,unknown,1
38,0,1,0,0,0,0,0,0,0,0,0,0,0,1,0,1,0,0,0,1101,0,0,cellular,30,apr,1,-1,0,unknown,1
33,1,0,0,0,0,0,0,0,0,0,0,0,0,1,0,1,0,0,0,2364,0,0,cellular,17,may,1,-1,0,unknown,1
50,0,1,0,0,0,0,0,0,0,0,0,0,1,0,0,0,1,0,0,2406,1,0,telephone,14,jul,5,-1,0,unknown,0
62,0,0,0,0,0,1,0,0,0,0,0,0,1,0,0,0,1,0,0,1495,0,0,cellular,2,feb,1,-1,0,unknown,1
36,0,0,0,0,0,0,1,0,0,0,0,0,0,1,0,0,1,0,0,728,0,0,cellular,30,apr,1,-1,0,unknown,1
39,1,0,0,0,0,0,0,0,0,0,0,0,0,1,0,1,0,0,0,2454,1,0,cellular,4,may,3,263,2,failure,1
35,0,0,0,0,0,0,0,0,1,0,0,0,0,1,0,0,1,0,0,250,0,0,unknown,20,jun,1,-1,0,unknown,0
35,1,0,0,0,0,0,0,0,0,0,0,0,1,0,0,1,0,0,0,323,0,0,cellular,11,jan,2,-1,0,unknown,1
31,0,0,0,0,0,0,0,0,1,0,0,0,1,0,0,1,0,0,0,1015,0,0,cellular,8,aug,2,-1,0,unknown,0
66,1,0,0,0,0,0,0,0,0,0,0,0,1,0,0,0,1,0,0,587,0,0,cellular,12,may,2,392,2,success,1
54,0,0,0,0,0,0,0,1,0,0,0,0,0,0,1,0,1,0,0,0,0,0,cellular,18,mar,1,290,3,success,1
32,1,0,0,0,0,0,0,0,0,0,0,0,0,1,0,1,0,0,0,935,0,0,cellular,9,nov,1,91,7,success,1
37,0,0,0,0,0,0,0,1,0,0,0,0,1,0,0,0,0,1,0,0,1,0,unknown,26,may,1,-1,0,unknown,0
31,0,1,0,0,0,0,0,0,0,0,0,0,1,0,0,0,1,0,0,585,1,0,telephone,11,nov,1,-1,0,unknown,0
43,1,0,0,0,0,0,0,0,0,0,0,0,1,0,0,1,0,0,0,0,0,0,cellular,31,jul,17,-1,0,unknown,0
48,0,0,0,0,0,0,0,0,0,1,0,0,1,0,0,0,1,0,0,926,0,0,cellular,15,feb,4,185,6,success,1
34,0,0,0,1,0,0,0,0,0,0,0,0,1,0,0,0,0,1,0,3527,1,0,cellular,21,nov,1,-1,0,unknown,1
33,0,0,0,0,0,0,0,1,0,0,0,0,0,1,0,1,0,0,0,0,1,0,cellular,18,nov,1,-1,0,unknown,0
40,0,0,0,1,0,0,0,0,0,0,0,0,1,0,0,0,0,1,0,-22,1,0,unknown,19,may,3,-1,0,unknown,0
28,1,0,0,0,0,0,0,0,0,0,0,0,0,1,0,1,0,0,0,204,1,0,unknown,27,may,1,-1,0,unknown,0
57,0,0,0,0,0,1,0,0,0,0,0,0,1,0,0,0,0,1,0,13,1,0,cellular,13,may,2,366,2,failure,0
32,0,1,0,0,0,0,0,0,0,0,0,0,1,0,0,0,1,0,0,641,1,0,unknown,21,may,1,-1,0,unknown,0
45,0,0,1,0,0,0,0,0,0,0,0,0,1,0,0,0,1,0,0,-479,1,0,cellular,30,jul,2,-1,0,unknown,0
41,0,0,0,0,0,0,0,1,0,0,0,0,0,0,1,0,1,0,0,840,1,0,cellular,2,feb,1,-1,0,unknown,1
44,0,0,0,1,0,0,0,0,0,0,0,0,1,0,0,0,0,1,0,279,1,0,cellular,17,apr,1,339,6,other,0
24,0,1,0,0,0,0,0,0,0,0,0,0,0,1,0,0,1,0,0,-46,1,0,unknown,19,may,1,-1,0,unknown,0
47,0,0,0,0,0,0,1,0,0,0,0,0,1,0,0,0,1,0,0,663,1,1,cellular,12,may,1,274,6,other,1
61,1,0,0,0,0,0,0,0,0,0,0,0,1,0,0,1,0,0,0,997,0,0,cellular,10,mar,1,-1,0,unknown,1
32,0,0,0,1,0,0,0,0,0,0,0,0,0,1,0,0,1,0,0,188,0,1,cellular,18,jul,1,-1,0,unknown,0
48,0,0,0,1,0,0,0,0,0,0,0,0,1,0,0,0,0,1,0,595,0,0,cellular,24,jul,1,-1,0,unknown,0
31,0,1,0,0,0,0,0,0,0,0,0,0,1,0,0,1,0,0,0,120,0,0,cellular,8,aug,1,-1,0,unknown,1
43,0,0,0,0,0,0,0,0,0,1,0,0,0,0,1,0,1,0,0,1854,0,0,cellular,30,apr,1,-1,0,unknown,1
54,0,0,0,0,1,0,0,0,0,0,0,0,1,0,0,0,1,0,0,2206,0,0,cellular,13,may,1,91,4,success,1
30,1,0,0,0,0,0,0,0,0,0,0,0,0,1,0,1,0,0,0,5561,1,0,cellular,27,feb,1,100,1,success,1
34,0,0,1,0,0,0,0,0,0,0,0,0,1,0,0,1,0,0,0,146,1,0,cellular,14,jul,2,-1,0,unknown,1
43,1,0,0,0,0,0,0,0,0,0,0,0,0,1,0,0,1,0,0,1029,1,0,unknown,2,jun,1,-1,0,unknown,0
39,1,0,0,0,0,0,0,0,0,0,0,0,0,0,1,1,0,0,0,6,1,0,cellular,28,jan,2,-1,0,unknown,0
32,0,0,0,0,0,0,1,0,0,0,0,0,1,0,0,0,1,0,0,1604,0,1,cellular,7,jul,1,-1,0,unknown,1
47,1,0,0,0,0,0,0,0,0,0,0,0,1,0,0,1,0,0,0,682,0,0,cellular,18,aug,6,-1,0,unknown,1
30,0,1,0,0,0,0,0,0,0,0,0,0,1,0,0,0,1,0,0,2326,0,0,cellular,14,dec,1,175,2,failure,1
27,1,0,0,0,0,0,0,0,0,0,0,0,0,1,0,1,0,0,0,2648,0,0,cellular,5,feb,1,-1,0,unknown,1
57,0,1,0,0,0,0,0,0,0,0,0,0,0,0,1,0,1,0,0,470,0,0,cellular,5,aug,3,-1,0,unknown,1
46,1,0,0,0,0,0,0,0,0,0,0,0,1,0,0,1,0,0,0,273,1,0,cellular,10,may,6,53,6,success,1
32,1,0,0,0,0,0,0,0,0,0,0,0,0,1,0,1,0,0,0,312,0,0,cellular,7,aug,3,-1,0,unknown,0
60,0,0,0,1,0,0,0,0,0,0,0,0,0,0,1,0,0,1,0,92,1,0,unknown,6,jun,3,-1,0,unknown,0
46,0,0,0,0,0,0,0,1,0,0,0,0,1,0,0,0,1,0,0,-119,1,0,cellular,15,may,2,297,3,failure,0
32,0,0,0,0,0,0,1,0,0,0,0,0,0,1,0,0,1,0,0,64,1,0,cellular,21,jul,3,-1,0,unknown,0
37,0,1,0,0,0,0,0,0,0,0,0,0,1,0,0,0,1,0,0,432,1,0,cellular,6,jul,3,776,55,failure,1
45,0,0,0,0,1,0,0,0,0,0,0,0,1,0,0,1,0,0,0,406,0,0,cellular,7,sep,1,-1,0,unknown,1
36,0,1,0,0,0,0,0,0,0,0,0,0,0,1,0,0,1,0,0,2511,1,0,cellular,16,apr,5,-1,0,unknown,1
30,0,1,0,0,0,0,0,0,0,0,0,0,0,1,0,0,1,0,0,-522,1,1,cellular,5,may,2,286,6,failure,1
29,0,0,0,0,0,0,0,0,0,0,0,1,0,1,0,1,0,0,0,5,0,0,cellular,15,jul,5,-1,0,unknown,1
53,0,0,0,0,0,0,1,0,0,0,0,0,1,0,0,0,1,0,0,4464,1,0,unknown,14,may,3,-1,0,unknown,0
81,0,0,0,0,0,1,0,0,0,0,0,0,1,0,0,0,0,1,0,243,0,0,cellular,27,oct,1,-1,0,unknown,1
76,0,0,0,0,0,0,0,0,0,0,1,0,0,0,1,0,0,1,0,1411,0,0,telephone,19,oct,2,187,3,success,1
46,0,0,0,1,1,0,0,0,0,0,0,0,1,0,0,0,0,0,0,9328,1,0,cellular,5,may,3,-1,0,unknown,1
47,0,0,0,1,0,0,0,0,0,0,0,0,0,0,1,0,1,0,0,-4,1,0,cellular,16,jul,1,-1,0,unknown,0
32,1,0,0,0,0,0,0,0,0,0,0,0,0,1,0,1,0,0,0,739,1,0,cellular,2,feb,2,-1,0,unknown,0
49,0,0,0,0,0,0,1,0,0,0,0,0,1,0,0,0,1,0,0,3608,1,0,cellular,30,apr,1,168,1,success,1
51,0,0,0,1,0,0,0,0,0,0,0,0,1,0,0,0,0,1,0,541,0,0,cellular,11,aug,3,-1,0,unknown,1
33,0,0,0,0,0,0,1,0,0,0,0,0,1,0,0,0,1,0,0,258,1,0,cellular,5,may,1,-1,0,unknown,0
30,1,0,0,0,0,0,0,0,0,0,0,0,0,1,0,1,0,0,0,222,0,1,cellular,4,feb,1,204,2,other,0
31,0,1,0,0,0,0,0,0,0,0,0,0,1,0,0,0,1,0,0,4182,1,0,cellular,4,may,2,-1,0,unknown,1
34,0,0,0,1,0,0,0,0,0,0,0,0,1,0,0,0,1,0,0,225,1,0,unknown,28,may,2,-1,0,unknown,0
41,1,0,0,0,0,0,0,0,0,0,0,0,0,1,0,1,0,0,0,16,0,0,unknown,23,may,1,-1,0,unknown,0
30,1,0,0,0,0,0,0,0,0,0,0,0,0,1,0,1,0,0,0,5359,0,0,cellular,19,aug,1,84,2,success,1
23,0,1,0,0,0,0,0,0,0,0,0,0,0,1,0,1,0,0,0,1502,0,0,cellular,12,aug,1,-1,0,unknown,0
27,0,0,0,1,0,0,0,0,0,0,0,0,0,1,0,0,1,0,0,103,0,1,cellular,28,jul,5,-1,0,unknown,0
38,1,0,0,0,0,0,0,0,0,0,0,0,1,0,0,1,0,0,0,1477,0,0,cellular,15,sep,3,769,2,failure,1
25,1,0,0,0,0,0,0,0,0,0,0,0,0,1,0,1,0,0,0,3902,0,0,cellular,23,sep,1,-1,0,unknown,1
57,0,0,0,1,0,0,0,0,0,0,0,0,1,0,0,0,0,1,0,2892,1,0,unknown,4,jun,5,-1,0,unknown,0
27,0,0,0,0,1,0,0,0,0,0,0,0,0,1,0,0,0,0,0,326,0,0,cellular,22,feb,1,-1,0,unknown,1
54,0,0,0,1,0,0,0,0,0,0,0,0,0,0,1,0,0,1,0,4401,0,0,telephone,13,may,1,183,2,success,1
42,0,0,0,0,0,0,0,1,0,0,0,0,1,0,0,0,1,0,0,3689,1,0,unknown,3,jun,1,-1,0,unknown,0
44,0,0,0,0,0,0,0,1,0,0,0,0,1,0,0,0,1,0,0,983,0,0,cellular,28,jan,1,-1,0,unknown,0
54,0,1,0,0,0,0,0,0,0,0,0,0,1,0,0,0,1,0,0,-315,0,1,cellular,10,jul,1,-1,0,unknown,1
70,0,0,0,0,0,1,0,0,0,0,0,0,1,0,0,0,1,0,0,2626,0,0,cellular,2,sep,2,-1,0,unknown,1
32,0,0,1,0,0,0,0,0,0,0,0,0,1,0,0,0,1,0,0,135,1,0,unknown,7,may,2,-1,0,unknown,0
38,0,1,0,0,0,0,0,0,0,0,0,0,1,0,0,0,1,0,0,318,0,0,cellular,4,feb,1,181,5,failure,1
55,1,0,0,0,0,0,0,0,0,0,0,0,1,0,0,1,0,0,0,7803,0,0,cellular,15,jan,1,-1,0,unknown,1
29,1,0,0,0,0,0,0,0,0,0,0,0,0,1,0,1,0,0,0,1566,1,0,unknown,4,jun,1,-1,0,unknown,0
32,0,0,0,0,0,0,0,0,1,0,0,0,0,1,0,0,1,0,0,-616,1,0,cellular,11,may,1,-1,0,unknown,0
30,0,0,0,0,0,0,0,0,1,0,0,0,1,0,0,1,0,0,0,1785,0,0,unknown,17,oct,1,-1,0,unknown,1
84,0,0,0,0,0,1,0,0,0,0,0,0,1,0,0,1,0,0,0,4761,0,0,telephone,9,sep,1,92,3,failure,1
29,0,0,0,1,0,0,0,0,0,0,0,0,0,1,0,0,1,0,0,445,1,0,unknown,21,may,2,-1,0,unknown,0
38,0,0,0,0,0,0,0,0,1,0,0,0,0,1,0,1,0,0,0,1612,1,0,cellular,8,may,1,-1,0,unknown,1
33,0,0,0,1,0,0,0,0,0,0,0,0,1,0,0,0,1,0,0,139,1,1,cellular,18,may,2,291,5,failure,1
55,0,0,0,0,0,0,0,1,0,0,0,0,1,0,0,0,1,0,0,2476,1,0,unknown,5,may,1,-1,0,unknown,1
24,0,0,0,0,0,0,0,0,0,0,0,1,0,1,0,0,1,0,0,1919,1,0,unknown,29,may,4,-1,0,unknown,0
33,0,0,0,0,0,0,0,1,0,0,0,0,1,0,0,0,1,0,0,1076,0,0,cellular,11,nov,1,96,5,failure,1
62,0,0,0,0,0,0,0,0,0,1,0,0,1,0,0,0,0,1,0,532,0,0,cellular,31,aug,2,300,1,other,0
34,0,0,0,1,0,0,0,0,0,0,0,0,1,0,0,0,1,0,0,29,1,0,cellular,15,may,5,-1,0,unknown,1
34,0,0,0,0,0,0,1,0,0,0,0,0,0,1,0,0,0,1,0,286,1,0,cellular,13,may,1,-1,0,unknown,0
35,0,0,0,1,0,0,0,0,0,0,0,0,0,0,1,0,1,0,0,336,1,0,cellular,14,may,1,346,2,failure,1
45,1,0,0,0,0,0,0,0,0,0,0,0,0,0,1,1,0,0,0,-96,0,1,cellular,20,aug,2,-1,0,unknown,0
57,0,0,0,0,0,1,0,0,0,0,0,0,1,0,0,1,0,0,0,3571,0,0,unknown,13,may,2,-1,0,unknown,0
26,0,0,0,0,0,0,0,0,0,0,0,1,0,1,0,0,1,0,0,132,0,0,cellular,4,jun,1,-1,0,unknown,1
51,0,0,0,0,1,0,0,0,0,0,0,0,0,1,0,0,0,0,0,0,0,0,unknown,5,jun,1,-1,0,unknown,0
46,0,0,0,0,1,0,1,0,0,0,0,0,1,0,0,0,0,0,0,5511,0,0,cellular,26,jul,2,389,1,success,1
36,0,0,0,0,0,0,0,0,0,0,0,1,0,1,0,1,0,0,0,129,0,0,cellular,28,jan,1,93,1,success,1
30,0,0,0,1,0,0,0,0,0,0,0,0,0,1,0,0,1,0,0,4,0,0,cellular,15,apr,1,-1,0,unknown,0
36,0,0,0,1,0,0,0,0,0,0,0,0,1,0,0,0,1,0,0,89,1,0,cellular,7,may,6,366,2,failure,0
48,0,0,0,0,0,0,1,0,0,0,0,0,0,0,1,0,1,0,0,4099,0,0,cellular,2,apr,2,-1,0,unknown,1
34,1,0,0,0,0,0,0,0,0,0,0,0,1,0,0,1,0,0,0,3696,0,0,cellular,8,apr,2,160,5,other,1
34,0,0,0,0,0,0,1,0,0,0,0,0,1,0,0,0,1,0,0,1406,1,0,cellular,20,aug,2,85,1,success,1
48,1,0,0,0,0,0,0,0,0,0,0,0,0,1,0,1,0,0,0,5689,0,0,cellular,12,feb,1,-1,0,unknown,1
31,1,0,0,0,0,0,0,0,0,0,0,0,1,0,0,0,1,0,0,2019,0,0,unknown,7,may,2,-1,0,unknown,0
56,0,0,0,1,0,0,0,0,0,0,0,0,1,0,0,0,1,0,0,881,1,0,unknown,14,may,2,-1,0,unknown,0
55,0,1,0,0,0,0,0,0,0,0,0,0,1,0,0,1,0,0,0,1320,0,0,cellular,28,apr,2,-1,0,unknown,1
49,0,1,0,0,0,0,0,0,0,0,0,0,1,0,0,0,1,0,0,412,0,0,cellular,19,aug,8,-1,0,unknown,1
48,0,0,0,1,0,0,0,0,0,0,0,0,0,1,0,0,0,1,0,8990,0,0,telephone,2,feb,2,-1,0,unknown,1
28,0,0,0,0,0,0,0,0,0,0,0,1,0,1,0,1,0,0,0,80,1,0,unknown,19,may,1,-1,0,unknown,0
35,1,0,0,0,0,0,0,0,0,0,0,0,0,1,0,1,0,0,0,7506,1,0,unknown,30,oct,1,-1,0,unknown,1
33,1,0,0,0,0,0,0,0,0,0,0,0,0,1,0,1,0,0,0,0,1,1,cellular,21,nov,2,-1,0,unknown,0
20,0,0,0,0,1,0,0,0,0,0,0,1,0,1,0,0,0,0,0,2785,0,0,cellular,16,sep,2,-1,0,unknown,1
62,0,0,0,0,0,0,0,0,1,0,0,0,0,0,1,0,1,0,0,0,1,0,cellular,20,aug,1,-1,0,unknown,1
36,0,0,1,0,0,0,0,0,0,0,0,0,1,0,0,0,1,0,0,1412,1,1,cellular,25,jul,1,-1,0,unknown,0
39,1,0,0,0,0,0,0,0,0,0,0,0,0,1,0,1,0,0,0,763,0,0,cellular,22,feb,1,189,1,failure,1
28,0,0,0,1,0,0,0,0,0,0,0,0,0,1,0,0,1,0,0,3412,1,0,cellular,15,may,4,-1,0,unknown,0
42,0,0,0,0,0,0,1,0,0,0,0,0,0,1,0,0,1,0,0,-247,1,1,cellular,18,nov,2,28,2,success,0
33,0,1,0,0,0,0,0,0,0,0,0,0,0,1,0,0,1,0,0,513,1,0,unknown,9,may,4,-1,0,unknown,0
46,1,0,0,0,0,0,0,0,0,0,0,0,0,0,1,1,0,0,0,507,1,0,cellular,1,apr,1,-1,0,unknown,1
37,1,0,0,0,0,0,0,0,0,0,0,0,1,0,0,1,0,0,0,203,0,0,cellular,21,oct,1,90,5,success,1
52,0,0,0,1,0,0,0,0,0,0,0,0,1,0,0,0,1,0,0,1500,0,1,unknown,20,jun,3,-1,0,unknown,0
43,1,0,0,0,0,0,0,0,0,0,0,0,1,0,0,0,0,1,0,62,1,0,cellular,14,may,1,300,3,failure,0
59,0,0,0,0,0,1,0,0,0,0,0,0,0,0,1,1,0,0,0,3444,0,0,cellular,10,aug,1,185,2,success,1
32,0,1,0,0,0,0,0,0,0,0,0,0,1,0,0,0,1,0,0,484,1,0,cellular,15,feb,6,187,3,success,1
42,0,0,0,0,0,0,1,0,0,0,0,0,0,1,0,0,1,0,0,-247,1,1,telephone,21,oct,1,166,1,other,1
48,0,0,0,1,0,0,0,0,0,0,0,0,1,0,0,0,1,0,0,863,1,0,telephone,4,may,5,350,2,success,1
41,0,0,0,0,0,0,0,1,0,0,0,0,1,0,0,0,1,0,0,714,1,1,unknown,15,may,5,-1,0,unknown,0
76,0,0,0,0,0,1,0,0,0,0,0,0,1,0,0,0,0,1,0,2223,0,0,telephone,4,feb,1,-1,0,unknown,1
41,0,0,0,0,0,0,0,1,0,0,0,0,1,0,0,0,1,0,0,803,1,0,cellular,9,apr,4,316,3,failure,1
60,0,0,0,0,0,1,0,0,0,0,0,0,0,0,1,1,0,0,0,979,1,0,cellular,15,jan,3,347,1,failure,1
50,0,0,0,0,0,0,0,1,0,0,0,0,1,0,0,0,1,0,0,481,1,0,cellular,13,may,1,-1,0,unknown,0
60,0,0,0,0,0,1,0,0,0,0,0,0,1,0,0,0,1,0,0,0,0,0,cellular,9,sep,1,-1,0,unknown,1
42,0,0,0,0,0,0,0,0,0,1,0,0,1,0,0,1,0,0,0,576,0,0,cellular,27,feb,1,-1,0,unknown,1
49,0,0,0,1,0,0,0,0,0,0,0,0,1,0,0,0,0,1,0,128,0,0,cellular,12,aug,2,-1,0,unknown,1
51,0,0,0,0,0,0,1,0,0,0,0,0,1,0,0,0,1,0,0,0,0,0,telephone,20,nov,5,-1,0,unknown,0
46,0,1,0,0,0,0,0,0,0,0,0,0,1,0,0,0,1,0,0,332,1,0,unknown,9,may,1,-1,0,unknown,1
59,1,0,0,0,0,0,0,0,0,0,0,0,0,0,1,1,0,0,0,1304,0,0,unknown,18,jun,1,-1,0,unknown,0
54,0,0,0,0,0,1,0,0,0,0,0,0,1,0,0,0,0,1,0,0,1,0,cellular,11,jul,2,-1,0,unknown,0
47,0,1,0,0,0,0,0,0,0,0,0,0,1,0,0,0,1,0,0,2480,0,0,cellular,6,aug,2,-1,0,unknown,1
33,0,0,0,1,0,0,0,0,0,0,0,0,1,0,0,0,0,1,0,208,1,0,cellular,16,jul,1,-1,0,unknown,0
20,0,0,0,1,0,0,0,0,0,0,0,0,0,1,0,0,1,0,0,423,1,0,cellular,16,apr,1,-1,0,unknown,1
19,0,0,0,0,0,0,0,0,0,0,0,1,0,1,0,0,0,1,0,103,0,0,cellular,10,jul,2,-1,0,unknown,1
55,0,0,0,0,0,0,1,0,0,0,0,0,1,0,0,0,1,0,0,6205,0,0,cellular,6,may,2,-1,0,unknown,0
42,0,0,0,1,0,0,0,0,0,0,0,0,1,0,0,0,1,0,0,429,1,0,cellular,18,may,1,370,1,failure,0
37,0,1,0,0,0,0,0,0,0,0,0,0,0,1,0,0,1,0,0,274,0,0,cellular,8,aug,3,-1,0,unknown,0
43,1,0,0,0,0,0,0,0,0,0,0,0,0,0,1,1,0,0,0,580,1,0,cellular,11,may,1,284,2,failure,1
41,1,0,0,0,0,0,0,0,0,0,0,0,1,0,0,1,0,0,0,0,1,0,cellular,18,nov,3,-1,0,unknown,1
59,0,1,0,0,0,0,0,0,0,0,0,0,0,0,1,0,1,0,0,330,0,0,cellular,27,aug,5,-1,0,unknown,0
30,0,1,0,0,0,0,0,0,0,0,0,0,0,0,1,0,1,0,0,2262,1,0,unknown,28,may,2,-1,0,unknown,0
41,0,0,0,0,0,0,0,0,0,1,0,0,0,1,0,0,0,1,0,2171,0,0,telephone,31,jul,2,-1,0,unknown,0
26,0,0,0,1,0,0,0,0,0,0,0,0,1,0,0,0,1,0,0,128,0,0,unknown,4,jul,1,-1,0,unknown,0
33,0,0,0,0,0,0,1,0,0,0,0,0,1,0,0,1,0,0,0,957,1,0,unknown,28,may,4,-1,0,unknown,0
27,0,0,0,0,0,0,0,1,0,0,0,0,0,1,0,0,1,0,0,955,0,0,cellular,23,apr,1,-1,0,unknown,1
34,0,1,0,0,0,0,0,0,0,0,0,0,0,1,0,0,1,0,0,666,0,0,cellular,21,aug,2,-1,0,unknown,1
37,0,0,0,1,0,0,0,0,0,0,0,0,1,0,0,0,1,0,0,67,0,0,unknown,3,jun,2,-1,0,unknown,0
48,0,0,0,1,0,0,0,0,0,0,0,0,1,0,0,0,1,0,0,1230,1,0,cellular,13,may,2,182,3,success,1
49,0,1,0,0,0,0,0,0,0,0,0,0,1,0,0,0,1,0,0,313,0,0,cellular,9,jul,2,-1,0,unknown,0
25,0,0,0,1,0,0,0,0,0,0,0,0,1,0,0,0,1,0,0,758,1,0,unknown,28,may,3,-1,0,unknown,0
36,0,0,0,0,0,0,0,1,0,0,0,0,0,1,0,0,1,0,0,590,1,0,cellular,12,may,3,-1,0,unknown,0
52,1,0,0,0,0,0,0,0,0,0,0,0,1,0,0,1,0,0,0,168,0,0,cellular,28,aug,4,-1,0,unknown,0
62,0,0,0,0,0,0,0,0,1,0,0,0,0,0,1,1,0,0,0,6,1,0,cellular,13,oct,1,183,4,success,1
34,0,1,0,0,0,0,0,0,0,0,0,0,1,0,0,0,1,0,1,-34,1,0,unknown,27,may,5,-1,0,unknown,0
48,0,0,0,0,0,0,1,0,0,0,0,0,1,0,0,0,1,0,0,0,0,1,cellular,11,oct,1,104,5,failure,0
37,1,0,0,0,0,0,0,0,0,0,0,0,1,0,0,1,0,0,0,897,0,0,unknown,20,may,1,-1,0,unknown,0
32,0,0,0,1,0,0,0,0,0,0,0,0,0,1,0,0,1,0,0,-197,0,1,cellular,8,jul,1,-1,0,unknown,0
49,1,0,0,0,0,0,0,0,0,0,0,0,1,0,0,1,0,0,0,85,1,0,cellular,14,may,5,359,1,other,1
47,0,1,0,0,0,0,0,0,0,0,0,0,1,0,0,0,1,0,0,-59,1,1,cellular,11,may,1,343,2,failure,0
57,0,0,0,0,0,1,0,0,0,0,0,0,1,0,0,0,0,1,0,9367,0,0,cellular,14,may,4,92,7,success,1
43,0,1,0,0,0,0,0,0,0,0,0,0,1,0,0,0,1,0,0,136,0,0,cellular,25,aug,7,-1,0,unknown,1
47,0,0,0,1,0,0,0,0,0,0,0,0,1,0,0,0,1,0,0,1536,1,0,cellular,17,apr,1,301,4,other,0
34,0,0,1,0,0,0,0,0,0,0,0,0,1,0,0,1,0,0,0,412,1,1,cellular,8,jul,1,-1,0,unknown,0
47,1,0,0,0,0,0,0,0,0,0,0,0,1,0,0,1,0,0,0,4693,0,1,cellular,12,nov,1,97,3,success,1
54,0,0,0,0,0,0,0,1,0,0,0,0,1,0,0,0,1,0,0,-22,0,1,cellular,9,jul,1,-1,0,unknown,0
31,1,0,0,0,0,0,0,0,0,0,0,0,0,1,0,1,0,0,0,453,1,0,unknown,30,may,3,-1,0,unknown,0
42,0,0,0,1,0,0,0,0,0,0,0,0,1,0,0,0,0,1,0,-407,1,1,cellular,12,may,7,-1,0,unknown,1
41,0,0,0,0,0,0,1,0,0,0,0,0,0,1,0,0,1,0,1,0,0,1,cellular,21,nov,6,-1,0,unknown,0
50,0,0,0,0,0,0,0,0,0,0,1,0,1,0,0,0,1,0,0,388,0,0,cellular,11,mar,2,-1,0,unknown,1
28,0,0,0,0,0,0,0,0,0,0,0,1,0,1,0,1,0,0,0,22,1,0,cellular,15,may,2,-1,0,unknown,1
35,0,1,0,0,0,0,0,0,0,0,0,0,1,0,0,0,1,0,0,1368,0,0,cellular,27,may,1,41,2,other,1
56,0,0,0,0,0,1,0,0,0,0,0,0,1,0,0,0,0,1,0,1947,0,0,cellular,2,mar,2,123,5,failure,1
46,0,0,0,1,0,0,0,0,0,0,0,0,1,0,0,0,0,1,0,67,0,0,unknown,24,jun,1,-1,0,unknown,0
26,0,1,0,0,0,0,0,0,0,0,0,0,0,1,0,1,0,0,0,11862,0,0,cellular,13,feb,1,-1,0,unknown,1
42,1,0,0,0,0,0,0,0,0,0,0,0,1,0,0,1,0,0,0,4617,1,0,cellular,31,jul,2,-1,0,unknown,0
31,0,1,0,0,0,0,0,0,0,0,0,0,1,0,0,1,0,0,0,1197,1,0,unknown,24,jun,3,-1,0,unknown,0
74,0,0,0,0,0,1,0,0,0,0,0,0,1,0,0,1,0,0,0,20422,0,0,cellular,12,aug,2,-1,0,unknown,0
53,0,1,0,0,0,0,0,0,0,0,0,0,0,0,1,1,0,0,0,2228,0,0,cellular,17,nov,1,-1,0,unknown,1
71,0,0,0,0,0,1,0,0,0,0,0,0,0,0,1,0,1,0,0,4380,0,0,cellular,22,sep,1,-1,0,unknown,1
37,1,0,0,0,0,0,0,0,0,0,0,0,1,0,0,1,0,0,0,255,0,0,cellular,24,feb,2,183,10,success,1
35,0,1,0,0,0,0,0,0,0,0,0,0,0,1,0,0,1,0,0,344,0,0,cellular,27,aug,16,-1,0,unknown,1
35,0,0,0,0,0,0,0,1,0,0,0,0,0,0,1,0,1,0,0,532,1,0,unknown,2,jun,1,-1,0,unknown,0
30,0,0,0,1,0,0,0,0,0,0,0,0,1,0,0,0,1,0,0,15,1,1,cellular,14,may,1,370,2,failure,0
43,0,0,0,0,0,0,0,1,0,0,0,0,1,0,0,0,1,0,0,488,1,0,telephone,6,feb,6,-1,0,unknown,0
33,0,0,0,1,0,0,0,0,0,0,0,0,0,1,0,0,1,0,0,778,1,0,cellular,16,apr,1,-1,0,unknown,0
56,0,0,0,0,0,1,0,0,0,0,0,0,1,0,0,0,0,1,0,1947,0,0,cellular,3,jun,1,34,2,failure,0
55,0,0,0,0,0,1,0,0,0,0,0,0,0,0,1,1,0,0,0,0,0,0,cellular,18,may,1,370,1,success,1
29,0,0,0,0,0,0,0,0,1,0,0,0,0,1,0,1,0,0,0,162,0,1,cellular,25,jul,1,-1,0,unknown,0
60,0,0,0,0,0,0,1,0,0,0,0,0,1,0,0,0,1,0,0,1880,1,0,unknown,15,may,4,-1,0,unknown,0
47,0,0,0,1,0,0,0,0,0,0,0,0,1,0,0,0,1,0,0,820,0,0,cellular,19,oct,1,-1,0,unknown,1
81,1,0,0,0,0,0,0,0,0,0,0,0,1,0,0,1,0,0,0,0,0,0,cellular,7,jul,1,-1,0,unknown,0
29,0,0,0,1,0,0,0,0,0,0,0,0,0,1,0,0,0,1,0,215,1,0,cellular,13,may,3,-1,0,unknown,0
45,0,0,0,1,0,0,0,0,0,0,0,0,1,0,0,0,0,1,0,71,1,0,unknown,16,may,2,-1,0,unknown,0
33,0,0,0,0,0,0,0,0,1,0,0,0,1,0,0,0,1,0,0,47,0,0,cellular,19,aug,2,-1,0,unknown,0
35,0,1,0,0,0,0,0,0,0,0,0,0,0,1,0,0,1,0,0,3490,1,0,cellular,29,aug,2,-1,0,unknown,1
49,0,0,0,0,0,0,1,0,0,0,0,0,0,0,1,0,1,0,0,1697,0,1,cellular,29,jul,4,-1,0,unknown,0
30,1,0,0,0,0,0,0,0,0,0,0,0,0,1,0,1,0,0,0,697,0,0,cellular,29,oct,3,80,5,success,1
50,0,0,0,0,0,0,0,0,1,0,0,0,0,0,1,1,0,0,0,59,1,0,unknown,28,may,2,-1,0,unknown,0
59,0,0,0,0,0,1,0,0,0,0,0,0,1,0,0,0,0,1,0,2632,0,0,cellular,3,jun,1,-1,0,unknown,0
49,0,0,0,0,0,0,0,1,0,0,0,0,1,0,0,0,0,1,0,4713,1,0,telephone,21,nov,1,-1,0,unknown,0
30,1,0,0,0,0,0,0,0,0,0,0,0,1,0,0,1,0,0,0,696,0,0,cellular,22,aug,4,-1,0,unknown,0
48,1,0,0,0,0,0,0,0,0,0,0,0,0,0,1,1,0,0,0,503,0,1,unknown,12,jun,7,-1,0,unknown,1
53,0,1,0,0,0,0,0,0,0,0,0,0,0,0,1,0,0,1,0,1443,1,0,unknown,14,may,1,-1,0,unknown,1
35,1,0,0,0,0,0,0,0,0,0,0,0,0,0,1,1,0,0,0,1723,1,0,cellular,25,jul,1,-1,0,unknown,1
37,0,0,0,1,0,0,0,0,0,0,0,0,1,0,0,0,1,0,0,37,1,0,unknown,5,may,1,-1,0,unknown,0
55,1,0,0,0,0,0,0,0,0,0,0,0,1,0,0,1,0,0,0,12972,0,0,telephone,18,aug,1,-1,0,unknown,1
52,0,0,0,1,0,0,0,0,0,0,0,0,1,0,0,0,1,0,0,633,1,0,cellular,14,may,1,-1,0,unknown,0
27,0,0,0,1,0,0,0,0,0,0,0,0,1,0,0,0,0,1,0,300,0,1,cellular,22,jul,2,-1,0,unknown,0
64,1,0,0,0,0,0,0,0,0,0,0,0,1,0,0,1,0,0,0,5112,0,0,telephone,19,oct,7,137,11,other,1
67,0,0,0,0,0,1,0,0,0,0,0,0,0,1,0,1,0,0,0,2144,0,0,telephone,21,apr,2,-1,0,unknown,1
37,0,1,0,0,0,0,0,0,0,0,0,0,0,1,0,0,1,0,0,884,1,1,cellular,31,jul,2,-1,0,unknown,0
43,0,0,0,0,0,0,0,1,0,0,0,0,0,0,1,0,1,0,0,1040,1,0,unknown,19,may,3,-1,0,unknown,1
54,0,0,0,0,0,0,0,0,0,0,1,0,1,0,0,1,0,0,0,2473,0,0,cellular,5,mar,2,-1,0,unknown,1
39,0,1,0,0,0,0,0,0,0,0,0,0,1,0,0,0,1,0,0,251,1,0,cellular,17,jul,2,-1,0,unknown,1
41,1,0,0,0,0,0,0,0,0,0,0,0,1,0,0,1,0,0,0,1072,1,0,cellular,7,may,1,-1,0,unknown,0
24,0,0,0,0,0,0,0,0,0,0,0,1,0,1,0,0,1,0,0,1925,0,0,cellular,11,aug,1,-1,0,unknown,1
47,0,0,0,0,0,0,0,0,0,1,0,0,1,0,0,0,1,0,0,817,0,0,cellular,7,apr,4,-1,0,unknown,1
48,1,0,0,0,1,0,0,0,0,0,0,0,1,0,0,0,0,0,0,1103,1,0,unknown,15,may,1,-1,0,unknown,0
62,1,0,0,0,0,0,0,0,0,0,0,0,1,0,0,0,1,0,0,4562,1,0,cellular,3,mar,1,-1,0,unknown,1
30,1,0,0,0,0,0,0,0,0,0,0,0,0,1,0,1,0,0,0,2,1,0,cellular,28,jul,4,-1,0,unknown,0
52,0,1,0,0,0,0,0,0,0,0,0,0,1,0,0,0,1,0,0,371,1,1,cellular,21,apr,2,182,1,success,1
37,0,0,0,1,0,0,0,0,0,0,0,0,0,1,0,0,1,0,0,5024,0,1,cellular,25,jul,4,-1,0,unknown,1
48,0,1,0,0,0,0,0,0,0,0,0,0,1,0,0,1,0,0,0,348,0,0,cellular,19,aug,4,-1,0,unknown,0
47,1,0,0,0,0,0,0,0,0,0,0,0,1,0,0,1,0,0,0,2351,0,0,cellular,2,jun,2,84,1,success,1
47,0,0,0,0,0,0,0,0,0,1,0,0,1,0,0,0,0,1,0,324,0,0,cellular,21,nov,2,-1,0,unknown,1
38,0,0,0,0,0,0,0,0,0,0,1,0,0,0,1,0,1,0,0,70,0,0,cellular,1,jun,1,-1,0,unknown,1
56,0,0,0,0,0,1,0,0,0,0,0,0,1,0,0,0,1,0,0,1894,1,0,unknown,15,may,1,-1,0,unknown,0
27,0,0,0,0,1,0,0,0,0,0,0,1,0,1,0,0,0,0,0,910,1,1,unknown,27,may,1,-1,0,unknown,0
32,0,1,0,0,0,0,0,0,0,0,0,0,0,1,0,0,1,0,0,1107,0,0,cellular,27,aug,8,-1,0,unknown,0
47,0,1,0,0,0,0,0,0,0,0,0,0,1,0,0,0,1,0,0,599,1,0,cellular,13,aug,3,-1,0,unknown,0
43,0,0,0,1,0,0,0,0,0,0,0,0,1,0,0,0,0,1,0,3917,0,0,cellular,2,mar,1,-1,0,unknown,1
42,0,0,0,0,0,0,1,0,0,0,0,0,0,0,1,1,0,0,0,6,1,1,cellular,17,apr,4,-1,0,unknown,0
26,1,0,0,0,0,0,0,0,0,0,0,0,0,1,0,1,0,0,0,390,0,0,cellular,7,aug,1,-1,0,unknown,1
53,0,0,0,1,0,0,0,0,0,0,0,0,1,0,0,0,0,1,0,787,1,1,cellular,7,aug,2,-1,0,unknown,0
40,0,0,0,0,0,0,0,1,0,0,0,0,0,1,0,0,1,0,0,23,1,0,unknown,8,may,5,-1,0,unknown,0
29,0,0,0,0,0,0,1,0,0,0,0,0,1,0,0,0,1,0,0,5605,1,0,unknown,28,may,2,-1,0,unknown,0
60,1,0,0,0,0,0,0,0,0,0,0,0,0,0,1,0,1,0,0,0,0,0,cellular,5,aug,3,-1,0,unknown,1
45,0,0,0,0,1,0,0,0,0,0,0,1,0,1,0,0,0,0,0,1527,0,0,cellular,8,mar,1,-1,0,unknown,1
46,0,0,0,0,0,0,1,0,0,0,0,0,1,0,0,0,1,0,0,2148,0,0,cellular,8,aug,4,-1,0,unknown,0
42,0,0,0,0,0,0,0,0,0,1,0,0,0,1,0,0,0,1,0,5717,0,0,cellular,29,jan,2,-1,0,unknown,0
25,0,0,0,0,0,0,0,1,0,0,0,0,0,1,0,0,1,0,0,1119,1,0,cellular,18,may,1,-1,0,unknown,1
53,0,1,0,0,0,0,0,0,0,0,0,0,1,0,0,0,1,0,0,1357,1,0,cellular,20,aug,2,-1,0,unknown,0
31,1,0,0,0,0,0,0,0,0,0,0,0,1,0,0,1,0,0,0,0,1,1,cellular,28,jul,8,-1,0,unknown,1
30,0,1,0,0,0,0,0,0,0,0,0,0,0,1,0,0,1,0,0,0,0,0,cellular,28,aug,10,-1,0,unknown,0
39,0,0,0,1,0,0,0,0,0,0,0,0,1,0,0,0,0,1,0,292,0,0,unknown,12,jun,1,-1,0,unknown,0
34,0,0,0,1,0,0,0,0,0,0,0,0,0,1,0,0,1,0,0,4536,1,0,cellular,21,nov,1,-1,0,unknown,1
34,0,0,0,0,0,0,0,1,0,0,0,0,1,0,0,0,1,0,0,1337,0,0,cellular,12,aug,2,104,1,success,1
26,1,0,0,0,0,0,0,0,0,0,0,0,0,1,0,1,0,0,0,1646,0,0,cellular,18,sep,5,-1,0,unknown,1
31,1,0,0,0,0,0,0,0,0,0,0,0,0,1,0,1,0,0,0,3384,0,0,cellular,16,sep,1,104,2,success,1
61,0,0,0,0,0,1,0,0,0,0,0,0,0,0,1,0,0,1,0,3624,0,0,cellular,25,nov,1,-1,0,unknown,1
37,1,0,0,0,0,0,0,0,0,0,0,0,1,0,0,1,0,0,0,58,1,0,unknown,5,may,2,-1,0,unknown,0
28,0,1,0,0,0,0,0,0,0,0,0,0,0,1,0,0,1,0,0,113,0,0,cellular,13,aug,3,105,1,failure,1
52,0,0,0,0,0,0,0,0,0,1,0,0,1,0,0,0,1,0,0,94,0,0,cellular,30,apr,1,-1,0,unknown,1
46,0,1,0,0,0,0,0,0,0,0,0,0,1,0,0,0,1,0,0,3434,0,1,cellular,27,feb,1,-1,0,unknown,1
41,1,0,0,0,0,0,0,0,0,0,0,0,0,1,0,1,0,0,0,0,0,0,cellular,31,jul,4,-1,0,unknown,0
53,1,0,0,0,0,0,0,0,0,0,0,0,1,0,0,1,0,0,0,3591,1,0,cellular,5,aug,2,181,2,other,1
54,0,0,0,1,0,0,0,0,0,0,0,0,1,0,0,0,0,1,0,1357,1,1,cellular,5,may,5,349,7,other,0
25,0,0,0,1,0,0,0,0,0,0,0,0,0,1,0,0,1,0,0,26,1,0,unknown,27,may,2,-1,0,unknown,0
28,1,0,0,0,0,0,0,0,0,0,0,0,0,0,1,1,0,0,0,229,1,0,cellular,9,apr,2,315,2,other,1
30,0,1,0,0,0,0,0,0,0,0,0,0,0,1,0,0,1,0,0,160,0,0,cellular,14,aug,2,-1,0,unknown,0
39,0,1,0,0,0,0,0,0,0,0,0,0,0,1,0,1,0,0,0,54,1,0,cellular,3,apr,2,248,12,failure,0
23,0,1,0,0,0,0,0,0,0,0,0,0,0,1,0,0,1,0,0,4,1,0,cellular,8,may,1,-1,0,unknown,1
42,0,1,0,0,0,0,0,0,0,0,0,0,1,0,0,1,0,0,0,644,1,0,unknown,7,may,1,-1,0,unknown,0
64,0,0,0,0,0,1,0,0,0,0,0,0,1,0,0,0,1,0,0,5966,1,0,cellular,22,jun,1,-1,0,unknown,1
31,1,0,0,0,0,0,0,0,0,0,0,0,0,1,0,1,0,0,0,2124,1,0,unknown,27,may,2,-1,0,unknown,0
31,0,0,0,1,0,0,0,0,0,0,0,0,1,0,0,0,1,0,0,136,0,0,cellular,12,may,2,267,1,failure,1
50,0,0,1,0,0,0,0,0,0,0,0,0,1,0,0,0,0,1,0,199,0,0,cellular,11,may,2,363,2,failure,0
48,0,0,0,1,0,0,0,0,0,0,0,0,1,0,0,0,1,0,0,157,1,0,unknown,6,may,1,-1,0,unknown,0
56,1,0,0,0,0,0,0,0,0,0,0,0,1,0,0,0,0,1,0,870,0,0,cellular,14,may,1,179,1,success,1
37,1,0,0,0,0,0,0,0,0,0,0,0,1,0,0,1,0,0,0,2283,0,0,cellular,6,aug,2,92,4,success,1
74,0,0,0,0,0,1,0,0,0,0,0,0,0,0,1,0,1,0,0,4079,0,0,cellular,19,oct,3,-1,0,unknown,1
59,0,0,0,0,0,1,0,0,0,0,0,0,1,0,0,0,0,1,0,363,0,0,cellular,30,apr,1,-1,0,unknown,1
50,0,0,0,0,0,1,0,0,0,0,0,0,0,0,1,0,0,1,0,2790,0,0,cellular,21,jul,2,-1,0,unknown,0
38,0,0,0,1,0,0,0,0,0,0,0,0,1,0,0,0,1,0,0,1027,1,0,cellular,15,may,5,-1,0,unknown,0
64,0,0,0,0,0,1,0,0,0,0,0,0,1,0,0,0,1,0,0,571,1,0,cellular,20,apr,2,-1,0,unknown,1
53,0,0,0,0,0,0,1,0,0,0,0,0,1,0,0,0,1,0,0,1739,1,0,unknown,15,may,3,-1,0,unknown,0
49,0,0,0,1,0,0,0,0,0,0,0,0,1,0,0,0,1,0,0,2039,1,0,cellular,6,may,1,169,2,failure,1
31,1,0,0,0,0,0,0,0,0,0,0,0,0,1,0,1,0,0,0,11821,0,0,cellular,18,aug,11,-1,0,unknown,1
35,1,0,0,0,0,0,0,0,0,0,0,0,1,0,0,1,0,0,0,260,0,0,cellular,7,aug,2,-1,0,unknown,0
31,0,1,0,0,0,0,0,0,0,0,0,0,1,0,0,1,0,0,0,3338,1,0,cellular,21,dec,2,-1,0,unknown,1
26,0,0,0,0,0,0,0,0,0,0,0,1,0,1,0,0,1,0,0,620,0,0,cellular,22,may,1,94,1,success,1
52,1,0,0,0,0,0,0,0,0,0,0,0,1,0,0,1,0,0,0,3508,0,0,cellular,12,aug,2,-1,0,unknown,0
53,0,0,0,0,0,0,0,0,1,0,0,0,1,0,0,0,1,0,0,1,1,1,unknown,23,may,1,-1,0,unknown,0
39,0,0,0,1,0,0,0,0,0,0,0,0,0,1,0,0,0,1,0,6,1,0,cellular,19,nov,2,-1,0,unknown,0
54,0,0,0,0,0,1,0,0,0,0,0,0,0,1,0,0,1,0,0,10621,0,0,cellular,30,jul,2,-1,0,unknown,0
55,0,1,0,0,0,0,0,0,0,0,0,0,0,0,1,0,1,0,1,4,0,0,cellular,28,jan,1,-1,0,unknown,1
80,0,0,0,0,0,1,0,0,0,0,0,0,1,0,0,0,1,0,0,668,0,0,telephone,8,jul,1,371,1,success,1
42,0,0,0,1,0,0,0,0,0,0,0,0,1,0,0,0,0,1,0,325,1,0,cellular,14,may,4,-1,0,unknown,0
41,1,0,0,0,0,0,0,0,0,0,0,0,0,1,0,1,0,0,0,195,0,0,cellular,20,nov,1,167,2,failure,0
47,1,0,0,0,0,0,0,0,0,0,0,0,0,1,0,1,0,0,0,334,1,0,cellular,28,jun,3,94,9,success,1
32,1,0,0,0,0,0,0,0,0,0,0,0,0,1,0,1,0,0,0,0,0,0,cellular,5,feb,4,-1,0,unknown,1
46,0,0,0,1,0,0,0,0,0,0,0,0,0,0,1,0,0,1,0,219,1,0,cellular,21,nov,1,-1,0,unknown,1
54,0,1,0,0,0,0,0,0,0,0,0,0,1,0,0,0,1,0,0,3994,0,1,cellular,16,apr,2,-1,0,unknown,1
36,0,0,0,0,0,0,0,0,1,0,0,0,1,0,0,0,1,0,0,1245,1,0,unknown,6,jun,9,-1,0,unknown,1
51,0,0,0,0,0,0,0,0,0,0,1,0,1,0,0,0,0,1,0,3486,0,0,cellular,20,aug,11,-1,0,unknown,0
31,0,0,0,1,0,0,0,0,0,0,0,0,0,1,0,0,0,1,0,485,0,1,cellular,8,jul,2,-1,0,unknown,0
43,0,0,0,0,0,0,0,1,0,0,0,0,1,0,0,0,0,1,0,2557,1,0,telephone,15,apr,2,327,3,failure,1
36,1,0,0,0,0,0,0,0,0,0,0,0,1,0,0,0,1,0,0,565,0,0,cellular,27,mar,1,-1,0,unknown,1
41,0,0,0,0,0,0,1,0,0,0,0,0,1,0,0,0,0,1,0,-306,1,0,unknown,15,may,1,-1,0,unknown,1
56,0,0,0,0,0,1,0,0,0,0,0,0,0,0,1,0,1,0,0,1886,1,0,cellular,19,nov,1,-1,0,unknown,0
35,0,0,0,1,0,0,0,0,0,0,0,0,1,0,0,0,1,0,0,262,0,0,cellular,15,mar,1,181,3,success,1
53,0,0,0,1,0,0,0,0,0,0,0,0,1,0,0,0,0,1,0,-294,1,1,cellular,31,jul,22,-1,0,unknown,0
45,0,0,0,0,0,0,0,0,0,0,1,0,1,0,0,0,1,0,0,4068,0,0,cellular,20,aug,1,-1,0,unknown,1
34,0,1,0,0,0,0,0,0,0,0,0,0,0,1,0,1,0,0,0,449,0,0,cellular,8,aug,3,-1,0,unknown,0
46,0,0,0,0,0,0,1,0,0,0,0,0,1,0,0,0,1,0,0,5021,0,0,cellular,15,jul,1,182,1,success,1
33,0,1,0,0,0,0,0,0,0,0,0,0,1,0,0,0,1,0,0,0,1,0,cellular,9,feb,2,262,2,failure,0
52,0,0,0,1,0,0,0,0,0,0,0,0,1,0,0,0,0,1,0,990,0,0,cellular,21,aug,2,-1,0,unknown,0
31,0,0,0,0,0,0,1,0,0,0,0,0,0,1,0,0,1,0,0,8626,0,0,cellular,25,may,1,111,1,failure,0
47,0,1,0,0,0,0,0,0,0,0,0,0,1,0,0,0,1,0,0,2283,1,0,cellular,21,nov,2,-1,0,unknown,0
55,0,0,0,0,0,1,0,0,0,0,0,0,1,0,0,0,1,0,0,0,0,0,cellular,4,aug,1,-1,0,unknown,1
33,1,0,0,0,0,0,0,0,0,0,0,0,1,0,0,1,0,0,0,644,1,1,cellular,3,feb,2,271,2,failure,0
32,0,0,0,1,0,0,0,0,0,0,0,0,1,0,0,0,0,1,0,1644,0,0,cellular,7,sep,3,102,5,other,1
25,0,0,0,0,0,0,0,0,0,0,0,1,0,1,0,0,1,0,0,486,0,0,cellular,13,sep,3,199,4,failure,1
32,0,0,0,1,0,0,0,0,0,0,0,0,0,0,1,0,1,0,0,91,1,0,cellular,15,may,2,351,12,other,0
37,0,0,0,0,0,0,0,0,0,1,0,0,1,0,0,1,0,0,0,7620,0,0,telephone,25,may,3,-1,0,unknown,0
47,0,1,0,0,0,0,0,0,0,0,0,0,1,0,0,0,0,1,0,1375,1,1,unknown,2,jun,2,-1,0,unknown,0
30,0,0,0,0,0,0,0,1,0,0,0,0,0,1,0,0,1,0,0,603,1,1,unknown,2,jun,2,-1,0,unknown,0
49,1,0,0,0,0,0,0,0,0,0,0,0,1,0,0,1,0,0,0,1808,1,0,cellular,1,jun,1,95,1,success,1
43,0,0,0,0,0,0,0,1,0,0,0,0,1,0,0,0,1,0,0,774,0,0,cellular,24,jun,1,91,2,success,1
35,0,0,0,1,1,0,0,0,0,0,0,0,0,1,0,0,0,0,0,484,0,0,cellular,8,jul,1,87,3,failure,1
33,0,0,0,0,0,0,0,0,0,1,0,0,1,0,0,0,1,0,0,1211,0,0,cellular,7,aug,1,-1,0,unknown,1
26,0,1,0,0,0,0,0,0,0,0,0,0,0,1,0,0,1,0,0,507,0,0,cellular,30,apr,1,-1,0,unknown,1
51,1,0,0,0,0,0,0,0,0,0,0,0,1,0,0,1,0,0,0,615,1,0,cellular,17,apr,1,-1,0,unknown,0
54,0,1,0,0,0,0,0,0,0,0,0,0,0,0,1,0,1,0,0,83,1,0,unknown,6,may,3,-1,0,unknown,0
50,0,0,0,0,0,0,0,0,0,0,1,0,1,0,0,0,0,1,0,0,0,0,cellular,27,aug,3,-1,0,unknown,0
30,0,0,0,0,0,0,1,0,0,0,0,0,1,0,0,0,1,0,0,39,1,0,cellular,28,jul,3,-1,0,unknown,0
37,0,0,0,0,0,0,1,0,0,0,0,0,1,0,0,0,1,0,0,1207,1,0,telephone,6,apr,2,138,2,success,1
51,1,0,0,0,0,0,0,0,0,0,0,0,1,0,0,1,0,0,0,346,0,0,cellular,12,nov,2,192,3,failure,1
46,0,0,0,1,0,0,0,0,0,0,0,0,0,1,0,0,0,1,0,355,1,0,unknown,13,may,1,-1,0,unknown,0
29,1,0,0,0,0,0,0,0,0,0,0,0,0,1,0,1,0,0,0,637,1,0,cellular,3,jun,1,119,1,failure,1
46,1,0,0,0,0,0,0,0,0,0,0,0,0,0,1,1,0,0,0,743,0,0,unknown,5,jun,2,-1,0,unknown,0
38,0,0,1,0,0,0,0,0,0,0,0,0,1,0,0,1,0,0,0,1514,0,1,cellular,21,nov,3,120,3,failure,0
35,0,1,0,0,0,0,0,0,0,0,0,0,1,0,0,1,0,0,0,1354,0,0,cellular,2,jun,2,-1,0,unknown,1
41,1,0,0,0,0,0,0,0,0,0,0,0,0,0,1,0,1,0,0,0,0,0,cellular,6,aug,2,-1,0,unknown,0
30,0,0,0,0,0,0,0,1,0,0,0,0,1,0,0,0,1,0,0,4867,1,1,telephone,20,apr,6,306,3,other,0
43,0,0,0,0,0,0,0,0,0,1,0,0,1,0,0,0,0,1,0,9,1,1,cellular,6,may,1,-1,0,unknown,0
26,1,0,0,0,0,0,0,0,0,0,0,0,0,1,0,1,0,0,0,222,0,0,cellular,28,jun,1,63,2,success,1
32,1,0,0,0,0,0,0,0,0,0,0,0,0,1,0,1,0,0,0,2974,1,0,cellular,24,apr,1,4,1,failure,1
44,0,0,0,1,0,0,0,0,0,0,0,0,1,0,0,0,1,0,0,2523,1,0,unknown,29,may,2,-1,0,unknown,0
51,0,0,0,1,0,0,0,0,0,0,0,0,1,0,0,0,1,0,0,575,0,1,cellular,20,nov,1,-1,0,unknown,0
35,0,0,0,1,0,0,0,0,0,0,0,0,1,0,0,0,0,1,0,22,1,0,cellular,15,may,2,302,2,other,1
28,0,0,0,0,0,0,0,0,0,1,0,0,0,1,0,0,0,1,0,1374,0,0,cellular,23,apr,4,-1,0,unknown,1
29,0,0,0,1,0,0,0,0,0,0,0,0,1,0,0,0,1,0,0,580,1,1,cellular,17,apr,2,-1,0,unknown,1
47,0,0,0,0,0,0,0,0,0,1,0,0,0,1,0,0,1,0,0,4819,0,0,cellular,18,nov,1,-1,0,unknown,0
32,0,1,0,0,0,0,0,0,0,0,0,0,0,1,0,1,0,0,0,705,0,0,cellular,17,jun,1,-1,0,unknown,1
83,0,0,0,0,0,1,0,0,0,0,0,0,0,0,1,0,0,1,0,46,0,0,cellular,25,mar,1,-1,0,unknown,1
39,0,0,0,0,0,0,0,1,0,0,0,0,1,0,0,0,1,0,0,323,0,0,cellular,9,jun,2,188,6,failure,1
31,0,0,0,0,0,0,0,1,0,0,0,0,0,1,0,0,1,0,0,-205,0,0,cellular,1,sep,1,579,1,failure,1
34,0,0,0,1,0,0,0,0,0,0,0,0,0,1,0,0,0,1,0,-109,1,0,cellular,15,jul,4,-1,0,unknown,1
30,1,0,0,0,0,0,0,0,0,0,0,0,0,1,0,1,0,0,0,697,0,0,cellular,10,aug,3,102,2,success,1
34,1,0,0,0,0,0,0,0,0,0,0,0,1,0,0,1,0,0,0,8000,0,0,cellular,28,may,2,-1,0,unknown,0
32,0,0,0,0,0,0,0,1,0,0,0,0,1,0,0,0,0,1,0,228,1,0,cellular,21,jul,6,-1,0,unknown,1
27,0,0,0,1,0,0,0,0,0,0,0,0,1,0,0,1,0,0,0,417,1,1,unknown,8,may,2,-1,0,unknown,0
65,0,0,0,0,0,1,0,0,0,0,0,0,1,0,0,0,0,1,0,3629,0,0,cellular,27,apr,1,-1,0,unknown,1
28,0,0,0,0,0,0,0,1,0,0,0,0,0,1,0,0,1,0,0,198,0,0,cellular,5,jul,2,-1,0,unknown,1
40,0,0,0,0,0,0,1,0,0,0,0,0,0,1,0,0,1,0,0,100,1,0,cellular,11,aug,1,461,1,success,1
29,1,0,0,0,0,0,0,0,0,0,0,0,1,0,0,1,0,0,0,620,1,0,unknown,18,jun,3,-1,0,unknown,0
39,0,0,0,0,0,0,0,1,0,0,0,0,1,0,0,0,1,0,0,3870,1,0,cellular,20,apr,1,-1,0,unknown,0
32,0,1,0,0,0,0,0,0,0,0,0,0,1,0,0,0,1,0,0,3271,0,0,cellular,12,feb,1,374,1,other,1
72,0,0,0,0,0,1,0,0,0,0,0,0,1,0,0,0,0,1,0,2304,0,0,telephone,5,may,4,-1,0,unknown,1
28,1,0,0,0,0,0,0,0,0,0,0,0,0,1,0,1,0,0,0,890,1,0,cellular,7,sep,1,-1,0,unknown,1
57,0,0,0,0,0,1,0,0,0,0,0,0,1,0,0,0,1,0,0,191,0,0,cellular,14,aug,4,-1,0,unknown,0
34,0,0,0,0,0,0,0,0,1,0,0,0,1,0,0,0,1,0,0,-56,1,0,unknown,19,may,3,-1,0,unknown,0
49,0,0,0,1,0,0,0,0,0,0,0,0,1,0,0,0,0,1,0,418,0,0,cellular,18,aug,7,-1,0,unknown,0
38,1,0,0,0,0,0,0,0,0,0,0,0,0,0,1,1,0,0,0,-199,1,0,cellular,18,may,3,-1,0,unknown,0
30,0,0,0,0,0,0,0,0,0,1,0,0,0,1,0,1,0,0,0,302,0,0,cellular,11,feb,3,-1,0,unknown,1
50,0,0,0,0,0,0,0,0,0,0,1,0,1,0,0,0,1,0,0,388,0,0,cellular,15,sep,2,99,4,failure,1
45,0,0,0,0,0,0,1,0,0,0,0,0,1,0,0,0,1,0,0,524,1,0,cellular,23,jul,1,-1,0,unknown,1
70,1,0,0,0,0,0,0,0,0,0,0,0,1,0,0,1,0,0,0,1295,0,0,cellular,26,mar,1,-1,0,unknown,0
27,0,0,0,0,0,0,0,0,0,0,0,1,0,1,0,0,1,0,0,2614,0,0,cellular,8,apr,2,-1,0,unknown,1
37,0,0,0,0,0,0,0,1,0,0,0,0,0,1,0,0,1,0,0,278,1,0,unknown,3,jun,3,-1,0,unknown,1
47,0,0,0,0,0,0,0,1,0,0,0,0,1,0,0,0,1,0,0,1315,0,0,cellular,20,nov,4,-1,0,unknown,1
50,0,1,0,0,0,0,0,0,0,0,0,0,0,0,1,0,1,0,0,396,0,0,unknown,20,jun,2,-1,0,unknown,1
42,1,0,0,0,0,0,0,0,0,0,0,0,1,0,0,1,0,0,0,478,0,1,cellular,8,jul,1,-1,0,unknown,0
31,1,0,0,0,0,0,0,0,0,0,0,0,0,1,0,1,0,0,0,533,0,0,cellular,12,nov,3,93,6,success,1
35,0,0,0,1,0,0,0,0,0,0,0,0,1,0,0,0,1,0,0,11,0,0,unknown,3,jun,3,-1,0,unknown,0
55,0,0,0,0,1,0,0,0,0,0,0,0,1,0,0,0,0,0,0,666,0,0,unknown,15,may,5,-1,0,unknown,0
48,0,0,0,1,0,0,0,0,0,0,0,0,1,0,0,0,1,0,0,244,1,1,cellular,2,feb,1,-1,0,unknown,0
22,0,0,0,0,0,0,0,0,0,0,0,1,0,1,0,0,0,1,0,3472,0,0,cellular,19,apr,1,181,4,success,1
43,1,0,0,0,0,0,0,0,0,0,0,0,0,1,0,0,1,0,0,1063,1,0,cellular,5,feb,3,-1,0,unknown,0
32,0,1,0,0,0,0,0,0,0,0,0,0,0,0,1,0,1,0,0,0,0,0,cellular,19,aug,4,-1,0,unknown,0
58,1,0,0,0,0,0,0,0,0,0,0,0,1,0,0,1,0,0,0,1384,1,0,cellular,27,mar,1,-1,0,unknown,1
53,0,0,0,0,0,0,0,1,0,0,0,0,1,0,0,0,1,0,0,1242,0,0,cellular,11,aug,2,-1,0,unknown,0
34,0,0,0,1,0,0,0,0,0,0,0,0,1,0,0,0,1,0,0,490,1,0,unknown,20,jun,12,-1,0,unknown,0
35,0,0,0,0,0,0,0,0,0,0,1,0,0,1,0,0,1,0,0,1015,1,0,unknown,5,jun,2,-1,0,unknown,1
32,0,0,0,0,0,0,1,0,0,0,0,0,1,0,0,1,0,0,0,2831,1,0,cellular,18,nov,2,-1,0,unknown,0
82,0,0,0,0,0,1,0,0,0,0,0,0,0,0,1,1,0,0,0,0,0,0,telephone,12,nov,1,-1,0,unknown,1
55,0,0,0,0,1,0,1,0,0,0,0,0,1,0,0,0,0,0,0,2038,0,0,cellular,9,apr,1,-1,0,unknown,1
45,0,1,0,0,0,0,0,0,0,0,0,0,1,0,0,0,1,0,0,0,1,0,telephone,21,nov,1,-1,0,unknown,0
39,0,1,0,0,0,0,0,0,0,0,0,0,1,0,0,0,1,0,0,-72,1,0,unknown,26,may,2,-1,0,unknown,0
43,0,0,1,0,0,0,0,0,0,0,0,0,1,0,0,0,0,1,0,629,1,0,cellular,2,feb,3,265,4,other,0
36,1,0,0,0,0,0,0,0,0,0,0,0,1,0,0,1,0,0,0,1125,1,1,unknown,16,may,5,-1,0,unknown,0
60,0,0,0,0,0,1,0,0,0,0,0,0,1,0,0,0,0,1,0,71,0,0,cellular,10,jul,3,-1,0,unknown,0
33,0,0,0,0,0,0,0,0,0,0,1,0,0,1,0,1,0,0,0,1107,1,0,cellular,18,mar,1,-1,0,unknown,1
49,0,0,0,0,0,0,0,1,0,0,0,0,1,0,0,0,1,0,0,220,1,0,cellular,28,jul,11,-1,0,unknown,0
36,1,0,0,0,0,0,0,0,0,0,0,0,1,0,0,1,0,0,0,428,0,0,unknown,28,may,1,-1,0,unknown,0
43,1,0,0,0,0,0,0,0,0,0,0,0,1,0,0,1,0,0,0,177,1,0,cellular,10,jul,1,-1,0,unknown,0
26,0,0,1,0,0,0,0,0,0,0,0,0,0,1,0,1,0,0,0,255,1,0,cellular,15,may,1,-1,0,unknown,0
38,1,0,0,0,0,0,0,0,0,0,0,0,1,0,0,1,0,0,0,5506,0,0,cellular,20,nov,1,-1,0,unknown,0
19,0,0,0,0,0,0,0,0,0,0,0,1,0,1,0,0,1,0,0,329,0,0,cellular,30,apr,1,190,2,success,1
31,0,1,0,0,0,0,0,0,0,0,0,0,1,0,0,0,1,0,0,783,0,0,telephone,9,feb,5,-1,0,unknown,0
36,0,0,0,0,0,0,0,0,0,1,0,0,0,1,0,1,0,0,0,1291,0,0,cellular,3,feb,1,-1,0,unknown,1
47,0,0,0,0,0,0,1,0,0,0,0,0,0,1,0,0,1,0,0,15,0,0,cellular,2,feb,1,266,4,failure,0
31,0,0,1,0,0,0,0,0,0,0,0,0,0,1,0,0,1,0,0,0,0,0,telephone,13,nov,1,-1,0,unknown,1
33,0,0,0,0,0,0,1,0,0,0,0,0,1,0,0,0,1,0,0,920,0,0,cellular,30,apr,1,-1,0,unknown,1
31,0,0,0,0,0,0,0,0,0,1,0,0,0,1,0,1,0,0,0,498,0,0,cellular,29,jan,2,-1,0,unknown,0
52,1,0,0,0,0,0,0,0,0,0,0,0,1,0,0,1,0,0,0,576,0,0,cellular,18,aug,3,-1,0,unknown,1
54,0,0,0,1,0,0,0,0,0,0,0,0,1,0,0,0,0,1,0,0,0,0,unknown,16,jun,6,-1,0,unknown,0
30,0,1,0,0,0,0,0,0,0,0,0,0,0,1,0,0,1,0,0,2567,0,0,cellular,18,jun,4,-1,0,unknown,1
33,1,0,0,0,0,0,0,0,0,0,0,0,0,1,0,1,0,0,0,935,0,0,cellular,9,feb,2,92,8,success,1
35,0,1,0,0,1,0,0,0,0,0,0,0,1,0,0,0,0,0,0,3,1,1,unknown,17,jun,23,-1,0,unknown,0
46,1,0,0,0,0,0,0,0,0,0,0,0,1,0,0,0,1,0,0,149,0,0,cellular,21,nov,2,-1,0,unknown,1
42,0,0,0,1,0,0,0,0,0,0,0,0,0,0,1,0,1,0,0,1820,1,0,unknown,28,may,2,-1,0,unknown,0
57,0,0,0,0,0,1,0,0,0,0,0,0,1,0,0,1,0,0,0,1269,0,0,cellular,31,aug,1,-1,0,unknown,1
35,0,0,0,1,0,0,0,0,0,0,0,0,1,0,0,0,1,0,0,262,0,0,cellular,15,sep,1,75,6,failure,1
36,0,0,0,0,0,0,1,0,0,0,0,0,1,0,0,0,1,0,0,75,1,0,unknown,4,jul,4,-1,0,unknown,0
30,0,0,0,0,0,0,0,0,0,0,0,1,0,1,0,1,0,0,0,2539,0,0,telephone,5,mar,5,-1,0,unknown,1
54,1,0,0,0,1,0,0,0,0,0,0,0,1,0,0,0,0,0,0,876,1,0,cellular,28,jan,2,198,3,failure,0
31,0,0,0,1,0,0,0,0,0,0,0,0,1,0,0,0,1,0,0,1766,0,1,cellular,5,jun,2,-1,0,unknown,1
48,1,0,0,0,0,0,0,0,0,0,0,0,1,0,0,1,0,0,0,3842,0,0,cellular,1,jun,2,-1,0,unknown,1
41,0,0,0,0,0,0,1,0,0,0,0,0,0,1,0,0,1,0,0,1020,1,0,unknown,19,may,1,-1,0,unknown,1
52,0,1,0,0,0,0,0,0,0,0,0,0,1,0,0,0,1,0,0,195,1,0,cellular,18,feb,1,63,5,failure,1
49,0,1,0,0,0,0,0,0,0,0,0,0,1,0,0,0,1,0,0,-215,1,0,unknown,26,may,2,-1,0,unknown,0
28,1,0,0,0,0,0,0,0,0,0,0,0,0,1,0,0,1,0,0,171,0,0,cellular,5,jun,1,87,1,success,1
53,0,0,0,0,0,0,1,0,0,0,0,0,1,0,0,0,1,0,0,459,0,0,cellular,5,apr,1,-1,0,unknown,1
38,0,0,0,0,0,0,0,1,0,0,0,0,1,0,0,0,1,0,0,25,1,1,unknown,26,may,3,-1,0,unknown,0
45,0,0,0,0,1,0,0,0,0,0,0,0,1,0,0,0,0,0,0,2834,0,0,cellular,4,aug,1,-1,0,unknown,0
36,0,1,0,0,0,0,0,0,0,0,0,0,1,0,0,0,1,0,0,15485,0,0,cellular,14,apr,1,-1,0,unknown,1
48,1,0,0,0,0,0,0,0,0,0,0,0,1,0,0,1,0,0,0,0,1,0,unknown,6,jun,5,-1,0,unknown,0
33,0,0,1,0,0,0,0,0,0,0,0,0,1,0,0,1,0,0,0,83,1,0,cellular,21,nov,2,-1,0,unknown,0
31,0,0,0,0,0,0,1,0,0,0,0,0,0,1,0,1,0,0,0,701,1,0,unknown,23,may,2,-1,0,unknown,0
45,1,0,0,0,0,0,0,0,0,0,0,0,1,0,0,1,0,0,0,849,0,0,unknown,13,may,1,-1,0,unknown,0
56,0,0,0,1,0,0,0,0,0,0,0,0,1,0,0,0,0,1,0,2765,0,0,cellular,13,apr,3,-1,0,unknown,0
42,1,0,0,0,0,0,0,0,0,0,0,0,1,0,0,1,0,0,0,-380,1,0,unknown,16,jun,1,-1,0,unknown,0
31,1,0,0,0,0,0,0,0,0,0,0,0,0,1,0,1,0,0,0,924,0,0,cellular,7,sep,1,94,3,success,1
33,0,0,0,0,0,0,1,0,0,0,0,0,0,1,0,1,0,0,0,146,0,0,cellular,23,jul,3,-1,0,unknown,1
41,0,0,0,0,1,0,0,0,0,0,0,0,0,1,0,0,0,0,0,942,0,0,cellular,27,oct,1,188,1,success,1
58,0,0,0,0,0,0,0,0,0,1,0,0,1,0,0,0,1,0,0,687,1,0,cellular,30,apr,2,-1,0,unknown,1
41,1,0,0,0,0,0,0,0,0,0,0,0,1,0,0,1,0,0,0,5,1,0,cellular,7,apr,3,140,3,failure,0
44,0,0,0,0,0,0,0,0,1,0,0,0,1,0,0,0,1,0,0,5068,0,0,cellular,8,jul,2,-1,0,unknown,0
39,0,0,0,1,0,0,0,0,0,0,0,0,1,0,0,0,1,0,0,276,0,0,cellular,9,jun,2,-1,0,unknown,1
60,0,0,0,0,0,1,0,0,0,0,0,0,1,0,0,0,0,1,0,1167,0,0,cellular,14,oct,2,-1,0,unknown,0
47,0,0,0,1,0,0,0,0,0,0,0,0,1,0,0,0,0,1,0,521,1,0,unknown,13,may,1,-1,0,unknown,0
36,1,0,0,0,0,0,0,0,0,0,0,0,1,0,0,1,0,0,0,446,1,0,telephone,16,jul,5,-1,0,unknown,0
54,0,0,0,0,0,0,0,0,0,1,0,0,1,0,0,0,1,0,0,1561,0,0,cellular,25,may,3,186,2,failure,1
46,1,0,0,0,0,0,0,0,0,0,0,0,1,0,0,0,1,0,0,1299,1,0,cellular,14,jul,2,-1,0,unknown,0
35,1,0,0,0,0,0,0,0,0,0,0,0,1,0,0,1,0,0,0,-468,1,0,cellular,30,jul,8,-1,0,unknown,1
45,0,0,0,0,0,0,1,0,0,0,0,0,1,0,0,0,1,0,1,-571,0,0,cellular,13,aug,2,-1,0,unknown,0
42,1,0,0,0,0,0,0,0,0,0,0,0,1,0,0,1,0,0,0,2816,0,0,cellular,10,nov,2,-1,0,unknown,1
56,1,0,0,0,0,0,0,0,0,0,0,0,1,0,0,1,0,0,0,830,1,1,unknown,6,may,1,-1,0,unknown,1
34,0,0,0,0,0,0,0,0,1,0,0,0,0,1,0,1,0,0,0,9962,0,0,cellular,20,aug,1,-1,0,unknown,1
26,0,0,0,0,0,0,1,0,0,0,0,0,0,1,0,0,1,0,0,2509,0,0,cellular,27,may,3,97,3,success,1
30,1,0,0,0,0,0,0,0,0,0,0,0,1,0,0,1,0,0,0,419,1,0,cellular,4,jun,1,-1,0,unknown,1
49,0,1,0,0,0,0,0,0,0,0,0,0,0,0,1,1,0,0,0,1807,1,0,cellular,12,mar,1,-1,0,unknown,1
45,0,0,0,0,0,0,1,0,0,0,0,0,1,0,0,0,1,0,0,153,0,0,cellular,5,aug,1,-1,0,unknown,1
30,0,0,0,0,0,0,1,0,0,0,0,0,1,0,0,0,1,0,0,215,0,1,cellular,4,jul,2,-1,0,unknown,0
64,0,0,0,0,1,1,0,0,0,0,0,0,1,0,0,0,0,0,0,34,0,0,cellular,26,aug,2,-1,0,unknown,1
42,0,0,0,1,0,0,0,0,0,0,0,0,1,0,0,0,1,0,0,413,1,0,cellular,11,feb,2,184,2,success,1
59,0,0,0,1,0,0,0,0,0,0,0,0,0,0,1,0,0,1,0,989,0,0,cellular,20,jul,2,-1,0,unknown,1
28,0,0,0,1,0,0,0,0,0,0,0,0,0,1,0,1,0,0,0,4099,0,0,cellular,23,apr,4,-1,0,unknown,1
27,0,1,0,0,0,0,0,0,0,0,0,0,0,1,0,1,0,0,0,15161,0,0,cellular,2,jun,1,120,1,success,1
26,0,0,0,1,0,0,0,0,0,0,0,0,0,1,0,0,1,0,0,834,0,0,cellular,26,feb,1,-1,0,unknown,0
40,0,0,0,0,0,0,0,1,0,0,0,0,1,0,0,0,1,0,0,1358,0,0,unknown,19,jun,1,-1,0,unknown,0
55,0,0,0,0,0,0,0,0,0,0,1,0,1,0,0,0,1,0,0,962,1,0,cellular,28,apr,1,181,3,success,1
62,0,0,0,0,0,0,0,0,0,0,1,0,1,0,0,1,0,0,0,1528,0,0,cellular,14,apr,1,-1,0,unknown,1
25,0,0,0,0,0,0,1,0,0,0,0,0,0,1,0,0,1,0,0,4590,1,0,unknown,28,may,2,-1,0,unknown,0
35,0,0,0,0,0,0,0,0,0,1,0,0,0,1,0,1,0,0,0,415,0,0,cellular,4,feb,1,176,1,failure,1
39,0,0,1,0,0,0,0,0,0,0,0,0,1,0,0,0,1,0,0,3471,1,0,cellular,27,may,1,-1,0,unknown,0
44,0,0,0,0,0,0,1,0,0,0,0,0,1,0,0,0,1,0,0,447,1,1,unknown,14,may,5,-1,0,unknown,0
22,0,0,0,0,0,0,1,0,0,0,0,0,0,1,0,0,1,0,0,33,0,0,cellular,12,feb,1,-1,0,unknown,1
57,0,0,0,0,0,0,0,0,0,0,1,0,1,0,0,0,0,1,0,2,0,0,telephone,9,jul,3,-1,0,unknown,0
49,0,1,0,0,0,0,0,0,0,0,0,0,1,0,0,0,1,0,1,410,0,0,cellular,27,aug,7,-1,0,unknown,0
52,1,0,0,0,0,0,0,0,0,0,0,0,1,0,0,1,0,0,0,1944,1,0,cellular,15,apr,3,323,2,failure,0
43,1,0,0,0,0,0,0,0,0,0,0,0,1,0,0,1,0,0,0,2759,1,1,cellular,8,aug,2,-1,0,unknown,0
62,1,0,0,0,0,0,0,0,0,0,0,0,1,0,0,1,0,0,0,557,0,0,cellular,14,aug,1,-1,0,unknown,1
33,0,0,0,0,0,0,1,0,0,0,0,0,0,0,1,0,1,0,0,294,1,0,cellular,8,may,1,-1,0,unknown,1
30,0,0,0,0,0,0,0,0,0,0,1,0,0,1,0,0,1,0,0,358,1,0,cellular,21,nov,2,-1,0,unknown,0
31,1,0,0,0,0,0,0,0,0,0,0,0,0,1,0,1,0,0,0,3283,0,0,cellular,2,feb,1,73,1,failure,1
34,0,0,0,1,0,0,0,0,0,0,0,0,1,0,0,0,0,1,0,1031,1,0,unknown,29,may,3,-1,0,unknown,1
26,0,1,0,0,0,0,0,0,0,0,0,0,1,0,0,0,1,0,0,915,0,0,cellular,2,jun,1,-1,0,unknown,1
52,0,0,0,1,0,0,0,0,0,0,0,0,1,0,0,0,1,0,0,-164,0,0,cellular,22,aug,4,-1,0,unknown,0
31,0,0,0,0,0,0,1,0,0,0,0,0,1,0,0,0,1,0,1,-51,0,1,cellular,26,aug,2,-1,0,unknown,0
71,0,1,0,0,0,0,0,0,0,0,0,0,1,0,0,1,0,0,0,383,0,0,cellular,27,oct,2,183,3,success,0
24,0,0,0,0,0,0,0,0,0,0,0,1,0,1,0,0,1,0,0,597,1,0,cellular,20,apr,3,-1,0,unknown,1
25,0,0,0,1,0,0,0,0,0,0,0,0,0,1,0,0,1,0,0,303,0,0,cellular,18,jun,1,92,1,success,1
57,1,0,0,0,0,0,0,0,0,0,0,0,1,0,0,0,0,1,0,80,0,1,cellular,31,jul,7,-1,0,unknown,0
31,0,1,0,0,0,0,0,0,0,0,0,0,0,1,0,0,1,0,0,200,0,0,cellular,6,aug,2,-1,0,unknown,0
42,0,0,0,0,0,0,1,0,0,0,0,0,0,0,1,0,1,0,0,527,0,1,cellular,22,oct,1,185,1,success,1
44,0,1,0,0,0,0,0,0,0,0,0,0,1,0,0,0,0,1,0,755,0,1,cellular,31,jul,4,-1,0,unknown,1
36,0,0,0,1,0,0,0,0,0,0,0,0,1,0,0,0,0,1,0,6085,1,0,unknown,16,jun,6,-1,0,unknown,0
32,1,0,0,0,0,0,0,0,0,0,0,0,0,1,0,1,0,0,0,10281,0,0,cellular,22,apr,1,-1,0,unknown,1
30,0,0,0,0,0,0,0,1,0,0,0,0,0,1,0,1,0,0,0,1785,0,0,cellular,8,aug,2,-1,0,unknown,0
60,0,0,0,0,0,0,0,1,0,0,0,0,1,0,0,1,0,0,0,4256,1,0,cellular,16,nov,1,92,4,success,1
37,1,0,0,0,0,0,0,0,0,0,0,0,1,0,0,1,0,0,0,586,1,0,cellular,11,jul,2,-1,0,unknown,0
32,0,1,0,0,0,0,0,0,0,0,0,0,1,0,0,0,1,0,0,765,1,1,cellular,14,apr,2,-1,0,unknown,1
60,1,0,0,0,0,0,0,0,0,0,0,0,1,0,0,1,0,0,0,3301,0,0,unknown,17,jun,3,-1,0,unknown,1
32,0,1,0,0,0,0,0,0,0,0,0,0,1,0,0,0,1,0,0,0,1,0,unknown,23,may,2,-1,0,unknown,0
39,0,0,0,1,0,0,0,0,0,0,0,0,1,0,0,0,0,1,0,1397,1,0,unknown,12,jun,1,-1,0,unknown,0
47,0,0,0,1,0,0,0,0,0,0,0,0,1,0,0,0,1,0,0,3696,1,0,cellular,19,nov,3,170,2,failure,0
39,1,0,0,0,0,0,0,0,0,0,0,0,0,0,1,1,0,0,0,26,0,0,unknown,18,jun,5,-1,0,unknown,0
42,0,0,0,0,0,0,0,1,0,0,0,0,1,0,0,0,1,0,0,1376,1,0,cellular,2,jun,2,92,4,success,1
22,0,0,0,0,0,0,0,1,0,0,0,0,0,1,0,0,1,0,0,129,0,0,cellular,15,apr,2,181,1,success,1
27,0,0,0,0,0,0,1,0,0,0,0,0,1,0,0,1,0,0,0,2855,0,0,cellular,22,jul,2,178,4,success,1
56,0,0,0,1,0,0,0,0,0,0,0,0,0,0,1,0,0,1,0,-9,1,1,cellular,8,may,1,-1,0,unknown,1
57,0,0,0,0,1,1,0,0,0,0,0,0,1,0,0,0,0,0,0,230,0,0,cellular,6,apr,2,210,3,failure,1
32,0,0,0,1,1,0,0,0,0,0,0,0,0,0,1,0,0,0,0,291,1,1,unknown,27,jun,6,-1,0,unknown,0
37,1,0,0,0,0,0,0,0,0,0,0,0,0,1,0,1,0,0,0,8828,0,0,unknown,12,jun,3,-1,0,unknown,1
43,0,0,0,1,0,0,0,0,0,0,0,0,1,0,0,0,1,0,0,664,1,0,cellular,9,apr,2,301,1,failure,0
26,0,0,0,0,0,0,1,0,0,0,0,0,0,1,0,0,1,0,0,255,0,0,cellular,30,apr,1,80,1,success,1
59,0,0,0,0,0,0,0,0,0,1,0,0,1,0,0,0,1,0,0,1047,0,0,cellular,21,aug,1,184,3,success,1
66,0,0,0,0,0,0,0,0,0,0,1,0,1,0,0,0,0,1,0,40,0,0,telephone,14,oct,2,-1,0,unknown,1
30,0,0,0,0,0,0,1,0,0,0,0,0,0,1,0,0,1,0,0,3528,0,0,cellular,4,aug,1,92,2,failure,1
60,0,0,0,0,0,0,0,0,0,0,1,0,1,0,0,0,1,0,0,874,0,0,cellular,8,jul,3,-1,0,unknown,0
46,0,1,0,0,0,0,0,0,0,0,0,0,1,0,0,0,1,0,0,1167,1,0,cellular,21,nov,2,-1,0,unknown,1
47,0,0,0,0,0,0,1,0,0,0,0,0,0,1,0,0,1,0,0,1693,1,0,cellular,22,oct,2,92,4,other,1
37,1,0,0,0,0,0,0,0,0,0,0,0,1,0,0,1,0,0,0,393,1,0,cellular,14,may,3,275,4,failure,1
45,0,0,0,1,0,0,0,0,0,0,0,0,0,0,1,0,0,1,0,-207,0,0,cellular,15,jul,2,-1,0,unknown,1
35,1,0,0,0,0,0,0,0,0,0,0,0,0,1,0,1,0,0,0,565,1,0,unknown,30,may,1,-1,0,unknown,1
73,0,0,0,0,1,1,0,0,0,0,0,0,1,0,0,0,0,0,0,3443,0,0,telephone,4,sep,3,-1,0,unknown,1
47,0,0,0,0,0,0,1,0,0,0,0,0,1,0,0,0,1,0,0,3676,0,0,cellular,15,jul,2,342,1,other,1
25,0,0,0,0,0,0,1,0,0,0,0,0,0,1,0,0,1,0,0,19,0,0,cellular,10,jul,1,-1,0,unknown,0
35,1,0,0,0,0,0,0,0,0,0,0,0,1,0,0,1,0,0,0,802,1,0,cellular,6,may,2,-1,0,unknown,1
45,1,0,0,0,0,0,0,0,0,0,0,0,1,0,0,1,0,0,0,226,1,0,cellular,13,aug,6,179,10,success,1
59,0,0,0,0,0,1,0,0,0,0,0,0,0,0,1,1,0,0,0,3444,0,0,cellular,6,feb,2,-1,0,unknown,1
23,0,0,0,0,0,0,0,0,0,0,0,1,0,1,0,0,1,0,0,794,0,0,cellular,26,jul,3,171,3,other,1
52,1,0,0,0,0,0,0,0,0,0,0,0,1,0,0,1,0,0,0,3732,0,0,telephone,18,aug,2,-1,0,unknown,0
22,0,0,0,0,0,0,0,0,0,0,0,1,0,1,0,0,1,0,0,71,0,0,cellular,13,jul,1,181,2,success,1
73,0,0,0,0,0,1,0,0,0,0,0,0,1,0,0,0,0,1,0,1388,0,0,cellular,20,jul,3,190,3,success,0
25,0,0,0,0,0,0,0,1,0,0,0,0,1,0,0,0,1,0,0,-97,1,0,cellular,6,may,1,-1,0,unknown,0
55,0,0,0,1,0,0,0,0,0,0,0,0,1,0,0,0,1,0,0,388,0,0,cellular,12,aug,2,-1,0,unknown,0
40,0,0,0,1,0,0,0,0,0,0,0,0,1,0,0,0,0,1,0,968,1,1,unknown,8,may,1,-1,0,unknown,0
40,0,0,0,0,0,0,1,0,0,0,0,0,0,1,0,0,1,0,0,50,0,0,cellular,15,may,1,-1,0,unknown,1
53,0,1,0,0,0,0,0,0,0,0,0,0,1,0,0,0,1,0,0,-725,1,0,unknown,27,may,1,-1,0,unknown,1
28,0,1,0,0,0,0,0,0,0,0,0,0,0,1,0,1,0,0,0,386,0,0,cellular,25,may,1,-1,0,unknown,1
31,0,0,0,0,0,0,1,0,0,0,0,0,0,1,0,1,0,0,0,355,1,0,cellular,12,may,1,-1,0,unknown,1
37,0,0,0,0,0,0,0,0,1,0,0,0,1,0,0,0,0,1,0,0,0,0,unknown,7,may,4,-1,0,unknown,0
31,1,0,0,0,0,0,0,0,0,0,0,0,0,1,0,0,1,0,0,202,1,0,cellular,8,jul,1,62,1,failure,1
42,0,0,0,0,0,0,1,0,0,0,0,0,0,1,0,0,1,0,0,283,1,0,unknown,19,jun,1,-1,0,unknown,0
44,0,0,0,0,0,0,1,0,0,0,0,0,0,0,1,0,1,0,0,397,1,1,cellular,16,feb,1,257,1,other,1
44,1,0,0,0,0,0,0,0,0,0,0,0,1,0,0,1,0,0,0,-68,0,1,cellular,25,aug,4,-1,0,unknown,0
45,1,0,0,0,0,0,0,0,0,0,0,0,1,0,0,1,0,0,0,160,0,0,cellular,30,apr,1,-1,0,unknown,1
47,0,0,0,0,0,0,0,0,0,0,1,0,1,0,0,0,0,1,0,823,0,0,unknown,19,jun,3,-1,0,unknown,0
41,0,0,1,0,0,0,0,0,0,0,0,0,0,0,1,1,0,0,1,0,1,0,cellular,19,nov,10,-1,0,unknown,0
45,0,1,0,0,0,0,0,0,0,0,0,0,1,0,0,1,0,0,0,3168,0,0,cellular,8,aug,2,-1,0,unknown,0
36,0,0,0,0,0,0,0,0,1,0,0,0,1,0,0,1,0,0,0,16,1,1,cellular,18,jul,4,-1,0,unknown,0
36,0,1,0,0,0,0,0,0,0,0,0,0,1,0,0,0,1,0,0,594,0,1,cellular,4,aug,3,-1,0,unknown,0
27,0,0,0,0,0,0,0,0,0,0,0,1,0,1,0,0,1,0,0,1164,0,0,cellular,21,oct,2,104,2,failure,0
59,0,0,0,0,0,1,0,0,0,0,0,0,1,0,0,1,0,0,0,1425,0,0,cellular,26,oct,2,77,3,failure,0
31,1,0,0,0,0,0,0,0,0,0,0,0,1,0,0,1,0,0,0,1812,0,0,cellular,30,apr,1,-1,0,unknown,1
27,0,0,0,1,0,0,0,0,0,0,0,0,0,1,0,0,1,0,0,3145,0,0,cellular,25,jun,1,179,2,success,1
41,0,0,0,0,0,0,1,0,0,0,0,0,1,0,0,0,1,0,0,3138,0,0,cellular,14,sep,1,398,1,failure,1
45,1,0,0,0,0,0,0,0,0,0,0,0,1,0,0,1,0,0,0,4119,1,1,telephone,31,aug,2,283,1,success,1
43,0,1,0,0,0,0,0,0,0,0,0,0,1,0,0,0,1,0,0,764,1,0,cellular,18,nov,5,127,5,failure,0
49,0,1,0,0,0,0,0,0,0,0,0,0,1,0,0,1,0,0,0,523,1,0,cellular,2,jun,1,60,3,failure,1
46,0,0,0,1,0,0,0,0,0,0,0,0,0,1,0,0,1,0,0,2612,1,0,unknown,14,may,2,-1,0,unknown,0
42,1,0,0,0,0,0,0,0,0,0,0,0,0,1,0,1,0,0,0,7560,0,0,cellular,28,jan,1,-1,0,unknown,1
63,0,0,0,0,0,1,0,0,0,0,0,0,1,0,0,0,1,0,0,1495,0,0,cellular,25,oct,1,195,4,other,1
41,0,0,0,0,0,0,0,1,0,0,0,0,1,0,0,0,1,0,0,1785,0,0,cellular,30,jul,7,-1,0,unknown,0
50,0,1,0,0,0,0,0,0,0,0,0,0,1,0,0,0,1,0,0,389,1,0,unknown,8,may,1,-1,0,unknown,0
32,0,0,0,0,0,0,0,1,0,0,0,0,0,1,0,0,1,0,0,2881,0,0,cellular,2,jul,1,-1,0,unknown,1
49,1,0,0,0,0,0,0,0,0,0,0,0,1,0,0,1,0,0,0,395,0,0,cellular,10,dec,5,-1,0,unknown,1
35,0,0,0,0,0,0,0,1,0,0,0,0,1,0,0,0,1,0,0,1417,1,0,cellular,14,may,3,-1,0,unknown,0
35,0,0,0,0,0,0,0,1,0,0,0,0,1,0,0,1,0,0,0,1359,0,0,unknown,17,jun,2,-1,0,unknown,0
32,0,0,0,0,0,0,0,1,0,0,0,0,0,1,0,0,1,0,0,1168,1,0,cellular,16,nov,1,-1,0,unknown,1
68,0,0,0,0,0,1,0,0,0,0,0,0,0,0,1,0,0,1,0,2027,0,0,cellular,14,sep,2,91,4,success,1
72,0,0,0,0,0,1,0,0,0,0,0,0,1,0,0,0,0,1,0,1612,0,0,cellular,7,aug,2,-1,0,unknown,1
42,0,0,0,0,1,0,0,0,0,0,0,1,1,0,0,0,0,0,0,-7,0,0,telephone,31,jul,6,-1,0,unknown,0
55,0,0,0,0,0,1,0,0,0,0,0,0,0,1,0,0,0,1,0,700,0,1,unknown,27,jun,1,-1,0,unknown,0
30,0,0,0,0,0,0,1,0,0,0,0,0,0,1,0,0,1,0,0,255,0,0,cellular,27,jan,1,-1,0,unknown,1
39,0,0,0,0,0,0,1,0,0,0,0,0,1,0,0,0,1,0,0,1757,0,0,telephone,28,oct,1,-1,0,unknown,1
57,0,0,0,0,0,1,0,0,0,0,0,0,1,0,0,0,1,0,0,1044,0,0,telephone,11,jan,1,192,2,success,1
40,0,0,0,1,1,0,0,0,0,0,0,0,1,0,0,0,0,0,0,1181,1,0,cellular,4,feb,2,189,2,success,1
28,0,0,0,0,0,0,0,0,0,0,1,0,1,0,0,0,0,1,0,5,0,0,cellular,28,jan,1,-1,0,unknown,0
46,1,0,0,0,0,0,0,0,0,0,0,0,0,0,1,1,0,0,0,14481,1,0,unknown,30,may,1,-1,0,unknown,1
41,0,1,0,0,0,0,0,0,0,0,0,0,1,0,0,0,1,0,0,4004,0,0,cellular,17,apr,2,-1,0,unknown,1
59,0,1,0,0,0,0,0,0,0,0,0,0,1,0,0,0,1,0,0,135,1,1,cellular,23,jul,4,-1,0,unknown,1
27,0,0,0,0,0,0,1,0,0,0,0,0,1,0,0,0,1,0,0,953,1,0,unknown,26,may,2,-1,0,unknown,0
40,0,0,0,0,0,0,1,0,0,0,0,0,0,1,0,1,0,0,0,27,0,0,cellular,20,aug,2,-1,0,unknown,1
37,0,0,0,0,1,0,0,0,0,0,1,0,1,0,0,0,0,0,0,3075,0,0,unknown,20,jun,3,-1,0,unknown,0
37,0,0,0,1,0,0,0,0,0,0,0,0,1,0,0,0,1,0,0,426,1,0,unknown,20,may,3,-1,0,unknown,0
37,0,0,0,1,0,0,0,0,0,0,0,0,1,0,0,0,1,0,0,520,1,0,cellular,2,feb,1,255,2,failure,0
30,0,0,0,0,0,0,1,0,0,0,0,0,0,1,0,0,1,0,0,910,0,0,cellular,21,nov,2,-1,0,unknown,0
34,0,0,0,1,0,0,0,0,0,0,0,0,1,0,0,0,1,0,0,800,0,0,cellular,5,apr,1,-1,0,unknown,1
37,1,0,0,0,0,0,0,0,0,0,0,0,1,0,0,1,0,0,0,2283,0,0,cellular,6,may,2,98,2,failure,1
62,0,0,0,0,0,0,0,0,0,0,1,0,1,0,0,0,1,0,0,2,0,0,cellular,3,nov,1,-1,0,unknown,1
42,1,0,0,0,0,0,0,0,0,0,0,0,1,0,0,1,0,0,0,2665,1,0,cellular,4,jun,2,126,11,failure,1
57,0,0,0,1,0,0,0,0,0,0,0,0,1,0,0,0,1,0,0,0,1,0,cellular,14,may,5,-1,0,unknown,0
43,1,0,0,0,0,0,0,0,0,0,0,0,0,1,0,1,0,0,0,483,0,0,cellular,19,aug,6,-1,0,unknown,1
38,0,1,0,0,0,0,0,0,0,0,0,0,1,0,0,0,1,0,0,635,0,0,unknown,5,jun,5,-1,0,unknown,0
64,0,0,0,0,0,1,0,0,0,0,0,0,1,0,0,0,1,0,0,504,0,0,cellular,11,aug,1,14,3,other,0
25,0,0,0,0,0,0,1,0,0,0,0,0,0,1,0,0,1,0,0,845,1,0,cellular,18,may,1,370,1,failure,0
38,1,0,0,0,0,0,0,0,0,0,0,0,0,0,1,1,0,0,0,5455,1,0,unknown,27,may,3,-1,0,unknown,0
29,0,0,0,0,0,0,0,1,0,0,0,0,0,1,0,0,1,0,0,271,1,0,unknown,20,may,2,-1,0,unknown,1
65,0,0,0,0,0,1,0,0,0,0,0,0,1,0,0,0,0,1,0,276,0,0,cellular,22,apr,1,-1,0,unknown,1
41,0,0,0,1,0,0,0,0,0,0,0,0,1,0,0,0,0,1,0,191,1,0,unknown,8,may,1,-1,0,unknown,0
29,1,0,0,0,0,0,0,0,0,0,0,0,0,1,0,1,0,0,0,765,0,0,cellular,16,nov,1,-1,0,unknown,1
59,0,0,0,0,0,1,0,0,0,0,0,0,1,0,0,0,0,1,0,3648,0,0,telephone,19,jun,3,-1,0,unknown,1
52,0,1,0,0,1,0,0,0,0,0,0,0,1,0,0,0,0,0,0,9687,1,0,unknown,29,may,1,-1,0,unknown,0
32,0,1,0,0,0,0,0,0,0,0,0,0,1,0,0,0,1,0,0,465,1,0,cellular,12,may,2,-1,0,unknown,0
66,0,0,0,0,0,1,0,0,0,0,0,0,1,0,0,0,1,0,0,3409,0,0,cellular,12,may,1,86,2,failure,0
40,1,0,0,0,0,0,0,0,0,0,0,0,1,0,0,1,0,0,0,-17,1,1,cellular,11,may,1,256,1,success,1
43,0,0,0,0,0,0,0,1,0,0,0,0,1,0,0,0,1,0,0,978,1,1,unknown,26,may,2,-1,0,unknown,0
36,0,0,0,0,0,0,0,0,0,1,0,0,1,0,0,0,1,0,0,533,1,0,cellular,2,feb,1,272,1,failure,0
28,0,0,0,0,0,0,0,0,1,0,0,0,0,1,0,1,0,0,0,442,0,0,cellular,19,jun,3,95,3,other,1
42,0,0,1,0,0,0,0,0,0,0,0,0,1,0,0,0,1,0,0,2959,1,0,telephone,2,jul,1,342,1,failure,1
45,1,0,0,0,0,0,0,0,0,0,0,0,1,0,0,1,0,0,0,2316,1,0,unknown,26,may,3,-1,0,unknown,0
35,0,0,0,1,0,0,0,0,0,0,0,0,1,0,0,0,0,1,0,2730,1,0,unknown,21,may,1,-1,0,unknown,0
34,0,0,0,0,0,0,0,1,0,0,0,0,0,1,0,0,1,0,0,2,1,0,cellular,15,may,2,-1,0,unknown,1
43,0,0,0,1,0,0,0,0,0,0,0,0,1,0,0,0,0,1,0,3131,1,0,unknown,3,jun,3,-1,0,unknown,0
42,0,0,0,1,0,0,0,0,0,0,0,0,0,0,1,0,0,1,0,301,1,0,cellular,17,jul,2,-1,0,unknown,1
25,0,0,0,1,0,0,0,0,0,0,0,0,1,0,0,0,0,1,0,172,1,0,unknown,29,may,3,-1,0,unknown,0
41,0,0,0,0,0,0,0,0,0,1,0,0,1,0,0,1,0,0,0,0,0,0,cellular,30,oct,3,-1,0,unknown,1
34,0,0,0,1,0,0,0,0,0,0,0,0,1,0,0,0,0,1,0,139,1,0,unknown,9,may,1,-1,0,unknown,0
51,0,0,0,1,0,0,0,0,0,0,0,0,1,0,0,0,0,1,0,653,1,1,unknown,6,may,1,-1,0,unknown,0
38,1,0,0,0,0,0,0,0,0,0,0,0,1,0,0,1,0,0,1,327,1,1,cellular,9,jul,5,-1,0,unknown,1
57,0,1,0,0,0,0,0,0,0,0,0,0,1,0,0,0,1,0,0,402,1,0,unknown,6,may,3,-1,0,unknown,0
34,0,0,0,1,0,0,0,0,0,0,0,0,0,1,0,0,0,1,0,-343,1,1,cellular,19,nov,1,-1,0,unknown,0
33,1,0,0,0,0,0,0,0,0,0,0,0,0,1,0,1,0,0,0,0,0,0,cellular,11,aug,7,-1,0,unknown,1
61,0,0,0,0,0,1,0,0,0,0,0,0,1,0,0,0,1,0,0,569,0,0,cellular,4,aug,1,-1,0,unknown,1
44,0,0,0,1,0,0,0,0,0,0,0,0,1,0,0,0,0,1,0,2470,0,0,telephone,21,jul,1,-1,0,unknown,0
54,0,0,0,0,0,0,0,1,0,0,0,0,1,0,0,1,0,0,0,0,0,0,cellular,28,aug,2,-1,0,unknown,0
44,0,0,0,0,1,0,0,0,0,0,0,0,0,1,0,0,0,0,0,1239,0,0,unknown,20,jun,4,-1,0,unknown,0
63,0,0,0,0,0,0,1,0,0,0,0,0,1,0,0,0,1,0,0,0,1,0,cellular,31,aug,5,-1,0,unknown,1
24,0,0,0,0,0,0,0,1,0,0,0,0,1,0,0,0,1,0,0,4500,1,0,cellular,11,may,2,-1,0,unknown,1
52,0,0,0,0,0,0,0,1,0,0,0,0,1,0,0,0,1,0,0,1000,0,0,cellular,5,aug,2,-1,0,unknown,1
37,0,1,0,0,0,0,0,0,0,0,0,0,1,0,0,0,1,0,0,344,1,1,cellular,17,nov,1,-1,0,unknown,0
54,1,0,0,0,0,0,0,0,0,0,0,0,0,0,1,1,0,0,0,55,1,0,cellular,27,may,2,-1,0,unknown,0
47,0,0,0,0,0,0,1,0,0,0,0,0,1,0,0,0,1,0,0,290,1,0,cellular,22,jul,2,-1,0,unknown,1
31,0,0,0,1,0,0,0,0,0,0,0,0,1,0,0,0,1,0,0,60,1,0,unknown,3,jun,10,-1,0,unknown,0
28,0,0,0,0,0,0,0,1,0,0,0,0,0,1,0,0,1,0,0,1736,1,0,unknown,29,may,3,-1,0,unknown,0
29,1,0,0,0,0,0,0,0,0,0,0,0,0,1,0,1,0,0,0,1377,0,0,cellular,8,apr,2,-1,0,unknown,1
53,1,0,0,0,0,0,0,0,0,0,0,0,0,0,1,1,0,0,0,0,1,0,cellular,14,jul,3,-1,0,unknown,0
60,0,0,0,1,0,0,0,0,0,0,0,0,1,0,0,0,0,1,0,493,0,0,cellular,18,aug,4,-1,0,unknown,1
29,0,0,0,1,0,0,0,0,0,0,0,0,0,1,0,1,0,0,0,455,0,0,telephone,27,may,2,36,1,success,1
29,0,1,0,0,0,0,0,0,0,0,0,0,0,1,0,0,1,0,0,3466,0,0,cellular,21,apr,1,-1,0,unknown,1
34,1,0,0,0,0,0,0,0,0,0,0,0,1,0,0,1,0,0,0,443,0,0,cellular,18,jun,3,-1,0,unknown,1
33,0,0,0,0,1,0,0,1,0,0,0,0,0,0,1,0,0,0,0,392,1,0,cellular,15,jul,4,-1,0,unknown,0
54,0,0,0,1,0,0,0,0,0,0,0,0,1,0,0,0,1,0,0,466,0,0,cellular,29,aug,4,-1,0,unknown,0
28,1,0,0,0,0,0,0,0,0,0,0,0,0,1,0,1,0,0,0,437,0,0,cellular,5,may,1,-1,0,unknown,1
30,1,0,0,0,0,0,0,0,0,0,0,0,0,1,0,0,1,0,0,-383,1,0,cellular,18,may,1,-1,0,unknown,0
35,0,0,0,0,0,0,1,0,0,0,0,0,0,1,0,0,1,0,0,0,1,0,cellular,13,may,1,-1,0,unknown,1
49,0,0,0,1,0,0,0,0,0,0,0,0,0,0,1,0,1,0,0,10613,0,1,cellular,4,feb,1,-1,0,unknown,1
36,0,1,0,0,0,0,0,0,0,0,0,0,0,1,0,0,1,0,0,539,1,0,cellular,27,aug,2,477,1,failure,1
26,0,0,1,0,0,0,0,0,0,0,0,0,0,1,0,0,1,0,0,101,1,0,cellular,5,feb,1,268,1,failure,1
41,0,0,0,1,0,0,0,0,0,0,0,0,0,1,0,0,1,0,1,-386,0,1,cellular,20,nov,1,-1,0,unknown,1
32,0,0,0,1,0,0,0,0,0,0,0,0,1,0,0,0,0,1,0,80,1,0,unknown,20,may,2,-1,0,unknown,0
58,0,1,0,0,0,0,0,0,0,0,0,0,1,0,0,0,1,0,0,7554,0,0,telephone,9,feb,1,469,1,success,0
37,0,0,0,1,0,0,0,0,0,0,0,0,1,0,0,0,0,1,0,704,1,0,cellular,31,jul,2,-1,0,unknown,0
44,1,0,0,0,0,0,0,0,0,0,0,0,1,0,0,1,0,0,0,0,0,1,cellular,29,jul,6,-1,0,unknown,0
58,0,0,0,0,0,1,0,0,0,0,0,0,1,0,0,0,1,0,0,35,0,0,cellular,29,jul,7,-1,0,unknown,0
76,0,0,0,0,0,1,0,0,0,0,0,0,1,0,0,0,0,1,0,3324,0,0,cellular,11,feb,1,90,4,success,1
37,0,0,0,0,0,0,0,1,0,0,0,0,1,0,0,0,1,0,0,4954,1,0,cellular,14,may,4,356,3,other,0
45,0,0,0,1,1,0,0,0,0,0,0,0,1,0,0,0,0,0,0,1529,1,0,cellular,13,nov,1,197,1,success,1
33,0,0,0,0,0,0,0,1,0,0,0,0,1,0,0,0,1,0,0,317,1,0,cellular,2,feb,4,201,1,other,0
53,0,1,0,0,0,0,0,0,0,0,0,0,0,1,0,0,1,0,0,0,0,0,cellular,4,aug,2,-1,0,unknown,0
34,0,0,0,1,0,0,0,0,0,0,0,0,1,0,0,0,1,0,0,-10,1,0,cellular,11,may,1,370,1,failure,0
34,0,0,0,0,0,0,0,1,0,0,0,0,0,1,0,0,1,0,0,267,0,0,cellular,8,jul,2,-1,0,unknown,1
49,1,0,0,0,0,0,0,0,0,0,0,0,1,0,0,1,0,0,1,-6847,0,1,cellular,21,jul,1,-1,0,unknown,0
56,0,0,0,1,0,0,0,0,0,0,0,0,1,0,0,0,0,1,0,770,1,0,unknown,20,jun,3,-1,0,unknown,0
54,1,0,0,0,0,0,0,0,0,0,0,0,1,0,0,1,0,0,0,534,0,0,cellular,1,jun,2,-1,0,unknown,1
38,0,0,0,0,0,0,1,0,0,0,0,0,0,0,1,0,1,0,0,19,1,0,unknown,30,may,2,-1,0,unknown,1
30,1,0,0,0,0,0,0,0,0,0,0,0,0,1,0,1,0,0,0,604,0,1,cellular,2,feb,1,-1,0,unknown,0
33,1,0,0,0,0,0,0,0,0,0,0,0,0,1,0,1,0,0,0,5437,0,0,cellular,2,feb,1,-1,0,unknown,0
36,0,0,0,1,0,0,0,0,0,0,0,0,0,1,0,0,1,0,0,2235,1,0,cellular,20,nov,2,-1,0,unknown,0
28,0,0,0,0,0,0,0,0,0,0,1,0,1,0,0,0,1,0,1,65,1,1,cellular,13,may,1,300,1,failure,0
25,0,0,0,0,1,0,0,0,0,0,0,1,0,1,0,0,0,0,0,92,0,0,cellular,27,may,1,-1,0,unknown,0
39,0,1,0,0,0,0,0,0,0,0,0,0,0,1,0,0,1,0,0,0,1,1,cellular,5,feb,4,-1,0,unknown,0
22,0,0,0,0,0,0,0,0,0,0,0,1,0,1,0,0,1,0,0,552,0,0,cellular,1,sep,1,-1,0,unknown,1
70,0,0,0,0,0,1,0,0,0,0,0,0,1,0,0,0,0,1,0,6538,0,0,cellular,9,sep,1,-1,0,unknown,1
45,0,0,0,1,0,0,0,0,0,0,0,0,1,0,0,0,1,0,0,96,1,0,cellular,13,apr,3,256,2,failure,1
42,0,0,0,1,0,0,0,0,0,0,0,0,1,0,0,0,0,1,0,807,1,0,cellular,19,nov,1,-1,0,unknown,1
34,0,0,0,1,0,0,0,0,0,0,0,0,1,0,0,0,1,0,0,405,1,0,unknown,21,may,1,-1,0,unknown,0
47,0,0,0,0,0,0,1,0,0,0,0,0,0,0,1,0,1,0,0,2232,0,0,cellular,27,may,1,103,1,success,1
30,0,0,0,0,0,0,1,0,0,0,0,0,0,1,0,0,1,0,0,0,0,0,cellular,4,sep,3,-1,0,unknown,1
38,0,0,0,0,0,0,1,0,0,0,0,0,0,0,1,0,1,0,0,308,1,0,unknown,6,may,1,-1,0,unknown,0
34,0,1,0,0,0,0,0,0,0,0,0,0,1,0,0,0,1,0,0,1246,0,0,unknown,28,may,3,-1,0,unknown,0
27,1,0,0,0,0,0,0,0,0,0,0,0,0,1,0,1,0,0,0,2489,0,0,cellular,15,jul,2,163,2,other,1
33,1,0,0,0,0,0,0,0,0,0,0,0,1,0,0,1,0,0,0,55,0,0,cellular,30,apr,2,87,3,failure,1
32,1,0,0,0,0,0,0,0,0,0,0,0,0,1,0,1,0,0,0,2360,0,0,cellular,3,feb,2,160,5,other,1
30,0,0,0,0,0,0,0,1,0,0,0,0,1,0,0,1,0,0,0,81,0,0,cellular,22,apr,1,-1,0,unknown,1
49,0,0,0,0,0,0,0,1,0,0,0,0,0,0,1,0,1,0,0,0,0,0,cellular,28,jul,2,-1,0,unknown,1
48,0,0,0,0,0,0,0,0,0,1,0,0,0,1,0,1,0,0,0,3229,0,0,unknown,16,jun,1,-1,0,unknown,1
52,1,0,0,0,0,0,0,0,0,0,0,0,1,0,0,1,0,0,0,1319,1,0,cellular,17,nov,1,-1,0,unknown,0
27,0,1,0,0,0,0,0,0,0,0,0,0,0,1,0,0,1,0,0,3933,0,0,cellular,28,jul,3,-1,0,unknown,1
23,0,0,0,0,0,0,0,1,0,0,0,0,0,1,0,0,1,0,0,665,1,0,unknown,28,may,1,-1,0,unknown,1
29,0,0,0,0,0,0,0,0,0,0,0,1,0,1,0,0,1,0,0,1377,1,0,cellular,3,aug,1,446,2,success,1
80,0,0,0,0,0,1,0,0,0,0,0,0,1,0,0,0,0,1,0,997,0,0,cellular,29,oct,2,86,1,other,1
45,0,0,0,1,0,0,0,0,0,0,0,0,1,0,0,0,1,0,0,130,1,0,unknown,30,may,1,-1,0,unknown,0
45,0,0,0,0,0,0,1,0,0,0,0,0,0,0,1,0,0,1,0,429,1,0,cellular,22,apr,1,181,1,success,1
35,0,1,0,0,0,0,0,0,0,0,0,0,1,0,0,0,1,0,0,4508,1,0,cellular,18,nov,1,-1,0,unknown,1
53,0,0,0,1,1,0,0,0,0,0,0,0,1,0,0,0,0,0,0,2785,1,0,unknown,15,may,1,-1,0,unknown,0
50,0,1,0,0,0,0,0,0,0,0,0,0,0,0,1,0,1,0,0,0,0,0,cellular,1,apr,1,184,3,success,1
33,0,0,0,1,0,0,0,0,0,0,0,0,0,1,0,0,0,1,0,127,1,0,unknown,29,may,2,-1,0,unknown,1
56,0,1,0,0,0,0,0,0,0,0,0,0,1,0,0,1,0,0,0,1181,0,0,cellular,28,jan,1,433,1,failure,1
48,0,0,0,0,0,0,0,1,0,0,0,0,1,0,0,0,0,1,0,222,1,0,cellular,11,may,2,369,1,failure,0
30,0,0,0,0,1,0,1,0,0,0,0,0,1,0,0,0,0,0,0,4,1,0,cellular,29,jul,21,-1,0,unknown,0
45,0,1,0,0,0,0,0,0,0,0,0,0,1,0,0,0,1,0,0,546,1,1,unknown,9,jun,4,-1,0,unknown,0
33,0,1,0,0,0,0,0,0,0,0,0,0,0,0,1,0,1,0,0,801,0,0,cellular,7,aug,5,-1,0,unknown,1
31,0,0,0,1,0,0,0,0,0,0,0,0,1,0,0,0,1,0,0,1529,1,0,unknown,2,jun,8,-1,0,unknown,0
24,1,0,0,0,0,0,0,0,0,0,0,0,0,1,0,1,0,0,0,172,0,0,cellular,3,jul,2,-1,0,unknown,0
39,0,1,0,0,0,0,0,0,0,0,0,0,1,0,0,1,0,0,0,1293,0,0,cellular,3,jun,2,-1,0,unknown,1
31,0,0,0,1,0,0,0,0,0,0,0,0,1,0,0,0,1,0,0,3659,0,0,unknown,2,jun,1,-1,0,unknown,0
46,1,0,0,0,0,0,0,0,0,0,0,0,1,0,0,1,0,0,0,273,1,0,cellular,15,sep,1,105,3,failure,1
33,0,1,0,0,0,0,0,0,0,0,0,0,0,0,1,1,0,0,0,2558,0,0,cellular,7,may,2,367,2,failure,0
30,0,0,0,1,0,0,0,0,0,0,0,0,1,0,0,0,1,0,0,658,1,1,cellular,21,jul,1,-1,0,unknown,0
38,0,0,0,0,0,0,1,0,0,0,0,0,1,0,0,0,1,0,0,0,1,1,cellular,17,apr,2,-1,0,unknown,1
27,0,0,0,0,0,0,0,1,0,0,0,0,1,0,0,0,1,0,0,94,1,0,unknown,15,may,2,-1,0,unknown,0
40,0,0,0,0,0,1,0,0,0,0,0,0,1,0,0,0,0,1,0,630,1,0,cellular,23,jul,2,-1,0,unknown,0
31,1,0,0,0,0,0,0,0,0,0,0,0,0,1,0,1,0,0,0,291,1,0,cellular,15,may,1,-1,0,unknown,0
38,0,0,0,0,0,0,1,0,0,0,0,0,0,0,1,0,1,0,0,198,1,0,unknown,26,may,2,-1,0,unknown,1
54,1,0,0,0,0,0,0,0,0,0,0,0,0,0,1,1,0,0,0,2171,1,1,telephone,18,nov,1,-1,0,unknown,1
47,0,1,0,0,0,0,0,0,0,0,0,0,1,0,0,0,1,0,0,0,1,0,cellular,8,jul,1,-1,0,unknown,0
26,0,0,0,0,0,0,0,1,0,0,0,0,0,1,0,0,1,0,0,-189,0,1,cellular,17,jul,2,-1,0,unknown,1
45,0,0,0,1,0,0,0,0,0,0,0,0,1,0,0,0,1,0,0,1335,1,0,cellular,25,aug,2,-1,0,unknown,0
34,1,0,0,0,0,0,0,0,0,0,0,0,1,0,0,1,0,0,0,-422,1,0,cellular,30,jan,3,-1,0,unknown,0
38,0,0,1,0,0,0,0,0,0,0,0,0,1,0,0,1,0,0,0,946,1,0,cellular,11,may,1,-1,0,unknown,0
52,0,0,0,0,0,0,0,1,0,0,0,0,1,0,0,0,1,0,0,961,0,1,cellular,18,feb,1,553,4,failure,1
35,0,0,0,1,0,0,0,0,0,0,0,0,1,0,0,0,1,0,0,229,0,0,unknown,26,may,3,-1,0,unknown,0
24,0,1,0,0,0,0,0,0,0,0,0,0,0,1,0,0,1,0,0,246,1,1,cellular,15,may,1,-1,0,unknown,0
27,0,0,0,0,0,0,0,0,0,0,1,0,0,1,0,1,0,0,0,979,1,0,cellular,7,may,4,357,1,other,0
27,1,0,0,0,0,0,0,0,0,0,0,0,0,1,0,1,0,0,0,587,0,0,cellular,4,jun,3,-1,0,unknown,0
52,1,0,0,0,0,0,0,0,0,0,0,0,1,0,0,0,1,0,0,4096,1,0,unknown,4,jun,4,-1,0,unknown,0
28,0,0,0,1,0,0,0,0,0,0,0,0,1,0,0,0,0,1,0,10045,1,0,unknown,29,may,4,-1,0,unknown,0
26,0,0,0,1,0,0,0,0,0,0,0,0,1,0,0,0,1,0,0,818,0,0,cellular,9,jul,2,-1,0,unknown,0
37,0,0,0,0,0,0,0,1,0,0,0,0,1,0,0,0,1,0,0,3321,0,0,unknown,16,jun,3,-1,0,unknown,0
56,1,0,0,0,0,0,0,0,0,0,0,0,1,0,0,1,0,0,0,382,0,0,unknown,27,jun,2,-1,0,unknown,0
24,0,0,0,0,0,0,0,0,0,0,0,1,0,1,0,0,1,0,0,23878,0,0,cellular,26,may,1,97,1,success,1
38,0,0,0,0,0,0,1,0,0,0,0,0,1,0,0,1,0,0,0,1988,0,0,cellular,2,jun,1,67,4,success,1
34,1,0,0,0,0,0,0,0,0,0,0,0,1,0,0,1,0,0,0,180,0,0,cellular,16,jun,3,-1,0,unknown,0
28,0,0,0,0,0,0,1,0,0,0,0,0,0,1,0,0,1,0,0,460,1,0,unknown,26,may,6,-1,0,unknown,1
51,0,0,0,1,0,0,0,0,0,0,0,0,1,0,0,0,1,0,0,568,1,0,unknown,4,jun,1,-1,0,unknown,0
34,1,0,0,0,0,0,0,0,0,0,0,0,1,0,0,1,0,0,0,589,0,0,cellular,1,sep,1,44,3,other,1
59,0,0,0,0,0,1,0,0,0,0,0,0,0,0,1,0,1,0,0,914,0,0,cellular,28,jan,1,-1,0,unknown,0
36,1,0,0,0,0,0,0,0,0,0,0,0,1,0,0,1,0,0,0,1357,1,0,unknown,5,jun,5,-1,0,unknown,0
38,0,0,0,0,0,0,0,1,0,0,0,0,0,1,0,0,1,0,0,9609,1,0,cellular,11,aug,9,-1,0,unknown,0
27,0,0,0,1,0,0,0,0,0,0,0,0,0,1,0,0,1,0,0,535,0,0,cellular,16,nov,1,94,1,success,1
55,1,0,0,0,0,0,0,0,0,0,0,0,1,0,0,0,0,1,0,113,0,0,cellular,12,aug,1,457,3,failure,1
42,0,0,0,0,0,0,0,0,0,1,0,0,1,0,0,1,0,0,0,0,0,0,cellular,8,oct,1,-1,0,unknown,0
68,0,0,0,0,0,1,0,0,0,0,0,0,1,0,0,0,1,0,0,2469,1,0,telephone,15,jul,2,-1,0,unknown,1
36,0,1,0,0,0,0,0,0,0,0,0,0,1,0,0,1,0,0,0,341,0,0,cellular,13,aug,1,-1,0,unknown,1
54,0,0,0,0,0,0,0,1,0,0,0,0,0,1,0,0,1,0,0,492,0,0,unknown,6,jun,1,-1,0,unknown,0
50,0,0,0,0,0,0,0,0,1,0,0,0,1,0,0,1,0,0,0,202,1,0,cellular,15,apr,1,148,4,failure,0
38,1,0,0,0,1,0,0,0,0,0,0,0,1,0,0,0,0,0,0,76,0,0,cellular,16,mar,1,-1,0,unknown,1
47,0,0,0,1,0,0,0,0,0,0,0,0,1,0,0,0,0,1,0,1610,1,0,unknown,12,jun,1,-1,0,unknown,0
57,1,0,0,0,0,0,0,0,0,0,0,0,1,0,0,0,1,0,0,1502,0,0,telephone,17,nov,2,109,11,failure,0
49,0,1,0,0,0,0,0,0,0,0,0,0,0,0,1,0,1,0,0,3394,1,0,unknown,20,jun,22,-1,0,unknown,0
36,1,0,0,0,0,0,0,0,0,0,0,0,0,1,0,1,0,0,0,5958,1,0,cellular,22,sep,1,184,1,success,1
37,1,0,0,0,0,0,0,0,0,0,0,0,1,0,0,1,0,0,0,2987,1,0,cellular,13,may,1,87,10,success,1
60,0,0,0,0,0,1,0,0,0,0,0,0,0,0,1,0,0,1,0,1327,1,1,unknown,14,may,1,-1,0,unknown,0
59,1,0,0,0,0,0,0,0,0,0,0,0,1,0,0,1,0,0,0,5865,1,0,cellular,21,jul,1,-1,0,unknown,0
37,1,0,0,0,0,0,0,0,0,0,0,0,0,1,0,1,0,0,0,698,0,0,cellular,8,sep,2,-1,0,unknown,1
47,1,0,0,0,0,0,0,0,0,0,0,0,0,0,1,1,0,0,0,34,1,0,unknown,7,may,1,-1,0,unknown,0
35,0,0,0,1,0,0,0,0,0,0,0,0,1,0,0,0,1,0,0,911,1,0,cellular,14,may,2,175,7,failure,0
45,0,0,0,1,0,0,0,0,0,0,0,0,1,0,0,0,1,0,0,-104,1,0,cellular,11,may,12,-1,0,unknown,0
53,0,1,0,0,0,0,0,0,0,0,0,0,1,0,0,0,1,0,0,1319,0,0,unknown,19,jun,3,-1,0,unknown,1
23,0,0,0,0,0,0,0,1,0,0,0,0,0,1,0,0,1,0,0,-39,1,1,unknown,9,may,2,-1,0,unknown,0
58,0,0,0,0,0,0,1,0,0,0,0,0,1,0,0,0,1,0,0,4348,1,0,cellular,23,jun,4,141,1,other,1
33,1,0,0,0,0,0,0,0,0,0,0,0,0,1,0,1,0,0,0,506,0,0,cellular,4,jun,1,91,2,success,0
38,0,0,0,1,0,0,0,0,0,0,0,0,1,0,0,0,1,0,0,1165,1,0,cellular,13,aug,3,94,10,failure,1
45,0,1,0,0,0,0,0,0,0,0,0,0,1,0,0,0,1,0,0,983,1,0,cellular,7,aug,2,-1,0,unknown,0
35,0,0,0,0,0,0,0,0,0,0,0,1,1,0,0,1,0,0,0,387,1,0,cellular,8,may,3,347,3,failure,1
25,0,0,0,0,0,0,0,0,0,0,0,1,0,1,0,1,0,0,0,58,0,0,cellular,24,jul,5,-1,0,unknown,1
31,0,0,0,0,0,0,1,0,0,0,0,0,0,1,0,0,1,0,0,622,0,0,cellular,18,jul,1,-1,0,unknown,1
44,0,1,0,0,0,0,0,0,0,0,0,0,0,0,1,0,1,0,0,14,0,0,cellular,13,aug,1,-1,0,unknown,1
51,0,0,0,0,0,0,1,0,0,0,0,0,1,0,0,0,1,0,0,113,1,0,cellular,17,nov,1,-1,0,unknown,0
27,1,0,0,0,0,0,0,0,0,0,0,0,0,1,0,1,0,0,0,831,0,0,cellular,30,mar,2,-1,0,unknown,1
55,0,0,0,0,0,0,1,0,0,0,0,0,1,0,0,0,1,0,0,8304,0,0,cellular,1,jun,1,-1,0,unknown,1
50,0,0,0,0,0,0,1,0,0,0,0,0,1,0,0,0,1,0,0,1575,0,0,cellular,17,nov,1,-1,0,unknown,0
53,0,1,0,0,0,0,0,0,0,0,0,0,1,0,0,1,0,0,0,988,0,0,cellular,20,aug,5,-1,0,unknown,1
48,0,0,0,0,0,0,1,0,0,0,0,0,1,0,0,0,1,0,0,368,0,0,cellular,8,oct,2,140,7,success,1
44,0,0,0,0,0,0,0,0,0,0,1,0,1,0,0,0,0,1,0,0,0,0,telephone,31,jul,38,-1,0,unknown,0
77,0,0,0,0,0,1,0,0,0,0,0,0,1,0,0,0,0,1,0,2223,0,0,telephone,10,aug,2,187,1,success,0
49,1,0,0,0,0,0,0,0,0,0,0,0,1,0,0,1,0,0,0,519,1,0,cellular,8,apr,1,-1,0,unknown,0
86,0,0,0,0,0,1,0,0,0,0,0,0,1,0,0,0,0,1,0,1255,0,0,telephone,14,jul,1,180,3,success,1
37,0,0,0,0,0,0,1,0,0,0,0,0,0,1,0,0,1,0,0,1560,1,0,cellular,21,nov,1,163,2,failure,0
32,1,0,0,0,0,0,0,0,0,0,0,0,1,0,0,1,0,0,0,1812,0,0,cellular,4,aug,1,182,4,other,1
34,0,1,0,0,0,0,0,0,0,0,0,0,0,1,0,1,0,0,0,925,1,0,cellular,13,apr,1,-1,0,unknown,1
36,0,0,0,0,0,0,0,0,1,0,0,0,1,0,0,0,1,0,0,188,1,1,cellular,4,may,3,333,2,success,1
29,0,0,0,0,1,0,0,1,0,0,0,0,0,1,0,0,0,0,0,196,0,0,cellular,30,jan,2,-1,0,unknown,1
30,0,0,0,0,0,0,1,0,0,0,0,0,0,1,0,0,1,0,0,914,1,0,cellular,28,oct,3,272,1,failure,1
41,0,0,0,1,0,0,0,0,0,0,0,0,1,0,0,0,1,0,0,5060,0,0,cellular,4,may,1,83,3,success,1
52,0,0,0,0,0,0,0,0,0,1,0,0,1,0,0,0,0,1,0,959,0,0,telephone,30,jul,2,-1,0,unknown,1
40,0,1,0,0,0,0,0,0,0,0,0,0,0,1,0,0,1,0,0,5637,1,0,unknown,30,may,3,-1,0,unknown,1
62,0,0,0,0,0,1,0,0,0,0,0,0,1,0,0,0,1,0,0,298,0,0,cellular,17,nov,2,-1,0,unknown,1
37,1,0,0,0,0,0,0,0,0,0,0,0,1,0,0,1,0,0,0,0,1,0,unknown,9,may,1,-1,0,unknown,0
39,0,1,0,0,0,0,0,0,0,0,0,0,0,1,0,1,0,0,0,25,1,0,cellular,28,dec,1,210,2,success,1
27,0,0,0,1,0,0,0,0,0,0,0,0,0,1,0,1,0,0,0,644,0,0,cellular,2,jun,1,182,1,success,1
67,0,0,0,0,0,1,0,0,0,0,0,0,0,0,1,0,1,0,0,704,0,0,cellular,8,feb,2,97,1,success,1
57,1,0,0,0,0,0,0,0,0,0,0,0,1,0,0,0,1,0,0,2155,0,1,cellular,10,nov,3,91,2,failure,1
61,1,0,0,0,0,0,0,0,0,0,0,0,1,0,0,1,0,0,0,87,1,0,cellular,24,feb,2,-1,0,unknown,0
35,0,0,0,1,0,0,0,0,0,0,0,0,1,0,0,0,1,0,0,1098,1,0,unknown,26,may,17,-1,0,unknown,0
60,0,1,0,0,0,0,0,0,0,0,0,0,1,0,0,0,1,0,0,316,0,0,cellular,4,may,2,263,4,failure,1
36,0,0,0,0,0,0,0,0,1,0,0,0,1,0,0,1,0,0,0,16430,1,0,cellular,19,nov,1,166,3,failure,0
32,0,0,0,0,1,0,0,1,0,0,0,0,0,1,0,0,0,0,0,2378,0,0,cellular,17,nov,2,-1,0,unknown,1
33,0,0,0,1,0,0,0,0,0,0,0,0,1,0,0,0,1,0,0,269,1,0,unknown,9,may,1,-1,0,unknown,0
30,1,0,0,0,0,0,0,0,0,0,0,0,0,1,0,1,0,0,0,13,1,0,cellular,28,jan,1,-1,0,unknown,0
42,0,1,0,0,0,0,0,0,0,0,0,0,1,0,0,0,1,0,0,8036,0,0,unknown,9,jun,5,-1,0,unknown,0
43,0,0,0,0,0,0,0,0,0,1,0,0,1,0,0,0,1,0,0,511,1,1,telephone,5,feb,5,190,5,other,0
33,1,0,0,0,0,0,0,0,0,0,0,0,0,1,0,1,0,0,0,4176,0,0,cellular,26,mar,3,-1,0,unknown,1
41,0,0,0,0,0,0,0,0,1,0,0,0,0,1,0,1,0,0,0,-94,1,0,cellular,4,feb,1,203,1,failure,1
31,0,0,0,0,0,0,0,0,0,0,1,0,1,0,0,0,0,1,0,0,1,0,cellular,11,aug,7,-1,0,unknown,0
31,0,0,0,0,0,0,0,1,0,0,0,0,1,0,0,0,1,0,0,0,1,1,cellular,21,jul,4,-1,0,unknown,0
42,0,0,0,0,0,0,0,0,0,0,1,0,1,0,0,0,0,1,0,-209,0,1,cellular,11,aug,2,-1,0,unknown,0
33,0,1,0,0,0,0,0,0,0,0,0,0,1,0,0,1,0,0,0,15169,1,0,cellular,20,nov,1,-1,0,unknown,0
49,1,0,0,0,0,0,0,0,0,0,0,0,0,0,1,1,0,0,0,914,0,0,cellular,4,aug,1,-1,0,unknown,1
30,0,0,0,1,0,0,0,0,0,0,0,0,0,1,0,0,1,0,0,953,1,0,unknown,2,jun,2,-1,0,unknown,1
95,0,0,0,0,0,1,0,0,0,0,0,0,1,0,0,0,1,0,0,0,0,0,telephone,1,oct,1,-1,0,unknown,0
31,0,1,0,0,0,0,0,0,0,0,0,0,0,1,0,0,1,0,0,118,0,0,cellular,2,feb,1,-1,0,unknown,0
51,0,0,0,0,0,0,1,0,0,0,0,0,1,0,0,0,1,0,0,241,0,0,cellular,7,dec,2,-1,0,unknown,1
48,0,1,0,0,0,0,0,0,0,0,0,0,0,1,0,0,1,0,0,-92,1,0,cellular,3,feb,1,-1,0,unknown,1
59,0,0,0,0,0,0,0,1,0,0,0,0,1,0,0,0,1,0,0,-22,1,0,unknown,26,may,3,-1,0,unknown,1
33,0,1,0,0,0,0,0,0,0,0,0,0,0,1,0,0,1,0,0,719,1,0,cellular,9,apr,2,316,6,failure,1
27,0,1,0,0,0,0,0,0,0,0,0,0,1,0,0,1,0,0,0,8,1,1,cellular,18,may,1,370,2,failure,0
62,0,1,0,0,0,0,0,0,0,0,0,0,1,0,0,0,1,0,0,973,0,0,cellular,2,feb,1,-1,0,unknown,1
34,1,0,0,0,0,0,0,0,0,0,0,0,1,0,0,1,0,0,0,123,0,0,cellular,3,feb,3,-1,0,unknown,1
36,0,0,0,1,0,0,0,0,0,0,0,0,1,0,0,0,0,1,0,130,1,0,unknown,5,jun,2,-1,0,unknown,0
21,0,0,0,0,0,0,0,0,0,0,0,1,0,1,0,0,1,0,0,2488,0,0,telephone,12,jan,2,92,1,success,1
31,0,0,0,0,0,0,0,1,0,0,0,0,0,1,0,0,1,0,0,278,0,0,cellular,28,may,3,-1,0,unknown,0
49,0,0,0,0,0,0,0,1,0,0,0,0,1,0,0,0,1,0,0,4300,1,1,cellular,8,may,1,256,6,failure,0
23,0,0,0,0,1,0,0,0,0,0,0,1,0,1,0,0,0,0,0,2530,0,0,cellular,12,may,1,-1,0,unknown,1
27,0,0,0,1,0,0,0,0,0,0,0,0,1,0,0,0,1,0,0,1600,1,0,unknown,21,may,1,-1,0,unknown,0
42,1,0,0,0,0,0,0,0,0,0,0,0,1,0,0,1,0,0,0,372,1,0,cellular,3,aug,2,-1,0,unknown,1
49,1,0,0,0,0,0,0,0,0,0,0,0,1,0,0,1,0,0,0,561,0,0,cellular,15,jun,1,-1,0,unknown,1
40,1,0,0,0,0,0,0,0,0,0,0,0,0,1,0,1,0,0,0,257,0,0,cellular,1,feb,1,209,1,failure,0
36,0,1,0,0,0,0,0,0,0,0,0,0,0,1,0,0,1,0,0,0,0,0,cellular,29,aug,2,-1,0,unknown,0
32,1,0,0,0,0,0,0,0,0,0,0,0,1,0,0,1,0,0,0,71,0,0,cellular,6,aug,3,-1,0,unknown,0
29,0,1,0,0,0,0,0,0,0,0,0,0,0,1,0,1,0,0,0,406,1,0,cellular,17,jul,1,-1,0,unknown,0
31,0,0,0,1,0,0,0,0,0,0,0,0,1,0,0,0,1,0,0,671,1,0,unknown,18,jun,4,-1,0,unknown,1
39,0,1,0,0,0,0,0,0,0,0,0,0,0,1,0,0,1,0,0,2321,0,1,unknown,16,jun,2,-1,0,unknown,0
44,1,0,0,0,0,0,0,0,0,0,0,0,1,0,0,1,0,0,0,-84,1,0,cellular,27,aug,6,-1,0,unknown,0
42,0,0,0,1,0,0,0,0,0,0,0,0,1,0,0,0,1,0,0,4,1,1,unknown,2,jun,8,-1,0,unknown,0
92,0,0,0,0,1,1,0,0,0,0,0,0,1,0,0,0,0,0,0,775,0,0,cellular,22,oct,3,-1,0,unknown,1
32,0,1,0,0,0,0,0,0,0,0,0,0,0,1,0,1,0,0,0,5514,0,0,telephone,22,oct,1,-1,0,unknown,1
43,0,1,0,0,0,0,0,0,0,0,0,0,0,1,0,0,1,0,0,293,1,0,unknown,15,may,1,-1,0,unknown,0
34,0,0,0,1,0,0,0,0,0,0,0,0,1,0,0,0,1,0,0,305,1,0,unknown,16,may,25,-1,0,unknown,0
45,0,0,0,1,0,0,0,0,0,0,0,0,1,0,0,0,0,1,0,101,1,0,unknown,12,may,5,-1,0,unknown,1
43,1,0,0,0,0,0,0,0,0,0,0,0,0,0,1,1,0,0,0,38,1,0,cellular,25,jul,6,-1,0,unknown,0
52,0,0,0,0,0,0,1,0,0,0,0,0,0,1,0,0,1,0,0,-528,1,1,cellular,1,jun,2,-1,0,unknown,1
53,1,0,0,0,0,0,0,0,0,0,0,0,1,0,0,1,0,0,0,5261,0,1,cellular,25,jul,3,-1,0,unknown,0
30,1,0,0,0,0,0,0,0,0,0,0,0,0,0,1,0,1,0,0,-274,1,1,cellular,19,aug,2,-1,0,unknown,0
42,0,0,0,1,0,0,0,0,0,0,0,0,1,0,0,0,0,1,0,1687,1,0,cellular,18,may,3,178,3,other,0
32,0,0,1,0,0,0,0,0,0,0,0,0,1,0,0,0,1,0,0,390,0,0,cellular,30,nov,1,-1,0,unknown,0
60,0,0,0,0,0,0,0,0,0,0,1,0,0,0,1,0,1,0,0,555,1,0,cellular,22,jul,3,-1,0,unknown,0
53,0,0,0,1,0,0,0,0,0,0,0,0,1,0,0,0,0,1,0,306,0,0,cellular,28,jul,3,181,1,success,1
36,0,0,0,1,0,0,0,0,0,0,0,0,0,1,0,0,1,0,0,767,1,0,cellular,5,may,1,355,2,other,0
34,0,0,0,0,0,0,1,0,0,0,0,0,1,0,0,0,0,1,0,0,1,1,cellular,14,may,1,-1,0,unknown,1
57,0,0,0,0,0,1,0,0,0,0,0,0,1,0,0,0,1,0,0,718,0,0,cellular,3,jun,1,-1,0,unknown,0
40,0,0,0,1,0,0,0,0,0,0,0,0,1,0,0,0,0,1,0,-234,1,0,cellular,6,may,1,-1,0,unknown,0
39,0,0,0,0,0,0,0,1,0,0,0,0,1,0,0,0,1,0,0,117,1,0,cellular,18,may,2,-1,0,unknown,1
45,0,0,0,1,0,0,0,0,0,0,0,0,1,0,0,0,0,1,0,292,1,0,cellular,29,aug,4,-1,0,unknown,0
37,1,0,0,0,0,0,0,0,0,0,0,0,1,0,0,1,0,0,0,115,0,0,cellular,19,aug,2,-1,0,unknown,0
55,0,0,0,0,0,0,0,0,0,1,0,0,0,0,1,0,1,0,0,309,0,0,cellular,21,oct,2,184,1,success,1
29,1,0,0,0,0,0,0,0,0,0,0,0,0,1,0,1,0,0,0,224,1,0,cellular,24,apr,2,81,3,failure,1
50,0,0,0,0,0,0,0,1,0,0,0,0,1,0,0,1,0,0,0,218,1,0,unknown,9,may,2,-1,0,unknown,0
27,1,0,0,0,0,0,0,0,0,0,0,0,0,1,0,1,0,0,0,7,0,0,cellular,27,may,2,-1,0,unknown,0
46,1,0,0,0,0,0,0,0,0,0,0,0,1,0,0,0,0,1,0,1267,1,1,cellular,18,nov,2,-1,0,unknown,0
38,0,0,0,0,0,0,0,1,0,0,0,0,1,0,0,0,1,0,0,0,1,0,cellular,20,apr,2,-1,0,unknown,0
28,0,0,0,1,0,0,0,0,0,0,0,0,1,0,0,0,1,0,0,1020,1,0,unknown,28,may,1,-1,0,unknown,0
35,0,0,1,0,0,0,0,0,0,0,0,0,1,0,0,0,1,0,0,2971,0,0,cellular,4,may,4,164,2,failure,1
44,0,0,1,0,0,0,0,0,0,0,0,0,1,0,0,1,0,0,0,121,0,0,cellular,9,nov,1,91,1,success,1
55,0,0,0,0,0,0,1,0,0,0,0,0,1,0,0,0,1,0,0,139,0,0,cellular,30,apr,1,-1,0,unknown,1
42,1,0,0,0,0,0,0,0,0,0,0,0,0,0,1,1,0,0,0,1116,1,0,unknown,19,may,6,-1,0,unknown,0
56,1,0,0,0,0,0,0,0,0,0,0,0,0,0,1,1,0,0,0,321,0,0,cellular,27,aug,4,-1,0,unknown,0
38,0,1,0,0,0,0,0,0,0,0,0,0,1,0,0,0,1,0,0,634,0,0,unknown,19,jun,2,-1,0,unknown,0
30,0,0,0,0,0,0,0,0,1,0,0,0,1,0,0,1,0,0,0,2666,0,0,cellular,4,may,3,89,1,success,1
59,0,0,0,0,0,1,0,0,0,0,0,0,1,0,0,0,0,1,0,646,1,0,unknown,16,may,1,-1,0,unknown,0
51,0,0,0,0,0,0,0,0,1,0,0,0,1,0,0,0,0,1,0,10,0,0,unknown,6,jun,3,-1,0,unknown,0
36,0,0,0,0,0,0,1,0,0,0,0,0,0,1,0,0,1,0,0,11174,1,0,cellular,15,apr,1,-1,0,unknown,1
46,0,0,0,0,0,0,0,0,0,1,0,0,0,1,0,1,0,0,0,44,0,0,cellular,14,aug,1,-1,0,unknown,1
55,0,0,1,0,0,0,0,0,0,0,0,0,1,0,0,1,0,0,0,78,0,0,cellular,18,nov,2,-1,0,unknown,0
54,0,1,0,0,0,0,0,0,0,0,0,0,1,0,0,0,1,0,0,3994,0,1,cellular,20,oct,2,187,2,success,1
46,0,1,0,0,0,0,0,0,0,0,0,0,1,0,0,0,1,0,0,940,0,0,cellular,5,aug,2,-1,0,unknown,1
31,0,0,0,0,0,0,0,0,1,0,0,0,1,0,0,1,0,0,0,2666,0,0,cellular,10,nov,2,97,6,success,1
29,1,0,0,0,0,0,0,0,0,0,0,0,0,1,0,1,0,0,0,1170,0,0,cellular,20,apr,1,-1,0,unknown,1
42,1,0,0,0,0,0,0,0,0,0,0,0,0,1,0,1,0,0,0,11891,0,0,cellular,6,apr,1,-1,0,unknown,1
46,0,0,0,1,0,0,0,0,0,0,0,0,1,0,0,0,0,1,0,1429,1,0,unknown,14,may,1,-1,0,unknown,0
57,0,0,0,0,0,1,0,0,0,0,0,0,1,0,0,1,0,0,0,-5,0,0,cellular,10,jul,1,-1,0,unknown,0
30,1,0,0,0,0,0,0,0,0,0,0,0,0,0,1,1,0,0,0,317,0,0,cellular,12,aug,2,-1,0,unknown,0
47,1,0,0,0,0,0,0,0,0,0,0,0,0,0,1,1,0,0,0,140,0,1,cellular,20,nov,2,-1,0,unknown,0
53,0,1,0,0,0,0,0,0,0,0,0,0,1,0,0,0,1,0,0,284,0,0,cellular,1,jun,1,-1,0,unknown,1
37,0,0,0,0,0,0,1,0,0,0,0,0,1,0,0,0,1,0,0,-498,1,1,unknown,26,may,1,-1,0,unknown,0
45,1,0,0,0,0,0,0,0,0,0,0,0,1,0,0,0,1,0,0,25,0,0,cellular,29,jan,3,-1,0,unknown,0
37,1,0,0,0,0,0,0,0,0,0,0,0,0,1,0,1,0,0,0,1027,1,0,cellular,2,mar,1,152,2,success,1
32,0,0,0,0,0,0,1,0,0,0,0,0,0,1,0,0,1,0,0,620,1,0,unknown,26,may,3,-1,0,unknown,1
49,0,0,0,1,0,0,0,0,0,0,0,0,0,0,1,0,0,1,0,2262,1,0,unknown,21,may,3,-1,0,unknown,0
37,0,1,0,0,0,0,0,0,0,0,0,0,1,0,0,1,0,0,0,341,0,0,cellular,13,aug,3,182,3,success,1
31,1,0,0,0,0,0,0,0,0,0,0,0,1,0,0,1,0,0,0,3,1,1,cellular,11,feb,1,-1,0,unknown,1
32,1,0,0,0,0,0,0,0,0,0,0,0,0,1,0,1,0,0,0,312,0,0,cellular,17,feb,2,-1,0,unknown,1
28,0,0,0,0,0,0,0,0,0,1,0,0,0,1,0,0,1,0,0,23,0,0,cellular,28,jan,1,-1,0,unknown,0
36,0,0,0,1,0,0,0,0,0,0,0,0,1,0,0,0,1,0,0,4438,1,0,unknown,20,may,1,-1,0,unknown,1
35,1,0,0,0,0,0,0,0,0,0,0,0,0,1,0,1,0,0,0,431,0,0,cellular,17,aug,2,397,1,failure,1
41,0,1,0,0,0,0,0,0,0,0,0,0,1,0,0,1,0,0,0,63,0,0,cellular,25,aug,3,-1,0,unknown,0
37,1,0,0,0,0,0,0,0,0,0,0,0,0,0,1,1,0,0,0,0,1,0,cellular,5,may,8,351,11,failure,0
30,1,0,0,0,0,0,0,0,0,0,0,0,1,0,0,1,0,0,0,302,1,1,unknown,23,may,1,-1,0,unknown,0
34,0,1,0,0,0,0,0,0,0,0,0,0,0,1,0,0,1,0,0,1091,1,0,unknown,21,may,2,-1,0,unknown,0
29,0,0,0,0,0,0,0,0,0,1,0,0,0,1,0,1,0,0,0,70,0,0,cellular,25,may,1,-1,0,unknown,1
52,0,0,0,0,0,0,0,0,0,1,0,0,1,0,0,0,1,0,0,9139,0,0,cellular,13,aug,2,-1,0,unknown,0
38,1,0,0,0,0,0,0,0,0,0,0,0,1,0,0,1,0,0,0,1199,0,0,cellular,3,aug,1,-1,0,unknown,1
47,0,0,1,0,0,0,0,0,0,0,0,0,0,0,1,1,0,0,0,178,0,0,cellular,4,feb,1,-1,0,unknown,0
24,0,0,0,0,0,0,0,0,0,0,0,1,0,1,0,0,1,0,0,2726,1,0,unknown,4,jun,1,-1,0,unknown,0
54,0,0,0,0,0,0,0,1,0,0,0,0,0,0,1,0,1,0,0,0,0,0,cellular,1,jun,1,81,2,success,1
31,0,1,0,0,0,0,0,0,0,0,0,0,1,0,0,1,0,0,0,636,1,0,cellular,4,may,4,-1,0,unknown,1
33,0,1,0,0,0,0,0,0,0,0,0,0,0,1,0,0,1,0,0,234,0,0,cellular,1,apr,1,370,2,failure,0
25,0,0,0,1,0,0,0,0,0,0,0,0,0,1,0,0,1,0,0,-191,1,0,unknown,19,jun,7,-1,0,unknown,1
32,1,0,0,0,0,0,0,0,0,0,0,0,0,1,0,1,0,0,0,156,1,0,cellular,4,feb,2,246,6,failure,0
78,0,0,0,0,1,1,0,0,0,0,0,0,1,0,0,0,0,0,0,4807,0,0,telephone,3,feb,2,104,4,success,1
44,1,0,0,0,0,0,0,0,0,0,0,0,0,0,1,1,0,0,1,-411,1,0,unknown,2,jun,4,-1,0,unknown,1
46,0,0,0,0,0,0,0,0,0,0,1,0,1,0,0,0,1,0,0,38,0,0,cellular,25,nov,1,-1,0,unknown,1
37,0,0,0,0,0,0,0,1,0,0,0,0,1,0,0,0,1,0,0,651,0,0,unknown,9,jun,2,-1,0,unknown,0
27,0,0,0,0,0,0,0,1,0,0,0,0,1,0,0,0,1,0,0,0,1,0,unknown,15,may,6,-1,0,unknown,0
47,0,1,0,0,0,0,0,0,0,0,0,0,0,1,0,0,1,0,0,-239,1,1,cellular,7,jul,3,-1,0,unknown,1
54,0,0,0,1,1,0,0,0,0,0,0,0,1,0,0,0,0,0,0,6251,1,0,unknown,29,may,3,-1,0,unknown,0
47,0,0,0,1,0,0,0,0,0,0,0,0,1,0,0,0,1,0,0,2128,1,0,telephone,17,apr,1,-1,0,unknown,0
41,0,0,0,1,0,0,0,0,0,0,0,0,1,0,0,0,1,0,0,1165,0,0,unknown,12,jun,3,-1,0,unknown,0
43,0,0,0,1,0,0,0,0,0,0,0,0,0,0,1,0,0,1,0,177,0,0,cellular,3,feb,1,-1,0,unknown,0
25,0,0,0,1,0,0,0,0,0,0,0,0,0,1,0,0,1,0,0,217,1,0,cellular,18,may,1,-1,0,unknown,1
30,1,0,0,0,0,0,0,0,0,0,0,0,0,1,0,1,0,0,0,572,0,0,cellular,17,jun,3,183,2,success,1
51,0,0,0,0,0,0,0,1,0,0,0,0,1,0,0,0,1,0,0,-437,0,1,cellular,30,jul,3,-1,0,unknown,0
59,1,0,0,0,0,0,0,0,0,0,0,0,1,0,0,1,0,0,0,1881,0,0,cellular,19,nov,2,-1,0,unknown,0
50,1,0,0,0,0,0,0,0,0,0,0,0,1,0,0,1,0,0,0,414,1,0,cellular,3,apr,1,302,3,failure,1
38,0,0,0,0,0,0,0,0,0,0,0,1,0,1,0,1,0,0,0,3316,0,0,unknown,17,jun,3,-1,0,unknown,1
37,0,0,0,1,0,0,0,0,0,0,0,0,0,1,0,0,0,1,1,21,0,0,cellular,6,may,2,-1,0,unknown,0
52,1,0,0,0,0,0,0,0,0,0,0,0,0,0,1,1,0,0,0,12,1,0,unknown,30,may,5,-1,0,unknown,0
43,1,0,0,0,0,0,0,0,0,0,0,0,0,1,0,1,0,0,0,2081,0,0,cellular,22,oct,3,-1,0,unknown,1
30,0,1,0,0,0,0,0,0,0,0,0,0,0,1,0,0,1,0,0,1165,0,0,cellular,4,jun,2,183,3,success,1
69,0,0,0,0,0,1,0,0,0,0,0,0,1,0,0,0,1,0,0,3588,1,0,cellular,10,dec,1,-1,0,unknown,1
30,0,0,0,0,0,0,0,1,0,0,0,0,0,1,0,0,1,0,0,-271,1,0,cellular,7,may,1,337,1,success,1
37,0,0,0,0,0,0,1,0,0,0,0,0,0,1,0,0,1,0,0,-17,1,0,cellular,11,may,2,340,2,failure,0
83,0,0,0,0,0,1,0,0,0,0,0,0,1,0,0,0,0,1,0,425,0,0,telephone,2,feb,1,-1,0,unknown,0
32,0,1,0,0,0,0,0,0,0,0,0,0,1,0,0,0,1,0,0,6172,1,0,cellular,4,feb,1,-1,0,unknown,0
50,0,0,0,0,0,0,0,1,0,0,0,0,1,0,0,0,1,0,0,3169,0,0,cellular,13,aug,1,430,1,failure,1
36,0,0,0,0,0,0,0,1,0,0,0,0,0,0,1,0,1,0,1,0,0,1,cellular,15,jul,7,-1,0,unknown,1
51,1,0,0,0,0,0,0,0,0,0,0,0,1,0,0,1,0,0,0,3604,0,1,telephone,8,jul,1,-1,0,unknown,0
35,0,0,0,1,0,0,0,0,0,0,0,0,0,1,0,0,1,0,0,40,1,0,unknown,9,may,4,-1,0,unknown,1
45,0,0,0,0,0,0,0,1,0,0,0,0,1,0,0,0,0,1,0,323,0,0,cellular,5,aug,1,-1,0,unknown,0
25,0,1,0,0,0,0,0,0,0,0,0,0,0,1,0,0,1,0,0,4718,0,0,cellular,24,jul,1,-1,0,unknown,1
46,0,0,0,0,0,0,0,1,0,0,0,0,0,0,1,0,1,0,0,778,1,0,unknown,19,may,1,-1,0,unknown,0
33,0,0,0,1,0,0,0,0,0,0,0,0,0,0,1,0,1,0,0,3546,1,0,unknown,23,may,2,-1,0,unknown,1
38,0,1,0,0,0,0,0,0,0,0,0,0,0,0,1,0,1,0,0,0,1,0,cellular,16,apr,1,-1,0,unknown,0
37,1,0,0,0,0,0,0,0,0,0,0,0,0,1,0,0,1,0,0,1981,0,0,cellular,10,jul,2,-1,0,unknown,0
31,0,1,0,0,0,0,0,0,0,0,0,0,1,0,0,0,1,0,0,0,0,0,cellular,25,aug,6,-1,0,unknown,0
78,0,0,0,0,0,1,0,0,0,0,0,0,0,0,1,0,1,0,0,3417,0,0,cellular,12,may,1,181,1,success,1
37,1,0,0,0,0,0,0,0,0,0,0,0,0,1,0,0,1,0,0,34,1,0,unknown,29,may,1,-1,0,unknown,0
26,0,0,0,0,0,0,0,0,0,1,0,0,0,1,0,0,1,0,0,340,0,0,cellular,28,jan,1,-1,0,unknown,0
53,1,0,0,0,0,0,0,0,0,0,0,0,1,0,0,0,1,0,0,2693,0,0,cellular,5,mar,1,104,1,failure,1
66,0,0,0,0,0,1,0,0,0,0,0,0,1,0,0,0,0,1,0,12767,0,0,telephone,4,aug,2,-1,0,unknown,0
60,0,0,0,0,0,1,0,0,0,0,0,0,0,0,1,0,1,0,0,1099,0,0,cellular,11,jul,2,-1,0,unknown,1
45,0,0,0,0,0,0,0,0,0,1,0,0,1,0,0,0,0,1,0,0,1,0,cellular,2,feb,2,-1,0,unknown,0
33,0,0,0,0,0,0,1,0,0,0,0,0,0,1,0,1,0,0,0,272,1,0,cellular,1,sep,2,92,3,success,1
46,1,0,0,0,0,0,0,0,0,0,0,0,1,0,0,0,1,0,0,1098,0,0,cellular,8,may,3,343,3,other,0
26,1,0,0,0,0,0,0,0,0,0,0,0,0,1,0,0,1,0,0,2613,0,0,cellular,1,jun,1,-1,0,unknown,1
33,0,0,0,0,0,0,0,0,1,0,0,0,1,0,0,0,1,0,0,409,0,0,cellular,8,sep,1,97,4,success,1
30,1,0,0,0,0,0,0,0,0,0,0,0,1,0,0,1,0,0,0,102,1,0,cellular,5,apr,7,426,3,other,1
52,0,0,0,0,0,0,0,1,0,0,0,0,1,0,0,0,1,0,0,657,0,0,telephone,7,jul,2,460,2,failure,1
35,0,1,0,0,0,0,0,0,0,0,0,0,0,1,0,0,1,0,0,183,0,0,cellular,24,apr,2,-1,0,unknown,0
36,0,0,0,0,0,0,1,0,0,0,0,0,1,0,0,0,1,0,0,854,1,0,cellular,2,feb,1,-1,0,unknown,0
36,0,0,0,0,0,0,1,0,0,0,0,0,0,1,0,1,0,0,0,364,0,1,cellular,31,aug,1,123,1,failure,1
49,0,0,0,0,0,0,1,0,0,0,0,0,1,0,0,0,0,1,0,246,1,0,cellular,18,jul,5,-1,0,unknown,0
33,0,1,0,0,0,0,0,0,0,0,0,0,0,0,1,0,1,0,0,557,1,0,cellular,21,aug,1,-1,0,unknown,0
35,1,0,0,0,0,0,0,0,0,0,0,0,0,1,0,1,0,0,0,397,1,0,cellular,17,apr,1,-1,0,unknown,1
50,0,0,0,0,0,0,0,0,0,1,0,0,1,0,0,0,0,1,0,210,0,0,unknown,16,jun,2,-1,0,unknown,0
39,0,0,0,1,0,0,0,0,0,0,0,0,1,0,0,0,0,1,0,118,0,0,cellular,3,feb,1,-1,0,unknown,1
59,0,0,0,0,0,1,0,0,0,0,0,0,1,0,0,0,0,1,0,0,1,0,unknown,26,may,7,-1,0,unknown,0
30,0,1,0,0,0,0,0,0,0,0,0,0,0,1,0,0,1,0,0,-232,0,1,cellular,7,aug,2,-1,0,unknown,0
43,0,0,0,1,0,0,0,0,0,0,0,0,1,0,0,0,0,1,0,3064,1,0,cellular,20,nov,2,-1,0,unknown,1
40,0,1,0,0,0,0,0,0,0,0,0,0,0,1,0,1,0,0,0,1646,1,0,cellular,4,may,2,91,3,success,1
51,0,0,0,1,0,0,0,0,0,0,0,0,1,0,0,0,1,0,0,518,1,0,cellular,12,may,1,-1,0,unknown,1
36,0,0,0,0,0,0,0,0,1,0,0,0,0,1,0,1,0,0,0,4844,0,0,unknown,9,jun,3,-1,0,unknown,1
79,0,0,0,0,0,1,0,0,0,0,0,0,1,0,0,0,0,1,0,3481,0,0,telephone,17,apr,4,-1,0,unknown,0
30,1,0,0,0,0,0,0,0,0,0,0,0,1,0,0,0,1,0,0,-559,1,1,cellular,7,may,1,167,2,failure,0
35,0,0,0,1,0,0,0,0,0,0,0,0,1,0,0,0,1,0,0,293,1,0,cellular,17,apr,1,325,1,other,1
30,0,0,0,0,0,0,0,1,0,0,0,0,0,1,0,0,1,0,0,342,1,0,unknown,7,may,2,-1,0,unknown,0
18,0,0,0,0,0,0,0,0,0,0,0,1,0,1,0,0,1,0,0,156,0,0,cellular,4,nov,2,82,4,other,0
60,0,0,0,0,0,1,0,0,0,0,0,0,0,0,1,1,0,0,0,1349,0,1,unknown,26,jun,2,-1,0,unknown,0
39,0,0,0,0,0,0,0,1,0,0,0,0,1,0,0,0,1,0,0,1970,1,0,unknown,8,jun,1,404,2,success,0
28,0,1,0,0,0,0,0,0,0,0,0,0,0,1,0,0,1,0,0,909,0,1,cellular,7,jul,1,-1,0,unknown,1
41,0,0,1,0,0,0,0,0,0,0,0,0,1,0,0,0,1,0,0,2480,1,0,unknown,11,jun,2,-1,0,unknown,0
48,1,0,0,0,0,0,0,0,0,0,0,0,1,0,0,0,1,0,0,-876,0,1,cellular,31,jul,16,-1,0,unknown,0
47,0,0,0,0,0,0,0,0,0,0,1,0,0,0,1,0,0,1,0,1405,0,0,unknown,12,jun,1,-1,0,unknown,0
46,0,0,0,1,0,0,0,0,0,0,0,0,1,0,0,0,0,1,0,809,0,0,cellular,4,aug,1,-1,0,unknown,0
59,0,0,0,0,0,0,0,0,0,0,1,0,1,0,0,0,0,1,0,116,0,0,cellular,8,aug,4,-1,0,unknown,0
28,0,0,0,1,0,0,0,0,0,0,0,0,1,0,0,0,1,0,0,173,0,0,cellular,18,jul,7,-1,0,unknown,1
31,0,0,0,0,0,0,0,0,0,1,0,0,0,1,0,0,1,0,0,199,1,0,unknown,16,may,1,-1,0,unknown,0
32,0,0,0,0,0,0,1,0,0,0,0,0,0,1,0,1,0,0,0,490,1,0,unknown,9,may,2,-1,0,unknown,0
47,0,0,0,0,0,0,0,0,0,1,0,0,1,0,0,0,0,1,0,3723,0,0,cellular,21,nov,1,-1,0,unknown,0
26,0,0,0,0,0,0,1,0,0,0,0,0,1,0,0,0,1,0,0,1417,1,0,unknown,6,jun,3,-1,0,unknown,0
69,0,0,0,0,1,1,0,0,0,0,0,0,1,0,0,0,0,0,0,426,0,0,telephone,9,mar,1,90,1,success,1
41,0,0,0,1,0,0,0,0,0,0,0,0,1,0,0,0,0,1,0,1018,1,0,cellular,25,jul,1,-1,0,unknown,0
51,0,0,0,0,0,0,0,1,0,0,0,0,1,0,0,0,1,0,0,53,1,0,unknown,26,may,2,-1,0,unknown,0
45,0,1,0,0,0,0,0,0,0,0,0,0,0,1,0,0,1,0,0,29,1,0,cellular,7,may,1,367,1,failure,0
35,0,1,0,0,0,0,0,0,0,0,0,0,0,1,0,0,1,0,0,1227,0,0,cellular,30,jul,5,134,10,success,1
38,0,0,0,1,0,0,0,0,0,0,0,0,1,0,0,0,0,1,0,1630,1,0,cellular,17,jun,3,94,19,other,0
37,1,0,0,0,0,0,0,0,0,0,0,0,1,0,0,1,0,0,0,3723,0,0,cellular,22,may,1,-1,0,unknown,1
59,0,0,0,0,0,0,1,0,0,0,0,0,1,0,0,0,1,0,0,3735,0,0,cellular,17,jun,3,91,6,success,1
39,1,0,0,0,0,0,0,0,0,0,0,0,0,0,1,1,0,0,0,224,0,0,cellular,5,apr,1,-1,0,unknown,1
31,0,1,0,0,0,0,0,0,0,0,0,0,1,0,0,1,0,0,0,4575,1,0,telephone,18,may,1,-1,0,unknown,0
30,0,1,0,0,0,0,0,0,0,0,0,0,0,1,0,1,0,0,0,3086,1,0,cellular,20,nov,1,-1,0,unknown,0
44,0,0,1,0,0,0,0,0,0,0,0,0,1,0,0,1,0,0,0,624,0,0,telephone,14,aug,2,-1,0,unknown,1
47,0,1,0,0,0,0,0,0,0,0,0,0,1,0,0,0,1,0,0,11,0,0,cellular,20,aug,2,-1,0,unknown,0
40,1,0,0,0,0,0,0,0,0,0,0,0,0,1,0,1,0,0,0,0,0,0,cellular,6,aug,6,-1,0,unknown,1
36,0,0,0,0,0,0,0,1,0,0,0,0,1,0,0,0,1,0,0,0,0,0,cellular,30,jul,2,-1,0,unknown,1
43,0,0,0,0,0,0,0,0,0,0,1,0,1,0,0,0,0,1,0,25,0,0,cellular,12,aug,2,-1,0,unknown,0
60,0,0,0,1,0,0,0,0,0,0,0,0,1,0,0,0,0,1,0,5,0,0,cellular,4,may,1,95,2,success,1
23,0,1,0,0,0,0,0,0,0,0,0,0,0,1,0,0,1,0,0,1587,1,1,cellular,14,may,2,-1,0,unknown,0
29,0,1,0,0,0,0,0,0,0,0,0,0,1,0,0,0,1,0,0,23,1,0,cellular,2,jun,1,55,2,failure,1
54,0,0,0,0,0,0,1,0,0,0,0,0,1,0,0,0,1,0,0,66,1,0,cellular,11,nov,1,-1,0,unknown,1
34,1,0,0,0,0,0,0,0,0,0,0,0,1,0,0,1,0,0,1,0,0,1,cellular,21,nov,9,-1,0,unknown,0
37,1,0,0,0,0,0,0,0,0,0,0,0,1,0,0,1,0,0,0,2987,1,0,cellular,15,feb,1,91,9,failure,1
44,0,1,0,0,0,0,0,0,0,0,0,0,0,1,0,0,1,0,0,3438,1,0,telephone,30,jul,2,-1,0,unknown,0
28,1,0,0,0,0,0,0,0,0,0,0,0,0,1,0,1,0,0,0,80,0,0,cellular,20,oct,2,146,2,failure,1
25,0,0,0,0,0,0,1,0,0,0,0,0,0,1,0,1,0,0,0,40,0,0,unknown,12,may,1,-1,0,unknown,0
31,0,0,1,0,0,0,0,0,0,0,0,0,0,1,0,1,0,0,0,1340,1,0,unknown,23,may,2,-1,0,unknown,0
45,1,0,0,0,0,0,0,0,0,0,0,0,1,0,0,0,1,0,0,315,1,0,cellular,4,aug,2,-1,0,unknown,0
39,0,1,0,0,0,0,0,0,0,0,0,0,0,1,0,0,1,0,0,1963,1,0,unknown,6,jun,4,-1,0,unknown,0
54,0,0,0,0,0,0,1,0,0,0,0,0,1,0,0,0,1,0,0,0,0,0,cellular,27,jan,1,-1,0,unknown,1
26,0,1,0,0,0,0,0,0,0,0,0,0,0,1,0,1,0,0,0,15161,0,0,cellular,2,feb,1,-1,0,unknown,1
24,1,0,0,0,0,0,0,0,0,0,0,0,1,0,0,0,1,0,0,2278,1,0,unknown,27,may,4,-1,0,unknown,0
57,1,0,0,0,0,0,0,0,0,0,0,0,1,0,0,1,0,0,0,1318,0,0,cellular,16,oct,1,185,2,failure,1
60,0,0,0,0,0,0,0,0,0,0,1,0,1,0,0,0,0,1,0,1163,0,0,cellular,30,apr,8,-1,0,unknown,1
35,0,1,0,0,0,0,0,0,0,0,0,0,1,0,0,0,1,0,0,0,0,0,cellular,31,jul,9,-1,0,unknown,0
39,0,1,0,0,0,0,0,0,0,0,0,0,1,0,0,0,1,0,0,3494,1,0,cellular,19,aug,4,-1,0,unknown,0
83,0,0,0,0,0,1,0,0,0,0,0,0,1,0,0,0,0,1,0,425,0,0,telephone,22,sep,1,92,2,success,1
45,0,0,0,1,0,0,0,0,0,0,0,0,0,1,0,0,0,1,0,4289,1,0,unknown,9,jun,1,-1,0,unknown,0
57,1,0,0,0,0,0,0,0,0,0,0,0,1,0,0,0,1,0,0,657,1,0,telephone,11,may,5,-1,0,unknown,0
28,0,0,0,0,0,0,1,0,0,0,0,0,1,0,0,0,1,0,0,0,1,0,cellular,7,may,1,-1,0,unknown,0
36,0,0,0,0,0,0,1,0,0,0,0,0,0,1,0,0,1,0,0,1281,0,0,telephone,24,jul,2,-1,0,unknown,0
57,0,0,0,1,0,0,0,0,0,0,0,0,1,0,0,0,1,0,0,14093,0,0,cellular,11,aug,5,-1,0,unknown,0
59,0,0,0,1,0,0,0,0,0,0,0,0,1,0,0,0,0,1,0,748,0,0,unknown,29,may,1,-1,0,unknown,0
37,1,0,0,0,0,0,0,0,0,0,0,0,1,0,0,1,0,0,0,3654,0,0,cellular,26,feb,1,274,2,other,0
29,1,0,0,0,0,0,0,0,0,0,0,0,1,0,0,1,0,0,0,1,1,0,cellular,17,jul,1,-1,0,unknown,0
45,0,0,0,1,0,0,0,0,0,0,0,0,1,0,0,0,1,0,0,640,1,0,cellular,4,may,1,-1,0,unknown,1
43,0,1,0,0,0,0,0,0,0,0,0,0,1,0,0,0,1,0,0,253,0,0,cellular,21,aug,5,-1,0,unknown,0
58,0,0,0,0,0,0,1,0,0,0,0,0,1,0,0,0,1,0,0,169,0,0,cellular,15,feb,1,91,4,success,1
62,1,0,0,0,0,0,0,0,0,0,0,0,1,0,0,1,0,0,0,1859,0,0,telephone,6,aug,3,-1,0,unknown,1
43,1,0,0,0,0,0,0,0,0,0,0,0,0,0,1,0,1,0,0,51,0,0,cellular,2,feb,1,-1,0,unknown,1
59,0,0,0,0,0,0,0,0,0,0,1,0,0,0,1,0,0,1,1,0,0,1,cellular,25,jul,2,-1,0,unknown,0
27,1,0,0,0,0,0,0,0,0,0,0,0,0,1,0,1,0,0,0,1840,0,0,cellular,1,jun,1,28,8,other,1
26,0,0,0,0,0,0,0,1,0,0,0,0,0,1,0,0,1,0,0,50,1,0,cellular,12,aug,1,-1,0,unknown,0
35,0,0,0,0,0,0,1,0,0,0,0,0,1,0,0,0,1,0,0,1,1,0,cellular,9,jul,1,-1,0,unknown,0
55,0,1,0,0,0,0,0,0,0,0,0,0,1,0,0,0,1,0,0,176,1,0,cellular,28,jul,2,-1,0,unknown,0
37,1,0,0,0,0,0,0,0,0,0,0,0,1,0,0,1,0,0,0,387,0,0,cellular,26,jul,2,419,1,failure,0
52,1,0,0,0,0,0,0,0,0,0,0,0,0,0,1,1,0,0,0,-803,1,0,cellular,7,aug,3,-1,0,unknown,0
30,0,1,0,0,0,0,0,0,0,0,0,0,0,1,0,0,1,0,0,1416,0,0,telephone,19,nov,2,-1,0,unknown,0
30,1,0,0,0,0,0,0,0,0,0,0,0,1,0,0,1,0,0,0,233,1,0,unknown,14,may,10,-1,0,unknown,0
53,0,0,0,0,0,0,0,1,0,0,0,0,1,0,0,0,1,0,0,1788,1,0,unknown,29,may,2,-1,0,unknown,0
54,0,0,0,0,0,0,0,0,1,0,0,0,1,0,0,1,0,0,0,990,0,0,cellular,3,jun,2,-1,0,unknown,1
40,0,0,0,1,1,0,0,0,0,0,0,0,1,0,0,0,0,0,0,87,1,0,cellular,13,may,3,-1,0,unknown,1
44,0,0,0,1,0,0,0,0,0,0,0,0,1,0,0,0,0,1,0,3753,1,0,unknown,28,may,4,-1,0,unknown,0
49,1,0,0,0,0,0,0,0,0,0,0,0,0,0,1,1,0,0,0,20727,0,0,cellular,1,apr,3,132,2,failure,0
46,1,0,0,0,0,0,0,0,0,0,0,0,0,0,1,1,0,0,0,624,0,0,cellular,17,sep,2,183,2,success,1
31,0,0,0,1,0,0,0,0,0,0,0,0,1,0,0,0,1,0,0,-112,1,0,cellular,12,may,2,-1,0,unknown,0
53,1,0,0,0,0,0,0,0,0,0,0,0,0,0,1,1,0,0,0,50,1,0,cellular,15,may,1,337,3,failure,1
32,1,0,0,0,0,0,0,0,0,0,0,0,0,1,0,1,0,0,0,1512,0,1,cellular,14,aug,4,-1,0,unknown,0
32,0,0,0,0,0,0,0,0,1,0,0,0,0,1,0,1,0,0,0,0,1,0,cellular,6,may,1,-1,0,unknown,1
26,0,0,0,1,0,0,0,0,0,0,0,0,1,0,0,0,1,0,0,246,1,0,unknown,16,may,3,-1,0,unknown,1
49,0,0,1,0,0,0,0,0,0,0,0,0,0,1,0,0,1,0,0,5802,0,0,cellular,30,apr,2,-1,0,unknown,1
58,0,0,0,0,0,1,0,0,0,0,0,0,0,0,1,0,1,0,0,-808,1,0,cellular,8,may,4,-1,0,unknown,0
45,1,0,0,0,0,0,0,0,0,0,0,0,0,1,0,1,0,0,0,4831,0,0,cellular,29,jan,11,-1,0,unknown,1
45,0,0,0,1,0,0,0,0,0,0,0,0,1,0,0,0,0,1,0,0,0,0,unknown,23,may,5,-1,0,unknown,0
25,0,0,0,0,0,0,0,0,0,0,0,1,0,1,0,0,1,0,0,679,0,0,cellular,25,oct,5,94,6,other,1
59,0,0,0,0,0,1,0,0,0,0,0,0,0,0,1,0,1,0,0,1026,0,0,unknown,5,nov,1,-1,0,unknown,1
66,0,0,0,0,0,1,0,0,0,0,0,0,1,0,0,0,1,0,0,203,0,0,cellular,7,jul,1,-1,0,unknown,1
58,1,0,0,0,0,0,0,0,0,0,0,0,1,0,0,1,0,0,0,246,1,0,cellular,7,may,2,288,2,failure,0
67,0,0,0,0,1,1,0,0,0,0,0,0,1,0,0,0,0,0,0,2540,0,0,telephone,14,sep,3,92,9,success,1
41,0,0,0,0,0,0,0,1,0,0,0,0,1,0,0,0,1,0,0,0,1,1,cellular,4,jun,2,122,2,failure,1
39,0,0,0,0,0,0,0,1,0,0,0,0,0,1,0,0,1,0,0,3,0,1,unknown,3,jul,1,-1,0,unknown,0
27,0,1,0,0,0,0,0,0,0,0,0,0,0,1,0,0,1,0,0,151,0,0,cellular,30,jul,3,-1,0,unknown,0
57,0,0,0,0,0,0,0,0,0,1,0,0,1,0,0,0,0,1,0,0,1,0,cellular,20,nov,2,-1,0,unknown,0
25,1,0,0,0,0,0,0,0,0,0,0,0,0,1,0,1,0,0,0,808,0,0,cellular,18,sep,2,114,2,failure,1
56,1,0,0,0,0,0,0,0,0,0,0,0,1,0,0,0,0,1,0,870,0,0,cellular,16,nov,1,-1,0,unknown,1
47,0,0,0,0,0,0,0,1,0,0,0,0,1,0,0,0,1,0,0,51,1,1,unknown,16,may,1,-1,0,unknown,0
46,1,0,0,0,0,0,0,0,0,0,0,0,0,0,1,0,1,0,0,177,0,0,cellular,20,aug,2,-1,0,unknown,0
27,0,0,0,0,0,0,1,0,0,0,0,0,1,0,0,0,1,0,0,1595,0,0,cellular,29,dec,2,197,2,success,1
40,0,0,0,1,0,0,0,0,0,0,0,0,0,1,0,0,1,0,0,1101,1,0,unknown,16,may,1,-1,0,unknown,0
25,0,0,0,0,0,0,0,0,0,0,0,1,0,1,0,0,1,0,0,4147,0,0,cellular,14,aug,3,-1,0,unknown,1
34,0,0,0,0,0,0,1,0,0,0,0,0,0,1,0,0,1,0,0,1,1,0,cellular,9,feb,7,280,1,other,0
28,0,0,0,0,0,0,0,1,0,0,0,0,0,1,0,0,1,0,0,168,0,0,cellular,1,jun,3,140,2,success,1
50,0,0,0,0,1,0,0,0,0,1,0,0,0,0,1,0,0,0,0,1088,0,0,cellular,2,feb,1,-1,0,unknown,1
31,1,0,0,0,0,0,0,0,0,0,0,0,0,1,0,1,0,0,0,59,1,1,cellular,6,may,2,363,1,failure,1
56,1,0,0,0,0,0,0,0,0,0,0,0,0,0,1,1,0,0,0,2959,1,0,telephone,18,may,1,-1,0,unknown,0
33,0,0,0,1,0,0,0,0,0,0,0,0,1,0,0,0,0,1,0,170,1,1,telephone,14,may,3,367,4,other,0
35,0,0,0,0,0,0,0,1,0,0,0,0,0,1,0,0,0,1,0,167,0,1,cellular,11,jul,2,-1,0,unknown,1
35,0,0,0,0,0,0,1,0,0,0,0,0,0,0,1,0,1,0,0,454,1,0,cellular,10,jul,1,-1,0,unknown,0
81,0,0,0,0,0,1,0,0,0,0,0,0,1,0,0,0,0,1,0,243,0,0,cellular,27,jan,1,92,1,success,1
34,0,0,0,0,0,0,1,0,0,0,0,0,0,1,0,1,0,0,0,625,0,1,unknown,31,aug,1,-1,0,unknown,1
39,0,0,0,0,0,0,0,1,0,0,0,0,1,0,0,0,1,0,0,52,0,0,telephone,2,feb,3,-1,0,unknown,1
46,0,0,0,1,0,0,0,0,0,0,0,0,1,0,0,0,0,1,0,1303,0,0,cellular,4,aug,1,-1,0,unknown,0
34,0,0,0,0,0,0,1,0,0,0,0,0,1,0,0,1,0,0,0,882,0,0,cellular,13,aug,1,113,5,success,0
34,0,0,0,0,0,0,0,1,0,0,0,0,1,0,0,1,0,0,0,277,1,0,cellular,17,apr,4,-1,0,unknown,0
36,0,1,0,0,0,0,0,0,0,0,0,0,0,1,0,1,0,0,0,470,1,0,cellular,16,apr,3,265,13,success,0
34,1,0,0,0,0,0,0,0,0,0,0,0,0,1,0,1,0,0,0,268,0,0,cellular,7,sep,1,-1,0,unknown,1
57,0,0,0,0,0,0,1,0,0,0,0,0,1,0,0,0,1,0,0,169,0,0,cellular,14,aug,1,106,2,failure,0
57,0,0,0,0,1,0,0,0,0,0,0,0,1,0,0,0,0,0,0,19268,0,0,unknown,23,oct,1,-1,0,unknown,1
40,0,0,1,0,0,0,0,0,0,0,0,0,1,0,0,0,1,0,0,1532,1,1,cellular,18,nov,7,-1,0,unknown,0
37,0,0,0,0,0,0,0,1,0,0,0,0,1,0,0,0,1,0,0,343,1,1,cellular,7,jul,7,-1,0,unknown,0
42,0,0,0,0,0,0,0,0,0,1,0,0,1,0,0,0,1,0,0,1289,0,0,cellular,15,oct,3,92,6,success,1
32,0,0,0,1,0,0,0,0,0,0,0,0,1,0,0,0,1,0,0,136,0,0,cellular,16,nov,1,188,3,success,1
37,0,1,0,0,0,0,0,0,0,0,0,0,0,1,0,1,0,0,0,0,1,0,cellular,23,jul,6,-1,0,unknown,1
62,1,0,0,0,0,0,0,0,0,0,0,0,1,0,0,1,0,0,0,7458,0,0,cellular,30,oct,2,-1,0,unknown,1
52,1,0,0,0,0,0,0,0,0,0,0,0,1,0,0,0,1,0,0,335,0,0,cellular,21,oct,1,182,1,failure,1
25,0,1,0,0,0,0,0,0,0,0,0,0,0,1,0,0,1,0,0,139,0,1,cellular,12,oct,1,-1,0,unknown,1
36,0,0,0,0,0,0,0,0,1,0,0,0,1,0,0,1,0,0,0,2017,0,0,cellular,29,jul,18,-1,0,unknown,0
47,1,0,0,0,0,0,0,0,0,0,0,0,0,1,0,0,1,0,0,-246,1,0,cellular,5,may,1,365,2,failure,0
46,0,0,0,0,0,0,0,0,1,0,0,0,1,0,0,1,0,0,0,1148,0,0,telephone,29,jul,2,-1,0,unknown,0
35,0,1,0,0,0,0,0,0,0,0,0,0,0,1,0,1,0,0,0,5301,0,0,cellular,21,nov,2,-1,0,unknown,1
34,0,0,0,0,0,0,0,1,0,0,0,0,1,0,0,0,1,0,0,-196,1,1,unknown,26,may,1,-1,0,unknown,0
54,1,0,0,0,0,0,0,0,0,0,0,0,0,0,1,1,0,0,0,2037,0,0,cellular,2,feb,1,-1,0,unknown,0
34,0,1,0,0,0,0,0,0,0,0,0,0,0,1,0,0,1,0,0,1763,0,0,cellular,11,aug,2,-1,0,unknown,0
32,0,0,0,1,0,0,0,0,0,0,0,0,1,0,0,0,1,0,0,113,1,1,unknown,20,may,2,-1,0,unknown,0
39,0,1,0,0,0,0,0,0,0,0,0,0,1,0,0,0,1,0,0,462,0,0,cellular,27,aug,4,-1,0,unknown,0
60,0,0,0,0,0,1,0,0,0,0,0,0,1,0,0,0,0,1,0,957,0,0,cellular,6,aug,2,-1,0,unknown,0
32,0,0,0,1,0,0,0,0,0,0,0,0,1,0,0,0,0,1,0,415,1,0,unknown,2,jun,4,-1,0,unknown,1
45,0,0,0,1,0,0,0,0,0,0,0,0,1,0,0,0,0,1,0,456,1,0,cellular,11,may,1,-1,0,unknown,0
33,0,1,0,0,0,0,0,0,0,0,0,0,0,1,0,1,0,0,0,258,0,0,cellular,12,mar,4,-1,0,unknown,1
27,0,0,0,0,0,0,0,0,0,1,0,0,0,1,0,0,0,1,0,1088,0,0,cellular,3,feb,1,-1,0,unknown,0
33,0,0,0,1,0,0,0,0,0,0,0,0,0,1,0,0,1,0,0,498,0,0,cellular,30,apr,1,-1,0,unknown,1
47,1,0,0,0,0,0,0,0,0,0,0,0,1,0,0,0,0,1,0,1122,1,0,cellular,20,apr,5,-1,0,unknown,0
48,0,1,0,0,0,0,0,0,0,0,0,0,1,0,0,0,1,0,1,0,0,0,unknown,30,may,1,-1,0,unknown,1
36,0,1,0,0,0,0,0,0,0,0,0,0,0,1,0,0,1,0,0,125,1,0,cellular,15,may,3,-1,0,unknown,1
33,0,0,0,0,0,0,0,0,1,0,0,0,0,1,0,1,0,0,0,94,1,0,cellular,5,may,2,-1,0,unknown,1
59,0,0,0,0,0,0,1,0,0,0,0,0,1,0,0,0,1,0,0,-797,0,1,cellular,17,jul,3,-1,0,unknown,0
56,0,0,0,1,0,0,0,0,0,0,0,0,1,0,0,0,0,1,0,3498,0,0,cellular,15,apr,2,-1,0,unknown,1
32,0,1,0,0,0,0,0,0,0,0,0,0,0,1,0,1,0,0,0,539,1,1,unknown,23,may,2,-1,0,unknown,0
45,0,1,0,0,0,0,0,0,0,0,0,0,1,0,0,0,0,1,0,3388,0,0,unknown,19,jun,7,-1,0,unknown,0
44,0,1,0,0,0,0,0,0,0,0,0,0,0,0,1,0,1,0,0,268,0,0,unknown,17,jun,6,-1,0,unknown,0
32,0,1,0,0,0,0,0,0,0,0,0,0,0,1,0,0,1,0,0,43,0,0,cellular,5,aug,1,-1,0,unknown,0
32,0,0,0,0,0,0,0,0,0,1,0,0,0,1,0,0,0,1,1,0,0,0,cellular,21,nov,1,-1,0,unknown,0
34,1,0,0,0,0,0,0,0,0,0,0,0,1,0,0,1,0,0,0,703,1,0,cellular,14,apr,1,-1,0,unknown,1
33,1,0,0,0,0,0,0,0,0,0,0,0,1,0,0,1,0,0,0,71,0,0,cellular,26,feb,3,102,2,failure,1
28,0,0,0,0,0,0,0,0,1,0,0,0,1,0,0,0,1,0,0,123,0,1,telephone,22,oct,1,-1,0,unknown,1
59,1,0,0,0,0,0,0,0,0,0,0,0,0,0,1,0,1,0,0,0,1,0,unknown,28,may,6,-1,0,unknown,0
48,1,0,0,0,1,0,0,0,0,0,0,0,0,1,0,0,0,0,0,1009,1,0,cellular,9,feb,5,256,1,other,0
27,0,1,0,0,0,0,0,0,0,0,0,0,0,1,0,1,0,0,0,1075,0,0,cellular,2,sep,2,184,1,success,1
25,0,1,0,0,0,0,0,0,0,0,0,0,0,1,0,0,1,0,0,505,0,1,cellular,17,nov,2,-1,0,unknown,1
36,0,0,0,0,0,0,1,0,0,0,0,0,0,1,0,0,1,0,0,0,1,1,telephone,7,may,1,168,3,failure,0
39,0,0,0,0,1,0,0,0,0,0,0,0,1,0,0,0,0,1,0,6999,0,0,cellular,6,aug,2,-1,0,unknown,0
59,0,0,0,0,0,1,0,0,0,0,0,0,1,0,0,0,0,1,0,143,1,0,unknown,19,jun,1,-1,0,unknown,0
61,0,0,0,0,0,1,0,0,0,0,0,0,1,0,0,0,0,1,0,8729,0,0,cellular,30,oct,1,-1,0,unknown,1
41,0,0,0,1,0,0,0,0,0,0,0,0,1,0,0,0,0,1,0,236,1,0,telephone,11,may,1,356,2,failure,0
32,1,0,0,0,0,0,0,0,0,0,0,0,1,0,0,1,0,0,0,2213,0,0,cellular,28,aug,7,-1,0,unknown,0
43,0,0,1,0,0,0,0,0,0,0,0,0,1,0,0,1,0,0,0,5506,0,1,unknown,6,jun,1,-1,0,unknown,0
34,0,0,0,0,0,0,0,1,0,0,0,0,1,0,0,0,1,0,0,40,1,0,cellular,17,jul,2,-1,0,unknown,0
23,1,0,0,0,0,0,0,0,0,0,0,0,0,1,0,0,1,0,0,85,1,0,unknown,19,may,2,-1,0,unknown,0
36,0,0,0,1,0,0,0,0,0,0,0,0,1,0,0,0,1,0,0,937,1,0,telephone,2,feb,4,-1,0,unknown,0
40,0,0,0,0,0,0,0,0,0,1,0,0,0,1,0,1,0,0,0,7968,0,0,cellular,2,jun,1,-1,0,unknown,1
49,0,1,0,0,0,0,0,0,0,0,0,0,1,0,0,1,0,0,0,523,1,0,cellular,3,mar,2,-1,0,unknown,1
28,0,1,0,0,0,0,0,0,0,0,0,0,0,1,0,1,0,0,0,676,0,0,cellular,5,feb,2,-1,0,unknown,1
34,1,0,0,0,0,0,0,0,0,0,0,0,1,0,0,1,0,0,0,3047,0,0,cellular,30,apr,1,160,5,other,1
69,0,0,0,0,0,1,0,0,0,0,0,0,1,0,0,0,1,0,0,0,0,0,cellular,27,jul,1,90,4,success,1
57,0,1,0,0,0,0,0,0,0,0,0,0,0,0,1,0,1,0,0,204,0,0,unknown,6,jun,5,-1,0,unknown,0
33,0,0,0,0,0,0,1,0,0,0,0,0,0,1,0,0,1,0,0,223,1,1,cellular,14,may,11,352,4,failure,0
36,0,1,0,0,0,0,0,0,0,0,0,0,0,1,0,0,1,0,0,12264,0,0,cellular,12,apr,2,-1,0,unknown,1
55,1,0,0,0,1,0,0,0,0,0,0,0,1,0,0,0,0,0,0,1504,1,0,cellular,22,may,2,-1,0,unknown,1
53,1,0,0,0,0,0,0,0,0,0,0,0,0,0,1,1,0,0,0,627,1,0,cellular,17,nov,3,-1,0,unknown,0
50,1,0,0,0,0,0,0,0,0,0,0,0,1,0,0,1,0,0,0,1612,0,0,cellular,15,sep,1,92,4,success,0
47,0,0,0,0,0,0,0,0,0,0,1,0,1,0,0,0,1,0,0,3940,1,0,cellular,5,aug,3,97,2,failure,1
45,0,0,0,1,0,0,0,0,0,0,0,0,1,0,0,0,1,0,0,241,0,0,cellular,13,aug,5,-1,0,unknown,0
49,1,0,0,0,0,0,0,0,0,0,0,0,1,0,0,1,0,0,0,1167,1,1,cellular,25,jun,6,150,8,failure,1
44,0,0,0,0,0,0,0,1,0,0,0,0,0,1,0,0,1,0,0,2886,0,0,unknown,20,jun,1,-1,0,unknown,0
31,1,0,0,0,0,0,0,0,0,0,0,0,0,0,1,1,0,0,0,71,0,0,cellular,12,mar,1,-1,0,unknown,1
43,1,0,0,0,0,0,0,0,0,0,0,0,0,1,0,1,0,0,0,11891,0,0,cellular,4,dec,5,242,1,success,1
33,0,0,0,1,0,0,0,0,0,0,0,0,0,1,0,1,0,0,0,3446,1,0,cellular,28,apr,2,-1,0,unknown,0
32,0,1,0,0,0,0,0,0,0,0,0,0,0,1,0,1,0,0,0,665,1,0,cellular,21,nov,5,-1,0,unknown,0
49,0,0,0,0,0,0,0,1,0,0,0,0,1,0,0,0,1,0,0,1314,0,0,cellular,14,aug,14,-1,0,unknown,1
51,0,0,0,0,0,0,0,0,0,1,0,0,1,0,0,1,0,0,0,1801,0,0,cellular,16,apr,3,-1,0,unknown,1
33,0,0,0,0,0,0,0,0,0,0,1,0,1,0,0,0,1,0,0,826,1,0,cellular,11,may,1,-1,0,unknown,0
28,1,0,0,0,0,0,0,0,0,0,0,0,0,1,0,1,0,0,0,6784,0,0,cellular,1,oct,1,115,3,other,1
36,0,1,0,0,0,0,0,0,0,0,0,0,0,1,0,0,1,0,0,301,1,1,cellular,29,jul,1,-1,0,unknown,0
54,0,0,0,0,1,0,0,0,0,0,0,0,1,0,0,0,1,0,0,2206,0,0,cellular,12,nov,1,99,2,other,1
35,0,1,0,0,0,0,0,0,0,0,0,0,1,0,0,0,1,0,0,31,0,0,cellular,25,aug,8,-1,0,unknown,0
32,0,1,0,0,0,0,0,0,0,0,0,0,0,1,0,0,1,0,0,0,0,0,cellular,20,aug,4,-1,0,unknown,0
41,0,0,0,1,0,0,0,0,0,0,0,0,1,0,0,0,1,0,0,306,1,0,telephone,11,may,1,369,2,failure,0
32,0,0,0,0,0,0,0,0,1,0,0,0,0,1,0,1,0,0,0,1815,0,0,telephone,10,aug,1,102,2,failure,1
26,1,0,0,0,0,0,0,0,0,0,0,0,0,1,0,1,0,0,0,1623,0,0,cellular,2,jun,1,-1,0,unknown,1
45,0,1,0,0,0,0,0,0,0,0,0,0,1,0,0,0,1,0,0,1998,0,0,cellular,4,may,5,-1,0,unknown,1
59,0,0,0,0,0,1,0,0,0,0,0,0,1,0,0,1,0,0,0,1296,0,0,cellular,11,aug,11,-1,0,unknown,0
35,1,0,0,0,0,0,0,0,0,0,0,0,1,0,0,0,1,0,0,724,1,0,cellular,14,jul,2,415,1,failure,1
47,0,1,0,0,0,0,0,0,0,0,0,0,0,1,0,0,1,0,0,1101,1,0,cellular,23,jul,3,-1,0,unknown,1
41,0,0,1,0,0,0,0,0,0,0,0,0,1,0,0,1,0,0,0,221,1,0,unknown,14,may,2,-1,0,unknown,0
30,0,0,0,1,0,0,0,0,0,0,0,0,0,1,0,0,1,0,0,0,1,0,cellular,14,jul,2,-1,0,unknown,0
30,0,1,0,0,0,0,0,0,0,0,0,0,0,1,0,0,1,0,0,0,0,0,cellular,21,aug,4,-1,0,unknown,0
34,1,0,0,0,0,0,0,0,0,0,0,0,1,0,0,1,0,0,0,16,1,0,telephone,29,sep,1,119,1,other,1
25,0,0,0,1,0,0,0,0,0,0,0,0,0,1,0,0,1,0,0,189,0,1,cellular,8,jul,2,-1,0,unknown,1
33,0,1,0,0,0,0,0,0,0,0,0,0,1,0,0,0,1,0,0,2147,0,0,cellular,7,sep,1,94,1,other,0
38,0,0,0,1,0,0,0,0,0,0,0,0,1,0,0,0,0,1,0,398,1,1,cellular,17,apr,1,332,1,failure,0
52,0,1,0,0,0,0,0,0,0,0,0,0,1,0,0,1,0,0,0,1405,1,1,unknown,30,may,1,-1,0,unknown,0
34,0,0,1,0,0,0,0,0,0,0,0,0,1,0,0,0,0,1,0,7279,1,0,cellular,12,may,1,-1,0,unknown,1
24,0,0,0,0,0,0,0,0,0,0,0,1,0,1,0,0,1,0,0,1809,0,0,cellular,11,oct,1,95,2,success,1
33,0,0,0,1,0,0,0,0,0,0,0,0,0,1,0,0,1,0,0,15341,0,0,cellular,20,apr,1,334,3,failure,0
33,0,0,0,0,0,0,0,1,0,0,0,0,1,0,0,0,1,0,0,703,0,0,cellular,18,nov,2,-1,0,unknown,0
68,0,0,0,0,0,1,0,0,0,0,0,0,1,0,0,1,0,0,0,2812,0,0,cellular,3,feb,2,181,1,failure,1
27,1,0,0,0,0,0,0,0,0,0,0,0,0,1,0,1,0,0,0,1081,0,1,cellular,30,jan,3,206,2,other,0
48,0,0,0,1,0,0,0,0,0,0,0,0,1,0,0,0,0,1,0,3886,0,0,cellular,11,aug,2,-1,0,unknown,0
33,1,0,0,0,0,0,0,0,0,0,0,0,0,1,0,1,0,0,0,87,0,0,cellular,12,aug,1,-1,0,unknown,1
53,0,0,0,1,0,0,0,0,0,0,0,0,1,0,0,0,1,0,0,1777,1,0,cellular,21,nov,5,154,1,failure,1
56,0,0,0,0,0,0,0,0,0,1,0,0,0,0,1,0,1,0,0,763,0,0,unknown,6,jun,2,-1,0,unknown,0
43,0,1,0,0,0,0,0,0,0,0,0,0,0,1,0,0,1,0,0,33,1,0,unknown,27,may,10,-1,0,unknown,0
35,1,0,0,0,0,0,0,0,0,0,0,0,0,1,0,1,0,0,0,-324,0,1,cellular,21,jul,11,-1,0,unknown,1
39,0,0,0,1,0,0,0,0,0,0,0,0,0,0,1,0,1,0,0,0,1,0,cellular,12,may,7,-1,0,unknown,0
48,0,1,0,0,0,0,0,0,0,0,0,0,1,0,0,0,1,0,0,545,0,0,unknown,6,jun,1,-1,0,unknown,0
64,0,0,0,0,0,1,0,0,0,0,0,0,1,0,0,0,1,0,0,588,0,0,cellular,16,jul,1,179,3,success,1
33,0,0,0,0,0,0,0,1,0,0,0,0,1,0,0,0,1,0,0,610,0,1,cellular,19,aug,7,-1,0,unknown,0
26,0,0,0,1,0,0,0,0,0,0,0,0,0,1,0,0,1,0,0,26,1,1,cellular,15,may,1,-1,0,unknown,1
46,1,0,0,0,0,0,0,0,0,0,0,0,1,0,0,1,0,0,0,2817,0,0,cellular,17,sep,1,-1,0,unknown,1
25,1,0,0,0,1,0,0,0,0,0,0,0,1,0,0,0,0,0,0,448,0,0,cellular,5,feb,1,297,1,success,1
32,1,0,0,0,0,0,0,0,0,0,0,0,0,1,0,1,0,0,0,0,1,1,cellular,17,nov,2,-1,0,unknown,0
57,0,0,0,0,0,1,0,0,0,0,0,0,0,0,1,0,0,1,1,0,0,1,cellular,24,jul,2,-1,0,unknown,0
47,0,0,0,1,0,0,0,0,0,0,0,0,1,0,0,0,0,1,0,-58,1,0,cellular,18,jul,2,-1,0,unknown,0
40,0,0,0,0,0,0,0,0,0,1,0,0,0,1,0,1,0,0,0,7968,0,0,cellular,2,mar,2,180,2,success,1
52,0,0,0,1,0,0,0,0,0,0,0,0,1,0,0,0,1,0,0,3510,1,0,telephone,24,jul,7,-1,0,unknown,0
37,0,0,0,1,0,0,0,0,0,0,0,0,1,0,0,0,1,0,0,3884,1,0,cellular,20,apr,5,-1,0,unknown,0
38,0,0,0,0,0,0,0,1,0,0,0,0,1,0,0,0,1,0,0,4017,0,0,cellular,4,aug,1,96,3,success,1
32,0,1,0,0,0,0,0,0,0,0,0,0,1,0,0,1,0,0,0,636,1,0,cellular,28,aug,1,116,4,success,1
33,0,0,0,0,0,0,0,0,1,0,0,0,0,1,0,1,0,0,0,658,1,0,cellular,12,apr,1,173,2,success,0
51,0,0,0,0,0,0,0,1,0,0,0,0,0,0,1,0,1,0,0,9,0,0,unknown,18,jun,2,-1,0,unknown,1
54,0,1,0,0,0,0,0,0,0,0,0,0,1,0,0,0,1,0,0,10185,0,0,cellular,12,feb,1,186,3,success,1
32,1,0,0,0,0,0,0,0,0,0,0,0,1,0,0,1,0,0,0,6138,0,0,cellular,29,jul,2,90,9,failure,1
53,1,0,0,0,0,0,0,0,0,0,0,0,1,0,0,0,0,1,0,13901,1,0,cellular,21,nov,1,-1,0,unknown,0
55,1,0,0,0,0,0,0,0,0,0,0,0,0,0,1,1,0,0,0,0,0,0,cellular,18,aug,4,-1,0,unknown,1
47,0,0,0,1,0,0,0,0,0,0,0,0,1,0,0,0,1,0,0,273,1,0,unknown,4,jun,1,-1,0,unknown,0
36,0,1,0,0,0,0,0,0,0,0,0,0,1,0,0,0,1,0,0,-531,0,0,cellular,14,may,3,-1,0,unknown,0
31,1,0,0,0,0,0,0,0,0,0,0,0,0,1,0,1,0,0,0,4533,0,0,cellular,14,jun,3,98,3,other,0
37,0,0,0,1,0,0,0,0,0,0,0,0,0,0,1,0,1,0,0,-333,1,0,unknown,27,may,1,-1,0,unknown,0
49,0,0,1,0,0,0,0,0,0,0,0,0,1,0,0,1,0,0,0,313,1,0,cellular,17,nov,2,188,2,failure,0
36,0,0,0,0,0,0,0,0,0,0,1,0,1,0,0,0,1,0,0,0,0,1,telephone,15,jul,3,-1,0,unknown,0
46,0,1,0,0,0,0,0,0,0,0,0,0,0,1,0,1,0,0,0,4414,0,0,cellular,18,aug,7,-1,0,unknown,1
51,0,0,0,1,0,0,0,0,0,0,0,0,1,0,0,0,0,1,0,196,1,0,unknown,16,may,1,-1,0,unknown,0
27,0,0,0,0,0,0,0,1,0,0,0,0,0,1,0,0,1,0,0,339,0,0,cellular,4,jun,1,-1,0,unknown,1
49,0,0,0,1,0,0,0,0,0,0,0,0,1,0,0,0,0,1,0,3,0,1,cellular,9,jul,6,-1,0,unknown,1
42,0,1,0,0,0,0,0,0,0,0,0,0,1,0,0,1,0,0,0,13410,0,1,cellular,14,aug,2,-1,0,unknown,0
39,0,1,0,0,0,0,0,0,0,0,0,0,1,0,0,0,1,0,0,1587,1,0,cellular,2,jun,3,-1,0,unknown,1
42,1,0,0,0,0,0,0,0,0,0,0,0,0,0,1,1,0,0,0,742,1,0,unknown,5,may,3,-1,0,unknown,0
37,1,0,0,0,0,0,0,0,0,0,0,0,1,0,0,1,0,0,0,4089,1,0,cellular,2,feb,2,174,4,other,1
34,0,0,0,1,0,0,0,0,0,0,0,0,1,0,0,0,0,1,0,431,1,0,cellular,15,may,1,-1,0,unknown,0
27,0,0,0,0,0,0,0,1,0,0,0,0,1,0,0,0,1,0,0,0,1,0,cellular,17,jul,5,-1,0,unknown,1
56,0,0,0,0,0,0,1,0,0,0,0,0,0,1,0,0,1,0,0,4118,0,0,telephone,27,may,1,-1,0,unknown,1
39,1,0,0,0,0,0,0,0,0,0,0,0,1,0,0,1,0,0,0,-190,0,1,unknown,11,jun,8,-1,0,unknown,1
54,1,0,0,0,0,0,0,0,0,0,0,0,1,0,0,1,0,0,0,8295,0,0,cellular,5,jun,1,-1,0,unknown,1
49,0,0,0,0,0,0,0,1,0,0,0,0,1,0,0,0,0,1,0,1830,1,0,cellular,15,feb,1,-1,0,unknown,1
34,1,0,0,0,0,0,0,0,0,0,0,0,1,0,0,1,0,0,0,2892,1,1,cellular,30,jul,7,-1,0,unknown,0
58,1,0,0,0,0,0,0,0,0,0,0,0,1,0,0,1,0,0,0,96,0,0,cellular,21,nov,1,-1,0,unknown,1
65,0,0,0,0,0,1,0,0,0,0,0,0,1,0,0,0,1,0,0,2326,0,1,cellular,21,aug,1,-1,0,unknown,1
55,0,0,0,0,0,1,0,0,0,0,0,0,0,0,1,0,1,0,0,366,0,0,telephone,11,dec,1,-1,0,unknown,0
59,1,0,0,0,0,0,0,0,0,0,0,0,1,0,0,1,0,0,0,1,1,0,cellular,29,apr,1,-1,0,unknown,1
63,0,0,0,0,0,1,0,0,0,0,0,0,1,0,0,0,0,1,0,48,0,0,cellular,9,jun,1,-1,0,unknown,1
31,1,0,0,0,0,0,0,0,0,0,0,0,1,0,0,0,1,0,0,8629,1,0,cellular,21,nov,1,184,2,failure,1
31,0,0,0,0,0,0,1,0,0,0,0,0,1,0,0,0,1,0,0,454,1,0,unknown,4,jun,1,-1,0,unknown,0
55,0,1,0,0,0,0,0,0,0,0,0,0,1,0,0,1,0,0,0,0,0,0,cellular,17,nov,1,-1,0,unknown,0
57,0,1,0,0,1,0,0,0,0,0,0,0,1,0,0,0,0,0,0,587,0,0,telephone,5,feb,3,-1,0,unknown,0
28,0,0,0,1,0,0,0,0,0,0,0,0,1,0,0,0,1,0,0,4287,0,0,cellular,30,apr,1,-1,0,unknown,0
44,0,0,0,1,0,0,0,0,0,0,0,0,1,0,0,0,0,1,0,2791,0,0,unknown,18,jun,1,-1,0,unknown,0
60,0,0,0,0,0,0,1,0,0,0,0,0,0,0,1,0,1,0,0,663,0,1,cellular,30,jan,3,197,1,other,0
58,0,0,0,1,0,0,0,0,0,0,0,0,1,0,0,0,0,1,0,226,1,0,cellular,14,jul,2,-1,0,unknown,0
44,0,1,0,0,0,0,0,0,0,0,0,0,0,1,0,1,0,0,0,342,1,0,cellular,22,jul,1,-1,0,unknown,0
59,1,0,0,0,0,0,0,0,0,0,0,0,1,0,0,0,0,1,0,252,1,1,cellular,17,nov,1,175,2,failure,0
39,0,0,0,0,0,0,0,1,0,0,0,0,1,0,0,0,1,0,0,53,0,0,unknown,5,mar,1,394,1,failure,1
27,1,0,0,0,0,0,0,0,0,0,0,0,0,1,0,1,0,0,0,2420,1,0,unknown,12,may,2,-1,0,unknown,0
29,0,0,0,0,0,0,0,0,0,1,0,0,0,1,0,1,0,0,0,991,0,0,cellular,5,feb,1,-1,0,unknown,0
31,0,0,0,0,0,0,0,0,0,1,0,0,0,1,0,1,0,0,0,302,0,0,cellular,3,feb,1,357,3,success,1
45,0,0,0,1,0,0,0,0,0,0,0,0,1,0,0,0,1,0,0,2246,1,1,cellular,21,nov,2,99,2,other,0
37,0,0,0,1,1,0,0,0,0,0,0,0,1,0,0,0,0,0,0,1508,0,1,unknown,6,jun,2,-1,0,unknown,1
33,1,0,0,0,0,0,0,0,0,0,0,0,0,1,0,1,0,0,0,7084,0,0,cellular,27,aug,8,-1,0,unknown,1
45,0,1,0,0,0,0,0,0,0,0,0,0,0,1,0,1,0,0,0,2033,0,0,cellular,15,jun,5,285,2,success,1
52,0,0,0,1,0,0,0,0,0,0,0,0,1,0,0,0,1,0,0,955,0,1,cellular,17,jun,2,134,4,success,1
30,0,0,0,1,0,0,0,0,0,0,0,0,0,1,0,0,1,0,1,4,1,0,unknown,23,may,3,-1,0,unknown,0
34,0,0,0,0,0,0,1,0,0,0,0,0,1,0,0,1,0,0,0,142,1,0,cellular,13,may,1,-1,0,unknown,1
38,1,0,0,0,0,0,0,0,0,0,0,0,1,0,0,1,0,0,0,1276,0,0,cellular,17,may,2,182,3,success,1
31,0,0,0,1,0,0,0,0,0,0,0,0,1,0,0,0,0,1,0,-537,1,1,cellular,21,jul,7,-1,0,unknown,1
59,1,0,0,0,0,0,0,0,0,0,0,0,1,0,0,1,0,0,0,287,1,0,cellular,20,apr,2,242,8,failure,0
32,0,0,0,0,0,0,0,0,0,0,0,1,0,1,0,0,1,0,0,0,0,0,cellular,21,nov,1,-1,0,unknown,0
28,0,0,0,1,0,0,0,0,0,0,0,0,0,1,0,0,1,0,0,759,1,0,unknown,9,may,1,-1,0,unknown,1
29,0,0,0,0,1,0,0,0,0,0,0,1,0,1,0,0,0,0,0,10332,0,0,cellular,2,nov,3,-1,0,unknown,1
32,0,0,0,1,0,0,0,0,0,0,0,0,1,0,0,0,1,0,0,254,1,0,cellular,19,nov,3,-1,0,unknown,1
33,0,0,0,0,0,0,1,0,0,0,0,0,1,0,0,0,1,0,0,0,1,0,cellular,17,nov,1,-1,0,unknown,0
27,0,0,0,0,0,0,0,1,0,0,0,0,0,1,0,0,1,0,0,259,1,0,unknown,23,may,10,-1,0,unknown,0
33,0,0,0,0,0,0,0,1,0,0,0,0,1,0,0,0,1,0,0,1697,0,0,cellular,3,nov,1,-1,0,unknown,1
29,0,0,0,0,0,0,0,1,0,0,0,0,1,0,0,1,0,0,0,-62,1,1,cellular,25,jul,1,-1,0,unknown,0
41,0,0,0,0,0,0,0,0,1,0,0,0,0,1,0,1,0,0,0,1081,0,0,cellular,27,may,3,-1,0,unknown,1
34,0,0,0,0,0,0,0,1,0,0,0,0,0,1,0,0,1,0,0,258,1,0,unknown,4,jun,2,-1,0,unknown,0
29,0,0,0,0,0,0,0,1,0,0,0,0,1,0,0,1,0,0,0,62,1,1,unknown,16,may,2,-1,0,unknown,0
32,0,0,0,0,0,0,1,0,0,0,0,0,0,1,0,0,1,0,0,314,0,1,cellular,23,apr,4,156,1,other,0
39,1,0,0,0,0,0,0,0,0,0,0,0,0,0,1,1,0,0,0,517,1,1,unknown,14,may,1,-1,0,unknown,1
47,0,0,0,0,0,0,0,0,0,0,1,0,1,0,0,1,0,0,0,228,1,0,cellular,22,jul,1,-1,0,unknown,0
42,0,1,0,0,0,0,0,0,0,0,0,0,1,0,0,0,1,0,0,994,1,0,cellular,18,jan,1,67,9,success,1
62,0,0,0,0,0,0,0,0,0,1,0,0,1,0,0,0,1,0,0,780,0,0,cellular,28,aug,2,-1,0,unknown,1
40,0,0,0,0,0,0,0,0,0,1,0,0,0,1,0,1,0,0,0,72,0,0,cellular,30,apr,1,-1,0,unknown,1
26,0,0,0,1,0,0,0,0,0,0,0,0,0,0,1,0,1,0,0,0,1,0,unknown,19,may,3,-1,0,unknown,0
39,0,0,0,0,0,0,0,1,0,0,0,0,0,1,0,0,1,0,0,403,1,0,cellular,7,may,3,-1,0,unknown,1
32,0,0,0,0,0,0,1,0,0,0,0,0,1,0,0,0,1,0,0,0,1,0,cellular,30,apr,2,-1,0,unknown,1
53,0,0,0,0,0,0,1,0,0,0,0,0,0,1,0,0,1,0,0,654,0,0,unknown,10,jul,1,-1,0,unknown,1
36,0,1,0,0,0,0,0,0,0,0,0,0,1,0,0,0,1,0,0,632,1,0,cellular,19,aug,2,-1,0,unknown,0
47,1,0,0,0,0,0,0,0,0,0,0,0,1,0,0,1,0,0,0,2306,0,0,telephone,6,aug,4,-1,0,unknown,1
32,1,0,0,0,0,0,0,0,0,0,0,0,0,1,0,1,0,0,0,2016,0,0,cellular,13,apr,1,348,1,success,1
55,0,1,0,0,0,0,0,0,0,0,0,0,1,0,0,0,1,0,0,3207,0,0,cellular,28,aug,12,-1,0,unknown,0
56,0,0,0,0,0,0,1,0,0,0,0,0,0,1,0,0,1,0,0,1854,1,0,telephone,7,may,1,342,2,failure,0
36,0,0,0,0,0,0,1,0,0,0,0,0,1,0,0,0,1,0,0,131,1,0,cellular,2,feb,1,-1,0,unknown,0
39,0,0,1,0,0,0,0,0,0,0,0,0,1,0,0,0,1,0,0,2139,1,0,cellular,15,may,4,371,1,failure,1
19,0,0,0,0,0,0,0,0,0,0,0,1,0,1,0,0,0,1,0,608,0,0,cellular,12,may,1,180,2,success,1
43,0,0,0,1,0,0,0,0,0,0,0,0,1,0,0,0,0,1,0,2901,1,0,cellular,13,apr,4,-1,0,unknown,0
41,1,0,0,0,0,0,0,0,0,0,0,0,1,0,0,0,0,1,0,5310,1,0,cellular,17,nov,1,-1,0,unknown,1
43,0,0,0,1,0,0,0,0,0,0,0,0,1,0,0,0,1,0,0,2160,0,0,cellular,8,sep,1,98,1,success,1
34,0,1,0,0,0,0,0,0,0,0,0,0,0,1,0,1,0,0,0,6529,0,0,cellular,14,aug,2,-1,0,unknown,1
43,0,0,0,1,0,0,0,0,0,0,0,0,1,0,0,0,1,0,0,0,0,0,unknown,6,may,1,-1,0,unknown,0
52,0,0,0,1,0,0,0,0,0,0,0,0,1,0,0,0,1,0,0,3165,0,0,unknown,6,may,1,-1,0,unknown,0
50,0,1,0,0,0,0,0,0,0,0,0,0,0,0,1,0,1,0,0,8016,0,0,cellular,17,jul,4,-1,0,unknown,0
38,1,0,0,0,0,0,0,0,0,0,0,0,1,0,0,1,0,0,1,-562,1,0,unknown,3,jun,1,-1,0,unknown,0
56,0,0,1,0,0,0,0,0,0,0,0,0,1,0,0,1,0,0,0,-65,1,0,unknown,30,jun,2,-1,0,unknown,0
23,0,0,0,0,0,0,1,0,0,0,0,0,0,1,0,0,1,0,0,4681,1,0,unknown,28,may,2,-1,0,unknown,0
35,0,0,0,1,1,0,0,0,0,0,0,0,0,0,1,0,0,0,0,164,0,0,unknown,11,jun,2,-1,0,unknown,1
54,0,0,0,1,0,0,0,0,0,0,0,0,1,0,0,0,0,1,0,211,0,0,unknown,19,jun,2,-1,0,unknown,0
55,0,0,0,1,0,0,0,0,0,0,0,0,0,0,1,0,1,0,0,1613,1,0,cellular,3,apr,1,270,3,failure,1
32,0,1,0,0,0,0,0,0,0,0,0,0,0,1,0,0,1,0,0,6402,1,0,cellular,20,nov,1,-1,0,unknown,1
43,1,0,0,0,0,0,0,0,0,0,0,0,1,0,0,1,0,0,0,136,0,0,cellular,6,aug,2,-1,0,unknown,0
35,0,0,0,0,0,0,1,0,0,0,0,0,0,0,1,0,1,0,0,3636,0,1,cellular,21,nov,2,-1,0,unknown,1
34,1,0,0,0,0,0,0,0,0,0,0,0,0,1,0,1,0,0,0,5086,0,0,cellular,25,may,4,-1,0,unknown,1
47,0,0,0,1,0,0,0,0,0,0,0,0,1,0,0,0,1,0,0,-216,1,0,cellular,6,may,1,282,3,failure,0
54,0,1,0,0,0,0,0,0,0,0,0,0,1,0,0,1,0,0,0,258,0,0,unknown,5,may,4,-1,0,unknown,0
38,0,0,0,1,0,0,0,0,0,0,0,0,1,0,0,0,1,0,0,-152,0,0,unknown,20,may,1,-1,0,unknown,0
38,1,0,0,0,0,0,0,0,0,0,0,0,1,0,0,1,0,0,0,4174,0,0,cellular,23,oct,2,184,5,failure,1
31,1,0,0,0,0,0,0,0,0,0,0,0,0,1,0,1,0,0,0,0,1,0,cellular,28,jul,3,-1,0,unknown,0
30,0,0,0,0,0,0,0,1,0,0,0,0,0,1,0,0,0,1,0,411,1,0,cellular,6,may,1,358,1,other,0
46,1,0,0,0,0,0,0,0,0,0,0,0,1,0,0,1,0,0,0,1906,0,0,cellular,28,aug,6,-1,0,unknown,0
39,1,0,0,0,0,0,0,0,0,0,0,0,0,1,0,1,0,0,0,0,1,0,cellular,18,feb,3,-1,0,unknown,1
64,0,0,0,0,0,1,0,0,0,0,0,0,1,0,0,1,0,0,0,1644,0,0,telephone,7,sep,4,-1,0,unknown,1
37,0,0,0,0,0,0,1,0,0,0,0,0,0,1,0,0,1,0,0,245,1,1,unknown,7,may,2,-1,0,unknown,1
28,0,0,0,0,0,0,0,1,0,0,0,0,0,1,0,0,1,0,0,2992,1,0,cellular,30,jan,4,-1,0,unknown,0
37,0,1,0,0,0,0,0,0,0,0,0,0,0,1,0,0,1,0,0,4,0,0,cellular,11,aug,1,-1,0,unknown,1
60,0,0,0,0,0,0,0,1,0,0,0,0,1,0,0,1,0,0,0,4256,1,0,cellular,16,aug,3,761,1,other,1
51,0,1,0,0,0,0,0,0,0,0,0,0,1,0,0,1,0,0,0,2506,0,0,cellular,30,nov,3,-1,0,unknown,0
31,0,0,0,0,0,0,1,0,0,0,0,0,1,0,0,0,1,0,0,27,0,1,unknown,9,may,1,-1,0,unknown,0
44,0,1,0,0,0,0,0,0,0,0,0,0,0,1,0,0,1,0,0,244,1,0,cellular,12,aug,4,-1,0,unknown,1
43,0,0,0,0,0,0,1,0,0,0,0,0,1,0,0,0,1,0,0,257,0,0,cellular,29,aug,6,-1,0,unknown,0
35,0,0,0,1,0,0,0,0,0,0,0,0,1,0,0,0,1,0,0,1388,1,0,unknown,28,may,5,-1,0,unknown,0
32,0,0,0,1,0,0,0,0,0,0,0,0,1,0,0,0,1,0,0,120,1,1,unknown,9,may,3,-1,0,unknown,0
39,0,0,1,0,0,0,0,0,0,0,0,0,1,0,0,1,0,0,0,338,1,0,unknown,9,may,4,-1,0,unknown,0
51,0,0,0,0,0,0,0,0,0,0,1,0,1,0,0,0,0,1,0,605,0,0,cellular,3,feb,2,159,14,failure,0
39,0,0,0,0,0,0,0,1,0,0,0,0,0,0,1,0,1,0,0,687,1,0,cellular,9,jul,1,-1,0,unknown,1
64,0,0,0,0,0,1,0,0,0,0,0,0,1,0,0,0,0,1,0,43,0,0,cellular,10,dec,1,-1,0,unknown,1
30,1,0,0,0,0,0,0,0,0,0,0,0,0,1,0,1,0,0,0,3625,1,0,unknown,23,may,2,-1,0,unknown,0
50,0,0,0,1,0,0,0,0,0,0,0,0,1,0,0,0,0,1,0,180,1,0,cellular,16,apr,2,-1,0,unknown,0
32,1,0,0,0,0,0,0,0,0,0,0,0,1,0,0,1,0,0,0,713,1,0,cellular,11,aug,7,-1,0,unknown,0
35,0,1,0,0,0,0,0,0,0,0,0,0,1,0,0,1,0,0,0,1629,0,0,cellular,25,jul,4,-1,0,unknown,1
43,0,1,0,0,0,0,0,0,0,0,0,0,0,0,1,0,1,0,0,-36,1,0,cellular,17,nov,1,104,1,failure,0
41,0,1,0,0,0,0,0,0,0,0,0,0,1,0,0,0,1,0,0,1270,1,0,unknown,5,may,1,-1,0,unknown,1
46,0,1,0,0,0,0,0,0,0,0,0,0,1,0,0,0,1,0,0,317,1,1,unknown,28,may,1,-1,0,unknown,0
48,0,0,0,0,0,0,0,0,0,1,0,0,0,0,1,0,1,0,0,201,0,0,cellular,10,nov,1,91,1,success,1
33,1,0,0,0,0,0,0,0,0,0,0,0,1,0,0,1,0,0,0,403,1,0,unknown,26,may,2,-1,0,unknown,0
22,0,0,0,0,0,0,0,1,0,0,0,0,1,0,0,0,1,0,0,14,1,1,unknown,20,may,1,-1,0,unknown,0
27,0,1,0,0,0,0,0,0,0,0,0,0,1,0,0,0,1,0,0,1103,0,0,unknown,4,jun,1,-1,0,unknown,0
36,0,1,0,0,0,0,0,0,0,0,0,0,1,0,0,0,1,0,0,216,0,0,cellular,29,aug,2,-1,0,unknown,0
42,0,0,0,1,0,0,0,0,0,0,0,0,1,0,0,0,1,0,0,352,1,0,cellular,11,may,3,-1,0,unknown,0
39,0,0,0,1,0,0,0,0,0,0,0,0,1,0,0,0,0,1,0,5,1,0,unknown,21,may,1,-1,0,unknown,0
61,0,0,0,0,0,1,0,0,0,0,0,0,1,0,0,0,1,0,0,243,0,0,cellular,20,apr,1,-1,0,unknown,1
26,0,0,0,0,0,0,1,0,0,0,0,0,0,1,0,0,1,0,0,609,0,0,telephone,28,jan,1,-1,0,unknown,0
32,1,0,0,0,0,0,0,0,0,0,0,0,0,1,0,1,0,0,0,1882,0,0,cellular,25,aug,5,-1,0,unknown,1
61,0,0,0,0,0,1,0,0,0,0,0,0,1,0,0,0,1,0,0,1853,0,0,telephone,10,aug,1,181,2,success,1
32,0,0,0,0,0,0,0,0,1,0,0,0,1,0,0,0,1,0,0,409,0,0,cellular,9,mar,2,-1,0,unknown,1
34,0,0,0,1,0,0,0,0,0,0,0,0,1,0,0,0,0,1,0,1524,1,0,cellular,20,nov,3,-1,0,unknown,0
58,0,0,0,0,0,1,0,0,0,0,0,0,1,0,0,0,0,1,0,701,0,0,cellular,22,aug,4,-1,0,unknown,0
38,0,0,0,1,0,0,0,0,0,0,0,0,1,0,0,0,1,0,0,168,0,1,cellular,2,feb,1,-1,0,unknown,0
36,0,0,0,1,0,0,0,0,0,0,0,0,1,0,0,0,1,0,0,0,1,0,telephone,8,may,2,170,2,failure,0
57,0,0,0,0,0,0,0,1,0,0,0,0,0,0,1,0,0,1,0,362,0,0,unknown,11,jun,1,-1,0,unknown,0
31,0,0,0,0,0,0,1,0,0,0,0,0,0,1,0,0,1,0,0,190,0,0,cellular,30,apr,1,-1,0,unknown,1
50,1,0,0,0,0,0,0,0,0,0,0,0,1,0,0,1,0,0,0,5108,1,0,cellular,18,dec,1,182,2,failure,1
36,1,0,0,0,0,0,0,0,0,0,0,0,1,0,0,1,0,0,0,669,0,0,unknown,9,jun,1,-1,0,unknown,0
40,0,1,0,0,0,0,0,0,0,0,0,0,1,0,0,0,1,0,0,0,0,1,unknown,26,jun,2,-1,0,unknown,0
36,0,0,0,1,0,0,0,0,0,0,0,0,0,1,0,0,0,1,0,90,1,0,cellular,18,may,2,360,1,failure,0
45,0,0,0,0,0,0,0,0,0,0,1,0,1,0,0,0,1,0,0,360,0,0,cellular,3,nov,1,-1,0,unknown,1
35,0,0,0,1,0,0,0,0,0,0,0,0,0,1,0,0,1,0,0,398,1,0,cellular,20,apr,1,-1,0,unknown,0
43,0,0,0,0,1,0,0,0,1,0,0,0,0,1,0,0,0,0,0,3173,0,0,unknown,15,may,1,-1,0,unknown,1
29,1,0,0,0,0,0,0,0,0,0,0,0,0,1,0,1,0,0,0,13,1,0,cellular,15,may,6,-1,0,unknown,0
43,0,1,0,0,0,0,0,0,0,0,0,0,1,0,0,0,1,0,0,328,0,0,cellular,22,aug,2,-1,0,unknown,0
33,0,0,0,0,0,0,0,1,0,0,0,0,1,0,0,0,1,0,0,1082,1,1,cellular,19,nov,1,-1,0,unknown,0
30,0,0,0,0,0,0,0,1,0,0,0,0,1,0,0,0,1,0,0,271,1,0,unknown,15,may,1,-1,0,unknown,0
38,1,0,0,0,0,0,0,0,0,0,0,0,1,0,0,1,0,0,0,1308,1,0,cellular,2,feb,1,-1,0,unknown,1
22,0,0,0,0,0,0,1,0,0,0,0,0,0,1,0,0,1,0,0,114,0,0,cellular,30,mar,1,-1,0,unknown,1
34,0,1,0,0,0,0,0,0,0,0,0,0,1,0,0,0,1,0,0,390,1,0,cellular,27,mar,2,231,2,failure,1
35,0,1,0,0,0,0,0,0,0,0,0,0,0,1,0,1,0,0,0,470,1,0,cellular,25,jul,13,-1,0,unknown,1
78,0,0,0,0,0,1,0,0,0,0,0,0,0,0,1,0,0,1,0,2787,0,0,telephone,1,jul,1,-1,0,unknown,1
54,0,0,0,0,0,0,0,0,0,1,0,0,1,0,0,0,1,0,0,582,1,0,cellular,15,may,5,372,2,failure,1
46,0,0,0,1,0,0,0,0,0,0,0,0,1,0,0,0,1,0,0,6253,1,0,cellular,9,jul,1,-1,0,unknown,0
44,0,0,0,0,0,0,1,0,0,0,0,0,0,0,1,0,0,1,0,429,1,0,telephone,23,oct,1,-1,0,unknown,1
33,1,0,0,0,0,0,0,0,0,0,0,0,1,0,0,0,1,0,0,0,1,0,cellular,17,nov,1,-1,0,unknown,0
33,0,0,0,1,0,0,0,0,0,0,0,0,1,0,0,0,1,0,0,-346,1,1,unknown,23,may,3,-1,0,unknown,0
44,0,0,0,0,0,0,0,0,0,1,0,0,1,0,0,0,1,0,0,0,1,0,cellular,2,feb,1,272,1,failure,1
45,0,0,0,0,0,0,1,0,0,0,0,0,1,0,0,0,1,0,0,43,0,0,cellular,12,aug,4,-1,0,unknown,0
41,0,0,0,0,0,0,1,0,0,0,0,0,1,0,0,0,1,0,0,16517,0,0,cellular,18,nov,2,-1,0,unknown,0
64,0,0,0,0,0,1,0,0,0,0,0,0,1,0,0,0,1,0,0,3189,0,0,telephone,15,jun,1,-1,0,unknown,1
30,0,0,0,0,0,0,0,0,0,0,0,1,0,1,0,0,1,0,0,48,0,0,cellular,18,aug,1,173,1,failure,1
42,0,0,0,0,1,0,1,0,0,0,0,0,0,1,0,0,0,0,0,-138,1,0,unknown,26,may,1,-1,0,unknown,0
36,0,1,0,0,0,0,0,0,0,0,0,0,0,1,0,0,1,0,0,75,1,0,cellular,12,may,2,342,4,other,0
68,0,0,0,0,0,1,0,0,0,0,0,0,1,0,0,0,1,0,0,1443,0,0,telephone,21,dec,2,257,1,success,1
41,0,0,0,1,0,0,0,0,0,0,0,0,1,0,0,0,1,0,0,140,1,0,unknown,6,may,3,-1,0,unknown,0
42,0,0,0,0,0,0,1,0,0,0,0,0,0,1,0,0,1,0,0,1453,1,0,cellular,11,may,1,-1,0,unknown,0
57,0,0,0,0,1,0,0,0,0,0,0,0,1,0,0,0,1,0,0,2,0,0,unknown,6,jun,4,-1,0,unknown,0
29,0,0,0,0,0,0,0,1,0,0,0,0,0,1,0,0,1,0,0,32,1,0,unknown,4,jun,1,-1,0,unknown,1
48,0,0,0,0,0,0,0,1,0,0,0,0,0,0,1,0,1,0,0,201,1,0,cellular,12,may,3,371,2,failure,0
36,0,0,0,1,0,0,0,0,0,0,0,0,1,0,0,0,1,0,0,218,1,0,cellular,4,may,6,-1,0,unknown,1
44,0,1,0,0,0,0,0,0,0,0,0,0,0,1,0,0,1,0,0,285,1,0,cellular,12,may,3,-1,0,unknown,0
46,0,0,0,0,1,0,1,0,0,0,0,0,1,0,0,0,0,0,0,-1092,1,0,cellular,12,may,5,-1,0,unknown,0
45,0,0,0,1,0,0,0,0,0,0,0,0,0,0,1,0,0,1,0,-311,1,0,unknown,23,may,1,-1,0,unknown,1
36,0,1,0,0,0,0,0,0,0,0,0,0,0,1,0,0,1,0,0,1228,1,0,cellular,4,may,3,-1,0,unknown,1
26,0,0,0,0,0,0,0,1,0,0,0,0,0,1,0,0,1,0,0,187,1,0,unknown,9,may,1,-1,0,unknown,0
28,0,1,0,0,0,0,0,0,0,0,0,0,0,1,0,1,0,0,0,0,1,0,cellular,25,may,1,40,2,failure,1
36,1,0,0,0,0,0,0,0,0,0,0,0,1,0,0,1,0,0,0,2415,1,0,telephone,22,oct,1,86,4,other,0
73,0,0,0,0,0,1,0,0,0,0,0,0,0,0,1,0,0,1,0,5028,0,0,cellular,4,dec,10,-1,0,unknown,1
34,0,0,1,0,0,0,0,0,0,0,0,0,1,0,0,1,0,0,0,4028,0,0,cellular,19,nov,1,-1,0,unknown,0
38,0,1,0,0,0,0,0,0,0,0,0,0,1,0,0,0,1,0,0,625,1,0,unknown,4,jun,2,-1,0,unknown,0
46,1,0,0,0,0,0,0,0,0,0,0,0,0,0,1,0,1,0,1,2,0,0,cellular,12,may,1,-1,0,unknown,0
56,0,0,0,0,0,1,0,0,0,0,0,0,0,0,1,0,1,0,0,275,1,1,cellular,10,jul,1,-1,0,unknown,0
31,1,0,0,0,0,0,0,0,0,0,0,0,0,1,0,1,0,0,0,155,1,0,cellular,5,aug,1,-1,0,unknown,0
47,0,0,0,1,0,0,0,0,0,0,0,0,0,0,1,0,0,1,0,126,1,0,unknown,3,jun,2,-1,0,unknown,1
29,0,0,0,1,0,0,0,0,0,0,0,0,0,1,0,0,1,0,0,-20,1,0,unknown,29,may,2,-1,0,unknown,1
57,1,0,0,0,0,0,0,0,0,0,0,0,0,0,1,1,0,0,0,6468,1,0,cellular,4,sep,1,157,4,failure,1
18,0,0,0,0,1,0,0,0,0,0,0,1,0,1,0,0,0,0,0,108,0,0,cellular,10,aug,1,-1,0,unknown,1
35,0,0,0,0,0,0,0,1,0,0,0,0,1,0,0,0,1,0,0,4170,1,0,unknown,20,may,1,-1,0,unknown,1
29,0,0,0,0,0,0,0,0,0,1,0,0,1,0,0,0,1,0,0,-25,1,0,cellular,17,jul,1,-1,0,unknown,0
46,0,1,0,0,0,0,0,0,0,0,0,0,1,0,0,1,0,0,0,841,1,0,unknown,6,may,1,-1,0,unknown,0
34,0,0,0,1,0,0,0,0,0,0,0,0,0,1,0,0,1,0,0,-108,1,0,unknown,28,may,1,-1,0,unknown,0
56,0,0,0,0,0,1,0,0,0,0,0,0,0,1,0,1,0,0,0,352,0,0,cellular,19,nov,1,-1,0,unknown,0
29,0,0,0,0,0,0,0,1,0,0,0,0,0,1,0,0,1,0,0,0,0,0,unknown,1,jul,1,514,3,failure,0
35,0,0,1,0,0,0,0,0,0,0,0,0,0,1,0,1,0,0,0,145,1,0,cellular,18,jul,2,-1,0,unknown,1
38,0,0,1,0,0,0,0,0,0,0,0,0,1,0,0,0,1,0,0,593,1,1,cellular,24,jul,24,-1,0,unknown,1
31,0,0,0,0,0,0,1,0,0,0,0,0,0,0,1,0,1,0,0,525,0,1,telephone,19,nov,7,-1,0,unknown,0
31,0,0,0,0,0,0,0,0,0,0,0,1,0,1,0,1,0,0,0,4951,0,0,cellular,17,sep,3,81,3,failure,1
38,0,1,0,0,0,0,0,0,0,0,0,0,0,1,0,1,0,0,0,110,0,0,unknown,17,jun,3,-1,0,unknown,1
61,1,0,0,0,0,0,0,0,0,0,0,0,1,0,0,0,1,0,0,967,0,0,cellular,20,aug,1,-1,0,unknown,0
51,1,0,0,0,0,0,0,0,0,0,0,0,1,0,0,1,0,0,0,3463,0,1,cellular,13,jul,2,166,3,other,1
51,0,1,0,0,0,0,0,0,0,0,0,0,1,0,0,0,1,0,0,117,0,0,cellular,24,aug,2,88,4,other,1
45,0,0,0,1,0,0,0,0,0,0,0,0,1,0,0,0,1,0,0,2603,1,1,cellular,7,aug,2,-1,0,unknown,0
42,1,0,0,0,0,0,0,0,0,0,0,0,1,0,0,1,0,0,0,6060,1,0,cellular,30,apr,1,350,2,failure,1
19,0,0,0,0,0,0,0,0,0,0,0,1,0,1,0,0,1,0,0,88,0,0,cellular,8,sep,1,-1,0,unknown,0
36,0,0,0,0,0,0,0,0,1,0,0,0,1,0,0,0,1,0,0,1184,1,0,cellular,6,apr,1,-1,0,unknown,1
32,0,1,0,0,0,0,0,0,0,0,0,0,1,0,0,0,1,0,0,1547,0,0,cellular,26,oct,1,805,4,other,1
73,0,0,0,0,1,1,0,0,0,0,0,0,1,0,0,0,0,0,0,519,0,0,telephone,16,oct,1,57,1,failure,1
35,0,0,0,0,0,0,0,0,1,0,0,0,1,0,0,0,1,0,0,-56,1,0,cellular,15,may,2,361,3,failure,0
35,0,1,0,0,0,0,0,0,0,0,0,0,0,1,0,1,0,0,0,0,0,0,cellular,14,jan,7,-1,0,unknown,1
54,1,0,0,0,0,0,0,0,0,0,0,0,0,1,0,1,0,0,0,4393,1,0,unknown,16,may,3,-1,0,unknown,1
39,1,0,0,0,0,0,0,0,0,0,0,0,1,0,0,0,0,1,0,0,0,0,unknown,11,jun,7,-1,0,unknown,0
48,0,0,0,0,0,0,1,0,0,0,0,0,1,0,0,1,0,0,0,1015,0,1,telephone,30,jul,3,-1,0,unknown,0
49,0,1,0,0,0,0,0,0,0,0,0,0,1,0,0,0,1,0,0,177,1,1,cellular,28,jan,1,204,1,failure,0
48,1,0,0,0,0,0,0,0,0,0,0,0,1,0,0,0,1,0,0,3663,1,0,telephone,7,may,5,169,1,failure,0
38,0,0,0,0,0,0,0,0,1,0,0,0,1,0,0,0,1,0,0,30,0,0,unknown,16,jun,1,-1,0,unknown,0
28,0,0,1,0,0,0,0,0,0,0,0,0,0,1,0,1,0,0,0,95,0,0,cellular,4,feb,2,-1,0,unknown,0
50,1,0,0,0,0,0,0,0,0,0,0,0,1,0,0,0,1,0,0,268,0,0,cellular,5,mar,2,-1,0,unknown,0
30,0,0,0,0,0,0,0,1,0,0,0,0,0,1,0,0,1,0,0,1599,0,0,cellular,11,feb,2,-1,0,unknown,1
39,0,0,0,0,0,0,0,1,0,0,0,0,1,0,0,0,1,0,0,800,1,0,cellular,8,may,2,-1,0,unknown,0
38,1,0,0,0,0,0,0,0,0,0,0,0,1,0,0,1,0,0,0,595,1,0,cellular,18,nov,1,-1,0,unknown,0
54,1,0,0,0,0,0,0,0,0,0,0,0,0,0,1,1,0,0,0,1037,0,0,cellular,12,aug,4,-1,0,unknown,0
39,0,0,0,0,0,0,1,0,0,0,0,0,1,0,0,0,1,0,0,145,1,1,cellular,13,may,3,330,6,other,0
60,0,0,0,0,0,1,0,0,0,0,0,0,0,0,1,1,0,0,0,4,1,0,cellular,2,dec,1,190,5,failure,1
28,0,1,0,0,0,0,0,0,0,0,0,0,0,1,0,1,0,0,0,-481,1,1,cellular,2,feb,1,-1,0,unknown,0
31,1,0,0,0,0,0,0,0,0,0,0,0,0,1,0,1,0,0,0,924,0,0,cellular,5,jun,2,98,1,success,1
45,0,1,0,0,0,0,0,0,0,0,0,0,1,0,0,0,1,0,0,3395,1,0,unknown,14,may,1,-1,0,unknown,0
41,0,1,0,0,0,0,0,0,0,0,0,0,1,0,0,0,1,0,0,-4,0,0,cellular,20,aug,6,-1,0,unknown,0
45,0,1,0,0,0,0,0,0,0,0,0,0,0,1,0,0,1,0,0,410,1,0,unknown,30,may,4,-1,0,unknown,1
43,1,0,0,0,0,0,0,0,0,0,0,0,0,1,0,1,0,0,0,2067,1,0,unknown,8,may,1,-1,0,unknown,1
47,0,0,0,1,0,0,0,0,0,0,0,0,1,0,0,1,0,0,0,1707,0,0,cellular,27,aug,7,-1,0,unknown,0
32,0,1,0,0,0,0,0,0,0,0,0,0,1,0,0,1,0,0,0,4654,1,1,cellular,20,nov,1,128,2,failure,1
54,0,0,1,0,0,0,0,0,0,0,0,0,1,0,0,1,0,0,0,1544,0,1,cellular,24,jul,3,-1,0,unknown,0
32,0,0,0,1,0,0,0,0,0,0,0,0,0,1,0,1,0,0,0,700,0,0,unknown,13,nov,1,-1,0,unknown,1
39,0,0,0,0,0,0,1,0,0,0,0,0,0,0,1,0,1,0,0,728,1,1,cellular,18,oct,1,-1,0,unknown,1
47,0,0,0,0,0,0,1,0,0,0,0,0,1,0,0,0,1,0,0,-121,1,1,cellular,18,may,4,314,4,failure,0
48,0,0,0,0,0,0,0,1,0,0,0,0,1,0,0,0,1,0,0,194,1,1,unknown,12,may,6,-1,0,unknown,0
30,0,0,0,0,0,0,0,1,0,0,0,0,1,0,0,0,1,0,0,475,0,0,cellular,22,aug,5,-1,0,unknown,0
28,0,0,0,0,0,0,1,0,0,0,0,0,1,0,0,0,1,0,0,330,0,0,cellular,2,jun,2,182,4,success,1
48,0,0,0,1,0,0,0,0,0,0,0,0,0,0,1,0,1,0,0,271,1,1,cellular,24,jul,1,-1,0,unknown,0
36,1,0,0,0,0,0,0,0,0,0,0,0,0,1,0,1,0,0,0,2646,0,0,cellular,13,oct,1,182,10,success,1
60,0,1,0,0,0,0,0,0,0,0,0,0,0,0,1,0,0,1,0,-85,0,1,telephone,8,jul,2,-1,0,unknown,0
27,0,0,0,1,0,0,0,0,0,0,0,0,1,0,0,0,1,0,0,419,1,0,unknown,4,jun,2,-1,0,unknown,1
60,0,0,0,0,0,1,0,0,0,0,0,0,1,0,0,0,1,0,0,3570,0,0,telephone,28,jul,2,-1,0,unknown,0
30,0,0,0,1,1,0,0,0,0,0,0,0,0,1,0,0,0,0,0,694,1,1,cellular,18,may,1,306,4,success,0
55,0,0,0,0,0,0,0,1,0,0,0,0,1,0,0,0,1,0,0,2990,1,0,cellular,17,apr,1,-1,0,unknown,0
47,0,1,0,0,0,0,0,0,0,0,0,0,1,0,0,0,1,0,0,1219,0,0,cellular,18,aug,4,-1,0,unknown,1
61,0,1,0,0,0,0,0,0,0,0,0,0,1,0,0,0,1,0,0,1191,0,0,cellular,21,may,4,-1,0,unknown,1
31,1,0,0,0,0,0,0,0,0,0,0,0,1,0,0,1,0,0,0,1032,0,0,cellular,7,jul,1,-1,0,unknown,1
58,0,1,0,0,0,0,0,0,0,0,0,0,1,0,0,0,0,1,0,4198,0,0,cellular,15,oct,5,246,5,failure,1
39,0,0,0,1,0,0,0,0,0,0,0,0,0,1,0,0,1,0,0,0,0,0,cellular,22,jul,4,-1,0,unknown,1
25,1,0,0,0,0,0,0,0,0,0,0,0,0,1,0,1,0,0,0,323,0,1,cellular,23,jul,1,-1,0,unknown,0
47,0,0,0,0,0,0,1,0,0,0,0,0,1,0,0,0,1,0,0,707,1,0,cellular,29,apr,3,-1,0,unknown,0
53,0,0,0,1,0,0,0,0,0,0,0,0,0,0,1,0,0,1,0,4401,0,0,telephone,11,aug,1,-1,0,unknown,1
36,0,0,0,1,0,0,0,0,0,0,0,0,1,0,0,0,0,1,0,655,1,0,unknown,23,may,4,-1,0,unknown,0
44,0,0,0,0,0,0,0,1,0,0,0,0,1,0,0,0,1,0,0,361,1,0,unknown,29,may,1,-1,0,unknown,0
36,0,0,0,0,1,0,0,0,0,0,0,1,0,1,0,0,0,0,0,172,0,0,unknown,12,jun,1,-1,0,unknown,0
60,0,0,0,1,0,0,0,0,0,0,0,0,0,0,1,0,1,0,0,0,1,0,unknown,29,may,1,-1,0,unknown,1
29,0,0,0,0,0,0,0,1,0,0,0,0,1,0,0,0,1,0,0,283,0,1,unknown,26,may,1,-1,0,unknown,0
35,0,0,0,0,0,0,0,1,0,0,0,0,0,1,0,0,1,0,0,361,0,0,unknown,17,jun,1,-1,0,unknown,0
27,0,1,0,0,0,0,0,0,0,0,0,0,0,1,0,1,0,0,0,3706,1,0,unknown,16,may,1,-1,0,unknown,1
26,1,0,0,0,0,0,0,0,0,0,0,0,0,1,0,1,0,0,0,1027,0,0,cellular,23,sep,1,-1,0,unknown,1
45,0,1,0,0,0,0,0,0,0,0,0,0,1,0,0,1,0,0,0,5110,0,0,cellular,22,apr,2,-1,0,unknown,1
37,0,0,0,0,0,0,1,0,0,0,0,0,1,0,0,0,1,0,0,536,1,0,cellular,23,jul,2,-1,0,unknown,0
34,0,1,0,0,0,0,0,0,0,0,0,0,1,0,0,0,1,0,0,-126,1,0,cellular,17,apr,2,-1,0,unknown,0
25,0,0,0,0,0,0,0,0,0,0,0,1,1,0,0,1,0,0,0,10,1,0,cellular,21,jul,4,-1,0,unknown,1
59,0,0,0,1,0,0,0,0,0,0,0,0,1,0,0,0,0,1,0,-546,0,0,cellular,25,aug,6,-1,0,unknown,1
25,0,0,0,0,0,0,1,0,0,0,0,0,0,1,0,1,0,0,0,1185,0,0,cellular,7,oct,1,114,1,failure,1
32,0,0,0,0,0,0,0,0,0,1,0,0,1,0,0,0,1,0,0,11524,1,0,cellular,19,nov,3,-1,0,unknown,0
40,0,1,0,0,0,0,0,0,0,0,0,0,0,1,0,0,1,0,0,287,1,0,cellular,8,may,1,298,3,failure,0
53,0,0,0,0,0,0,0,1,0,0,0,0,0,0,1,0,1,0,0,0,0,0,cellular,12,mar,2,-1,0,unknown,1
31,0,1,0,0,0,0,0,0,0,0,0,0,1,0,0,0,1,0,0,547,0,0,cellular,14,aug,6,-1,0,unknown,0
44,0,0,1,0,0,0,0,0,0,0,0,0,1,0,0,1,0,0,0,1808,1,0,cellular,9,jul,1,-1,0,unknown,0
37,0,1,0,0,0,0,0,0,0,0,0,0,1,0,0,0,1,0,0,183,1,0,unknown,12,may,2,-1,0,unknown,0
34,0,0,0,1,0,0,0,0,0,0,0,0,1,0,0,0,0,1,0,0,1,1,unknown,20,jun,29,-1,0,unknown,0
33,1,0,0,0,0,0,0,0,0,0,0,0,0,1,0,1,0,0,0,718,1,0,cellular,29,jun,1,84,3,success,1
31,0,1,0,0,0,0,0,0,0,0,0,0,0,1,0,1,0,0,0,2807,0,0,unknown,8,nov,1,-1,0,unknown,1
39,0,0,0,0,0,0,1,0,0,0,0,0,0,1,0,1,0,0,0,22086,0,0,cellular,4,jun,1,-1,0,unknown,1
52,0,0,0,1,0,0,0,0,0,0,0,0,1,0,0,0,1,0,0,7119,0,1,telephone,20,nov,3,-1,0,unknown,1
33,1,0,0,0,0,0,0,0,0,0,0,0,0,1,0,1,0,0,0,605,0,0,cellular,7,aug,3,-1,0,unknown,0
42,0,0,1,0,0,0,0,0,0,0,0,0,1,0,0,1,0,0,0,257,0,1,cellular,18,nov,2,-1,0,unknown,0
28,0,1,0,0,0,0,0,0,0,0,0,0,0,1,0,1,0,0,0,2489,1,0,telephone,27,feb,2,-1,0,unknown,1
45,0,0,0,1,0,0,0,0,0,0,0,0,1,0,0,0,1,0,0,640,1,0,cellular,5,may,1,1,1,success,0
30,1,0,0,0,0,0,0,0,0,0,0,0,0,1,0,1,0,0,0,985,1,0,cellular,25,oct,1,94,2,success,1
44,1,0,0,0,0,0,0,0,0,0,0,0,0,1,0,1,0,0,0,5063,0,0,cellular,27,oct,2,-1,0,unknown,1
51,0,0,0,0,0,0,0,0,0,0,1,0,1,0,0,1,0,0,0,390,1,0,cellular,30,jul,3,-1,0,unknown,0
44,1,0,0,0,0,0,0,0,0,0,0,0,1,0,0,1,0,0,0,1791,0,0,telephone,12,aug,1,182,2,success,1
47,0,0,0,0,0,0,1,0,0,0,0,0,0,0,1,0,1,0,0,136,0,1,cellular,23,jul,1,-1,0,unknown,0
32,0,0,0,0,0,0,1,0,0,0,0,0,1,0,0,0,1,0,0,203,1,1,cellular,7,may,2,-1,0,unknown,0
42,0,1,0,0,0,0,0,0,0,0,0,0,1,0,0,0,1,0,0,525,0,0,cellular,17,nov,3,-1,0,unknown,0
42,0,0,0,0,0,0,0,1,0,0,0,0,1,0,0,0,1,0,0,174,1,0,cellular,11,may,1,-1,0,unknown,0
49,0,0,0,0,0,0,1,0,0,0,0,0,0,1,0,0,1,0,0,293,0,0,cellular,28,jun,1,-1,0,unknown,1
61,0,0,0,0,0,1,0,0,0,0,0,0,1,0,0,1,0,0,0,32685,0,0,cellular,2,mar,2,-1,0,unknown,1
36,0,0,0,1,0,0,0,0,0,0,0,0,0,1,0,1,0,0,0,3649,1,0,cellular,20,nov,2,156,2,failure,0
44,1,0,0,0,0,0,0,0,0,0,0,0,1,0,0,1,0,0,0,3674,0,0,cellular,26,aug,3,-1,0,unknown,0
36,1,0,0,0,0,0,0,0,0,0,0,0,1,0,0,1,0,0,0,322,1,0,cellular,22,jul,1,-1,0,unknown,0
55,0,1,0,0,0,0,0,0,0,0,0,0,1,0,0,0,1,0,0,1938,0,1,cellular,18,aug,1,386,3,success,1
60,0,0,0,0,0,0,0,0,0,0,1,0,1,0,0,0,0,1,0,921,0,0,telephone,30,jul,15,-1,0,unknown,0
28,0,1,0,0,0,0,0,0,0,0,0,0,0,1,0,0,1,0,0,1363,0,0,cellular,9,jun,3,102,1,success,0
43,0,1,0,0,0,0,0,0,0,0,0,0,0,1,0,0,1,0,0,214,1,0,cellular,14,may,1,-1,0,unknown,0
24,0,0,0,0,0,0,0,0,0,0,0,1,0,1,0,0,1,0,0,8165,0,0,cellular,15,sep,1,-1,0,unknown,1
77,0,0,0,0,0,1,0,0,0,0,0,0,1,0,0,1,0,0,0,0,0,0,cellular,6,apr,1,-1,0,unknown,0
60,0,0,0,0,0,0,1,0,0,0,0,0,1,0,0,0,1,0,0,3547,0,0,telephone,15,jun,6,-1,0,unknown,1
38,1,0,0,0,0,0,0,0,0,0,0,0,0,1,0,1,0,0,0,4082,1,0,cellular,17,apr,2,-1,0,unknown,0
42,0,1,0,0,0,0,0,0,0,0,0,0,1,0,0,0,1,0,0,4466,0,0,cellular,17,nov,2,-1,0,unknown,0
45,0,0,0,0,0,0,0,0,0,1,0,0,1,0,0,0,0,1,0,180,1,1,unknown,27,may,2,-1,0,unknown,0
37,0,1,0,0,0,0,0,0,0,0,0,0,0,1,0,0,1,0,0,-59,1,0,cellular,22,jul,1,-1,0,unknown,0
55,0,1,0,0,0,0,0,0,0,0,0,0,1,0,0,0,1,0,0,517,1,1,cellular,6,feb,3,263,4,failure,0
22,0,0,0,0,0,0,0,0,0,0,0,1,0,1,0,1,0,0,0,691,0,0,cellular,30,nov,5,103,1,success,1
32,1,0,0,0,0,0,0,0,0,0,0,0,0,1,0,1,0,0,0,90,0,0,cellular,13,aug,2,-1,0,unknown,0
43,0,0,0,0,0,0,0,0,1,0,0,0,1,0,0,1,0,0,0,423,0,0,cellular,14,aug,2,-1,0,unknown,0
36,0,1,0,0,0,0,0,0,0,0,0,0,1,0,0,0,1,0,0,2473,0,0,cellular,28,aug,4,-1,0,unknown,1
29,0,0,0,0,0,0,0,0,1,0,0,0,1,0,0,0,1,0,0,123,0,1,cellular,22,oct,1,184,3,success,1
41,0,0,0,1,0,0,0,0,0,0,0,0,1,0,0,0,1,0,0,2039,1,0,cellular,8,may,1,-1,0,unknown,1
37,1,0,0,0,0,0,0,0,0,0,0,0,1,0,0,1,0,0,0,238,0,0,cellular,3,nov,1,-1,0,unknown,1
37,0,0,0,1,0,0,0,0,0,0,0,0,1,0,0,0,1,0,0,1590,0,0,unknown,12,jun,2,-1,0,unknown,0
58,0,0,0,0,0,0,1,0,0,0,0,0,1,0,0,0,1,0,0,0,1,0,cellular,11,jul,2,-1,0,unknown,0
25,0,0,1,0,0,0,0,0,0,0,0,0,0,1,0,1,0,0,0,0,0,0,unknown,25,jun,1,-1,0,unknown,0
42,0,0,1,0,0,0,0,0,0,0,0,0,1,0,0,0,1,0,0,0,1,0,cellular,9,apr,1,140,4,failure,1
58,0,0,0,1,0,0,0,0,0,0,0,0,1,0,0,0,0,1,0,5188,1,0,cellular,25,aug,6,-1,0,unknown,1
35,0,0,0,0,0,0,1,0,0,0,0,0,1,0,0,0,1,0,0,2374,1,0,cellular,11,aug,2,183,5,success,1
18,0,0,0,0,0,0,0,0,0,0,0,1,0,1,0,0,0,1,0,608,0,0,cellular,12,aug,1,-1,0,unknown,1
47,0,1,0,0,0,0,0,0,0,0,0,0,1,0,0,0,1,0,0,2246,1,0,cellular,10,jul,1,-1,0,unknown,0
53,0,0,0,0,0,1,0,0,0,0,0,0,1,0,0,0,0,1,0,3,0,0,cellular,30,jan,4,-1,0,unknown,0
36,0,0,0,0,0,0,0,1,0,0,0,0,1,0,0,0,1,0,0,257,1,0,cellular,12,may,2,-1,0,unknown,0
39,0,0,0,0,0,0,0,1,0,0,0,0,0,1,0,0,1,0,0,7066,1,0,cellular,15,may,3,357,3,other,1
35,0,0,0,1,0,0,0,0,0,0,0,0,1,0,0,0,1,0,0,-701,1,1,cellular,7,may,3,-1,0,unknown,0
28,0,0,0,1,0,0,0,0,0,0,0,0,1,0,0,0,1,0,0,61,1,0,cellular,4,may,2,319,1,success,1
31,0,0,0,0,0,0,0,0,0,1,0,0,0,0,1,0,0,1,0,0,1,0,unknown,30,may,12,-1,0,unknown,1
41,0,0,0,1,1,0,0,0,0,0,0,0,1,0,0,0,0,0,0,1402,0,0,cellular,31,jul,14,-1,0,unknown,0
48,0,0,0,1,0,0,0,0,0,0,0,0,1,0,0,0,1,0,0,2008,0,0,cellular,21,aug,4,-1,0,unknown,0
32,1,0,0,0,0,0,0,0,0,0,0,0,1,0,0,0,1,0,0,1423,1,0,unknown,16,may,3,-1,0,unknown,0
43,1,0,0,0,0,0,0,0,0,0,0,0,1,0,0,1,0,0,0,15423,1,1,cellular,21,nov,2,-1,0,unknown,0
38,0,0,0,0,0,0,1,0,0,0,0,0,1,0,0,0,1,0,0,1767,1,0,cellular,12,nov,7,-1,0,unknown,1
52,0,0,0,0,0,0,0,1,0,0,0,0,0,0,1,0,1,0,0,36,1,1,cellular,11,may,1,-1,0,unknown,1
59,0,0,0,0,0,1,0,0,0,0,0,0,1,0,0,0,1,0,0,0,0,0,unknown,5,jun,1,-1,0,unknown,1
49,0,1,0,0,0,0,0,0,0,0,0,0,0,0,1,0,1,0,0,305,0,0,cellular,24,jul,2,-1,0,unknown,1
31,0,1,0,0,0,0,0,0,0,0,0,0,0,0,1,0,1,0,0,-1185,1,0,unknown,16,jun,5,-1,0,unknown,0
28,1,0,0,0,0,0,0,0,0,0,0,0,0,1,0,1,0,0,0,5474,0,0,cellular,28,jul,5,-1,0,unknown,1
36,0,1,0,0,0,0,0,0,0,0,0,0,1,0,0,1,0,0,0,4596,1,0,cellular,8,oct,2,175,2,success,1
24,0,1,0,0,0,0,0,0,0,0,0,0,0,1,0,0,1,0,0,2019,1,0,unknown,4,jun,1,-1,0,unknown,0
59,0,0,0,1,0,0,0,0,0,0,0,0,1,0,0,0,1,0,0,12928,0,0,cellular,8,aug,2,-1,0,unknown,0
41,1,0,0,0,0,0,0,0,0,0,0,0,0,0,1,1,0,0,0,5037,0,0,cellular,23,apr,9,185,5,other,1
45,1,0,0,0,0,0,0,0,0,0,0,0,1,0,0,1,0,0,0,2671,0,0,cellular,14,aug,4,-1,0,unknown,1
59,1,0,0,0,0,0,0,0,0,0,0,0,0,0,1,1,0,0,0,1002,0,0,cellular,7,aug,2,-1,0,unknown,0
34,1,0,0,0,0,0,0,0,0,0,0,0,0,0,1,1,0,0,0,2466,0,0,cellular,2,jun,1,281,5,other,0
53,0,0,0,0,0,1,0,0,0,0,0,0,0,0,1,0,1,0,0,-172,1,1,cellular,17,apr,1,-1,0,unknown,0
45,0,0,0,1,0,0,0,0,0,0,0,0,0,1,0,0,0,1,0,116,0,0,unknown,13,apr,1,-1,0,unknown,1
50,0,0,0,1,0,0,0,0,0,0,0,0,0,1,0,0,1,0,0,-111,1,0,cellular,5,feb,11,-1,0,unknown,0
53,0,0,0,0,0,0,0,0,0,1,0,0,1,0,0,0,0,1,0,980,1,0,cellular,3,dec,1,-1,0,unknown,1
26,0,0,0,1,0,0,0,0,0,0,0,0,0,1,0,1,0,0,0,644,0,0,cellular,2,dec,1,-1,0,unknown,1
59,0,0,0,0,0,1,0,0,0,0,0,0,0,0,1,0,1,0,0,208,0,1,cellular,28,jan,2,-1,0,unknown,0
48,1,0,0,0,0,0,0,0,0,0,0,0,1,0,0,0,0,1,0,312,0,0,cellular,29,jul,4,-1,0,unknown,0
54,0,0,0,0,0,1,0,0,0,0,0,0,0,1,0,0,1,0,0,129,0,1,cellular,28,jul,2,-1,0,unknown,1
62,0,0,0,0,0,1,0,0,0,0,0,0,1,0,0,0,1,0,0,1495,0,0,cellular,13,oct,1,57,2,success,1
30,0,0,0,0,0,0,0,1,0,0,0,0,1,0,0,0,0,1,0,1015,1,0,cellular,20,nov,1,113,8,failure,0
33,0,1,0,0,0,0,0,0,0,0,0,0,0,1,0,1,0,0,0,1393,1,0,cellular,18,jul,3,-1,0,unknown,1
36,0,0,0,0,0,0,0,1,0,0,0,0,1,0,0,0,1,0,0,-302,1,0,cellular,13,may,2,-1,0,unknown,0
53,0,0,0,0,0,0,0,1,0,0,0,0,1,0,0,0,1,0,1,2262,0,0,cellular,28,aug,8,-1,0,unknown,0
39,0,1,0,0,0,0,0,0,0,0,0,0,1,0,0,0,1,0,0,-475,1,0,cellular,7,may,3,301,1,failure,0
66,0,0,0,0,0,1,0,0,0,0,0,0,1,0,0,0,0,1,0,2883,0,0,cellular,23,apr,1,-1,0,unknown,1
45,0,0,0,0,0,1,0,0,0,0,0,0,0,0,1,0,1,0,0,187,1,0,cellular,11,may,2,-1,0,unknown,0
64,0,0,0,0,0,1,0,0,0,0,0,0,1,0,0,0,0,1,0,2140,0,0,cellular,16,mar,3,155,2,failure,1
38,0,0,0,0,0,0,1,0,0,0,0,0,1,0,0,1,0,0,0,1988,0,0,cellular,27,mar,2,130,2,failure,1
29,0,0,0,0,0,0,1,0,0,0,0,0,0,1,0,0,1,0,0,132,0,0,unknown,23,may,3,-1,0,unknown,0
34,0,0,0,0,0,0,1,0,0,0,0,0,1,0,0,0,1,0,0,920,0,0,cellular,14,may,3,179,3,success,1
47,0,1,0,0,0,0,0,0,0,0,0,0,1,0,0,0,1,0,0,1981,1,0,cellular,21,jul,2,-1,0,unknown,1
39,0,1,0,0,0,0,0,0,0,0,0,0,1,0,0,1,0,0,0,123,1,0,unknown,30,may,1,-1,0,unknown,0
30,0,0,0,1,0,0,0,0,0,0,0,0,0,1,0,0,0,1,0,395,0,0,cellular,21,nov,1,-1,0,unknown,0
52,0,1,0,0,0,0,0,0,0,0,0,0,1,0,0,0,1,0,0,371,1,1,cellular,21,oct,1,183,3,success,1
37,0,0,0,1,0,0,0,0,0,0,0,0,1,0,0,0,0,1,0,120,1,0,cellular,8,may,4,358,1,other,0
63,0,0,0,0,1,0,0,0,0,0,0,0,1,0,0,0,1,0,0,367,0,0,telephone,4,mar,1,178,6,failure,0
54,0,0,0,0,0,0,0,0,0,1,0,0,0,0,1,0,1,0,0,550,0,0,cellular,28,jan,1,-1,0,unknown,0
36,0,0,0,1,0,0,0,0,0,0,0,0,0,1,0,0,1,0,0,40,1,0,cellular,27,aug,3,475,4,success,1
35,0,0,0,0,0,0,1,0,0,0,0,0,1,0,0,0,1,0,0,1286,1,0,cellular,5,may,3,337,1,other,1
56,1,0,0,0,0,0,0,0,0,0,0,0,0,0,1,1,0,0,0,2037,0,0,cellular,5,aug,1,91,6,failure,1
23,0,0,0,0,0,0,0,1,0,0,0,0,0,1,0,0,1,0,0,279,1,0,cellular,18,may,1,370,1,failure,1
46,0,0,0,0,0,0,0,1,0,0,0,0,1,0,0,0,1,0,0,198,0,1,unknown,5,jun,1,-1,0,unknown,0
55,0,0,0,0,0,0,0,0,0,1,0,0,0,0,1,0,1,0,0,387,1,0,unknown,6,may,1,-1,0,unknown,1
25,1,0,0,0,0,0,0,0,0,0,0,0,1,0,0,0,1,0,0,2228,1,0,cellular,23,jul,1,-1,0,unknown,1
66,0,0,0,0,0,0,0,0,1,0,0,0,1,0,0,1,0,0,0,147,0,0,telephone,12,jan,1,-1,0,unknown,1
43,0,0,0,0,0,0,0,1,0,0,0,0,1,0,0,0,1,0,0,3689,1,0,cellular,20,apr,1,321,1,failure,0
57,0,0,0,0,0,0,0,1,0,0,0,0,1,0,0,0,1,0,0,84,1,0,unknown,15,may,1,-1,0,unknown,0
22,0,0,0,0,0,0,0,0,0,0,0,1,0,1,0,0,0,1,0,3472,0,0,cellular,20,oct,1,183,3,failure,1
43,0,1,0,0,0,0,0,0,0,0,0,0,0,1,0,1,0,0,0,1154,0,0,cellular,15,jul,11,-1,0,unknown,0
35,0,0,0,1,0,0,0,0,0,0,0,0,1,0,0,0,1,0,0,1330,0,0,cellular,10,jul,1,-1,0,unknown,1
34,0,0,0,0,0,0,1,0,0,0,0,0,1,0,0,0,1,0,0,155,0,0,cellular,5,feb,2,-1,0,unknown,1
46,0,1,0,0,0,0,0,0,0,0,0,0,1,0,0,0,1,0,0,2149,1,0,cellular,15,apr,2,-1,0,unknown,1
33,1,0,0,0,0,0,0,0,0,0,0,0,0,0,1,1,0,0,0,2240,0,0,cellular,8,mar,2,278,1,success,1
35,0,0,0,1,0,0,0,0,0,0,0,0,1,0,0,0,1,0,0,86,0,0,cellular,19,nov,1,111,2,failure,0
32,0,0,0,0,0,0,1,0,0,0,0,0,0,1,0,0,1,0,0,678,1,0,cellular,4,feb,1,246,4,failure,1
29,0,0,0,0,0,0,1,0,0,0,0,0,1,0,0,0,1,0,0,22171,1,0,cellular,18,may,1,355,3,failure,0
29,0,0,0,0,0,0,0,1,0,0,0,0,0,1,0,0,1,0,0,153,0,0,cellular,15,jul,2,-1,0,unknown,0
48,1,0,0,0,0,0,0,0,0,0,0,0,0,1,0,1,0,0,0,191,1,0,cellular,17,apr,1,326,1,failure,0
59,0,1,0,0,0,0,0,0,0,0,0,0,1,0,0,0,1,0,0,116,0,0,cellular,11,feb,1,183,7,success,1
58,0,0,0,1,0,0,0,0,0,0,0,0,1,0,0,0,0,1,0,853,0,0,cellular,7,jul,3,-1,0,unknown,0
79,0,0,0,0,0,1,0,0,0,0,0,0,1,0,0,0,1,0,0,723,0,0,telephone,9,sep,1,79,3,failure,1
50,0,0,0,0,0,0,0,1,0,0,0,0,1,0,0,0,1,0,0,77,0,0,cellular,27,may,2,-1,0,unknown,0
83,0,0,0,0,0,1,0,0,0,0,0,0,1,0,0,0,1,0,0,0,0,0,telephone,7,may,2,268,2,failure,0
46,0,0,0,1,0,0,0,0,0,0,0,0,1,0,0,0,0,1,0,2473,0,0,cellular,4,aug,3,-1,0,unknown,0
30,0,0,0,0,0,0,1,0,0,0,0,0,0,1,0,0,1,0,0,125,1,0,cellular,16,aug,3,116,1,other,0
44,1,0,0,0,0,0,0,0,0,0,0,0,1,0,0,1,0,0,0,254,1,1,cellular,11,may,2,300,3,failure,0
35,0,0,0,0,0,0,1,0,0,0,0,0,0,0,1,0,1,0,0,1085,0,0,cellular,4,feb,6,97,12,other,1
39,0,0,0,0,0,0,1,0,0,0,0,0,1,0,0,0,1,0,0,2319,0,0,cellular,7,jul,1,-1,0,unknown,0
42,0,1,0,0,0,0,0,0,0,0,0,0,1,0,0,0,1,0,0,33,0,0,telephone,22,jul,5,-1,0,unknown,0
35,1,0,0,0,0,0,0,0,0,0,0,0,1,0,0,0,1,0,0,4135,1,0,cellular,12,may,4,-1,0,unknown,0
27,0,1,0,0,0,0,0,0,0,0,0,0,0,1,0,0,1,0,0,337,0,0,unknown,9,jul,1,-1,0,unknown,1
38,0,0,1,0,0,0,0,0,0,0,0,0,1,0,0,0,0,1,0,350,1,0,cellular,8,may,1,-1,0,unknown,0
41,0,0,0,1,0,0,0,0,0,0,0,0,1,0,0,0,0,1,0,-692,1,0,cellular,16,apr,3,282,2,failure,0
40,0,0,0,0,0,0,1,0,0,0,0,0,1,0,0,0,1,0,0,-283,0,0,unknown,20,jun,2,-1,0,unknown,0
56,0,0,0,0,0,1,0,0,0,0,0,0,1,0,0,0,0,1,0,9367,0,0,telephone,13,nov,2,92,4,success,1
38,0,0,0,0,0,0,0,0,0,1,0,0,1,0,0,0,0,1,0,1147,1,1,unknown,8,may,5,-1,0,unknown,0
45,1,0,0,0,0,0,0,0,0,0,0,0,1,0,0,1,0,0,0,655,0,0,unknown,20,jun,3,-1,0,unknown,1
31,0,0,0,0,0,0,0,1,0,0,0,0,1,0,0,0,1,0,0,891,1,0,unknown,21,may,3,-1,0,unknown,0
27,0,0,0,1,0,0,0,0,0,0,0,0,1,0,0,0,1,0,0,564,1,0,unknown,9,may,3,-1,0,unknown,0
39,0,0,0,0,0,0,0,0,0,0,1,0,0,1,0,0,0,1,0,1340,0,0,unknown,18,jun,2,-1,0,unknown,0
34,0,0,0,1,0,0,0,0,0,0,0,0,1,0,0,0,0,1,0,72,1,0,cellular,15,may,3,-1,0,unknown,0
56,1,0,0,0,0,0,0,0,0,0,0,0,1,0,0,1,0,0,0,171,0,1,telephone,17,jul,2,-1,0,unknown,0
32,1,0,0,0,0,0,0,0,0,0,0,0,0,1,0,0,1,0,0,131,1,1,cellular,23,jul,2,-1,0,unknown,1
32,1,0,0,0,1,0,0,0,0,0,0,0,0,1,0,0,0,0,0,3044,1,0,unknown,2,jun,1,-1,0,unknown,0
38,0,0,0,0,0,0,0,1,0,0,0,0,1,0,0,0,1,0,0,434,1,0,unknown,20,may,1,-1,0,unknown,0
34,0,0,0,1,0,0,0,0,0,0,0,0,1,0,0,0,1,0,0,45,1,1,cellular,18,jul,3,-1,0,unknown,0
20,0,0,0,0,0,0,1,0,0,0,0,0,0,1,0,0,1,0,0,336,0,1,cellular,5,jun,1,-1,0,unknown,0
41,0,0,0,1,0,0,0,0,0,0,0,0,1,0,0,0,1,0,0,5517,1,0,cellular,10,jul,1,-1,0,unknown,1
27,0,1,0,0,0,0,0,0,0,0,0,0,0,1,0,1,0,0,0,667,0,0,cellular,29,jan,2,-1,0,unknown,1
50,0,0,0,1,0,0,0,0,0,0,0,0,1,0,0,0,0,1,0,506,1,0,telephone,7,aug,4,-1,0,unknown,0
67,0,0,0,0,0,1,0,0,0,0,0,0,1,0,0,0,0,1,0,258,0,0,cellular,17,dec,1,-1,0,unknown,0
32,0,0,0,0,0,0,1,0,0,0,0,0,0,1,0,0,1,0,0,344,0,0,cellular,26,may,2,-1,0,unknown,1
26,1,0,0,0,0,0,0,0,0,0,0,0,0,1,0,1,0,0,0,362,0,0,cellular,15,sep,1,104,2,success,1
46,0,0,0,0,0,0,0,0,0,0,1,0,1,0,0,0,1,0,0,38,0,0,cellular,27,may,3,183,1,success,1
62,0,0,0,0,0,1,0,0,0,0,0,0,1,0,0,1,0,0,0,2557,1,0,cellular,14,sep,1,216,7,success,1
31,1,0,0,0,0,0,0,0,0,0,0,0,0,1,0,1,0,0,0,2,0,0,cellular,8,aug,1,-1,0,unknown,1
49,0,0,1,0,0,0,0,0,0,0,0,0,1,0,0,0,1,0,0,687,1,0,cellular,17,apr,1,-1,0,unknown,1
54,0,1,0,0,0,0,0,0,0,0,0,0,0,1,0,0,1,0,0,770,0,0,unknown,17,jun,2,-1,0,unknown,0
39,1,0,0,0,0,0,0,0,0,0,0,0,0,1,0,1,0,0,0,5047,0,0,cellular,29,apr,4,-1,0,unknown,1
33,1,0,0,0,0,0,0,0,0,0,0,0,1,0,0,1,0,0,0,685,0,0,cellular,12,aug,2,-1,0,unknown,0
31,0,0,0,1,0,0,0,0,0,0,0,0,0,1,0,0,1,0,0,239,1,0,cellular,18,may,1,360,1,success,1
50,1,0,0,0,0,0,0,0,0,0,0,0,0,0,1,1,0,0,0,405,0,0,cellular,2,jul,1,91,6,failure,0
33,0,0,0,0,0,0,0,1,0,0,0,0,0,1,0,0,1,0,0,2881,0,0,cellular,26,may,1,328,1,success,1
46,1,0,0,0,0,0,0,0,0,0,0,0,0,1,0,1,0,0,0,6651,0,0,cellular,23,mar,1,-1,0,unknown,0
51,1,0,0,0,0,0,0,0,0,0,0,0,0,1,0,0,1,0,0,1610,1,0,unknown,16,jun,3,-1,0,unknown,1
54,0,1,0,0,0,0,0,0,0,0,0,0,0,0,1,0,1,0,0,859,0,1,cellular,21,jul,1,-1,0,unknown,1
34,1,0,0,0,0,0,0,0,0,0,0,0,0,1,0,1,0,0,0,417,1,0,cellular,5,aug,1,174,15,failure,1
41,0,0,1,0,0,0,0,0,0,0,0,0,0,1,0,0,1,0,0,663,0,0,cellular,24,jul,1,-1,0,unknown,1
49,0,0,0,1,0,0,0,0,0,0,0,0,1,0,0,0,0,1,0,1644,1,0,cellular,25,jul,4,-1,0,unknown,0
25,1,0,0,0,0,0,0,0,0,0,0,0,0,1,0,1,0,0,0,219,0,0,cellular,30,apr,1,-1,0,unknown,1
41,1,0,0,0,0,0,0,0,0,0,0,0,1,0,0,1,0,0,0,27696,0,0,cellular,12,aug,2,104,1,failure,1
42,1,0,0,0,0,0,0,0,0,0,0,0,1,0,0,1,0,0,0,294,0,0,cellular,26,aug,1,-1,0,unknown,1
53,0,0,0,0,0,0,0,1,0,0,0,0,1,0,0,0,1,0,0,197,1,0,cellular,17,apr,1,-1,0,unknown,0
37,0,0,0,0,0,0,0,0,1,0,0,0,1,0,0,1,0,0,0,1510,1,0,unknown,3,jun,2,-1,0,unknown,0
42,1,0,0,0,0,0,0,0,0,0,0,0,1,0,0,1,0,0,0,3841,1,0,cellular,25,jul,2,-1,0,unknown,0
32,0,1,0,0,0,0,0,0,0,0,0,0,1,0,0,0,1,0,0,484,1,0,cellular,12,aug,2,463,1,success,1
33,0,0,0,0,0,0,0,0,1,0,0,0,1,0,0,1,0,0,0,263,0,0,cellular,16,nov,4,94,3,failure,0
31,0,1,0,0,0,0,0,0,0,0,0,0,1,0,0,0,1,0,0,180,0,0,cellular,17,mar,2,-1,0,unknown,1
38,0,1,0,0,0,0,0,0,0,0,0,0,1,0,0,1,0,0,0,940,0,0,cellular,12,aug,7,-1,0,unknown,0
52,0,0,0,1,0,0,0,0,0,0,0,0,1,0,0,0,0,1,0,1515,0,0,cellular,7,aug,4,-1,0,unknown,0
36,0,0,0,0,0,0,0,1,0,0,0,0,1,0,0,0,0,1,0,413,1,0,telephone,13,may,1,176,1,failure,0
34,0,0,0,1,0,0,0,0,0,0,0,0,1,0,0,0,1,0,0,270,1,1,unknown,6,may,1,-1,0,unknown,0
40,1,0,0,0,0,0,0,0,0,0,0,0,0,1,0,0,1,0,0,192,1,0,unknown,16,may,11,-1,0,unknown,0
34,0,0,0,1,0,0,0,0,0,0,0,0,1,0,0,0,1,0,0,1739,1,1,unknown,21,may,2,-1,0,unknown,0
32,0,0,0,0,0,0,1,0,0,0,0,0,0,1,0,0,1,0,0,89,1,1,unknown,8,may,3,-1,0,unknown,0
28,0,0,0,0,0,0,0,0,0,0,0,1,0,1,0,0,1,0,0,949,1,0,unknown,28,may,1,-1,0,unknown,1
49,0,0,0,0,0,0,0,1,0,0,0,0,1,0,0,0,0,1,0,0,1,0,cellular,6,may,2,166,3,failure,1
38,1,0,0,0,0,0,0,0,0,0,0,0,0,0,1,1,0,0,0,6368,1,0,cellular,4,may,4,-1,0,unknown,1
29,0,0,0,0,0,0,0,1,0,0,0,0,0,1,0,0,1,0,0,-79,1,1,cellular,18,may,4,355,4,other,0
53,0,0,0,0,0,1,0,0,0,0,0,0,1,0,0,0,0,1,0,61,0,1,cellular,10,jul,1,-1,0,unknown,0
49,0,1,0,0,0,0,0,0,0,0,0,0,1,0,0,1,0,0,0,1235,0,0,cellular,13,aug,3,-1,0,unknown,1
36,1,0,0,0,0,0,0,0,0,0,0,0,1,0,0,1,0,0,0,9,0,0,cellular,11,aug,4,-1,0,unknown,1
32,1,0,0,0,0,0,0,0,0,0,0,0,1,0,0,1,0,0,0,4945,0,0,cellular,4,jun,1,119,2,other,1
28,0,0,0,0,0,0,1,0,0,0,0,0,0,0,1,0,1,0,0,785,1,0,unknown,8,may,2,-1,0,unknown,1
35,0,0,0,1,0,0,0,0,0,0,0,0,1,0,0,0,1,0,0,625,0,0,cellular,13,may,1,-1,0,unknown,0
34,0,0,0,1,0,0,0,0,0,0,0,0,0,1,0,0,1,0,0,215,0,0,cellular,3,mar,3,-1,0,unknown,1
56,0,0,0,1,0,0,0,0,0,0,0,0,1,0,0,0,1,0,0,1210,0,0,unknown,11,jun,1,-1,0,unknown,1
43,0,0,0,0,0,0,0,0,0,1,0,0,1,0,0,0,1,0,0,174,0,1,cellular,19,aug,2,-1,0,unknown,0
35,0,1,0,0,0,0,0,0,0,0,0,0,1,0,0,1,0,0,0,2518,0,0,unknown,9,jun,1,-1,0,unknown,0
72,0,0,0,0,0,1,0,0,0,0,0,0,1,0,0,0,1,0,0,1129,0,0,cellular,26,aug,1,-1,0,unknown,1
42,0,0,0,1,1,0,0,0,0,0,0,0,1,0,0,0,0,0,0,149,1,0,telephone,23,jul,3,-1,0,unknown,0
35,0,0,0,0,0,0,1,0,0,0,0,0,0,1,0,0,1,0,0,663,1,0,cellular,2,apr,3,-1,0,unknown,0
30,1,0,0,0,0,0,0,0,0,0,0,0,0,1,0,1,0,0,0,12857,1,0,cellular,6,nov,1,-1,0,unknown,1
29,0,0,0,1,0,0,0,0,0,0,0,0,0,1,0,0,1,0,0,322,0,0,unknown,14,jun,1,96,6,other,1
30,0,0,0,0,0,0,1,0,0,0,0,0,0,1,0,0,1,0,0,1309,0,0,cellular,28,jan,1,-1,0,unknown,1
24,0,0,0,0,0,0,0,0,0,0,0,1,0,1,0,0,1,0,0,382,0,0,cellular,13,nov,2,92,3,failure,1
56,0,0,0,0,0,1,0,0,0,0,0,0,1,0,0,0,1,0,0,393,0,1,cellular,26,jul,1,221,2,failure,1
45,0,0,0,0,1,0,1,0,0,0,0,0,1,0,0,0,0,0,0,5511,0,0,cellular,2,jul,1,-1,0,unknown,1
41,0,0,0,1,0,0,0,0,0,0,0,0,1,0,0,0,0,1,0,241,1,0,cellular,20,apr,1,150,1,failure,0
44,0,1,0,0,0,0,0,0,0,0,0,0,0,1,0,1,0,0,0,222,1,1,unknown,3,jul,1,-1,0,unknown,0
62,0,0,0,0,0,1,0,0,0,0,0,0,1,0,0,0,1,0,0,1495,0,0,cellular,17,aug,1,196,1,success,1
61,0,0,0,0,0,1,0,0,0,0,0,0,1,0,0,0,0,1,0,1060,1,0,unknown,13,may,1,-1,0,unknown,0
73,0,0,0,0,0,1,0,0,0,0,0,0,1,0,0,0,0,1,0,253,0,0,cellular,20,apr,1,-1,0,unknown,1
45,0,0,0,1,0,0,0,0,0,0,0,0,1,0,0,0,1,0,0,6879,0,0,cellular,12,oct,1,131,1,other,0
30,0,1,0,0,0,0,0,0,0,0,0,0,0,1,0,1,0,0,0,2325,0,0,cellular,10,aug,1,127,7,failure,1
45,0,0,0,1,0,0,0,0,0,0,0,0,1,0,0,0,0,1,0,803,1,0,cellular,4,may,4,-1,0,unknown,1
51,0,0,0,0,0,0,1,0,0,0,0,0,0,1,0,0,1,0,0,726,1,0,cellular,27,apr,8,-1,0,unknown,1
41,0,1,0,0,0,0,0,0,0,0,0,0,0,1,0,1,0,0,0,1646,1,0,cellular,5,aug,3,92,8,success,1
28,1,0,0,0,0,0,0,0,0,0,0,0,0,1,0,1,0,0,0,939,1,0,unknown,27,may,1,-1,0,unknown,1
50,0,0,0,0,0,0,0,0,0,0,1,0,1,0,0,0,1,0,0,1954,0,1,cellular,28,jul,4,-1,0,unknown,0
34,0,1,0,0,0,0,0,0,0,0,0,0,1,0,0,0,1,0,0,1,1,0,cellular,19,nov,1,-1,0,unknown,0
56,0,0,1,0,0,0,0,0,0,0,0,0,1,0,0,1,0,0,0,8741,1,0,unknown,20,may,3,-1,0,unknown,0
36,0,0,0,0,0,0,0,1,0,0,0,0,1,0,0,0,1,0,0,11462,1,0,cellular,20,nov,1,-1,0,unknown,1
83,0,0,0,0,0,1,0,0,0,0,0,0,1,0,0,1,0,0,0,4761,0,0,telephone,8,mar,1,-1,0,unknown,1
41,0,0,0,0,0,0,0,1,0,0,0,0,0,1,0,0,1,0,0,197,1,0,unknown,19,may,1,-1,0,unknown,0
37,0,0,0,1,0,0,0,0,0,0,0,0,1,0,0,0,0,1,0,-106,1,1,cellular,12,may,1,-1,0,unknown,1
45,0,0,0,0,0,0,1,0,0,0,0,0,0,1,0,0,1,0,0,-11,1,0,cellular,5,may,1,-1,0,unknown,0
37,0,0,0,0,0,0,1,0,0,0,0,0,1,0,0,0,1,0,0,2991,1,0,cellular,22,jul,3,-1,0,unknown,0
44,0,0,0,0,0,0,1,0,0,0,0,0,0,0,1,0,1,0,0,2999,1,0,cellular,14,may,1,-1,0,unknown,1
56,0,1,0,0,0,0,0,0,0,0,0,0,1,0,0,0,0,1,0,314,1,1,cellular,30,jan,2,2,5,other,0
49,0,0,0,1,0,0,0,0,0,0,0,0,0,0,1,0,0,1,0,514,0,0,cellular,17,nov,1,-1,0,unknown,0
57,0,0,0,0,0,1,0,0,0,0,0,0,0,0,1,0,0,1,0,63,0,1,cellular,25,jul,17,-1,0,unknown,1
33,0,0,0,1,0,0,0,0,0,0,0,0,1,0,0,0,1,0,0,0,0,0,cellular,29,jul,6,-1,0,unknown,1
39,1,0,0,0,0,0,0,0,0,0,0,0,0,1,0,1,0,0,0,5976,0,0,cellular,27,aug,2,-1,0,unknown,0
29,1,0,0,0,0,0,0,0,0,0,0,0,0,1,0,1,0,0,0,874,1,0,cellular,16,sep,1,103,1,success,1
43,0,0,0,0,0,0,0,1,0,0,0,0,1,0,0,0,1,0,0,87,0,0,cellular,22,jul,1,-1,0,unknown,0
31,1,0,0,0,0,0,0,0,0,0,0,0,0,1,0,1,0,0,0,2016,0,0,cellular,30,apr,1,-1,0,unknown,1
48,0,0,1,0,0,0,0,0,0,0,0,0,1,0,0,1,0,0,1,-392,0,0,cellular,31,jul,4,-1,0,unknown,1
34,0,0,0,1,0,0,0,0,0,0,0,0,1,0,0,0,1,0,0,765,0,0,cellular,25,jul,1,-1,0,unknown,0
57,0,0,0,0,0,0,0,1,0,0,0,0,1,0,0,0,0,1,0,491,1,0,cellular,15,apr,3,-1,0,unknown,1
38,0,0,0,1,0,0,0,0,0,0,0,0,0,1,0,0,1,0,0,13156,1,0,cellular,17,apr,4,331,1,failure,0
41,0,0,0,1,0,0,0,0,0,0,0,0,1,0,0,0,0,1,0,-252,1,0,unknown,29,may,5,-1,0,unknown,0
61,0,0,0,0,0,0,0,0,0,0,1,0,1,0,0,0,0,1,0,2580,0,0,cellular,16,sep,3,202,7,other,1
46,0,1,0,0,0,0,0,0,0,0,0,0,1,0,0,0,1,0,0,1353,0,0,cellular,18,aug,5,-1,0,unknown,1
27,0,1,0,0,0,0,0,0,0,0,0,0,0,1,0,1,0,0,0,-67,1,0,cellular,6,apr,3,236,2,failure,1
45,0,0,0,0,0,0,0,0,0,1,0,0,1,0,0,0,1,0,0,891,1,0,unknown,7,jan,1,-1,0,unknown,1
38,0,0,0,1,1,0,0,0,0,0,0,0,1,0,0,0,0,0,0,0,1,0,cellular,2,apr,2,267,1,failure,0
44,1,0,0,0,0,0,0,0,0,0,0,0,1,0,0,1,0,0,0,309,1,0,cellular,5,feb,1,-1,0,unknown,1
62,1,0,0,0,0,0,0,0,0,0,0,0,1,0,0,1,0,0,0,2785,0,0,cellular,6,jul,3,-1,0,unknown,1
44,0,1,0,0,0,0,0,0,0,0,0,0,1,0,0,0,1,0,0,561,1,0,unknown,30,may,2,-1,0,unknown,0
39,0,0,0,1,0,0,0,0,0,0,0,0,1,0,0,0,0,1,0,3324,0,0,cellular,9,jul,1,-1,0,unknown,0
24,0,0,0,0,0,0,1,0,0,0,0,0,0,1,0,0,1,0,0,753,1,0,cellular,30,mar,15,-1,0,unknown,0
34,0,0,0,1,0,0,0,0,0,0,0,0,0,1,0,0,0,1,0,326,1,0,cellular,29,jul,2,-1,0,unknown,0
32,1,0,0,0,0,0,0,0,0,0,0,0,0,1,0,1,0,0,0,2134,0,0,cellular,10,nov,2,-1,0,unknown,0
28,0,1,0,0,0,0,0,0,0,0,0,0,0,1,0,0,1,0,1,-1042,1,0,unknown,6,jun,2,-1,0,unknown,1
31,0,0,0,0,0,0,0,0,0,0,1,0,0,1,0,0,0,1,0,26965,0,0,cellular,21,apr,2,-1,0,unknown,1
56,0,0,0,0,0,0,0,0,1,0,0,0,0,0,1,0,1,0,0,0,0,0,cellular,18,nov,1,-1,0,unknown,0
32,0,0,0,0,0,0,0,1,0,0,0,0,0,1,0,1,0,0,0,785,0,0,cellular,3,jun,1,-1,0,unknown,0
33,0,0,0,0,0,0,0,1,0,0,0,0,1,0,0,0,1,0,0,2533,1,0,cellular,18,may,6,180,2,other,0
41,1,0,0,0,0,0,0,0,0,0,0,0,1,0,0,1,0,0,0,7028,0,0,cellular,17,nov,1,-1,0,unknown,0
60,0,0,0,0,0,0,1,0,0,0,0,0,0,0,1,0,1,0,0,162,0,0,unknown,27,may,1,-1,0,unknown,0
39,1,0,0,0,0,0,0,0,0,0,0,0,1,0,0,0,0,1,0,1873,0,0,unknown,9,jun,2,-1,0,unknown,0
61,0,0,0,0,0,0,0,0,1,0,0,0,0,0,1,1,0,0,0,6610,0,0,cellular,24,feb,2,-1,0,unknown,1
38,0,0,0,0,0,0,0,1,0,0,0,0,1,0,0,0,1,0,0,173,1,0,unknown,20,may,2,-1,0,unknown,0
39,0,1,0,0,0,0,0,0,0,0,0,0,1,0,0,0,1,0,0,328,0,0,unknown,6,jun,7,-1,0,unknown,0
49,0,1,0,0,0,0,0,0,0,0,0,0,1,0,0,1,0,0,0,-129,1,0,cellular,8,may,1,-1,0,unknown,0
47,0,1,0,0,0,0,0,0,0,0,0,0,1,0,0,0,1,0,0,0,1,0,cellular,25,may,1,-1,0,unknown,0
60,0,0,0,1,0,0,0,0,0,0,0,0,1,0,0,0,0,1,0,5,0,0,cellular,29,oct,1,-1,0,unknown,1
46,0,1,0,0,0,0,0,0,0,0,0,0,1,0,0,0,1,0,0,57,0,0,unknown,28,may,1,-1,0,unknown,1
22,0,0,0,0,1,0,0,0,0,0,0,1,0,1,0,0,0,0,0,466,0,0,cellular,30,jun,1,-1,0,unknown,1
69,0,0,0,0,0,1,0,0,0,0,0,0,1,0,0,0,0,1,0,324,0,0,cellular,4,feb,4,-1,0,unknown,1
34,0,1,0,0,0,0,0,0,0,0,0,0,0,1,0,1,0,0,0,2,1,0,unknown,13,may,2,-1,0,unknown,0
51,0,0,1,0,0,0,0,0,0,0,0,0,1,0,0,1,0,0,0,5254,1,0,unknown,23,oct,1,-1,0,unknown,1
77,0,0,0,0,0,1,0,0,0,0,0,0,1,0,0,1,0,0,0,7802,0,0,telephone,4,may,1,92,2,success,1
34,1,0,0,0,0,0,0,0,0,0,0,0,0,1,0,1,0,0,0,747,0,0,cellular,31,aug,2,98,1,failure,0
34,0,0,0,0,0,0,1,0,0,0,0,0,1,0,0,0,1,0,0,79,1,0,unknown,23,may,1,-1,0,unknown,0
36,0,0,0,0,0,0,1,0,0,0,0,0,0,0,1,0,1,0,0,307,1,0,unknown,13,may,2,-1,0,unknown,0
58,0,0,0,0,0,1,0,0,0,0,0,0,1,0,0,1,0,0,0,5087,0,0,cellular,20,nov,2,154,1,failure,0
51,0,0,0,0,0,0,1,0,0,0,0,0,1,0,0,0,1,0,0,1699,0,0,unknown,5,jun,2,-1,0,unknown,0
31,1,0,0,0,0,0,0,0,0,0,0,0,1,0,0,1,0,0,0,1331,0,0,unknown,5,nov,1,-1,0,unknown,1
50,0,1,0,0,0,0,0,0,0,0,0,0,1,0,0,1,0,0,0,2313,0,0,cellular,5,aug,1,-1,0,unknown,1
45,0,0,0,1,0,0,0,0,0,0,0,0,1,0,0,0,1,0,0,603,0,0,cellular,22,may,1,-1,0,unknown,0
52,0,1,0,0,0,0,0,0,0,0,0,0,0,1,0,0,1,0,0,1262,0,1,cellular,17,nov,1,-1,0,unknown,0
30,0,0,0,0,0,0,1,0,0,0,0,0,0,1,0,0,1,0,0,265,1,0,cellular,25,may,1,181,2,success,1
49,0,0,0,1,0,0,0,0,0,0,0,0,1,0,0,0,1,0,0,64,1,0,unknown,7,may,3,-1,0,unknown,0
60,0,1,0,0,0,0,0,0,0,0,0,0,0,0,1,0,1,0,0,0,0,0,unknown,6,jun,1,-1,0,unknown,0
32,0,0,0,1,0,0,0,0,0,0,0,0,0,1,0,0,1,0,0,118,1,0,cellular,17,jul,1,-1,0,unknown,1
33,0,0,0,0,0,0,0,0,1,0,0,0,0,1,0,1,0,0,0,61,0,0,cellular,19,aug,3,-1,0,unknown,1
24,0,0,0,0,0,0,0,0,0,0,0,1,0,1,0,0,1,0,0,822,0,0,cellular,27,oct,1,91,2,failure,1
68,0,0,0,0,0,1,0,0,0,0,0,0,0,0,1,0,0,1,0,476,0,0,telephone,28,jun,1,-1,0,unknown,1
54,1,0,0,0,0,0,0,0,0,0,0,0,1,0,0,0,1,0,0,2693,0,0,cellular,22,mar,1,188,6,other,1
33,0,0,0,0,1,0,1,0,0,0,0,0,1,0,0,0,0,0,0,2780,0,0,cellular,19,nov,1,-1,0,unknown,1
21,0,0,0,0,0,0,0,0,0,0,0,1,0,1,0,0,1,0,0,224,0,0,cellular,30,apr,1,-1,0,unknown,1
31,0,0,0,0,0,0,1,0,0,0,0,0,0,1,0,0,1,0,0,81,1,0,cellular,23,apr,2,165,11,other,0
56,0,0,0,0,0,0,0,1,0,0,0,0,1,0,0,0,0,1,0,486,0,1,telephone,21,jul,1,-1,0,unknown,1
33,0,1,0,0,0,0,0,0,0,0,0,0,1,0,0,1,0,0,0,6843,0,0,cellular,20,nov,1,100,10,other,1
28,1,0,0,0,0,0,0,0,0,0,0,0,0,1,0,1,0,0,0,111,1,1,cellular,28,jul,2,-1,0,unknown,0
35,0,0,0,0,0,0,0,0,1,0,0,0,1,0,0,0,0,1,0,1094,1,0,unknown,8,may,1,-1,0,unknown,0
31,0,0,0,1,0,0,0,0,0,0,0,0,0,0,1,0,1,0,0,-277,1,0,telephone,17,jul,2,-1,0,unknown,1
52,0,0,0,1,0,0,0,0,0,0,0,0,1,0,0,0,1,0,0,2230,0,0,cellular,29,oct,3,-1,0,unknown,1
30,0,0,0,0,0,0,0,1,0,0,0,0,0,0,1,0,1,0,0,341,1,0,cellular,20,nov,1,-1,0,unknown,1
29,0,0,0,0,1,0,0,0,0,0,0,1,0,1,0,0,0,0,0,7585,0,0,cellular,3,mar,2,198,1,failure,1
32,0,1,0,0,0,0,0,0,0,0,0,0,1,0,0,0,1,0,0,560,0,0,cellular,6,aug,4,-1,0,unknown,1
34,0,0,0,0,0,0,0,1,0,0,0,0,1,0,0,0,1,0,0,409,1,0,cellular,20,apr,4,-1,0,unknown,0
38,0,1,0,0,0,0,0,0,0,0,0,0,1,0,0,0,1,0,0,1478,0,0,cellular,12,aug,4,-1,0,unknown,1
43,1,0,0,0,0,0,0,0,0,0,0,0,1,0,0,1,0,0,0,1791,0,0,cellular,5,aug,1,-1,0,unknown,1
39,0,1,0,0,0,0,0,0,0,0,0,0,0,1,0,1,0,0,0,0,0,0,cellular,21,aug,2,-1,0,unknown,0
21,0,1,0,0,1,0,0,0,0,0,0,0,0,1,0,0,0,0,0,360,0,0,cellular,26,may,2,-1,0,unknown,1
33,1,0,0,0,0,0,0,0,0,0,0,0,0,1,0,1,0,0,0,224,0,0,cellular,23,jun,2,107,2,success,1
54,0,0,1,0,0,0,0,0,0,0,0,0,1,0,0,1,0,0,0,0,0,0,cellular,30,jul,5,-1,0,unknown,0
64,0,0,0,0,0,1,0,0,0,0,0,0,1,0,0,0,1,0,0,1612,0,0,cellular,18,may,1,89,5,failure,1
46,0,0,0,0,0,0,0,1,0,0,0,0,1,0,0,0,1,0,0,692,1,0,cellular,9,feb,3,257,2,failure,0
28,0,0,0,1,0,0,0,0,0,0,0,0,0,1,0,0,1,0,0,-46,1,0,cellular,2,mar,1,89,11,failure,1
36,1,0,0,0,0,0,0,0,0,0,0,0,0,1,0,1,0,0,0,538,0,0,cellular,23,jun,1,183,5,success,1
55,0,1,0,0,0,0,0,0,0,0,0,0,0,0,1,1,0,0,0,2298,1,0,cellular,29,jul,1,-1,0,unknown,0
40,0,0,0,1,0,0,0,0,0,0,0,0,1,0,0,0,0,1,0,1841,1,0,cellular,15,may,4,-1,0,unknown,1
48,0,0,0,0,0,0,1,0,0,0,0,0,1,0,0,0,1,0,0,156,0,0,cellular,4,aug,1,-1,0,unknown,1
30,1,0,0,0,0,0,0,0,0,0,0,0,1,0,0,1,0,0,0,1567,1,0,cellular,12,aug,4,-1,0,unknown,1
47,0,0,0,0,0,1,0,0,0,0,0,0,1,0,0,0,1,0,0,477,0,0,unknown,16,jun,3,-1,0,unknown,0
32,0,0,0,0,0,0,0,1,0,0,0,0,0,1,0,0,1,0,0,3993,0,0,cellular,22,may,2,-1,0,unknown,1
38,1,0,0,0,0,0,0,0,0,0,0,0,1,0,0,1,0,0,0,162,1,0,cellular,21,nov,1,-1,0,unknown,0
57,0,0,0,0,0,0,0,1,0,0,0,0,1,0,0,0,0,1,0,1728,1,0,telephone,16,jul,1,-1,0,unknown,0
51,0,0,0,1,1,0,0,0,0,0,0,0,1,0,0,0,0,0,0,226,1,0,unknown,4,jun,13,-1,0,unknown,0
67,1,0,0,0,0,0,0,0,0,0,0,0,0,0,1,1,0,0,0,361,0,0,cellular,13,oct,2,-1,0,unknown,1
36,0,0,0,0,0,0,1,0,0,0,0,0,0,1,0,0,1,0,0,-207,0,0,cellular,2,feb,1,-1,0,unknown,0
37,0,0,0,0,0,0,0,0,0,1,0,0,0,1,0,1,0,0,0,1706,0,0,unknown,12,jun,3,-1,0,unknown,0
34,0,0,0,0,0,0,0,0,1,0,0,0,0,1,0,1,0,0,0,5462,0,0,cellular,30,apr,1,-1,0,unknown,1
46,0,0,0,0,0,0,0,0,1,0,0,0,1,0,0,0,1,0,0,548,0,0,cellular,12,aug,4,-1,0,unknown,1
57,1,0,0,0,0,0,0,0,0,0,0,0,1,0,0,1,0,0,0,473,0,0,cellular,1,jun,1,-1,0,unknown,1
38,0,1,0,0,0,0,0,0,0,0,0,0,1,0,0,0,1,0,0,0,0,0,cellular,8,jul,1,-1,0,unknown,1
38,1,0,0,0,0,0,0,0,0,0,0,0,1,0,0,1,0,0,0,3724,1,0,cellular,27,aug,10,-1,0,unknown,0
31,0,0,0,1,0,0,0,0,0,0,0,0,0,1,0,0,1,0,0,411,0,0,cellular,21,may,3,361,1,failure,0
41,0,0,0,0,0,0,0,0,0,1,0,0,0,1,0,1,0,0,0,79,0,0,telephone,9,nov,1,390,2,success,1
48,0,1,0,0,0,0,0,0,0,0,0,0,1,0,0,0,1,0,0,1764,1,0,unknown,14,may,2,-1,0,unknown,0
48,0,1,0,0,0,0,0,0,0,0,0,0,1,0,0,0,1,0,0,466,0,0,cellular,19,aug,7,-1,0,unknown,0
27,0,0,0,0,0,0,0,1,0,0,0,0,1,0,0,0,1,0,0,0,1,0,cellular,23,jul,13,-1,0,unknown,0
49,0,0,0,0,0,0,0,1,0,0,0,0,1,0,0,0,1,0,0,7019,1,0,cellular,2,jun,1,368,3,failure,1
41,0,0,0,1,0,0,0,0,0,0,0,0,1,0,0,0,1,0,0,-256,1,0,unknown,3,jun,2,-1,0,unknown,0
48,0,0,0,1,0,0,0,0,0,0,0,0,1,0,0,0,0,1,0,108,1,0,telephone,15,may,5,367,7,other,0
57,0,0,0,0,0,0,0,0,0,1,0,0,1,0,0,0,0,1,0,0,0,0,unknown,9,jun,1,-1,0,unknown,0
72,0,0,0,0,0,1,0,0,0,0,0,0,1,0,0,0,0,1,0,3856,0,0,cellular,10,dec,4,115,1,other,1
39,0,0,0,1,0,0,0,0,0,0,0,0,1,0,0,0,0,1,0,1802,1,0,unknown,2,jun,1,-1,0,unknown,0
31,1,0,0,0,0,0,0,0,0,0,0,0,0,1,0,1,0,0,0,725,1,0,cellular,28,jul,1,92,2,failure,0
31,0,0,0,0,0,0,0,0,1,0,0,0,0,1,0,1,0,0,0,1815,0,0,telephone,9,feb,1,-1,0,unknown,1
32,1,0,0,0,0,0,0,0,0,0,0,0,1,0,0,1,0,0,0,1270,0,0,cellular,19,aug,3,-1,0,unknown,1
47,0,0,1,0,0,0,0,0,0,0,0,0,1,0,0,1,0,0,0,459,1,0,cellular,29,jul,4,-1,0,unknown,0
29,0,0,0,1,0,0,0,0,0,0,0,0,1,0,0,0,1,0,0,185,1,1,unknown,5,jun,3,-1,0,unknown,0
34,0,0,0,1,0,0,0,0,0,0,0,0,0,1,0,0,1,0,0,381,1,0,unknown,12,may,1,-1,0,unknown,0
55,0,0,1,0,0,0,0,0,0,0,0,0,1,0,0,0,1,0,0,204,0,0,cellular,14,jul,13,-1,0,unknown,0
29,0,0,0,0,0,0,0,1,0,0,0,0,0,1,0,1,0,0,0,1788,0,0,cellular,27,oct,1,-1,0,unknown,1
31,1,0,0,0,0,0,0,0,0,0,0,0,0,1,0,1,0,0,0,147,0,0,cellular,9,mar,1,181,2,success,1
45,0,0,0,0,0,0,1,0,0,0,0,0,1,0,0,0,1,0,0,236,0,0,cellular,20,aug,2,-1,0,unknown,1
30,0,0,0,0,0,0,1,0,0,0,0,0,0,1,0,0,1,0,0,270,0,0,cellular,30,apr,1,80,1,success,1
54,0,0,0,0,0,1,0,0,0,0,0,0,0,0,1,1,0,0,0,6102,1,1,unknown,21,may,6,-1,0,unknown,0
28,0,0,0,0,0,0,0,0,0,0,0,1,0,1,0,0,1,0,0,1925,0,0,cellular,26,feb,1,93,3,success,0
55,1,0,0,0,0,0,0,0,0,0,0,0,1,0,0,1,0,0,0,2366,1,1,cellular,30,jul,4,-1,0,unknown,0
72,0,0,0,0,0,1,0,0,0,0,0,0,0,0,1,1,0,0,0,438,0,0,cellular,23,feb,1,-1,0,unknown,1
33,1,0,0,0,0,0,0,0,0,0,0,0,1,0,0,0,1,0,0,2858,1,1,cellular,12,may,1,298,5,failure,0
46,0,0,0,0,0,0,0,0,1,0,0,0,0,1,0,0,1,0,0,526,0,0,cellular,30,apr,1,87,2,other,1
56,0,0,0,0,0,0,0,1,0,0,0,0,1,0,0,0,0,1,0,444,1,0,cellular,19,nov,1,166,1,failure,0
39,0,0,0,1,0,0,0,0,0,0,0,0,1,0,0,0,0,1,0,50,0,0,cellular,16,jul,2,-1,0,unknown,0
51,0,1,0,0,0,0,0,0,0,0,0,0,1,0,0,0,1,0,0,100,0,0,cellular,2,feb,2,-1,0,unknown,1
53,0,0,0,0,0,0,0,0,0,0,1,0,1,0,0,0,0,1,0,2581,0,0,cellular,21,oct,1,189,1,failure,1
29,0,0,0,0,0,0,0,0,1,0,0,0,0,1,0,1,0,0,0,121,1,0,unknown,30,may,2,-1,0,unknown,1
36,0,1,0,0,0,0,0,0,0,0,0,0,1,0,0,0,1,0,0,480,0,0,cellular,20,oct,1,-1,0,unknown,1
43,0,1,0,0,0,0,0,0,0,0,0,0,1,0,0,0,1,0,0,282,0,1,cellular,21,nov,2,-1,0,unknown,0
46,0,0,0,1,0,0,0,0,0,0,0,0,1,0,0,0,1,0,0,15,1,1,cellular,20,aug,3,-1,0,unknown,0
52,1,0,0,0,0,0,0,0,0,0,0,0,1,0,0,1,0,0,0,1545,0,0,unknown,20,jun,4,-1,0,unknown,0
38,0,1,0,0,0,0,0,0,0,0,0,0,0,1,0,1,0,0,0,69,1,0,cellular,13,may,3,-1,0,unknown,0
34,1,0,0,0,0,0,0,0,0,0,0,0,1,0,0,0,1,0,0,369,0,0,cellular,2,aug,3,342,4,failure,1
25,0,1,0,0,0,0,0,0,0,0,0,0,0,1,0,0,1,0,0,1298,0,0,cellular,2,sep,7,94,2,other,0
60,0,0,0,0,0,0,0,0,0,0,1,0,1,0,0,0,1,0,0,283,0,0,cellular,2,jun,1,-1,0,unknown,0
38,0,1,0,0,0,0,0,0,0,0,0,0,1,0,0,1,0,0,0,88,0,0,cellular,8,nov,2,186,4,success,1
38,0,0,0,1,0,0,0,0,0,0,0,0,1,0,0,0,1,0,0,-3,0,1,unknown,5,jun,1,-1,0,unknown,0
31,0,0,0,0,0,0,0,0,0,1,0,0,1,0,0,1,0,0,0,330,0,0,cellular,13,jul,1,181,3,success,1
47,0,1,0,0,0,0,0,0,0,0,0,0,0,0,1,0,1,0,0,47,0,1,unknown,1,jul,2,-1,0,unknown,0
37,1,0,0,0,0,0,0,0,0,0,0,0,0,1,0,1,0,0,0,614,1,0,unknown,30,may,2,-1,0,unknown,0
40,0,0,0,1,0,0,0,0,0,0,0,0,1,0,0,0,0,1,1,-56,1,0,unknown,27,may,1,-1,0,unknown,0
57,0,0,0,0,0,0,0,0,0,0,1,0,1,0,0,0,0,1,0,2234,0,0,unknown,11,jun,5,-1,0,unknown,0
38,0,0,0,0,0,0,1,0,0,0,0,0,1,0,0,0,1,0,0,0,0,0,telephone,17,nov,2,158,8,other,0
44,0,0,0,1,0,0,0,0,0,0,0,0,1,0,0,0,0,1,0,4031,1,0,cellular,7,may,4,-1,0,unknown,1
55,0,0,0,0,0,0,0,0,0,0,1,0,1,0,0,0,1,0,0,127,1,0,telephone,21,jul,8,-1,0,unknown,1
34,0,0,0,1,0,0,0,0,0,0,0,0,0,1,0,0,1,0,0,565,1,1,cellular,20,apr,4,-1,0,unknown,0
32,1,0,0,0,0,0,0,0,0,0,0,0,1,0,0,1,0,0,0,1331,0,0,cellular,12,nov,1,92,5,failure,1
53,0,1,0,0,0,0,0,0,0,0,0,0,1,0,0,0,1,0,0,719,1,0,unknown,14,may,1,-1,0,unknown,0
28,0,0,0,0,0,0,1,0,0,0,0,0,0,1,0,0,1,0,0,377,0,0,cellular,30,apr,1,-1,0,unknown,1
29,0,0,0,1,0,0,0,0,0,0,0,0,1,0,0,0,1,0,0,2378,1,1,cellular,20,apr,1,276,6,failure,0
49,1,0,0,0,0,0,0,0,0,0,0,0,0,1,0,1,0,0,0,1093,1,0,cellular,18,nov,1,-1,0,unknown,0
56,0,0,0,0,0,0,1,0,0,0,0,0,1,0,0,0,1,0,0,602,0,0,cellular,14,jun,1,130,8,success,1
54,0,0,0,0,0,1,0,0,0,0,0,0,1,0,0,0,1,0,0,1004,1,0,cellular,1,apr,1,307,1,failure,0
29,0,1,0,0,0,0,0,0,0,0,0,0,1,0,0,0,1,0,0,444,1,0,cellular,21,jul,4,-1,0,unknown,0
38,1,0,0,0,0,0,0,0,0,0,0,0,0,1,0,0,1,0,0,53,0,0,unknown,9,jun,1,-1,0,unknown,0
29,0,0,0,1,0,0,0,0,0,0,0,0,1,0,0,0,1,0,0,-475,1,0,unknown,3,jun,2,-1,0,unknown,0
42,0,0,0,0,0,0,1,0,0,0,0,0,1,0,0,0,0,1,0,-306,1,0,cellular,17,aug,1,459,1,success,1
37,0,0,0,0,1,0,1,0,0,0,0,0,1,0,0,0,0,0,0,463,1,0,unknown,11,jun,1,-1,0,unknown,0
32,0,1,0,0,0,0,0,0,0,0,0,0,0,1,0,0,1,0,0,792,0,0,cellular,29,aug,2,-1,0,unknown,0
29,0,0,0,1,0,0,0,0,0,0,0,0,1,0,0,0,1,0,0,975,1,0,unknown,27,may,2,-1,0,unknown,0
34,0,1,0,0,0,0,0,0,0,0,0,0,1,0,0,0,1,0,0,4,1,0,cellular,2,feb,2,263,1,failure,0
30,1,0,0,0,0,0,0,0,0,0,0,0,1,0,0,1,0,0,0,623,1,0,unknown,29,may,5,-1,0,unknown,0
37,1,0,0,0,0,0,0,0,0,0,0,0,1,0,0,1,0,0,0,8821,1,0,cellular,14,may,1,-1,0,unknown,0
61,0,0,0,0,0,1,0,0,0,0,0,0,1,0,0,1,0,0,0,2557,1,0,cellular,10,feb,2,92,5,success,1
71,0,0,0,0,0,0,0,0,0,0,1,0,0,0,1,0,0,1,0,1311,0,0,cellular,10,nov,2,91,1,success,1
36,1,0,0,0,0,0,0,0,0,0,0,0,0,1,0,1,0,0,0,436,0,0,cellular,13,apr,1,595,2,failure,1
32,1,0,0,0,0,0,0,0,0,0,0,0,0,1,0,1,0,0,0,2059,0,0,cellular,4,feb,2,-1,0,unknown,0
31,0,0,0,0,0,0,0,1,0,0,0,0,0,0,1,0,0,1,0,459,1,0,cellular,7,may,1,293,1,success,1
52,1,0,0,0,0,0,0,0,0,0,0,0,1,0,0,1,0,0,0,388,0,0,cellular,25,may,1,-1,0,unknown,1
28,1,0,0,0,0,0,0,0,0,0,0,0,0,1,0,0,1,0,0,703,1,0,cellular,15,may,1,88,1,other,1
34,0,0,0,0,0,0,0,1,0,0,0,0,1,0,0,0,1,0,0,1337,0,0,cellular,30,apr,1,-1,0,unknown,1
44,0,1,0,0,0,0,0,0,0,0,0,0,1,0,0,0,1,0,0,2776,1,0,cellular,27,jan,1,-1,0,unknown,1
37,0,0,0,0,0,0,0,0,0,1,0,0,0,1,0,0,1,0,0,2722,0,0,telephone,27,apr,2,179,3,other,1
52,0,0,0,0,0,0,0,0,1,0,0,0,1,0,0,1,0,0,0,6657,0,0,telephone,30,apr,1,-1,0,unknown,1
49,0,0,0,1,0,0,0,0,0,0,0,0,1,0,0,0,0,1,0,3659,1,0,unknown,7,may,1,-1,0,unknown,0
60,0,0,0,0,1,0,1,0,0,0,0,0,1,0,0,0,0,0,0,478,0,0,cellular,19,jul,2,311,8,failure,1
52,1,0,0,0,0,0,0,0,0,0,0,0,1,0,0,1,0,0,0,1177,1,0,unknown,29,may,1,-1,0,unknown,0
61,0,0,0,0,0,1,0,0,0,0,0,0,1,0,0,0,1,0,0,0,0,0,cellular,2,feb,1,-1,0,unknown,0
38,0,1,0,0,0,0,0,0,0,0,0,0,1,0,0,1,0,0,0,206,0,0,cellular,8,apr,2,-1,0,unknown,1
40,0,0,0,1,0,0,0,0,0,0,0,0,1,0,0,0,1,0,0,188,1,1,unknown,20,jun,2,-1,0,unknown,1
40,1,0,0,0,0,0,0,0,0,0,0,0,0,1,0,1,0,0,0,2258,1,0,cellular,14,may,3,287,2,failure,0
47,0,0,0,0,0,0,1,0,0,0,0,0,1,0,0,0,1,0,0,1715,0,0,cellular,22,jul,8,-1,0,unknown,0
36,0,0,0,0,0,0,1,0,0,0,0,0,0,1,0,0,1,0,0,22,1,0,cellular,22,jul,5,-1,0,unknown,0
37,1,0,0,0,0,0,0,0,0,0,0,0,0,1,0,1,0,0,0,22125,0,1,cellular,21,nov,2,-1,0,unknown,1
39,0,1,0,0,0,0,0,0,0,0,0,0,1,0,0,1,0,0,0,108,0,0,cellular,28,may,3,28,2,other,0
35,0,0,0,0,0,0,0,0,0,0,1,0,1,0,0,1,0,0,0,11219,0,0,cellular,12,aug,2,79,1,failure,0
39,1,0,0,0,0,0,0,0,0,0,0,0,1,0,0,1,0,0,0,494,0,0,cellular,10,mar,2,478,3,failure,1
43,0,0,0,0,0,0,1,0,0,0,0,0,0,1,0,0,1,0,0,375,0,1,cellular,5,feb,2,199,4,failure,0
37,0,1,0,0,0,0,0,0,0,0,0,0,0,0,1,0,1,0,0,1772,0,0,unknown,3,jun,1,-1,0,unknown,0
33,1,0,0,0,0,0,0,0,0,0,0,0,1,0,0,1,0,0,0,1122,0,0,cellular,30,apr,10,-1,0,unknown,0
55,0,0,0,0,0,0,0,1,0,0,0,0,0,0,1,1,0,0,0,1983,1,0,telephone,19,nov,1,-1,0,unknown,0
36,0,0,0,1,0,0,0,0,0,0,0,0,0,1,0,0,1,0,0,0,1,0,cellular,5,feb,2,-1,0,unknown,0
35,0,0,0,0,0,0,0,1,0,0,0,0,1,0,0,0,1,0,0,27,1,1,cellular,5,may,2,278,3,failure,0
35,0,0,1,0,0,0,0,0,0,0,0,0,1,0,0,0,0,1,0,2643,0,1,cellular,8,jul,1,-1,0,unknown,0
46,0,0,0,0,0,0,0,0,1,0,0,0,0,1,0,1,0,0,0,1934,1,0,unknown,15,may,3,-1,0,unknown,0
29,0,1,0,0,0,0,0,0,0,0,0,0,0,1,0,0,1,0,0,22008,1,0,unknown,28,may,2,-1,0,unknown,0
65,0,0,0,0,0,1,0,0,0,0,0,0,0,0,1,0,1,0,0,828,0,0,cellular,13,jul,1,-1,0,unknown,1
77,0,0,0,0,0,1,0,0,0,0,0,0,0,0,1,1,0,0,0,4659,0,0,cellular,14,apr,1,-1,0,unknown,1
60,0,0,0,0,0,0,1,0,0,0,0,0,0,0,1,0,1,0,0,12039,0,0,telephone,8,apr,1,-1,0,unknown,1
73,0,0,0,0,0,1,0,0,0,0,0,0,1,0,0,0,0,1,0,542,0,0,cellular,26,oct,1,180,5,failure,1
63,0,0,0,0,0,1,0,0,0,0,0,0,1,0,0,0,1,0,0,1612,0,0,telephone,17,feb,2,-1,0,unknown,1
61,1,0,0,0,0,0,0,0,0,0,0,0,1,0,0,1,0,0,0,997,0,0,cellular,22,jun,1,104,1,success,1
43,0,0,0,1,0,0,0,0,0,0,0,0,1,0,0,0,0,1,0,223,1,0,cellular,4,feb,2,204,2,other,0
38,0,0,0,0,0,0,0,0,0,1,0,0,0,1,0,0,1,0,0,804,0,0,cellular,1,jun,1,-1,0,unknown,1
46,0,1,0,0,0,0,0,0,0,0,0,0,1,0,0,1,0,0,0,3009,0,0,cellular,4,aug,2,-1,0,unknown,0
32,0,0,0,1,0,0,0,0,0,0,0,0,1,0,0,0,1,0,0,759,1,0,cellular,9,apr,5,-1,0,unknown,1
33,0,0,0,0,0,0,0,0,0,1,0,0,0,1,0,0,1,0,0,2066,0,1,cellular,9,sep,1,749,2,failure,1
32,0,0,0,0,0,0,0,1,0,0,0,0,0,1,0,0,1,0,0,1274,1,0,cellular,7,may,2,-1,0,unknown,0
27,0,0,0,1,0,0,0,0,0,0,0,0,0,1,0,0,1,0,0,0,1,0,unknown,7,may,4,-1,0,unknown,0
55,1,0,0,0,0,0,0,0,0,0,0,0,1,0,0,1,0,0,0,1402,1,0,cellular,11,may,2,175,1,failure,0
45,0,1,0,0,0,0,0,0,0,0,0,0,1,0,0,0,1,0,0,2981,1,1,cellular,29,mar,3,311,3,failure,0
43,1,0,0,0,0,0,0,0,0,0,0,0,1,0,0,1,0,0,0,254,1,1,cellular,15,jul,3,-1,0,unknown,0
54,0,1,0,0,0,0,0,0,0,0,0,0,1,0,0,0,1,0,0,114,0,0,cellular,30,jul,3,-1,0,unknown,1
30,0,0,1,0,0,0,0,0,0,0,0,0,0,1,0,0,1,0,0,265,1,1,unknown,3,jun,10,-1,0,unknown,0
27,0,0,0,0,0,0,0,1,0,0,0,0,1,0,0,0,1,0,0,199,0,0,cellular,4,feb,2,195,6,failure,0
27,0,0,0,1,0,0,0,0,0,0,0,0,1,0,0,0,1,0,0,61,1,0,unknown,19,jun,1,-1,0,unknown,1
33,0,0,1,0,0,0,0,0,0,0,0,0,0,1,0,1,0,0,0,99,0,1,cellular,31,jul,3,-1,0,unknown,0
39,0,0,0,1,0,0,0,0,0,0,0,0,0,1,0,0,1,0,0,631,1,0,cellular,12,may,2,344,8,other,0
41,0,0,0,1,0,0,0,0,0,0,0,0,1,0,0,0,1,0,0,424,1,0,cellular,7,may,5,-1,0,unknown,0
31,0,0,0,0,0,0,0,0,0,1,0,0,0,1,0,0,1,0,0,3528,0,0,cellular,5,feb,1,-1,0,unknown,0
28,0,0,0,0,0,0,0,0,0,0,0,1,0,1,0,1,0,0,0,170,0,0,telephone,14,may,5,-1,0,unknown,0
49,0,0,0,0,0,0,1,0,0,0,0,0,0,1,0,0,1,0,0,780,0,0,telephone,3,feb,5,-1,0,unknown,0
58,0,0,1,0,0,0,0,0,0,0,0,0,1,0,0,1,0,0,0,776,1,0,telephone,9,jul,1,-1,0,unknown,1
34,0,1,0,0,0,0,0,0,0,0,0,0,1,0,0,0,1,0,0,1035,0,0,cellular,25,aug,10,-1,0,unknown,1
48,0,0,0,1,0,0,0,0,0,0,0,0,1,0,0,0,1,0,0,292,0,0,cellular,30,apr,1,79,1,success,1
57,0,0,0,1,0,0,0,0,0,0,0,0,1,0,0,0,0,1,0,3109,0,0,cellular,2,jun,2,-1,0,unknown,1
45,0,0,0,0,0,0,1,0,0,0,0,0,1,0,0,0,1,0,0,825,0,0,unknown,19,jun,1,-1,0,unknown,0
38,0,1,0,0,0,0,0,0,0,0,0,0,1,0,0,0,1,0,0,6728,0,0,cellular,21,aug,4,-1,0,unknown,1
72,0,0,0,0,0,1,0,0,0,0,0,0,1,0,0,0,0,1,0,3232,0,0,cellular,12,nov,2,-1,0,unknown,0
43,1,0,0,0,0,0,0,0,0,0,0,0,1,0,0,1,0,0,0,0,0,0,cellular,14,jul,3,-1,0,unknown,1
33,0,0,0,1,0,0,0,0,0,0,0,0,0,1,0,0,1,0,0,1254,1,0,cellular,14,apr,1,-1,0,unknown,0
28,0,0,0,1,0,0,0,0,0,0,0,0,0,1,0,0,1,0,0,-208,1,0,cellular,15,may,3,359,2,failure,0
42,0,0,0,1,0,0,0,0,0,0,0,0,1,0,0,0,0,1,0,0,1,0,unknown,9,may,2,-1,0,unknown,0
30,0,0,0,0,0,0,0,0,1,0,0,0,0,1,0,1,0,0,0,253,1,0,cellular,28,jul,4,-1,0,unknown,0
60,1,0,0,0,0,0,0,0,0,0,0,0,1,0,0,0,0,1,0,295,0,0,unknown,6,jun,4,-1,0,unknown,0
36,0,1,0,0,0,0,0,0,0,0,0,0,0,1,0,0,1,0,0,76,1,0,cellular,31,jul,5,-1,0,unknown,0
46,1,0,0,0,0,0,0,0,0,0,0,0,1,0,0,0,0,1,0,3229,1,0,cellular,20,apr,1,-1,0,unknown,1
57,0,0,0,0,0,1,0,0,0,0,0,0,0,0,1,0,1,0,0,-331,1,0,unknown,6,may,1,-1,0,unknown,0
45,0,1,0,0,0,0,0,0,0,0,0,0,0,1,0,0,1,0,0,792,0,0,cellular,19,nov,5,-1,0,unknown,0
34,0,1,0,0,0,0,0,0,0,0,0,0,0,1,0,0,1,0,0,124,0,0,telephone,14,aug,2,-1,0,unknown,0
43,0,1,0,0,0,0,0,0,0,0,0,0,0,1,0,1,0,0,0,27733,1,0,unknown,3,jun,7,-1,0,unknown,0
39,0,0,0,0,0,0,0,0,1,0,0,0,1,0,0,0,0,1,0,2077,1,0,cellular,31,jul,21,-1,0,unknown,0
49,1,0,0,0,0,0,0,0,0,0,0,0,1,0,0,0,1,0,0,99,1,0,cellular,6,may,2,343,1,failure,1
43,1,0,0,0,0,0,0,0,0,0,0,0,1,0,0,1,0,0,0,3186,0,0,cellular,16,nov,1,88,1,failure,1
28,0,0,0,1,0,0,0,0,0,0,0,0,1,0,0,0,1,0,0,751,1,0,cellular,22,jul,5,-1,0,unknown,1
32,0,0,0,1,0,0,0,0,0,0,0,0,1,0,0,0,0,1,0,39,1,0,cellular,7,may,1,-1,0,unknown,0
56,1,0,0,0,1,0,0,0,0,0,0,0,1,0,0,0,0,0,0,4623,0,0,cellular,25,feb,1,192,1,success,1
31,0,1,0,0,0,0,0,0,0,0,0,0,0,1,0,1,0,0,0,1081,0,0,cellular,24,apr,5,261,2,failure,1
55,0,0,0,1,0,0,0,0,0,0,0,0,1,0,0,0,1,0,0,3917,1,0,cellular,18,may,1,-1,0,unknown,1
28,0,1,0,0,0,0,0,0,0,0,0,0,0,1,0,0,1,0,0,598,1,0,cellular,2,mar,1,288,2,failure,1
56,0,0,0,0,0,1,0,0,0,0,0,0,1,0,0,0,0,1,0,556,1,0,cellular,28,aug,4,-1,0,unknown,0
23,0,0,0,0,0,0,0,0,0,0,0,1,0,1,0,0,1,0,0,234,1,0,cellular,18,may,5,354,7,other,0
32,0,1,0,0,0,0,0,0,0,0,0,0,0,1,0,1,0,0,0,1246,1,0,cellular,4,feb,2,-1,0,unknown,1
56,1,0,0,0,0,0,0,0,0,0,0,0,0,0,1,1,0,0,0,3287,0,0,cellular,27,apr,1,-1,0,unknown,1
32,0,0,0,0,0,0,1,0,0,0,0,0,1,0,0,0,1,0,0,2711,0,0,cellular,8,aug,1,-1,0,unknown,0
34,0,1,0,0,0,0,0,0,0,0,0,0,0,1,0,0,1,0,0,559,0,0,cellular,22,aug,2,-1,0,unknown,0
28,0,0,0,0,0,0,1,0,0,0,0,0,0,1,0,0,1,0,0,2831,1,0,unknown,9,may,3,-1,0,unknown,0
45,0,0,0,0,0,0,0,0,0,1,0,0,1,0,0,0,1,0,0,2040,0,0,telephone,2,feb,1,-1,0,unknown,1
36,0,0,0,0,0,0,1,0,0,0,0,0,0,1,0,0,1,0,0,245,1,0,cellular,6,may,1,-1,0,unknown,0
24,0,0,0,0,0,0,0,0,0,0,0,1,0,1,0,0,0,1,0,0,0,0,unknown,5,jun,26,-1,0,unknown,0
28,0,0,0,1,0,0,0,0,0,0,0,0,0,1,0,0,0,1,0,-30,1,0,cellular,31,jul,5,-1,0,unknown,0
35,0,0,0,1,0,0,0,0,0,0,0,0,1,0,0,0,1,0,0,1055,0,0,unknown,18,nov,2,-1,0,unknown,1
53,0,0,0,0,0,0,1,0,0,0,0,0,1,0,0,0,1,0,0,1815,0,0,cellular,29,jul,6,-1,0,unknown,0
41,0,1,0,0,0,0,0,0,0,0,0,0,1,0,0,1,0,0,0,13,0,0,unknown,5,jun,2,-1,0,unknown,0
28,0,1,0,0,0,0,0,0,0,0,0,0,0,1,0,0,1,0,0,335,1,0,cellular,20,apr,3,-1,0,unknown,0
56,0,0,0,1,0,0,0,0,0,0,0,0,1,0,0,0,1,0,0,249,1,0,unknown,29,may,2,-1,0,unknown,1
52,1,0,0,0,0,0,0,0,0,0,0,0,1,0,0,1,0,0,0,4675,0,0,cellular,12,feb,3,-1,0,unknown,1
38,0,0,0,0,0,0,1,0,0,0,0,0,1,0,0,0,1,0,0,1559,0,0,cellular,3,mar,2,280,1,failure,1
37,0,0,0,0,0,0,0,0,0,1,0,0,1,0,0,0,1,0,0,356,0,0,cellular,9,feb,2,216,1,failure,0
60,0,0,0,0,0,1,0,0,0,0,0,0,0,0,1,1,0,0,0,439,0,1,cellular,25,may,1,321,1,failure,1
36,0,0,0,0,0,0,1,0,0,0,0,0,0,1,0,0,0,1,0,91,1,0,unknown,7,may,2,-1,0,unknown,0
33,0,0,0,1,0,0,0,0,0,0,0,0,1,0,0,0,1,0,0,20,1,1,cellular,13,may,1,370,3,failure,0
51,0,0,0,0,0,0,0,1,0,0,0,0,1,0,0,0,0,1,0,56,0,1,cellular,24,jul,2,-1,0,unknown,0
49,1,0,0,0,0,0,0,0,0,0,0,0,1,0,0,1,0,0,0,391,0,0,unknown,17,jun,1,-1,0,unknown,0
46,1,0,0,0,0,0,0,0,0,0,0,0,1,0,0,1,0,0,0,1489,1,0,unknown,20,jun,5,-1,0,unknown,0
34,1,0,0,0,0,0,0,0,0,0,0,0,0,1,0,1,0,0,0,1228,0,0,cellular,30,apr,2,84,8,success,1
50,0,1,0,0,0,0,0,0,0,0,0,0,0,0,1,0,1,0,0,1591,0,0,cellular,4,aug,1,-1,0,unknown,0
52,1,0,0,0,0,0,0,0,0,0,0,0,1,0,0,1,0,0,0,-542,0,0,cellular,28,aug,2,-1,0,unknown,0
32,0,0,0,0,0,0,0,1,0,0,0,0,1,0,0,0,1,0,0,243,1,1,unknown,6,may,1,-1,0,unknown,0
27,0,0,0,1,0,0,0,0,0,0,0,0,0,1,0,0,0,1,0,377,0,0,cellular,19,feb,2,-1,0,unknown,1
45,0,0,0,1,0,0,0,0,0,0,0,0,1,0,0,0,1,0,0,-376,1,0,unknown,26,may,4,-1,0,unknown,0
33,1,0,0,0,0,0,0,0,0,0,0,0,0,1,0,1,0,0,0,3143,0,0,cellular,29,jun,2,-1,0,unknown,1
30,0,0,0,0,0,0,1,0,0,0,0,0,1,0,0,0,1,0,0,0,0,0,cellular,15,jul,5,-1,0,unknown,0
55,0,0,0,1,0,0,0,0,0,0,0,0,1,0,0,0,0,1,0,137,0,0,telephone,8,jul,1,-1,0,unknown,0
33,1,0,0,0,0,0,0,0,0,0,0,0,0,1,0,1,0,0,0,8514,0,0,cellular,20,aug,1,-1,0,unknown,0
35,0,1,0,0,0,0,0,0,0,0,0,0,1,0,0,0,1,0,0,5535,0,0,cellular,26,aug,15,-1,0,unknown,0
60,0,0,0,0,0,1,0,0,0,0,0,0,1,0,0,0,1,0,0,11,0,0,cellular,29,jun,1,586,2,failure,1
39,0,1,0,0,0,0,0,0,0,0,0,0,1,0,0,0,0,1,0,169,1,0,unknown,27,may,2,-1,0,unknown,0
78,1,0,0,0,1,0,0,0,0,0,0,0,1,0,0,0,0,0,0,1780,1,0,cellular,25,oct,2,185,7,success,1
36,0,1,0,0,0,0,0,0,0,0,0,0,0,0,1,0,1,0,0,141,1,0,unknown,19,may,5,-1,0,unknown,0
28,0,1,0,0,0,0,0,0,0,0,0,0,0,1,0,0,1,0,0,1532,0,0,cellular,4,feb,5,-1,0,unknown,0
50,1,0,0,0,0,0,0,0,0,0,0,0,1,0,0,1,0,0,0,938,0,0,cellular,30,apr,1,-1,0,unknown,1
50,0,0,0,1,0,0,0,0,0,0,0,0,1,0,0,0,0,1,0,414,1,0,unknown,29,may,1,-1,0,unknown,0
47,1,0,0,0,0,0,0,0,0,0,0,0,1,0,0,1,0,0,0,288,0,0,cellular,31,mar,1,181,1,success,1
40,1,0,0,0,0,0,0,0,0,0,0,0,1,0,0,1,0,0,0,194,0,1,cellular,29,aug,2,-1,0,unknown,0
51,0,0,0,0,0,0,0,0,0,0,1,0,0,0,1,0,1,0,0,9228,0,0,cellular,18,jul,4,-1,0,unknown,1
42,0,0,0,1,0,0,0,0,0,0,0,0,1,0,0,0,0,1,0,5,1,0,cellular,25,jul,2,-1,0,unknown,0
51,0,1,0,0,0,0,0,0,0,0,0,0,1,0,0,1,0,0,0,1533,0,0,unknown,18,jun,2,-1,0,unknown,0
29,0,0,0,1,0,0,0,0,0,0,0,0,1,0,0,0,1,0,0,104,1,0,cellular,18,may,4,-1,0,unknown,1
52,0,1,0,0,0,0,0,0,0,0,0,0,1,0,0,0,1,0,0,0,0,0,unknown,14,may,2,-1,0,unknown,0
48,0,1,0,0,0,0,0,0,0,0,0,0,1,0,0,0,1,0,0,568,1,0,cellular,2,sep,2,386,1,success,1
49,0,0,0,0,0,1,0,0,0,0,0,0,1,0,0,0,0,1,0,375,0,1,telephone,21,jul,7,-1,0,unknown,0
39,0,0,0,0,1,0,0,0,0,0,0,0,1,0,0,0,0,1,0,2860,0,0,unknown,19,jun,1,-1,0,unknown,0
42,0,0,0,0,0,0,0,1,0,0,0,0,1,0,0,0,1,0,0,1048,1,0,unknown,15,may,1,-1,0,unknown,0
58,0,0,0,0,0,0,1,0,0,0,0,0,1,0,0,0,1,0,0,1142,0,0,telephone,4,feb,3,-1,0,unknown,0
26,0,1,0,0,0,0,0,0,0,0,0,0,0,1,0,0,1,0,0,668,1,0,unknown,28,may,3,-1,0,unknown,1
30,0,0,0,0,0,0,1,0,0,0,0,0,0,1,0,0,1,0,0,-36,0,0,cellular,16,jul,9,-1,0,unknown,1
35,0,0,0,1,0,0,0,0,0,0,0,0,1,0,0,0,0,1,0,159,1,1,cellular,12,may,1,-1,0,unknown,1
73,0,0,0,0,0,1,0,0,0,0,0,0,1,0,0,0,0,1,0,508,0,0,cellular,9,mar,1,-1,0,unknown,1
26,0,0,0,0,0,0,0,0,1,0,0,0,0,1,0,0,1,0,0,551,0,0,cellular,8,jul,1,-1,0,unknown,1
52,0,0,0,0,0,0,0,1,0,0,0,0,1,0,0,0,0,1,0,306,1,0,cellular,13,may,5,-1,0,unknown,1
41,0,0,1,0,0,0,0,0,0,0,0,0,1,0,0,1,0,0,0,121,1,0,cellular,5,may,1,287,1,failure,0
41,0,0,0,1,0,0,0,0,0,0,0,0,0,1,0,0,1,0,0,75,1,0,unknown,1,jul,9,-1,0,unknown,1
57,1,0,0,0,0,0,0,0,0,0,0,0,1,0,0,1,0,0,0,388,0,1,unknown,15,may,4,-1,0,unknown,0
37,1,0,0,0,0,0,0,0,0,0,0,0,1,0,0,1,0,0,0,566,0,0,cellular,25,aug,4,-1,0,unknown,0
42,1,0,0,0,0,0,0,0,0,0,0,0,1,0,0,1,0,0,0,27696,0,0,cellular,12,may,2,89,5,success,1
49,1,0,0,0,0,0,0,0,0,0,0,0,0,1,0,1,0,0,0,5689,0,0,cellular,31,aug,1,97,3,failure,1
31,1,0,0,0,0,0,0,0,0,0,0,0,1,0,0,1,0,0,0,4015,1,0,cellular,2,feb,2,241,3,other,0
30,0,0,0,0,0,0,1,0,0,0,0,0,0,1,0,0,1,0,0,270,0,0,cellular,9,feb,1,-1,0,unknown,1
40,0,1,0,0,0,0,0,0,0,0,0,0,1,0,0,0,1,0,0,312,0,0,cellular,25,may,7,-1,0,unknown,1
30,1,0,0,0,0,0,0,0,0,0,0,0,0,1,0,1,0,0,0,2544,0,0,cellular,9,apr,2,-1,0,unknown,1
54,0,0,0,0,1,0,1,0,0,0,0,0,1,0,0,0,0,0,0,140,0,0,telephone,27,apr,2,182,2,failure,1
37,0,1,0,0,0,0,0,0,0,0,0,0,1,0,0,1,0,0,0,127,1,0,cellular,13,feb,1,-1,0,unknown,1
56,1,0,0,0,0,0,0,0,0,0,0,0,1,0,0,0,1,0,0,0,0,0,cellular,27,oct,1,111,8,other,1
38,0,0,0,0,0,0,1,0,0,0,0,0,0,0,1,0,1,0,0,19,1,0,cellular,5,feb,3,251,2,success,1
30,0,0,0,0,0,0,0,0,1,0,0,0,0,1,0,0,1,0,0,635,0,1,cellular,14,jul,2,-1,0,unknown,0
56,0,0,0,0,0,0,0,0,0,1,0,0,1,0,0,0,1,0,0,670,0,0,cellular,30,jan,1,-1,0,unknown,0
26,0,0,0,1,0,0,0,0,0,0,0,0,0,1,0,0,1,0,0,82,1,0,unknown,9,may,1,-1,0,unknown,1
71,0,0,0,0,0,1,0,0,0,0,0,0,1,0,0,0,0,1,0,4657,0,0,cellular,16,feb,5,-1,0,unknown,1
30,0,1,0,0,0,0,0,0,0,0,0,0,0,1,0,0,1,0,0,930,0,0,cellular,2,jul,1,-1,0,unknown,1
39,1,0,0,0,0,0,0,0,0,0,0,0,1,0,0,1,0,0,0,271,1,0,cellular,12,aug,1,-1,0,unknown,1
43,0,1,0,0,0,0,0,0,0,0,0,0,1,0,0,1,0,0,0,2643,0,0,telephone,4,may,5,-1,0,unknown,1
59,0,0,0,0,0,1,0,0,0,0,0,0,1,0,0,0,1,0,0,444,1,0,unknown,6,jun,1,-1,0,unknown,0
50,0,0,0,1,0,0,0,0,0,0,0,0,1,0,0,0,0,1,0,4979,0,0,telephone,6,apr,1,-1,0,unknown,1
34,0,0,0,1,0,0,0,0,0,0,0,0,1,0,0,0,0,1,0,455,1,0,unknown,20,jun,3,-1,0,unknown,0
32,1,0,0,0,0,0,0,0,0,0,0,0,1,0,0,0,1,0,0,3935,1,0,unknown,29,may,2,-1,0,unknown,0
33,0,0,0,0,0,0,1,0,0,0,0,0,1,0,0,0,1,0,0,0,1,0,cellular,21,nov,6,-1,0,unknown,0
52,1,0,0,0,0,0,0,0,0,0,0,0,1,0,0,1,0,0,0,193,0,0,cellular,30,apr,1,269,1,failure,1
49,1,0,0,0,0,0,0,0,0,0,0,0,1,0,0,1,0,0,0,852,1,0,cellular,20,nov,1,-1,0,unknown,0
29,0,0,0,0,0,0,1,0,0,0,0,0,0,1,0,0,1,0,0,345,1,1,cellular,30,jul,13,-1,0,unknown,0
28,0,0,0,0,0,0,0,0,0,0,1,0,0,1,0,1,0,0,0,19,0,0,cellular,17,apr,1,-1,0,unknown,1
43,0,1,0,0,0,0,0,0,0,0,0,0,1,0,0,1,0,0,0,1201,1,1,cellular,13,aug,3,-1,0,unknown,0
35,0,0,0,0,0,0,0,1,0,0,0,0,0,1,0,0,1,0,0,0,0,0,cellular,18,nov,1,-1,0,unknown,0
42,1,0,0,0,0,0,0,0,0,0,0,0,0,1,0,1,0,0,1,0,1,0,cellular,21,nov,1,-1,0,unknown,1
34,0,0,0,0,0,0,0,1,0,0,0,0,1,0,0,0,1,0,0,-694,1,0,unknown,26,may,1,-1,0,unknown,0
47,0,0,0,1,0,0,0,0,0,0,0,0,1,0,0,0,1,0,0,-18,0,1,cellular,22,aug,2,-1,0,unknown,0
49,0,0,0,0,1,0,0,0,0,0,0,0,1,0,0,0,0,1,0,341,1,1,unknown,15,may,2,-1,0,unknown,1
38,0,0,0,0,1,0,0,0,0,0,0,1,0,1,0,0,0,0,0,9669,0,0,unknown,20,jun,3,-1,0,unknown,0
56,0,0,0,1,0,0,0,0,0,0,0,0,1,0,0,0,0,1,0,284,0,1,telephone,3,feb,4,204,4,failure,0
45,1,0,0,0,0,0,0,0,0,0,0,0,1,0,0,0,0,1,0,0,0,1,unknown,12,jun,1,-1,0,unknown,0
56,0,0,0,0,0,0,1,0,0,0,0,0,0,1,0,0,1,0,0,2815,1,0,cellular,11,sep,1,-1,0,unknown,1
45,1,0,0,0,0,0,0,0,0,0,0,0,0,1,0,1,0,0,0,483,0,0,cellular,23,feb,2,265,11,other,1
31,1,0,0,0,0,0,0,0,0,0,0,0,1,0,0,1,0,0,0,2984,0,0,cellular,22,apr,5,-1,0,unknown,0
58,0,0,0,0,0,0,0,0,0,0,1,0,1,0,0,0,0,1,0,4605,0,0,cellular,4,aug,1,-1,0,unknown,0
42,0,1,0,0,0,0,0,0,0,0,0,0,1,0,0,0,1,0,0,827,0,0,cellular,25,aug,3,-1,0,unknown,0
39,0,1,0,0,0,0,0,0,0,0,0,0,0,1,0,1,0,0,0,393,0,0,cellular,28,jun,1,94,1,success,1
33,0,0,0,0,0,0,0,0,0,0,0,1,0,1,0,1,0,0,0,2904,0,0,cellular,20,nov,1,-1,0,unknown,0
40,0,0,1,0,0,0,0,0,0,0,0,0,1,0,0,0,1,0,0,2252,0,0,unknown,12,jun,1,-1,0,unknown,0
27,0,0,0,0,0,0,1,0,0,0,0,0,1,0,0,0,1,0,0,1596,0,0,cellular,1,sep,1,-1,0,unknown,1
34,0,1,0,0,0,0,0,0,0,0,0,0,1,0,0,1,0,0,0,4,1,0,telephone,24,jul,1,-1,0,unknown,0
37,0,0,0,0,0,0,0,0,0,1,0,0,1,0,0,0,1,0,0,63,0,0,cellular,5,feb,1,-1,0,unknown,0
25,1,0,0,0,0,0,0,0,0,0,0,0,0,1,0,1,0,0,0,219,0,0,cellular,4,aug,1,96,1,success,1
29,0,1,0,0,0,0,0,0,0,0,0,0,0,1,0,0,1,0,0,316,1,0,cellular,3,mar,1,-1,0,unknown,1
58,1,0,0,0,0,0,0,0,0,0,0,0,1,0,0,0,0,1,0,76,1,0,telephone,18,may,4,-1,0,unknown,0
38,0,1,0,0,0,0,0,0,0,0,0,0,1,0,0,0,1,0,0,1448,1,0,cellular,20,nov,1,-1,0,unknown,0
29,0,1,0,0,0,0,0,0,0,0,0,0,0,1,0,1,0,0,0,-803,1,1,cellular,6,may,1,329,9,failure,0
39,1,0,0,0,0,0,0,0,0,0,0,0,1,0,0,1,0,0,0,1070,1,1,cellular,9,jul,1,-1,0,unknown,0
80,0,0,0,0,0,1,0,0,0,0,0,0,1,0,0,0,0,1,0,155,0,0,telephone,12,mar,1,93,2,success,1
56,1,0,0,0,0,0,0,0,0,0,0,0,1,0,0,1,0,0,0,746,0,0,cellular,30,apr,1,-1,0,unknown,0
46,0,0,0,0,0,0,0,0,1,0,0,0,1,0,0,0,1,0,0,156,0,0,cellular,20,apr,1,-1,0,unknown,0
41,0,0,0,0,0,0,1,0,0,0,0,0,1,0,0,0,0,1,0,611,0,1,cellular,17,nov,1,-1,0,unknown,0
47,0,1,0,0,0,0,0,0,0,0,0,0,1,0,0,0,1,0,0,335,0,0,cellular,4,may,1,76,1,success,1
35,0,0,0,0,0,0,0,0,0,1,0,0,0,1,0,1,0,0,0,154,0,0,cellular,29,jul,4,181,2,failure,1
64,0,0,0,0,0,1,0,0,0,0,0,0,1,0,0,0,1,0,0,2031,0,0,cellular,13,nov,5,-1,0,unknown,0
36,0,1,0,0,0,0,0,0,0,0,0,0,0,1,0,1,0,0,0,306,0,0,cellular,14,aug,2,-1,0,unknown,0
33,0,0,0,1,0,0,0,0,0,0,0,0,1,0,0,0,1,0,0,86,1,0,unknown,19,may,1,-1,0,unknown,0
46,0,0,0,1,0,0,0,0,0,0,0,0,1,0,0,0,0,1,0,859,1,0,cellular,20,apr,1,-1,0,unknown,0
49,0,0,0,0,0,0,0,0,0,1,0,0,1,0,0,0,0,1,0,518,0,0,cellular,29,jan,2,-1,0,unknown,1
54,1,0,0,0,0,0,0,0,0,0,0,0,1,0,0,1,0,0,0,1197,1,1,cellular,31,jul,5,-1,0,unknown,0
36,1,0,0,0,0,0,0,0,0,0,0,0,0,1,0,1,0,0,0,811,0,0,cellular,6,mar,1,-1,0,unknown,1
55,0,1,0,0,1,0,0,0,0,0,0,0,1,0,0,0,0,0,0,240,1,0,cellular,2,aug,3,277,1,success,1
31,1,0,0,0,0,0,0,0,0,0,0,0,0,0,1,1,0,0,0,883,1,0,cellular,19,nov,1,-1,0,unknown,0
48,1,0,0,0,0,0,0,0,0,0,0,0,1,0,0,0,1,0,0,2892,0,0,cellular,7,jul,1,385,1,success,1
25,1,0,0,0,0,0,0,0,0,0,0,0,0,1,0,1,0,0,0,528,0,0,cellular,14,aug,1,-1,0,unknown,1
20,0,0,0,0,0,0,0,0,0,0,0,1,0,1,0,1,0,0,0,2764,1,0,unknown,29,may,2,-1,0,unknown,0
31,0,1,0,0,0,0,0,0,0,0,0,0,1,0,0,0,1,0,0,1173,1,0,cellular,14,jul,3,-1,0,unknown,1
42,0,0,0,0,0,0,0,0,0,1,0,0,1,0,0,0,1,0,0,356,1,0,cellular,7,may,3,356,2,failure,1
46,0,0,0,1,0,0,0,0,0,0,0,0,1,0,0,0,1,0,0,521,1,0,cellular,29,jan,1,226,3,failure,0
53,0,0,0,0,0,0,0,1,0,0,0,0,1,0,0,0,1,0,0,1563,1,0,cellular,2,feb,2,5,1,other,0
28,0,0,0,0,0,0,0,1,0,0,0,0,0,1,0,0,1,0,0,341,1,0,cellular,15,may,3,347,3,other,1
33,0,0,1,0,0,0,0,0,0,0,0,0,0,1,0,1,0,0,0,3017,0,0,cellular,21,nov,3,-1,0,unknown,0
44,1,0,0,0,0,0,0,0,0,0,0,0,1,0,0,1,0,0,0,0,1,0,unknown,28,may,1,-1,0,unknown,0
21,0,0,0,0,0,0,0,0,0,0,0,1,0,1,0,0,1,0,0,215,0,0,cellular,24,may,1,89,7,success,1
49,0,1,0,0,0,0,0,0,0,0,0,0,1,0,0,0,1,0,0,148,0,0,unknown,19,jun,1,-1,0,unknown,0
24,0,0,0,0,0,0,0,1,0,0,0,0,0,1,0,0,1,0,0,11,1,0,unknown,27,jun,4,-1,0,unknown,0
36,0,0,0,0,0,0,0,1,0,0,0,0,1,0,0,0,1,0,0,372,0,0,cellular,4,feb,1,-1,0,unknown,0
51,0,0,0,0,0,0,1,0,0,0,0,0,1,0,0,0,1,0,0,3025,0,0,cellular,7,may,1,352,1,other,1
37,0,0,1,0,0,0,0,0,0,0,0,0,0,1,0,1,0,0,0,-961,0,0,cellular,13,apr,1,-1,0,unknown,0
31,0,1,0,0,0,0,0,0,0,0,0,0,0,1,0,1,0,0,0,25,0,0,cellular,26,aug,16,-1,0,unknown,0
51,0,0,0,1,0,0,0,0,0,0,0,0,0,0,1,0,0,1,0,-19,1,0,cellular,13,may,1,296,11,failure,1
44,0,0,0,1,0,0,0,0,0,0,0,0,1,0,0,0,1,0,0,1697,1,0,unknown,4,jul,2,-1,0,unknown,1
70,0,0,0,0,0,1,0,0,0,0,0,0,1,0,0,0,1,0,0,1853,0,0,telephone,26,aug,1,-1,0,unknown,1
32,0,0,0,0,0,0,0,0,0,0,0,1,0,1,0,1,0,0,0,214,0,0,cellular,4,may,1,-1,0,unknown,0
31,0,0,0,0,0,0,1,0,0,0,0,0,1,0,0,0,1,0,0,2,1,1,cellular,12,may,4,-1,0,unknown,1
37,0,0,0,0,0,0,1,0,0,0,0,0,0,0,1,0,1,0,0,1533,1,0,cellular,21,nov,4,-1,0,unknown,1
48,0,0,0,1,0,0,0,0,0,0,0,0,1,0,0,0,0,1,0,235,1,0,unknown,2,jun,4,-1,0,unknown,0
45,1,0,0,0,0,0,0,0,0,0,0,0,1,0,0,1,0,0,0,1788,0,0,cellular,2,jun,2,301,2,failure,0
71,0,0,0,0,0,1,0,0,0,0,0,0,1,0,0,0,0,1,0,3230,0,0,cellular,24,may,2,133,3,failure,1
51,0,1,0,0,0,0,0,0,0,0,0,0,1,0,0,1,0,0,0,0,0,0,cellular,7,may,2,66,2,success,1
59,0,0,0,0,0,1,0,0,0,0,0,0,1,0,0,0,1,0,0,278,0,0,cellular,12,aug,3,-1,0,unknown,0
27,0,0,0,0,0,0,1,0,0,0,0,0,1,0,0,0,1,0,0,-97,1,0,unknown,18,jun,2,-1,0,unknown,1
31,1,0,0,0,0,0,0,0,0,0,0,0,0,1,0,0,1,0,0,1088,1,0,cellular,8,apr,2,-1,0,unknown,1
29,1,0,0,0,0,0,0,0,0,0,0,0,0,1,0,0,1,0,0,703,1,0,cellular,16,nov,1,550,2,success,1
43,0,0,0,1,0,0,0,0,0,0,0,0,1,0,0,0,1,0,0,5997,1,0,cellular,15,may,3,-1,0,unknown,0
27,0,0,0,1,0,0,0,0,0,0,0,0,0,1,0,0,1,0,0,535,0,0,cellular,15,feb,1,91,2,success,1
47,0,0,0,0,0,0,0,0,0,1,0,0,1,0,0,0,1,0,0,926,0,0,cellular,14,aug,1,403,5,success,1
30,0,0,0,0,0,0,0,0,0,0,0,1,0,1,0,0,1,0,0,48,0,0,cellular,25,feb,1,191,2,success,1
56,0,0,0,0,0,0,1,0,0,0,0,0,1,0,0,0,1,0,0,3784,0,0,unknown,21,may,6,-1,0,unknown,0
41,0,0,0,0,0,0,0,0,1,0,0,0,1,0,0,1,0,0,0,0,1,0,telephone,29,apr,3,426,1,other,1
61,1,0,0,0,0,0,0,0,0,0,0,0,1,0,0,1,0,0,0,267,0,0,cellular,20,apr,1,-1,0,unknown,1
54,0,0,0,0,0,1,0,0,0,0,0,0,0,0,1,1,0,0,0,3076,0,0,cellular,27,may,2,-1,0,unknown,1
35,0,0,0,1,0,0,0,0,0,0,0,0,1,0,0,0,1,0,0,1287,1,0,cellular,14,may,3,-1,0,unknown,0
47,1,0,0,0,0,0,0,0,0,0,0,0,1,0,0,0,0,1,0,1222,1,0,unknown,8,may,3,-1,0,unknown,0
34,0,0,1,0,0,0,0,0,0,0,0,0,0,1,0,0,1,0,0,339,1,0,cellular,6,may,2,359,2,failure,0
34,0,1,0,0,0,0,0,0,0,0,0,0,1,0,0,1,0,0,0,149,0,0,cellular,22,aug,2,-1,0,unknown,1
55,0,0,0,1,1,0,0,0,0,0,0,0,1,0,0,0,0,0,0,890,0,0,cellular,22,aug,2,-1,0,unknown,1
32,1,0,0,0,0,0,0,0,0,0,0,0,0,1,0,1,0,0,0,4291,0,0,cellular,7,aug,9,-1,0,unknown,1
58,1,0,0,0,0,0,0,0,0,0,0,0,0,0,1,1,0,0,0,5701,0,0,cellular,2,feb,1,-1,0,unknown,1
44,0,0,0,0,0,0,0,0,1,0,0,0,0,0,1,1,0,0,0,1070,1,0,cellular,12,aug,2,104,3,success,1
43,1,0,0,0,0,0,0,0,0,0,0,0,1,0,0,1,0,0,0,149,1,0,unknown,23,jun,2,-1,0,unknown,1
58,0,0,0,0,0,0,0,0,0,1,0,0,1,0,0,0,1,0,0,687,1,0,cellular,7,aug,1,99,2,success,1
30,0,0,0,0,0,0,1,0,0,0,0,0,0,1,0,0,1,0,1,-242,0,0,unknown,4,jun,1,-1,0,unknown,0
18,0,0,0,0,1,0,0,0,0,0,0,1,0,1,0,0,0,0,0,35,0,0,telephone,21,aug,2,-1,0,unknown,0
43,0,0,0,0,0,0,1,0,0,0,0,0,0,1,0,0,1,0,0,140,1,0,unknown,7,may,1,-1,0,unknown,0
35,0,0,0,1,1,0,0,0,0,0,0,0,1,0,0,0,0,0,0,245,1,0,cellular,11,may,2,370,1,failure,0
36,0,0,1,0,0,0,0,0,0,0,0,0,1,0,0,1,0,0,0,3057,0,0,unknown,16,jun,4,-1,0,unknown,1
40,0,0,0,1,0,0,0,0,0,0,0,0,0,0,1,0,0,1,0,71,1,0,cellular,8,may,1,-1,0,unknown,0
26,0,0,0,0,0,0,0,1,0,0,0,0,1,0,0,0,1,0,0,-379,1,1,cellular,22,jul,7,-1,0,unknown,1
60,0,1,0,0,0,0,0,0,0,0,0,0,1,0,0,1,0,0,0,6573,1,0,cellular,11,aug,1,274,1,failure,0
30,0,0,0,0,0,0,0,0,0,1,0,0,0,1,0,0,0,1,0,1,0,0,cellular,18,nov,2,-1,0,unknown,0
31,0,0,0,0,0,0,1,0,0,0,0,0,0,0,1,0,1,0,0,82,0,0,unknown,28,may,1,-1,0,unknown,0
58,1,0,0,0,0,0,0,0,0,0,0,0,1,0,0,0,0,1,0,320,1,0,unknown,30,may,2,-1,0,unknown,0
37,0,1,0,0,0,0,0,0,0,0,0,0,1,0,0,0,1,0,0,1762,0,0,cellular,16,apr,2,-1,0,unknown,1
47,0,0,0,0,0,0,0,1,0,0,0,0,1,0,0,1,0,0,0,871,0,0,cellular,22,aug,9,-1,0,unknown,0
35,0,1,0,0,0,0,0,0,0,0,0,0,1,0,0,1,0,0,0,7050,0,0,cellular,11,aug,3,182,4,success,1
59,1,0,0,0,0,0,0,0,0,0,0,0,1,0,0,1,0,0,0,296,0,1,cellular,15,jul,3,-1,0,unknown,1
48,0,0,0,0,0,0,1,0,0,0,0,0,1,0,0,0,1,0,0,257,1,0,telephone,8,may,4,358,11,failure,0
23,0,0,0,0,0,0,0,0,0,1,0,0,0,1,0,0,0,1,0,1003,0,0,telephone,27,nov,1,-1,0,unknown,1
48,0,0,0,0,0,0,0,0,0,0,1,0,1,0,0,1,0,0,0,5473,0,0,cellular,24,aug,2,-1,0,unknown,1
36,0,0,0,0,0,0,0,0,0,1,0,0,1,0,0,1,0,0,0,154,0,0,cellular,26,aug,7,-1,0,unknown,1
27,1,0,0,0,0,0,0,0,0,0,0,0,0,1,0,1,0,0,0,12956,1,0,unknown,29,may,3,-1,0,unknown,1
54,0,0,0,1,0,0,0,0,0,0,0,0,0,0,1,0,0,1,0,138,1,0,unknown,4,jun,10,-1,0,unknown,0
49,0,0,0,0,0,0,0,0,1,0,0,0,1,0,0,0,1,0,0,0,0,0,cellular,26,aug,6,-1,0,unknown,0
54,0,0,0,0,1,0,0,0,0,0,1,0,1,0,0,0,0,0,0,909,0,0,cellular,20,aug,3,-1,0,unknown,0
45,0,1,0,0,0,0,0,0,0,0,0,0,0,0,1,0,1,0,0,-14,0,0,cellular,14,jul,3,-1,0,unknown,0
25,0,0,0,0,0,0,0,0,0,0,0,1,0,1,0,0,1,0,0,304,0,0,cellular,26,may,2,-1,0,unknown,1
45,0,0,0,0,0,0,1,0,0,0,0,0,1,0,0,0,1,0,0,5346,1,1,unknown,21,oct,1,-1,0,unknown,1
60,0,0,0,0,0,1,0,0,0,0,0,0,0,0,1,0,0,1,0,-137,1,0,cellular,22,jul,1,-1,0,unknown,0
46,0,0,0,0,1,0,1,0,0,0,0,0,0,1,0,0,0,0,0,2273,0,0,cellular,14,jul,3,-1,0,unknown,0
49,0,1,0,0,0,0,0,0,0,0,0,0,0,1,0,0,1,0,0,-188,1,1,cellular,17,nov,1,-1,0,unknown,1
26,1,0,0,0,0,0,0,0,0,0,0,0,0,1,0,1,0,0,0,194,0,0,cellular,22,apr,2,-1,0,unknown,1
58,0,1,0,0,0,0,0,0,0,0,0,0,1,0,0,0,0,1,0,10,1,0,cellular,15,may,1,-1,0,unknown,0
47,1,0,0,0,0,0,0,0,0,0,0,0,1,0,0,1,0,0,0,0,0,1,cellular,21,aug,1,-1,0,unknown,1
52,0,0,0,0,0,0,1,0,0,0,0,0,0,1,0,0,1,0,0,2398,1,0,cellular,3,nov,1,-1,0,unknown,1
74,0,0,0,0,0,1,0,0,0,0,0,0,1,0,0,0,0,1,0,670,0,0,cellular,23,apr,5,-1,0,unknown,1
34,0,0,0,1,0,0,0,0,0,0,0,0,1,0,0,0,1,0,0,-211,1,0,cellular,29,jan,2,184,5,failure,0
38,0,0,0,0,0,0,1,0,0,0,0,0,0,1,0,0,1,0,0,2470,0,0,telephone,31,oct,1,-1,0,unknown,1
32,0,0,0,0,0,0,1,0,0,0,0,0,1,0,0,0,1,0,0,0,1,0,unknown,20,may,2,-1,0,unknown,0
38,1,0,0,0,0,0,0,0,0,0,0,0,0,1,0,1,0,0,0,455,1,0,cellular,19,feb,2,555,6,success,1
37,0,1,0,0,0,0,0,0,0,0,0,0,1,0,0,0,1,0,0,1309,1,0,cellular,28,aug,4,-1,0,unknown,0
39,0,1,0,0,0,0,0,0,0,0,0,0,1,0,0,0,1,0,0,0,0,0,cellular,6,aug,4,-1,0,unknown,0
31,0,0,0,0,0,0,0,0,0,1,0,0,1,0,0,0,1,0,0,90,0,0,cellular,28,jul,2,-1,0,unknown,0
25,0,0,0,0,0,0,1,0,0,0,0,0,0,1,0,0,1,0,0,507,1,0,cellular,15,may,1,367,3,failure,1
61,1,0,0,0,0,0,0,0,0,0,0,0,1,0,0,1,0,0,0,175,0,0,telephone,5,aug,2,-1,0,unknown,1
30,0,0,0,1,0,0,0,0,0,0,0,0,1,0,0,0,0,1,0,201,1,0,cellular,31,aug,1,157,12,failure,1
39,0,0,0,0,0,0,0,1,0,0,0,0,1,0,0,1,0,0,0,1493,0,0,cellular,9,feb,3,-1,0,unknown,1
26,0,0,0,0,0,0,1,0,0,0,0,0,1,0,0,0,1,0,0,1595,0,0,cellular,15,jun,1,105,1,failure,1
41,0,0,0,1,0,0,0,0,0,0,0,0,1,0,0,0,0,1,0,1905,1,0,unknown,2,jun,4,-1,0,unknown,0
62,0,0,0,0,0,1,0,0,0,0,0,0,1,0,0,0,1,0,0,569,0,0,cellular,3,aug,2,180,6,success,1
26,1,0,0,0,0,0,0,0,0,0,0,0,0,1,0,1,0,0,0,45,0,0,cellular,10,jul,3,-1,0,unknown,1
32,0,1,0,0,0,0,0,0,0,0,0,0,0,1,0,1,0,0,0,2340,0,0,cellular,18,feb,2,-1,0,unknown,1
30,0,0,0,0,0,0,0,0,1,0,0,0,0,1,0,1,0,0,0,916,0,0,cellular,29,mar,2,90,2,success,1
35,0,1,0,0,0,0,0,0,0,0,0,0,1,0,0,1,0,0,0,7050,0,0,cellular,10,feb,3,187,1,success,1
34,0,0,0,1,0,0,0,0,0,0,0,0,1,0,0,0,1,0,0,3186,1,0,cellular,17,apr,2,-1,0,unknown,0
55,1,0,0,0,0,0,0,0,0,0,0,0,0,0,1,1,0,0,0,2383,0,0,cellular,5,aug,2,63,2,success,1
53,0,0,0,1,0,0,0,0,0,0,0,0,1,0,0,0,1,0,0,-31,0,0,cellular,21,aug,8,-1,0,unknown,0
36,1,0,0,0,0,0,0,0,0,0,0,0,0,1,0,0,1,0,0,278,0,0,cellular,8,may,2,-1,0,unknown,0
37,0,0,0,1,0,0,0,0,0,0,0,0,0,0,1,0,1,0,1,-54,1,0,cellular,10,jul,6,-1,0,unknown,0
39,0,0,0,0,0,0,1,0,0,0,0,0,1,0,0,0,1,0,0,973,1,0,cellular,2,sep,4,-1,0,unknown,0
55,0,0,0,0,0,1,0,0,0,0,0,0,1,0,0,0,0,1,0,628,0,1,cellular,6,aug,2,-1,0,unknown,0
29,1,0,0,0,0,0,0,0,0,0,0,0,0,1,0,1,0,0,0,1026,0,0,cellular,12,feb,2,92,2,success,1
51,1,0,0,0,0,0,0,0,0,0,0,0,1,0,0,1,0,0,0,91,1,0,unknown,9,may,2,-1,0,unknown,0
27,0,0,0,0,0,0,1,0,0,0,0,0,1,0,0,0,1,0,0,0,1,1,cellular,18,may,5,-1,0,unknown,0
53,0,1,0,0,0,0,0,0,0,0,0,0,0,1,0,0,1,0,0,530,0,1,telephone,18,jul,4,-1,0,unknown,0
39,1,0,0,0,0,0,0,0,0,0,0,0,1,0,0,0,1,0,0,2445,0,0,unknown,16,jun,5,-1,0,unknown,0
60,0,0,0,0,0,0,0,0,0,0,1,0,1,0,0,0,0,1,0,726,0,1,cellular,30,jul,5,-1,0,unknown,0
36,0,1,0,0,0,0,0,0,0,0,0,0,0,1,0,0,1,0,0,4136,1,0,unknown,30,may,3,-1,0,unknown,1
38,0,1,0,0,0,0,0,0,0,0,0,0,1,0,0,0,1,0,0,821,1,1,unknown,21,may,1,-1,0,unknown,0
29,0,1,0,0,0,0,0,0,0,0,0,0,0,1,0,0,1,0,0,674,0,0,cellular,30,apr,1,13,5,success,1
38,0,1,0,0,0,0,0,0,0,0,0,0,1,0,0,0,1,0,0,299,0,0,cellular,22,aug,1,-1,0,unknown,0
33,0,1,0,0,0,0,0,0,0,0,0,0,1,0,0,0,1,0,0,557,0,0,cellular,4,may,1,-1,0,unknown,1
37,1,0,0,0,0,0,0,0,0,0,0,0,1,0,0,1,0,0,0,6771,0,0,cellular,5,mar,1,-1,0,unknown,1
46,0,0,0,0,0,0,1,0,0,0,0,0,1,0,0,1,0,0,0,2552,0,0,cellular,3,sep,1,94,8,success,1
28,0,0,0,0,0,0,0,0,0,0,0,1,0,1,0,0,1,0,0,1925,0,0,cellular,25,nov,1,97,2,failure,1
31,0,1,0,0,0,0,0,0,0,0,0,0,0,1,0,0,1,0,0,77,1,0,cellular,7,may,1,-1,0,unknown,0
39,1,0,0,0,0,0,0,0,0,0,0,0,1,0,0,1,0,0,0,1425,1,0,cellular,12,may,3,-1,0,unknown,1
57,0,0,0,0,0,0,1,0,0,0,0,0,1,0,0,0,1,0,0,1143,0,0,telephone,7,jul,3,-1,0,unknown,0
54,0,0,0,1,0,0,0,0,0,0,0,0,1,0,0,0,0,1,0,211,0,0,cellular,25,aug,6,-1,0,unknown,0
32,0,0,0,0,0,0,0,0,1,0,0,0,1,0,0,0,0,1,0,-6,0,0,unknown,23,may,2,-1,0,unknown,0
57,0,0,1,0,0,0,0,0,0,0,0,0,0,0,1,1,0,0,0,873,0,0,unknown,17,jun,3,-1,0,unknown,0
34,0,1,0,0,0,0,0,0,0,0,0,0,0,0,1,0,1,0,0,675,0,0,cellular,25,jul,2,-1,0,unknown,0
33,0,1,0,0,0,0,0,0,0,0,0,0,1,0,0,0,1,0,0,221,1,0,cellular,13,may,1,355,4,failure,1
60,0,0,0,1,0,0,0,0,0,0,0,0,1,0,0,0,0,1,0,1262,1,1,unknown,13,may,1,-1,0,unknown,1
51,0,1,0,0,0,0,0,0,0,0,0,0,1,0,0,0,1,0,0,196,1,1,cellular,17,feb,1,-1,0,unknown,1
36,0,1,0,0,0,0,0,0,0,0,0,0,0,1,0,1,0,0,0,962,1,0,cellular,8,may,1,-1,0,unknown,1
36,0,1,0,0,0,0,0,0,0,0,0,0,1,0,0,0,1,0,0,23,1,0,cellular,8,may,2,347,1,failure,0
26,0,0,0,0,0,0,0,0,0,0,0,1,0,1,0,1,0,0,0,97,0,0,cellular,27,aug,1,-1,0,unknown,0
42,0,0,0,1,0,0,0,0,0,0,0,0,0,1,0,0,1,0,0,-178,1,0,cellular,15,jul,3,-1,0,unknown,0
59,0,0,0,0,0,1,0,0,0,0,0,0,0,0,1,0,1,0,0,5583,1,0,cellular,30,apr,1,-1,0,unknown,1
50,0,0,0,0,0,0,0,0,1,0,0,0,1,0,0,0,1,0,0,38,1,0,cellular,9,jul,1,-1,0,unknown,0
56,0,0,0,0,0,1,0,0,0,0,0,0,1,0,0,0,1,0,0,415,0,0,cellular,22,aug,2,-1,0,unknown,0
34,1,0,0,0,0,0,0,0,0,0,0,0,1,0,0,1,0,0,0,0,1,0,cellular,3,feb,1,-1,0,unknown,1
28,0,0,0,0,0,0,1,0,0,0,0,0,0,1,0,1,0,0,0,373,1,0,cellular,14,aug,1,79,4,other,0
29,0,0,0,1,0,0,0,0,0,0,0,0,1,0,0,0,1,0,0,7863,1,0,cellular,14,may,1,-1,0,unknown,1
37,1,0,0,0,0,0,0,0,0,0,0,0,0,1,0,1,0,0,0,-670,1,0,cellular,16,apr,1,-1,0,unknown,0
42,0,1,0,0,0,0,0,0,0,0,0,0,1,0,0,0,1,0,0,3082,0,0,cellular,11,sep,1,-1,0,unknown,1
41,0,0,0,0,1,0,0,1,0,0,0,0,1,0,0,0,0,0,0,1538,0,0,cellular,29,jul,2,-1,0,unknown,1
49,0,0,0,0,0,0,1,0,0,0,0,0,0,0,1,0,1,0,0,169,1,0,unknown,30,may,1,-1,0,unknown,0
72,0,0,0,0,0,1,0,0,0,0,0,0,1,0,0,0,1,0,0,6253,0,0,telephone,7,sep,1,-1,0,unknown,0
30,0,0,0,0,0,0,1,0,0,0,0,0,1,0,0,0,1,0,0,122,1,0,unknown,16,may,1,-1,0,unknown,0
25,0,0,0,0,0,0,0,1,0,0,0,0,1,0,0,0,1,0,0,0,1,0,cellular,24,jul,9,-1,0,unknown,1
42,0,0,0,1,0,0,0,0,0,0,0,0,0,0,1,0,0,1,0,213,1,0,cellular,7,jul,3,-1,0,unknown,1
55,0,0,0,1,0,0,0,0,0,0,0,0,1,0,0,0,1,0,0,196,0,0,cellular,21,aug,1,-1,0,unknown,1
27,0,0,0,0,0,0,0,1,0,0,0,0,0,1,0,0,1,0,0,195,1,0,cellular,25,feb,3,-1,0,unknown,1
43,0,0,0,0,0,0,0,1,0,0,0,0,1,0,0,0,0,1,0,2557,1,0,telephone,15,oct,3,183,5,success,1
37,0,1,0,0,0,0,0,0,0,0,0,0,1,0,0,0,1,0,0,1,1,0,unknown,6,may,1,-1,0,unknown,1
50,0,0,0,0,0,0,1,0,0,0,0,0,0,0,1,0,1,0,0,363,1,0,unknown,16,may,1,-1,0,unknown,1
35,0,1,0,0,0,0,0,0,0,0,0,0,1,0,0,0,1,0,0,19,0,0,cellular,22,aug,2,-1,0,unknown,0
25,0,0,0,0,0,0,0,1,0,0,0,0,0,1,0,0,1,0,0,-371,1,0,cellular,18,may,2,347,3,other,0
42,0,0,0,0,0,0,1,0,0,0,0,0,1,0,0,0,1,0,0,105,0,0,unknown,11,jun,4,-1,0,unknown,1
26,0,0,0,0,0,0,1,0,0,0,0,0,1,0,0,1,0,0,0,2855,0,0,cellular,30,mar,3,-1,0,unknown,0
26,0,1,0,0,0,0,0,0,0,0,0,0,0,1,0,0,1,0,0,1231,1,0,cellular,4,sep,1,93,7,success,1
39,0,0,1,0,0,0,0,0,0,0,0,0,1,0,0,1,0,0,0,0,1,0,cellular,14,jul,2,-1,0,unknown,0
22,0,0,0,0,0,0,0,0,0,0,0,1,0,1,0,0,1,0,0,144,0,0,cellular,21,aug,1,-1,0,unknown,1
33,0,0,0,1,0,0,0,0,0,0,0,0,1,0,0,0,1,0,0,1240,1,0,cellular,12,may,1,-1,0,unknown,1
32,0,0,0,0,0,0,0,1,0,0,0,0,1,0,0,0,1,0,0,132,1,1,unknown,19,may,2,-1,0,unknown,0
75,0,0,0,0,0,1,0,0,0,0,0,0,0,0,1,1,0,0,0,3810,1,0,cellular,16,nov,1,183,1,failure,1
26,0,0,0,0,0,0,1,0,0,0,0,0,0,1,0,0,1,0,0,255,0,0,cellular,14,aug,2,106,2,success,1
27,1,0,0,0,0,0,0,0,0,0,0,0,0,1,0,1,0,0,0,107,0,0,cellular,18,oct,3,-1,0,unknown,1
34,1,0,0,0,0,0,0,0,0,0,0,0,0,1,0,1,0,0,0,13014,0,0,cellular,12,feb,1,183,1,success,1
35,0,0,0,1,0,0,0,0,0,0,0,0,0,1,0,0,1,0,0,-295,1,1,cellular,18,may,2,-1,0,unknown,0
28,0,0,0,1,0,0,0,0,0,0,0,0,1,0,0,0,1,0,0,2788,1,0,unknown,6,jun,2,-1,0,unknown,1
51,1,0,0,0,0,0,0,0,0,0,0,0,0,1,0,1,0,0,0,2523,1,0,cellular,16,apr,1,-1,0,unknown,0
43,0,1,0,0,0,0,0,0,0,0,0,0,1,0,0,0,1,0,0,-754,1,1,cellular,9,jul,3,-1,0,unknown,1
34,0,0,0,1,0,0,0,0,0,0,0,0,1,0,0,0,1,0,0,2436,1,0,cellular,14,may,7,-1,0,unknown,0
40,0,0,0,0,0,0,0,0,0,1,0,0,0,1,0,1,0,0,0,7968,0,0,cellular,3,sep,1,93,1,success,1
38,0,0,0,0,0,0,1,0,0,0,0,0,0,1,0,1,0,0,0,45789,0,0,telephone,21,jul,31,-1,0,unknown,0
34,0,1,0,0,0,0,0,0,0,0,0,0,1,0,0,0,1,0,0,563,1,1,cellular,29,aug,15,-1,0,unknown,0
56,0,0,0,0,0,0,0,1,0,0,0,0,1,0,0,0,1,0,0,654,0,0,cellular,15,sep,1,-1,0,unknown,1
32,0,0,0,0,0,0,0,0,1,0,0,0,1,0,0,0,1,0,0,-1668,1,1,cellular,16,jul,6,-1,0,unknown,0
33,0,0,0,0,0,0,0,1,0,0,0,0,1,0,0,0,1,0,0,837,1,0,cellular,28,jul,2,-1,0,unknown,0
39,0,1,0,0,0,0,0,0,0,0,0,0,1,0,0,1,0,0,0,0,1,0,cellular,14,jul,7,-1,0,unknown,1
53,1,0,0,0,1,0,0,0,0,0,0,0,1,0,0,0,0,0,0,2240,1,0,cellular,2,jun,2,385,1,success,1
41,0,0,0,0,0,0,0,1,0,0,0,0,1,0,0,0,1,0,0,1027,1,0,unknown,2,jun,2,-1,0,unknown,0
27,0,1,0,0,0,0,0,0,0,0,0,0,0,1,0,1,0,0,0,372,1,1,cellular,25,jul,2,-1,0,unknown,1
30,0,1,0,0,0,0,0,0,0,0,0,0,0,1,0,0,1,0,0,865,0,0,cellular,4,feb,1,-1,0,unknown,0
48,0,0,0,0,0,0,1,0,0,0,0,0,0,1,0,0,1,0,0,3531,1,0,cellular,20,apr,2,287,6,failure,0
33,0,0,0,0,0,0,1,0,0,0,0,0,1,0,0,0,1,0,0,1467,1,0,unknown,20,may,2,-1,0,unknown,0
52,0,0,0,1,0,0,0,0,0,0,0,0,0,0,1,0,0,1,0,98,0,1,telephone,9,jul,1,-1,0,unknown,0
35,1,0,0,0,0,0,0,0,0,0,0,0,0,1,0,1,0,0,0,714,1,0,cellular,26,aug,22,-1,0,unknown,0
31,0,0,0,0,0,0,1,0,0,0,0,0,0,1,0,0,1,0,0,431,1,1,unknown,20,may,1,-1,0,unknown,1
79,0,0,0,0,0,1,0,0,0,0,0,0,1,0,0,0,0,1,0,8556,0,0,telephone,18,jan,2,272,2,success,1
27,1,0,0,0,0,0,0,0,0,0,0,0,0,1,0,1,0,0,0,438,1,0,cellular,18,may,5,-1,0,unknown,0
29,1,0,0,0,0,0,0,0,0,0,0,0,0,1,0,1,0,0,0,1275,1,1,cellular,27,feb,1,-1,0,unknown,0
34,0,0,0,1,0,0,0,0,0,0,0,0,1,0,0,1,0,0,0,551,1,0,cellular,17,apr,2,315,11,other,0
50,0,0,0,0,0,0,0,1,0,0,0,0,1,0,0,0,1,0,0,1595,0,0,unknown,9,jun,1,-1,0,unknown,1
47,0,0,0,0,0,0,0,1,0,0,0,0,1,0,0,0,1,0,0,5,0,0,cellular,28,aug,1,-1,0,unknown,0
30,0,0,0,0,0,0,1,0,0,0,0,0,1,0,0,1,0,0,0,42,1,1,cellular,16,nov,1,-1,0,unknown,0
32,0,1,0,0,0,0,0,0,0,0,0,0,0,1,0,1,0,0,0,0,1,1,cellular,13,may,2,-1,0,unknown,1
51,0,1,0,0,0,0,0,0,0,0,0,0,0,1,0,1,0,0,0,318,0,0,cellular,4,may,3,-1,0,unknown,0
36,1,0,0,0,0,0,0,0,0,0,0,0,0,1,0,1,0,0,0,62,1,0,cellular,3,nov,1,182,7,failure,1
36,0,0,0,1,0,0,0,0,0,0,0,0,0,0,1,0,0,1,0,-308,1,0,cellular,12,may,1,-1,0,unknown,1
35,0,1,0,0,0,0,0,0,0,0,0,0,1,0,0,0,1,0,0,569,1,0,unknown,21,may,5,-1,0,unknown,0
49,0,0,0,0,0,1,0,0,0,0,0,0,0,1,0,0,0,1,0,25824,0,0,unknown,17,jun,1,-1,0,unknown,0
36,0,0,0,1,0,0,0,0,0,0,0,0,0,0,1,0,1,0,0,1237,1,0,unknown,20,jun,2,-1,0,unknown,0
34,0,1,0,0,0,0,0,0,0,0,0,0,1,0,0,0,1,0,0,806,0,0,cellular,19,jul,3,458,1,success,1
47,0,0,0,0,0,0,1,0,0,0,0,0,1,0,0,0,1,0,0,3070,0,0,cellular,7,aug,4,-1,0,unknown,1
57,0,0,0,0,0,0,0,0,0,0,1,0,1,0,0,0,0,1,0,625,0,1,unknown,11,jun,1,-1,0,unknown,1
21,0,0,0,1,0,0,0,0,0,0,0,0,0,1,0,0,1,0,0,2265,0,0,cellular,17,feb,2,-1,0,unknown,1
28,0,0,0,0,0,0,0,0,0,0,0,1,0,1,0,0,1,0,0,4716,1,0,unknown,26,may,2,-1,0,unknown,0
76,0,0,0,0,1,0,0,0,1,0,0,0,1,0,0,0,0,0,0,4984,0,0,telephone,28,apr,1,182,1,success,1
45,0,0,0,0,0,0,1,0,0,0,0,0,1,0,0,0,1,0,0,205,0,0,cellular,4,aug,1,92,3,success,1
30,1,0,0,0,0,0,0,0,0,0,0,0,1,0,0,0,1,0,0,11391,1,0,cellular,20,nov,1,105,2,other,0
31,1,0,0,0,0,0,0,0,0,0,0,0,1,0,0,1,0,0,0,1331,0,0,cellular,30,apr,1,86,3,success,1
43,1,0,0,0,0,0,0,0,0,0,0,0,0,0,1,1,0,0,0,481,1,0,cellular,3,jun,1,20,1,other,1
29,0,1,0,0,0,0,0,0,0,0,0,0,0,1,0,0,1,0,0,938,0,0,cellular,3,nov,1,-1,0,unknown,1
67,0,0,0,0,0,1,0,0,0,0,0,0,1,0,0,0,0,1,0,942,0,0,cellular,6,nov,2,84,2,other,1
35,1,0,0,0,0,0,0,0,0,0,0,0,0,0,1,1,0,0,0,859,1,1,cellular,19,nov,1,-1,0,unknown,1
49,0,0,1,0,0,0,0,0,0,0,0,0,1,0,0,0,1,0,0,687,0,0,cellular,18,aug,6,-1,0,unknown,0
48,1,0,0,0,0,0,0,0,0,0,0,0,1,0,0,1,0,0,0,0,0,1,cellular,19,feb,4,182,1,success,1
40,0,0,0,0,0,0,1,0,0,0,0,0,0,1,0,0,1,0,0,664,0,0,cellular,21,jul,2,-1,0,unknown,1
51,1,0,0,0,0,0,0,0,0,0,0,0,1,0,0,1,0,0,0,812,0,0,telephone,2,jul,3,-1,0,unknown,0
60,0,1,0,0,0,0,0,0,0,0,0,0,1,0,0,0,1,0,0,0,0,0,cellular,25,may,4,-1,0,unknown,1
61,0,1,0,0,0,0,0,0,0,0,0,0,0,0,1,0,1,0,0,6481,0,0,cellular,19,oct,1,-1,0,unknown,1
22,0,0,0,0,0,0,0,0,0,0,0,1,0,1,0,0,1,0,0,23,0,0,cellular,27,oct,1,-1,0,unknown,1
38,0,1,0,0,0,0,0,0,0,0,0,0,1,0,0,0,1,0,0,1442,1,0,cellular,4,feb,1,-1,0,unknown,0
34,1,0,0,0,0,0,0,0,0,0,0,0,0,1,0,1,0,0,0,5,0,0,cellular,18,aug,2,-1,0,unknown,1
42,0,0,0,1,0,0,0,0,0,0,0,0,1,0,0,0,0,1,0,201,1,0,cellular,30,apr,1,85,2,failure,1
59,0,0,0,1,1,0,0,0,0,0,0,0,1,0,0,0,0,0,0,139,0,0,unknown,5,jun,1,-1,0,unknown,0
53,0,0,1,0,0,0,0,0,0,0,0,0,0,0,1,1,0,0,0,81,1,0,cellular,6,may,5,352,3,failure,0
61,0,0,0,0,0,1,0,0,0,0,0,0,1,0,0,0,1,0,0,313,0,1,unknown,3,jul,1,-1,0,unknown,0
56,1,0,0,0,0,0,0,0,0,0,0,0,0,0,1,1,0,0,0,4266,1,0,unknown,17,jun,4,-1,0,unknown,1
38,0,0,0,1,0,0,0,0,0,0,0,0,0,1,0,1,0,0,0,2885,1,0,unknown,20,jun,10,-1,0,unknown,1
22,0,0,0,0,0,0,0,0,0,1,0,0,0,1,0,1,0,0,0,993,0,0,cellular,28,jul,3,93,1,other,1
35,1,0,0,0,0,0,0,0,0,0,0,0,0,1,0,1,0,0,0,1064,1,0,cellular,6,feb,2,261,1,other,0
46,0,0,0,0,0,0,1,0,0,0,0,0,0,1,0,0,1,0,0,757,1,1,cellular,6,apr,3,256,3,failure,0
31,1,0,0,0,0,0,0,0,0,0,0,0,0,1,0,1,0,0,0,533,0,0,telephone,12,may,1,90,10,success,1
31,0,1,0,0,0,0,0,0,0,0,0,0,0,1,0,0,1,0,0,846,0,0,cellular,26,may,3,205,2,failure,1
28,0,0,0,0,0,0,0,0,0,0,0,1,0,1,0,0,1,0,0,217,1,0,cellular,15,may,2,372,1,failure,0
31,0,0,0,0,0,0,1,0,0,0,0,0,0,1,0,0,1,0,0,437,1,1,unknown,4,jun,14,-1,0,unknown,0
32,0,1,0,0,0,0,0,0,0,0,0,0,0,1,0,1,0,0,0,4071,0,0,cellular,30,jun,2,-1,0,unknown,1
24,0,0,0,0,0,0,0,0,0,0,0,1,0,1,0,0,1,0,0,23878,0,0,cellular,18,feb,1,-1,0,unknown,1
30,0,0,0,0,0,0,1,0,0,0,0,0,0,0,1,0,1,0,0,10,1,0,cellular,18,jul,2,-1,0,unknown,1
50,0,0,0,0,0,0,1,0,0,0,0,0,1,0,0,0,1,0,0,3608,1,0,cellular,14,may,8,182,4,success,1
34,0,0,0,1,0,0,0,0,0,0,0,0,1,0,0,0,1,0,0,1464,1,0,cellular,28,aug,3,130,5,other,1
48,0,0,0,1,0,0,0,0,0,0,0,0,0,1,0,0,1,0,0,-552,0,1,cellular,21,nov,2,-1,0,unknown,0
39,1,0,0,0,0,0,0,0,0,0,0,0,0,0,1,1,0,0,0,1968,0,0,cellular,21,nov,1,-1,0,unknown,1
43,0,1,0,0,0,0,0,0,0,0,0,0,1,0,0,0,1,0,0,5342,1,0,unknown,29,may,2,-1,0,unknown,0
49,1,0,0,0,0,0,0,0,0,0,0,0,1,0,0,1,0,0,0,1093,1,1,cellular,12,jan,2,91,2,success,1
58,1,0,0,0,0,0,0,0,0,0,0,0,0,0,1,1,0,0,0,1257,0,0,cellular,5,aug,1,-1,0,unknown,1
41,0,0,0,1,0,0,0,0,0,0,0,0,0,0,1,0,0,1,0,285,1,0,cellular,20,apr,2,-1,0,unknown,1
26,0,0,0,0,0,0,0,0,0,0,0,1,0,1,0,0,1,0,0,4613,0,0,cellular,28,may,3,196,2,other,1
30,0,0,0,0,0,0,0,0,0,0,0,1,0,1,0,1,0,0,0,3300,0,0,cellular,21,nov,1,-1,0,unknown,1
37,1,0,0,0,1,0,0,0,0,0,0,0,0,1,0,0,0,0,0,242,0,1,cellular,28,jul,3,-1,0,unknown,0
47,0,0,0,0,1,0,1,0,0,0,0,0,1,0,0,0,0,0,0,0,1,0,cellular,21,nov,1,198,1,failure,0
33,0,0,0,0,0,0,0,0,0,0,1,0,0,1,0,0,1,0,0,118,0,0,cellular,29,jan,1,-1,0,unknown,0
35,0,0,0,0,0,0,0,1,0,0,0,0,1,0,0,0,1,0,0,152,1,0,unknown,2,jun,1,-1,0,unknown,1
39,0,1,0,0,0,0,0,0,0,0,0,0,0,1,0,1,0,0,0,0,0,0,cellular,27,aug,4,-1,0,unknown,0
71,0,0,0,0,1,1,0,0,0,0,0,0,0,0,1,0,0,0,0,392,0,0,telephone,7,jul,2,-1,0,unknown,1
21,0,0,0,0,0,0,0,0,0,0,0,1,0,1,0,0,1,0,0,123,0,0,telephone,11,nov,1,91,1,success,1
33,1,0,0,0,0,0,0,0,0,0,0,0,1,0,0,1,0,0,0,4570,0,0,cellular,22,aug,2,-1,0,unknown,1
50,0,0,0,0,0,0,1,0,0,0,0,0,1,0,0,0,1,0,0,706,1,0,cellular,6,aug,4,-1,0,unknown,1
52,0,0,0,0,0,0,0,0,0,1,0,0,0,0,1,0,1,0,0,230,0,0,cellular,24,dec,2,-1,0,unknown,1
59,0,0,0,0,0,1,0,0,0,0,0,0,1,0,0,0,0,1,0,2074,0,0,cellular,21,dec,1,186,2,success,1
54,0,0,0,1,0,0,0,0,0,0,0,0,1,0,0,0,1,0,0,1223,1,0,cellular,7,may,1,-1,0,unknown,0
31,1,0,0,0,0,0,0,0,0,0,0,0,1,0,0,1,0,0,0,927,0,0,cellular,18,aug,4,-1,0,unknown,0
42,0,0,1,0,0,0,0,0,0,0,0,0,1,0,0,1,0,0,0,34,1,0,cellular,15,may,1,-1,0,unknown,0
26,1,0,0,0,0,0,0,0,0,0,0,0,0,1,0,1,0,0,0,2786,0,0,cellular,3,jun,2,72,1,success,1
47,0,1,0,0,0,0,0,0,0,0,0,0,0,0,1,0,1,0,0,4135,1,0,unknown,14,may,8,-1,0,unknown,0
56,0,0,0,1,0,0,0,0,0,0,0,0,1,0,0,0,1,0,0,385,0,0,cellular,20,aug,3,-1,0,unknown,0
42,0,0,0,0,1,0,0,0,0,1,0,0,1,0,0,0,0,0,0,970,1,0,telephone,21,jul,10,-1,0,unknown,1
30,1,0,0,0,0,0,0,0,0,0,0,0,0,1,0,1,0,0,0,368,1,0,cellular,12,aug,2,-1,0,unknown,0
42,1,0,0,0,0,0,0,0,0,0,0,0,1,0,0,1,0,0,0,1205,0,0,telephone,8,sep,2,-1,0,unknown,1
32,0,0,0,0,0,0,1,0,0,0,0,0,0,1,0,0,1,0,0,471,0,1,cellular,2,apr,3,-1,0,unknown,1
45,0,0,0,0,0,0,0,1,0,0,0,0,0,1,0,0,0,1,0,1893,1,0,unknown,3,jun,6,-1,0,unknown,1
52,1,0,0,0,0,0,0,0,0,0,0,0,1,0,0,1,0,0,0,583,0,0,cellular,17,may,1,181,3,success,1
74,0,0,0,0,0,1,0,0,0,0,0,0,1,0,0,1,0,0,0,1843,0,0,cellular,15,mar,1,185,2,success,1
49,0,1,0,0,0,0,0,0,0,0,0,0,1,0,0,1,0,0,0,80,0,0,cellular,17,jul,1,-1,0,unknown,0
32,0,1,0,0,0,0,0,0,0,0,0,0,0,1,0,1,0,0,0,418,0,1,cellular,14,jul,3,-1,0,unknown,0
42,0,0,0,1,0,0,0,0,0,0,0,0,1,0,0,0,1,0,0,-921,1,0,unknown,26,may,2,-1,0,unknown,0
39,0,0,1,0,0,0,0,0,0,0,0,0,1,0,0,1,0,0,0,942,1,0,cellular,14,aug,3,267,1,other,1
26,1,0,0,0,0,0,0,0,0,0,0,0,0,1,0,1,0,0,0,1646,0,0,cellular,12,apr,4,206,5,success,1
58,0,0,0,0,0,0,0,0,1,0,0,0,1,0,0,1,0,0,0,327,0,1,cellular,14,jul,2,-1,0,unknown,0
41,1,0,0,0,0,0,0,0,0,0,0,0,1,0,0,1,0,0,0,326,1,0,cellular,5,may,1,-1,0,unknown,1
57,0,0,0,1,0,0,0,0,0,0,0,0,1,0,0,0,0,1,0,2112,0,0,cellular,12,aug,2,-1,0,unknown,1
31,0,1,0,0,0,0,0,0,0,0,0,0,0,1,0,1,0,0,0,13711,1,0,cellular,20,nov,3,-1,0,unknown,1
77,0,0,0,0,0,1,0,0,0,0,0,0,1,0,0,0,0,1,0,2590,0,0,telephone,13,nov,3,277,12,failure,1
54,0,0,0,0,1,0,0,0,0,0,0,0,1,0,0,0,0,0,0,895,0,0,cellular,7,oct,1,-1,0,unknown,1
31,0,0,0,0,0,0,0,0,0,1,0,0,0,1,0,0,1,0,0,582,1,0,cellular,5,jun,2,-1,0,unknown,1
31,0,0,0,0,0,0,1,0,0,0,0,0,1,0,0,0,1,0,0,35,0,0,cellular,30,apr,1,-1,0,unknown,1
44,1,0,0,0,0,0,0,0,0,0,0,0,1,0,0,1,0,0,0,-8,1,0,cellular,11,may,1,356,2,failure,0
32,0,0,0,1,0,0,0,0,0,0,0,0,0,1,0,0,1,0,0,799,0,1,cellular,23,jul,6,-1,0,unknown,1
40,1,0,0,0,0,0,0,0,0,0,0,0,1,0,0,1,0,0,0,640,1,0,cellular,17,apr,2,-1,0,unknown,0
36,1,0,0,0,0,0,0,0,0,0,0,0,0,0,1,1,0,0,1,36,0,0,cellular,6,aug,4,-1,0,unknown,1
35,0,0,0,0,0,0,0,0,1,0,0,0,1,0,0,0,1,0,0,573,1,1,cellular,22,aug,8,-1,0,unknown,0
49,0,0,0,0,0,0,0,0,0,0,1,0,1,0,0,0,0,1,0,3376,0,0,unknown,9,jun,3,-1,0,unknown,0
20,0,0,0,0,0,0,0,0,0,0,0,1,0,1,0,0,1,0,0,215,0,0,cellular,24,nov,1,95,5,success,1
36,1,0,0,0,0,0,0,0,0,0,0,0,1,0,0,1,0,0,0,203,0,0,cellular,25,jan,1,88,1,success,1
50,1,0,0,0,0,0,0,0,0,0,0,0,0,1,0,0,1,0,0,431,0,0,telephone,4,jun,2,-1,0,unknown,0
28,0,1,0,0,0,0,0,0,0,0,0,0,0,1,0,0,1,0,0,2335,0,0,cellular,13,may,1,-1,0,unknown,1
37,0,0,0,0,0,0,0,0,1,0,0,0,0,1,0,1,0,0,0,1188,0,0,cellular,24,jun,1,-1,0,unknown,1
32,1,0,0,0,0,0,0,0,0,0,0,0,0,1,0,1,0,0,0,935,0,0,cellular,10,aug,2,375,5,failure,1
30,0,0,0,0,0,0,1,0,0,0,0,0,0,1,0,1,0,0,0,305,0,0,cellular,4,feb,2,-1,0,unknown,1
57,1,0,0,0,0,0,0,0,0,0,0,0,1,0,0,1,0,0,0,2416,0,0,cellular,11,aug,2,-1,0,unknown,0
46,0,0,0,0,0,0,0,1,0,0,0,0,1,0,0,0,1,0,0,273,0,0,cellular,22,aug,2,-1,0,unknown,1
32,0,1,0,0,0,0,0,0,0,0,0,0,1,0,0,0,1,0,0,696,1,0,unknown,2,jun,1,-1,0,unknown,1
48,0,0,0,0,0,0,0,1,0,0,0,0,1,0,0,0,1,0,0,1573,0,0,cellular,5,aug,1,-1,0,unknown,0
77,0,0,0,0,0,1,0,0,0,0,0,0,1,0,0,0,1,0,0,638,0,0,cellular,11,feb,1,188,1,success,1
26,0,0,0,0,1,0,0,0,0,0,0,0,0,1,0,0,1,0,0,1187,0,0,unknown,17,nov,1,-1,0,unknown,0
26,0,0,0,0,0,0,0,0,1,0,0,0,0,1,0,1,0,0,0,1393,0,0,cellular,3,jul,1,-1,0,unknown,0
37,1,0,0,0,0,0,0,0,0,0,0,0,0,1,0,1,0,0,0,455,1,0,cellular,13,aug,6,-1,0,unknown,1
31,1,0,0,0,0,0,0,0,0,0,0,0,1,0,0,0,1,0,0,55,0,0,cellular,7,aug,3,-1,0,unknown,0
58,0,0,0,1,0,0,0,0,0,0,0,0,1,0,0,0,0,1,0,226,1,1,cellular,10,may,3,-1,0,unknown,0
27,0,0,0,0,0,0,0,1,0,0,0,0,0,1,0,0,1,0,0,223,1,1,cellular,13,may,2,-1,0,unknown,0
57,0,0,0,0,0,1,0,0,0,0,0,0,1,0,0,0,0,1,0,3518,1,0,cellular,25,aug,3,-1,0,unknown,1
39,0,1,0,0,0,0,0,0,0,0,0,0,0,0,1,0,1,0,0,385,0,0,cellular,13,oct,1,48,2,failure,1
37,0,1,0,0,0,0,0,0,0,0,0,0,1,0,0,1,0,0,0,143,0,0,cellular,27,aug,6,-1,0,unknown,0
51,0,0,0,1,0,0,0,0,0,0,0,0,0,0,1,0,0,1,0,83,1,0,unknown,16,may,4,-1,0,unknown,0
50,0,0,0,1,0,0,0,0,0,0,0,0,1,0,0,0,0,1,0,235,0,0,cellular,31,jul,20,-1,0,unknown,0
58,0,0,0,1,0,0,0,0,0,0,0,0,0,0,1,0,0,1,0,2716,0,0,cellular,20,nov,2,-1,0,unknown,0
35,0,0,0,1,0,0,0,0,0,0,0,0,0,1,0,0,1,0,0,11671,0,0,unknown,6,jun,1,-1,0,unknown,0
31,0,0,0,1,1,0,0,0,0,0,0,0,0,1,0,0,0,0,0,813,1,0,unknown,20,jun,18,-1,0,unknown,0
34,0,0,0,0,0,0,0,1,0,0,0,0,1,0,0,0,1,0,0,1076,0,0,cellular,12,may,1,182,6,success,1
30,1,0,0,0,0,0,0,0,0,0,0,0,0,1,0,1,0,0,0,5561,1,0,cellular,19,nov,1,-1,0,unknown,1
70,0,0,0,0,0,1,0,0,0,0,0,0,1,0,0,0,1,0,0,6422,0,0,cellular,10,mar,1,-1,0,unknown,1
50,0,0,0,1,0,0,0,0,0,0,0,0,1,0,0,0,1,0,0,724,0,0,cellular,28,jul,2,-1,0,unknown,0
32,0,0,0,1,0,0,0,0,0,0,0,0,1,0,0,1,0,0,0,143,1,1,cellular,18,may,1,-1,0,unknown,0
29,1,0,0,0,0,0,0,0,0,0,0,0,0,1,0,1,0,0,0,3041,1,0,cellular,8,may,3,-1,0,unknown,1
48,0,0,0,0,0,0,0,0,0,1,0,0,0,0,1,0,1,0,0,201,0,0,cellular,10,feb,2,92,2,success,1
34,0,0,0,0,0,0,0,1,0,0,0,0,1,0,0,0,1,0,0,0,0,0,cellular,7,jul,3,-1,0,unknown,0
65,0,0,0,0,0,0,0,0,0,0,1,0,1,0,0,0,0,1,0,715,0,0,cellular,11,mar,1,-1,0,unknown,1
33,1,0,0,0,0,0,0,0,0,0,0,0,1,0,0,1,0,0,0,0,1,0,cellular,14,apr,3,328,1,failure,1
58,0,0,0,1,1,0,0,0,0,0,0,0,1,0,0,0,0,0,0,2516,1,0,cellular,16,jul,1,-1,0,unknown,0
70,0,0,0,0,0,1,0,0,0,0,0,0,0,0,1,0,0,1,0,275,0,0,cellular,15,apr,1,-1,0,unknown,1
41,0,0,0,0,0,0,0,1,0,0,0,0,0,1,0,0,1,0,0,92,0,0,cellular,21,nov,1,-1,0,unknown,1
62,0,0,0,0,0,1,0,0,0,0,0,0,1,0,0,0,1,0,0,2801,1,1,cellular,9,sep,1,183,1,success,1
34,0,0,0,1,0,0,0,0,0,0,0,0,0,0,1,0,1,0,0,383,1,0,unknown,13,may,1,-1,0,unknown,1
41,0,0,0,1,0,0,0,0,0,0,0,0,1,0,0,0,1,0,0,153,1,0,unknown,27,may,1,-1,0,unknown,0
55,0,0,0,0,1,0,0,0,0,0,0,0,1,0,0,1,0,0,0,0,0,0,unknown,16,may,3,-1,0,unknown,0
37,0,1,0,0,0,0,0,0,0,0,0,0,0,1,0,0,1,0,0,1780,0,0,cellular,14,jul,4,-1,0,unknown,0
46,0,0,0,0,0,0,0,0,1,0,0,0,1,0,0,1,0,0,0,2421,0,0,cellular,19,nov,1,100,4,failure,1
60,0,0,0,0,0,1,0,0,0,0,0,0,0,0,1,0,1,0,0,1091,0,0,cellular,30,jul,5,-1,0,unknown,1
30,0,0,0,1,0,0,0,0,0,0,0,0,1,0,0,0,1,0,0,3,1,1,cellular,12,may,2,-1,0,unknown,0
39,1,0,0,0,0,0,0,0,0,0,0,0,1,0,0,1,0,0,0,1738,1,0,cellular,14,may,1,358,1,other,1
60,1,0,0,0,0,0,0,0,0,0,0,0,0,1,0,1,0,0,0,1034,1,0,cellular,7,aug,3,-1,0,unknown,1
48,0,0,0,0,0,0,0,0,0,0,1,0,0,1,0,0,0,1,0,46,0,0,cellular,4,aug,1,1,3,success,1
55,1,0,0,0,0,0,0,0,0,0,0,0,1,0,0,0,1,0,0,2693,0,0,cellular,22,sep,1,184,7,success,1
38,0,0,0,0,0,0,0,0,0,0,1,0,1,0,0,0,1,0,0,0,1,0,unknown,6,may,3,-1,0,unknown,0
56,1,0,0,0,0,0,0,0,0,0,0,0,0,1,0,0,0,1,0,109,0,1,telephone,17,nov,1,129,18,other,0
41,0,0,0,0,0,0,0,0,1,0,0,0,1,0,0,0,1,0,1,0,1,0,cellular,17,nov,1,-1,0,unknown,1
33,0,1,0,0,0,0,0,0,0,0,0,0,1,0,0,0,1,0,0,3243,0,0,cellular,12,aug,4,-1,0,unknown,1
45,0,0,1,0,0,0,0,0,0,0,0,0,0,0,1,1,0,0,0,1867,1,0,cellular,24,jul,1,-1,0,unknown,0
46,0,1,0,0,0,0,0,0,0,0,0,0,0,0,1,0,1,0,0,225,0,0,cellular,6,aug,5,-1,0,unknown,0
30,0,0,0,0,0,0,1,0,0,0,0,0,0,1,0,0,1,0,0,4448,0,0,cellular,11,feb,8,-1,0,unknown,1
36,0,0,0,0,0,0,0,1,0,0,0,0,1,0,0,0,1,0,0,4721,0,0,cellular,9,jun,1,92,5,success,1
27,0,0,0,1,0,0,0,0,0,0,0,0,0,1,0,0,0,1,0,1209,0,0,cellular,29,jan,1,-1,0,unknown,0
51,1,0,0,0,0,0,0,0,0,0,0,0,1,0,0,1,0,0,0,1392,0,0,cellular,7,jul,3,-1,0,unknown,0
55,1,0,0,0,0,0,0,0,0,0,0,0,0,1,0,1,0,0,0,7025,0,0,unknown,5,jun,3,-1,0,unknown,0
31,0,0,0,0,0,0,1,0,0,0,0,0,1,0,0,0,1,0,0,307,1,0,unknown,9,may,1,-1,0,unknown,1
26,0,0,0,0,0,0,0,0,0,0,0,1,0,1,0,0,1,0,0,100,0,0,cellular,26,may,1,-1,0,unknown,1
30,0,1,0,0,0,0,0,0,0,0,0,0,0,1,0,0,1,0,0,276,0,1,cellular,25,aug,5,-1,0,unknown,0
43,1,0,0,0,0,0,0,0,0,0,0,0,0,0,1,1,0,0,0,2367,0,0,cellular,1,jun,1,38,2,other,1
35,1,0,0,0,0,0,0,0,0,0,0,0,0,0,1,1,0,0,0,473,0,1,cellular,5,aug,2,-1,0,unknown,0
50,0,0,0,0,0,0,1,0,0,0,0,0,1,0,0,0,1,0,0,176,0,0,cellular,29,jul,2,-1,0,unknown,0
35,0,0,0,1,0,0,0,0,0,0,0,0,1,0,0,0,0,1,0,2212,1,0,cellular,14,may,2,353,4,other,0
41,1,0,0,0,0,0,0,0,0,0,0,0,1,0,0,0,1,0,0,41,1,0,cellular,8,may,2,364,6,other,0
50,0,0,0,1,1,0,0,0,0,0,0,0,1,0,0,0,0,0,0,2284,1,0,telephone,31,jul,17,-1,0,unknown,1
37,1,0,0,0,0,0,0,0,0,0,0,0,1,0,0,0,1,0,0,341,0,0,unknown,3,jun,2,-1,0,unknown,0
34,0,0,0,0,0,0,0,1,0,0,0,0,1,0,0,0,1,0,0,2918,0,1,cellular,4,jun,1,196,2,success,1
34,1,0,0,0,0,0,0,0,0,0,0,0,0,1,0,1,0,0,0,2646,0,0,cellular,14,apr,1,-1,0,unknown,1
43,1,0,0,0,0,0,0,0,0,0,0,0,1,0,0,1,0,0,0,839,0,0,cellular,22,jul,1,-1,0,unknown,1
40,0,0,0,1,0,0,0,0,0,0,0,0,1,0,0,0,1,0,0,193,1,1,unknown,26,may,1,-1,0,unknown,0
27,0,0,0,0,1,0,0,0,0,0,0,1,0,1,0,0,0,0,0,132,0,0,cellular,14,jul,1,-1,0,unknown,1
45,0,0,0,0,0,0,1,0,0,0,0,0,0,0,1,0,1,0,0,59,1,0,cellular,24,jul,8,-1,0,unknown,1
32,0,0,0,1,0,0,0,0,0,0,0,0,1,0,0,0,1,0,0,1905,1,0,cellular,16,jul,2,-1,0,unknown,1
30,0,0,0,1,0,0,0,0,0,0,0,0,1,0,0,0,1,0,0,309,1,0,unknown,7,may,2,-1,0,unknown,1
40,0,0,0,0,0,0,0,0,0,0,0,1,1,0,0,0,1,0,0,260,0,0,unknown,20,jun,6,-1,0,unknown,0
54,0,0,0,0,0,0,0,0,0,0,1,0,0,1,0,0,1,0,0,1213,0,0,cellular,12,nov,1,-1,0,unknown,1
50,1,0,0,0,1,0,0,0,0,0,0,0,1,0,0,0,0,0,0,8345,0,0,unknown,11,jun,1,-1,0,unknown,0
55,0,1,0,0,0,0,0,0,0,0,0,0,1,0,0,0,1,0,0,-14,1,0,cellular,12,may,4,-1,0,unknown,0
28,1,0,0,0,0,0,0,0,0,0,0,0,0,1,0,1,0,0,0,390,0,0,cellular,29,sep,1,232,4,success,1
28,0,0,0,0,0,0,0,1,0,0,0,0,0,1,0,0,1,0,0,1136,0,0,cellular,28,jul,3,-1,0,unknown,0
43,0,0,0,0,0,0,1,0,0,0,0,0,1,0,0,0,1,0,0,186,0,1,cellular,31,jul,21,-1,0,unknown,0
48,1,0,0,0,0,0,0,0,0,0,0,0,0,0,1,1,0,0,0,541,1,0,cellular,14,may,1,363,2,other,0
45,0,0,1,0,0,0,0,0,0,0,0,0,1,0,0,1,0,0,0,20138,1,0,cellular,20,nov,5,-1,0,unknown,1
50,0,1,0,0,0,0,0,0,0,0,0,0,1,0,0,0,1,0,0,31,1,0,telephone,18,nov,4,-1,0,unknown,0
29,1,0,0,0,0,0,0,0,0,0,0,0,1,0,0,1,0,0,0,8103,0,0,cellular,28,may,3,-1,0,unknown,1
51,0,0,0,0,0,0,1,0,0,0,0,0,1,0,0,0,1,0,1,-160,0,1,cellular,30,jul,4,-1,0,unknown,0
33,0,0,0,1,0,0,0,0,0,0,0,0,0,1,0,0,1,0,0,6285,1,0,unknown,2,jun,3,-1,0,unknown,0
43,0,0,0,0,0,0,0,1,0,0,0,0,1,0,0,1,0,0,0,4216,0,0,cellular,24,dec,2,195,2,success,1
56,1,0,0,0,0,0,0,0,0,0,0,0,1,0,0,1,0,0,0,3172,1,0,cellular,5,feb,1,-1,0,unknown,0
31,1,0,0,0,0,0,0,0,0,0,0,0,0,1,0,1,0,0,0,3,0,0,cellular,4,feb,2,-1,0,unknown,0
66,0,0,0,0,0,1,0,0,0,0,0,0,1,0,0,1,0,0,0,908,0,0,cellular,28,jan,2,-1,0,unknown,0
54,0,0,0,0,1,0,1,0,0,0,0,0,1,0,0,0,0,0,0,907,1,0,unknown,15,may,1,-1,0,unknown,0
41,0,0,0,1,0,0,0,0,0,0,0,0,1,0,0,0,1,0,0,2823,1,0,unknown,14,may,1,-1,0,unknown,1
20,0,0,0,0,1,0,0,0,0,0,0,1,0,1,0,0,0,0,0,829,0,0,cellular,27,jan,3,202,2,success,1
28,0,1,0,0,0,0,0,0,0,0,0,0,0,1,0,0,1,0,0,2000,0,0,telephone,3,feb,2,-1,0,unknown,0
46,0,0,0,1,0,0,0,0,0,0,0,0,1,0,0,0,0,1,0,0,0,0,cellular,6,aug,4,-1,0,unknown,0
36,0,0,1,0,0,0,0,0,0,0,0,0,1,0,0,1,0,0,0,280,1,0,cellular,7,may,1,351,1,failure,0
28,0,0,0,1,0,0,0,0,0,0,0,0,0,1,0,0,1,0,0,-46,1,0,cellular,1,jun,2,91,12,success,1
32,0,1,0,0,0,0,0,0,0,0,0,0,1,0,0,0,1,0,0,11431,0,0,cellular,12,aug,5,-1,0,unknown,0
35,1,0,0,0,0,0,0,0,0,0,0,0,1,0,0,1,0,0,1,89,0,1,unknown,8,may,3,-1,0,unknown,0
49,1,0,0,0,0,0,0,0,0,0,0,0,1,0,0,1,0,0,0,2881,0,0,cellular,2,mar,3,-1,0,unknown,1
56,0,0,0,0,0,0,0,1,0,0,0,0,1,0,0,0,1,0,1,-8,0,0,cellular,6,aug,2,-1,0,unknown,0
38,0,0,1,0,0,0,0,0,0,0,0,0,0,1,0,1,0,0,1,0,1,0,cellular,18,nov,1,-1,0,unknown,0
32,0,0,0,0,0,0,0,0,0,0,0,1,0,1,0,1,0,0,0,1138,0,0,telephone,10,feb,3,-1,0,unknown,1
49,1,0,0,0,0,0,0,0,0,0,0,0,0,0,1,1,0,0,0,-2049,1,0,unknown,30,may,3,-1,0,unknown,0
31,0,0,0,0,0,0,1,0,0,0,0,0,0,1,0,0,1,0,0,0,1,0,cellular,7,may,2,295,2,failure,1
29,1,0,0,0,0,0,0,0,0,0,0,0,1,0,0,1,0,0,0,4050,1,0,unknown,28,may,1,-1,0,unknown,0
33,0,0,0,0,0,0,1,0,0,0,0,0,0,1,0,0,1,0,0,549,1,0,cellular,14,apr,2,-1,0,unknown,0
36,0,0,0,0,0,0,0,0,0,1,0,0,1,0,0,0,1,0,0,923,0,0,unknown,27,sep,1,-1,0,unknown,0
47,0,0,0,0,0,0,0,0,1,0,0,0,1,0,0,1,0,0,0,1011,0,0,cellular,6,oct,1,-1,0,unknown,1
38,1,0,0,0,0,0,0,0,0,0,0,0,1,0,0,1,0,0,0,1198,1,0,cellular,3,sep,3,213,1,failure,0
64,0,0,0,0,0,1,0,0,0,0,0,0,1,0,0,0,0,1,0,440,0,0,cellular,6,feb,1,-1,0,unknown,1
39,0,1,0,0,0,0,0,0,0,0,0,0,0,1,0,0,1,0,0,1355,1,0,cellular,14,may,1,-1,0,unknown,1
41,1,0,0,0,0,0,0,0,0,0,0,0,1,0,0,0,0,1,0,243,1,0,cellular,2,feb,1,-1,0,unknown,0
35,1,0,0,0,0,0,0,0,0,0,0,0,0,1,0,1,0,0,0,1599,1,1,cellular,13,apr,1,-1,0,unknown,1
40,0,0,0,0,0,0,0,1,0,0,0,0,0,1,0,0,1,0,0,1547,1,0,cellular,20,nov,1,-1,0,unknown,1
50,0,0,1,0,0,0,0,0,0,0,0,0,1,0,0,0,1,0,0,2731,0,0,cellular,8,aug,2,-1,0,unknown,0
32,1,0,0,0,0,0,0,0,0,0,0,0,0,1,0,1,0,0,0,414,0,0,unknown,29,sep,1,680,5,failure,0
32,0,0,0,0,0,0,1,0,0,0,0,0,0,0,1,0,1,0,0,2017,0,1,cellular,17,jul,1,-1,0,unknown,0
49,0,1,0,0,0,0,0,0,0,0,0,0,0,0,1,1,0,0,0,596,1,0,telephone,15,sep,1,-1,0,unknown,1
48,1,0,0,0,0,0,0,0,0,0,0,0,0,0,1,1,0,0,0,1144,1,0,cellular,17,nov,1,-1,0,unknown,0
52,1,0,0,0,0,0,0,0,0,0,0,0,1,0,0,1,0,0,0,6909,0,0,cellular,20,nov,1,-1,0,unknown,0
67,0,0,0,0,0,1,0,0,0,0,0,0,0,0,1,0,1,0,0,704,0,0,cellular,3,nov,1,-1,0,unknown,1
61,0,0,0,0,0,1,0,0,0,0,0,0,1,0,0,0,1,0,0,86,0,0,cellular,23,oct,1,-1,0,unknown,1
24,1,0,0,0,0,0,0,0,0,0,0,0,0,1,0,1,0,0,0,507,0,0,cellular,3,jul,1,-1,0,unknown,1
41,0,0,0,1,0,0,0,0,0,0,0,0,1,0,0,0,1,0,1,720,0,1,cellular,24,jul,1,-1,0,unknown,1
72,0,0,0,0,0,1,0,0,0,0,0,0,1,0,0,1,0,0,0,2,0,0,cellular,7,aug,2,-1,0,unknown,1
29,1,0,0,0,0,0,0,0,0,0,0,0,1,0,0,1,0,0,0,10576,0,0,unknown,15,may,2,-1,0,unknown,1
36,0,1,0,0,0,0,0,0,0,0,0,0,1,0,0,0,1,0,0,58,0,0,cellular,3,feb,2,-1,0,unknown,0
43,0,0,0,0,0,0,0,0,1,0,0,0,1,0,0,0,1,0,0,14144,1,0,cellular,21,nov,1,-1,0,unknown,1
23,0,0,0,0,0,0,0,0,0,0,0,1,0,1,0,0,1,0,0,1234,0,0,cellular,16,nov,1,-1,0,unknown,1
48,0,0,0,1,0,0,0,0,0,0,0,0,1,0,0,0,1,0,0,750,0,0,cellular,5,feb,2,8,2,other,0
24,0,0,0,0,0,0,1,0,0,0,0,0,0,1,0,0,1,0,0,1295,0,0,cellular,22,jul,2,92,1,success,1
33,1,0,0,0,0,0,0,0,0,0,0,0,0,1,0,0,1,0,0,1615,1,0,cellular,14,may,8,174,3,failure,0
37,0,0,0,0,0,0,1,0,0,0,0,0,1,0,0,0,1,0,0,597,0,0,cellular,2,jun,1,-1,0,unknown,1
42,0,1,0,0,0,0,0,0,0,0,0,0,0,1,0,1,0,0,0,35,1,1,cellular,17,nov,1,115,5,other,0
56,0,1,0,0,0,0,0,0,0,0,0,0,1,0,0,0,1,0,0,23,0,0,cellular,20,nov,3,-1,0,unknown,1
47,0,0,0,0,0,0,1,0,0,0,0,0,0,0,1,0,1,0,0,225,0,0,cellular,28,aug,4,-1,0,unknown,1
74,0,0,0,0,0,1,0,0,0,0,0,0,1,0,0,0,1,0,0,935,0,0,cellular,5,may,1,99,2,failure,1
45,1,0,0,0,0,0,0,0,0,0,0,0,0,1,0,1,0,0,0,311,1,1,cellular,22,may,1,-1,0,unknown,0
30,0,0,0,1,0,0,0,0,0,0,0,0,1,0,0,0,0,1,0,145,1,0,unknown,7,may,2,-1,0,unknown,0
31,0,0,0,0,0,0,0,1,0,0,0,0,0,1,0,0,1,0,0,222,1,0,cellular,13,may,2,-1,0,unknown,0
41,0,0,0,0,0,0,1,0,0,0,0,0,1,0,0,0,1,0,0,2993,1,0,cellular,22,jul,12,-1,0,unknown,0
44,0,0,0,0,0,0,1,0,0,0,0,0,0,0,1,1,0,0,0,0,1,0,cellular,7,jul,3,-1,0,unknown,0
34,0,1,0,0,0,0,0,0,0,0,0,0,1,0,0,1,0,0,0,3160,1,0,cellular,13,aug,1,-1,0,unknown,0
63,0,1,0,0,0,0,0,0,0,0,0,0,1,0,0,0,1,0,0,973,0,0,cellular,25,feb,1,388,1,success,1
39,0,1,0,0,0,0,0,0,0,0,0,0,1,0,0,0,1,0,0,2266,0,0,cellular,18,feb,4,-1,0,unknown,1
46,1,0,0,0,0,0,0,0,0,0,0,0,0,0,1,1,0,0,0,194,0,0,cellular,28,jan,1,-1,0,unknown,0
37,0,1,0,0,1,0,0,0,0,0,0,0,1,0,0,0,0,0,0,189,0,0,cellular,1,oct,1,107,2,success,1
60,0,0,0,0,1,0,1,0,0,0,0,0,1,0,0,0,0,0,0,4629,1,0,cellular,27,oct,1,-1,0,unknown,1
29,0,0,0,0,0,0,0,1,0,0,0,0,0,1,0,0,1,0,0,-271,1,0,unknown,4,jun,1,-1,0,unknown,1
63,0,0,0,0,0,1,0,0,0,0,0,0,0,0,1,0,0,1,0,109,0,0,cellular,10,nov,2,-1,0,unknown,1
40,1,0,0,0,0,0,0,0,0,0,0,0,0,1,0,1,0,0,0,0,1,0,cellular,25,aug,2,95,4,success,0
41,0,0,0,0,0,0,0,0,1,0,0,0,1,0,0,1,0,0,0,231,0,0,cellular,7,aug,2,-1,0,unknown,1
39,1,0,0,0,0,0,0,0,0,0,0,0,1,0,0,1,0,0,0,0,1,0,cellular,14,may,15,261,38,failure,0
32,0,1,0,0,0,0,0,0,0,0,0,0,1,0,0,0,1,0,0,660,0,0,cellular,25,oct,2,490,1,failure,1
55,0,0,0,0,0,0,0,0,0,0,1,0,1,0,0,0,0,1,0,10,0,0,cellular,4,feb,3,-1,0,unknown,0
59,0,0,0,0,0,0,0,0,0,0,1,0,1,0,0,0,0,1,0,100,0,0,cellular,5,aug,1,-1,0,unknown,1
59,1,0,0,0,0,0,0,0,0,0,0,0,1,0,0,1,0,0,0,3342,0,0,cellular,18,mar,2,188,6,other,1
45,0,0,0,0,0,0,1,0,0,0,0,0,1,0,0,0,1,0,0,1206,0,0,telephone,8,feb,1,446,3,failure,1
48,1,0,0,0,0,0,0,0,0,0,0,0,1,0,0,1,0,0,0,0,0,0,cellular,28,aug,16,-1,0,unknown,0
31,0,1,0,0,0,0,0,0,0,0,0,0,0,1,0,0,1,0,0,628,1,0,unknown,12,may,2,-1,0,unknown,0
50,0,1,0,0,0,0,0,0,0,0,0,0,1,0,0,1,0,0,0,1347,1,1,unknown,12,jun,1,-1,0,unknown,0
33,0,0,0,1,0,0,0,0,0,0,0,0,1,0,0,0,0,1,0,0,0,0,cellular,8,may,1,-1,0,unknown,0
31,0,0,0,1,0,0,0,0,0,0,0,0,1,0,0,0,1,0,0,2,1,0,unknown,20,may,2,-1,0,unknown,1
28,0,0,0,0,0,0,0,0,0,0,1,0,1,0,0,0,1,0,0,1294,1,0,cellular,8,jul,2,-1,0,unknown,0
25,0,0,0,0,0,0,0,0,0,0,0,1,0,1,0,0,1,0,0,2975,0,0,cellular,2,sep,2,-1,0,unknown,1
45,0,0,0,0,0,0,1,0,0,0,0,0,1,0,0,0,1,0,0,204,1,0,cellular,3,jun,2,-1,0,unknown,1
43,0,0,0,0,0,0,0,0,1,0,0,0,1,0,0,1,0,0,0,3003,0,0,cellular,8,aug,3,-1,0,unknown,0
30,0,0,0,1,0,0,0,0,0,0,0,0,0,1,0,1,0,0,0,297,0,0,cellular,7,apr,4,-1,0,unknown,1
41,0,0,0,1,0,0,0,0,0,0,0,0,1,0,0,0,1,0,0,580,1,0,cellular,14,may,1,363,1,failure,1
28,0,1,0,0,1,0,0,0,0,0,0,0,0,1,0,0,0,0,0,0,1,0,cellular,27,oct,1,267,1,failure,1
49,1,0,0,0,0,0,0,0,0,0,0,0,1,0,0,1,0,0,0,1093,1,1,cellular,15,sep,1,246,4,success,1
38,0,0,0,1,0,0,0,0,0,0,0,0,1,0,0,0,0,1,0,5839,1,0,unknown,4,jun,2,-1,0,unknown,1
36,1,0,0,0,0,0,0,0,0,0,0,0,1,0,0,1,0,0,0,2326,1,0,cellular,20,nov,5,-1,0,unknown,0
38,0,0,0,0,0,0,0,0,0,0,0,1,0,0,1,1,0,0,0,2946,0,0,cellular,16,jun,3,-1,0,unknown,1
59,0,0,0,0,0,1,0,0,0,0,0,0,1,0,0,0,1,0,0,493,0,0,cellular,30,apr,1,-1,0,unknown,1
34,1,0,0,0,0,0,0,0,0,0,0,0,0,1,0,1,0,0,0,-292,1,0,cellular,11,aug,2,-1,0,unknown,0
36,0,0,1,0,0,0,0,0,0,0,0,0,0,1,0,0,1,0,0,866,1,0,cellular,11,may,1,173,1,failure,1
52,0,0,0,1,0,0,0,0,0,0,0,0,1,0,0,0,0,1,0,320,1,0,cellular,6,feb,3,253,4,other,0
47,0,0,0,1,0,0,0,0,0,0,0,0,1,0,0,0,1,0,0,1125,1,0,cellular,29,jan,1,-1,0,unknown,1
38,0,1,0,0,0,0,0,0,0,0,0,0,1,0,0,0,1,0,0,0,1,0,cellular,22,apr,1,-1,0,unknown,1
34,0,0,0,1,0,0,0,0,0,0,0,0,1,0,0,0,1,0,0,182,0,0,cellular,6,aug,2,-1,0,unknown,1
57,0,0,0,1,1,0,0,0,0,0,0,0,1,0,0,0,0,0,0,4722,1,0,unknown,18,jun,2,-1,0,unknown,0
31,0,0,0,0,0,0,1,0,0,0,0,0,1,0,0,0,1,0,0,685,1,0,cellular,15,may,1,329,3,failure,1
31,0,0,0,0,0,0,1,0,0,0,0,0,0,1,0,0,1,0,0,1306,1,0,unknown,28,may,5,-1,0,unknown,0
30,1,0,0,0,0,0,0,0,0,0,0,0,0,1,0,1,0,0,0,4808,0,0,cellular,10,mar,1,-1,0,unknown,1
36,0,0,0,1,0,0,0,0,0,0,0,0,1,0,0,0,1,0,0,56,0,0,unknown,24,jun,6,-1,0,unknown,0
33,0,1,0,0,0,0,0,0,0,0,0,0,0,1,0,0,1,0,0,2660,1,0,unknown,21,may,1,-1,0,unknown,0
38,0,1,0,0,0,0,0,0,0,0,0,0,0,1,0,0,1,0,0,615,1,0,unknown,2,jun,1,-1,0,unknown,0
71,0,0,0,0,0,1,0,0,0,0,0,0,1,0,0,0,0,1,0,2171,0,0,cellular,10,mar,4,-1,0,unknown,0
24,1,0,0,0,0,0,0,0,0,0,0,0,0,1,0,1,0,0,0,1,0,0,cellular,14,may,5,-1,0,unknown,1
28,0,0,0,0,0,0,1,0,0,0,0,0,1,0,0,0,1,0,0,330,0,0,cellular,2,dec,1,188,3,other,1
34,1,0,0,0,0,0,0,0,0,0,0,0,1,0,0,1,0,0,0,0,1,0,cellular,7,aug,1,99,2,success,1
31,0,0,0,0,0,0,0,1,0,0,0,0,0,1,0,0,1,0,0,1027,0,0,cellular,2,jul,3,-1,0,unknown,1
51,1,0,0,0,0,0,0,0,0,0,0,0,1,0,0,1,0,0,0,248,1,1,cellular,17,nov,2,126,3,failure,0
41,1,0,0,0,0,0,0,0,0,0,0,0,1,0,0,1,0,0,0,1092,0,0,cellular,5,aug,1,-1,0,unknown,1
56,0,0,0,1,0,0,0,0,0,0,0,0,1,0,0,0,0,1,0,8163,0,0,cellular,14,aug,4,-1,0,unknown,1
32,0,1,0,0,0,0,0,0,0,0,0,0,0,1,0,1,0,0,0,705,1,0,cellular,20,apr,4,-1,0,unknown,0
39,0,0,0,0,0,0,0,0,1,0,0,0,1,0,0,0,1,0,0,31,1,0,cellular,20,nov,2,181,4,failure,0
34,0,1,0,0,0,0,0,0,0,0,0,0,1,0,0,0,1,0,0,1234,1,0,cellular,24,jul,6,-1,0,unknown,0
64,1,0,0,0,1,0,0,0,0,0,0,0,1,0,0,0,0,0,0,2352,0,0,cellular,4,may,2,182,11,success,1
37,0,0,0,0,0,0,1,0,0,0,0,0,1,0,0,0,1,0,0,-107,1,0,unknown,28,may,2,-1,0,unknown,0
30,0,0,0,1,0,0,0,0,0,0,0,0,1,0,0,0,1,0,0,378,1,0,cellular,14,may,2,-1,0,unknown,1
36,0,0,0,0,0,0,0,1,0,0,0,0,1,0,0,0,1,0,0,-260,1,0,unknown,30,may,2,-1,0,unknown,0
46,0,0,0,1,0,0,0,0,0,0,0,0,1,0,0,1,0,0,0,993,1,0,unknown,16,jun,1,-1,0,unknown,0
42,0,1,0,0,0,0,0,0,0,0,0,0,1,0,0,1,0,0,0,757,0,0,cellular,30,apr,1,79,1,success,1
38,0,0,0,0,0,0,0,0,0,1,0,0,0,1,0,1,0,0,0,0,0,0,cellular,6,feb,2,-1,0,unknown,0
74,0,0,0,0,0,1,0,0,0,0,0,0,1,0,0,0,0,1,0,5539,0,0,cellular,3,feb,2,181,1,success,0
32,1,0,0,0,0,0,0,0,0,0,0,0,0,1,0,1,0,0,0,1831,1,0,cellular,20,apr,2,-1,0,unknown,0
68,0,0,0,0,0,1,0,0,0,0,0,0,0,1,0,1,0,0,0,2144,0,0,cellular,22,oct,1,184,2,success,1
59,0,0,0,0,0,0,1,0,0,0,0,0,1,0,0,0,1,0,0,2145,0,0,telephone,17,nov,2,-1,0,unknown,0
26,0,1,0,0,0,0,0,0,0,0,0,0,0,1,0,1,0,0,0,192,1,0,unknown,15,may,1,-1,0,unknown,0
39,0,0,0,1,0,0,0,0,0,0,0,0,1,0,0,0,1,0,0,1382,1,0,cellular,11,feb,2,-1,0,unknown,1
58,0,0,0,0,0,0,0,0,0,1,0,0,1,0,0,0,1,0,0,1625,0,0,cellular,5,feb,2,-1,0,unknown,1
37,0,0,1,0,0,0,0,0,0,0,0,0,0,1,0,1,0,0,0,65,0,0,cellular,31,jul,4,-1,0,unknown,0
58,0,1,0,0,0,0,0,0,0,0,0,0,1,0,0,1,0,0,0,12322,0,0,telephone,2,jun,2,-1,0,unknown,0
35,0,0,0,0,0,0,0,1,0,0,0,0,1,0,0,0,1,0,0,-50,0,0,cellular,2,feb,1,-1,0,unknown,0
32,1,0,0,0,0,0,0,0,0,0,0,0,0,1,0,1,0,0,0,1781,0,0,cellular,8,apr,1,-1,0,unknown,1
60,0,0,0,0,0,1,0,0,0,0,0,0,0,0,1,1,0,0,0,2,0,0,cellular,2,mar,4,390,2,other,1
46,1,0,0,0,0,0,0,0,0,0,0,0,1,0,0,1,0,0,0,-71,1,1,telephone,24,jul,2,-1,0,unknown,0
38,0,0,0,0,0,0,0,0,1,0,0,0,1,0,0,0,1,0,0,215,1,0,cellular,20,nov,1,167,1,failure,0
53,0,0,0,0,0,0,0,0,0,0,1,0,0,1,0,1,0,0,0,3275,0,0,unknown,6,jun,2,-1,0,unknown,0
34,0,0,0,0,0,0,0,0,0,0,1,0,1,0,0,0,1,0,0,5,0,0,telephone,21,jul,7,-1,0,unknown,0
30,1,0,0,0,0,0,0,0,0,0,0,0,0,1,0,1,0,0,0,1243,1,0,unknown,23,may,1,-1,0,unknown,0
57,0,0,0,1,0,0,0,0,0,0,0,0,1,0,0,0,0,1,0,-238,0,0,unknown,27,jun,1,-1,0,unknown,0
38,1,0,0,0,0,0,0,0,0,0,0,0,0,1,0,1,0,0,0,1704,0,0,cellular,1,sep,1,-1,0,unknown,0
29,0,1,0,0,0,0,0,0,0,0,0,0,0,1,0,0,1,0,0,-2,1,1,cellular,18,may,5,-1,0,unknown,0
51,0,0,1,0,0,0,0,0,0,0,0,0,0,0,1,1,0,0,0,2109,0,0,cellular,13,oct,2,-1,0,unknown,1
31,1,0,0,0,0,0,0,0,0,0,0,0,0,1,0,1,0,0,0,307,0,0,cellular,8,jul,1,229,2,failure,1
31,0,0,0,0,0,0,1,0,0,0,0,0,0,1,0,0,1,0,0,410,0,0,cellular,25,oct,1,185,1,success,1
32,0,1,0,0,0,0,0,0,0,0,0,0,1,0,0,0,0,1,0,3774,1,0,cellular,20,nov,3,-1,0,unknown,0
78,0,0,0,0,0,1,0,0,0,0,0,0,1,0,0,0,1,0,0,220,0,0,cellular,4,aug,1,-1,0,unknown,0
56,1,0,0,0,0,0,0,0,0,0,0,0,0,0,1,1,0,0,0,3885,1,0,cellular,10,jul,1,-1,0,unknown,0
33,0,1,0,0,0,0,0,0,0,0,0,0,1,0,0,0,1,0,0,0,0,0,cellular,20,aug,4,-1,0,unknown,0
50,0,0,0,1,0,0,0,0,0,0,0,0,1,0,0,0,1,0,0,1985,1,0,unknown,2,jun,2,-1,0,unknown,0
42,0,1,0,0,0,0,0,0,0,0,0,0,1,0,0,0,1,0,0,0,0,0,cellular,29,aug,12,-1,0,unknown,0
84,0,0,0,0,0,1,0,0,0,0,0,0,1,0,0,0,1,0,0,81204,0,0,telephone,28,dec,1,313,2,other,1
53,0,0,0,1,0,0,0,0,0,0,0,0,1,0,0,0,0,1,0,436,1,0,unknown,29,may,1,-1,0,unknown,0
29,0,0,0,0,0,0,0,0,1,0,0,0,1,0,0,1,0,0,0,246,0,0,cellular,23,apr,14,-1,0,unknown,0
40,1,0,0,0,0,0,0,0,0,0,0,0,1,0,0,0,1,0,0,754,0,1,cellular,6,apr,1,-1,0,unknown,1
33,0,1,0,0,0,0,0,0,0,0,0,0,1,0,0,0,1,0,0,181,1,1,telephone,28,jul,2,-1,0,unknown,0
54,0,0,0,1,0,0,0,0,0,0,0,0,0,0,1,0,0,1,0,10374,1,0,cellular,20,nov,2,189,2,other,0
38,0,0,0,1,0,0,0,0,0,0,0,0,1,0,0,0,1,0,0,622,1,0,unknown,21,may,2,-1,0,unknown,1
29,1,0,0,0,0,0,0,0,0,0,0,0,0,1,0,1,0,0,0,874,1,0,cellular,16,mar,1,181,2,success,1
58,0,1,0,0,0,0,0,0,0,0,0,0,1,0,0,0,1,0,0,683,0,0,unknown,20,jun,2,-1,0,unknown,0
39,0,1,0,0,0,0,0,0,0,0,0,0,0,1,0,0,1,0,0,3867,0,0,cellular,26,aug,12,-1,0,unknown,0
42,1,0,0,0,0,0,0,0,0,0,0,0,1,0,0,1,0,0,0,3713,0,0,cellular,19,nov,2,-1,0,unknown,1
43,1,0,0,0,0,0,0,0,0,0,0,0,1,0,0,1,0,0,0,40,0,0,cellular,10,feb,1,-1,0,unknown,1
62,1,0,0,0,0,0,0,0,0,0,0,0,1,0,0,1,0,0,0,3371,0,0,cellular,25,mar,1,178,2,success,1
66,0,0,0,0,0,0,0,0,0,0,1,0,1,0,0,0,0,1,0,1230,0,0,cellular,16,jun,6,181,3,success,1
46,0,1,0,0,0,0,0,0,0,0,0,0,0,0,1,1,0,0,0,0,0,0,cellular,28,jan,2,-1,0,unknown,1
26,0,0,0,0,0,0,0,0,1,0,0,0,0,1,0,0,1,0,0,3676,0,0,cellular,7,apr,1,-1,0,unknown,1
26,0,0,0,0,0,0,1,0,0,0,0,0,1,0,0,0,1,0,0,5231,0,1,cellular,17,jul,2,-1,0,unknown,0
35,0,0,0,0,0,0,0,0,1,0,0,0,1,0,0,0,1,0,0,0,1,0,telephone,7,jul,4,-1,0,unknown,0
35,0,1,0,0,0,0,0,0,0,0,0,0,1,0,0,0,1,0,0,-180,0,1,cellular,13,aug,2,-1,0,unknown,1
31,1,0,0,0,0,0,0,0,0,0,0,0,0,1,0,1,0,0,0,58,0,0,cellular,29,aug,2,-1,0,unknown,0
42,0,0,0,1,0,0,0,0,0,0,0,0,1,0,0,0,1,0,0,-256,1,0,cellular,17,apr,1,318,2,failure,0
55,0,0,0,0,0,0,0,0,1,0,0,0,0,0,1,0,1,0,0,148,0,0,unknown,17,jun,3,-1,0,unknown,0
30,1,0,0,0,0,0,0,0,0,0,0,0,0,1,0,1,0,0,0,16935,0,0,cellular,28,oct,1,-1,0,unknown,0
39,1,0,0,0,0,0,0,0,0,0,0,0,0,1,0,1,0,0,0,3840,1,0,cellular,11,aug,2,-1,0,unknown,1
54,1,0,0,0,0,0,0,0,0,0,0,0,0,0,1,1,0,0,0,5475,0,0,cellular,22,jul,4,-1,0,unknown,1
27,0,0,0,0,0,0,1,0,0,0,0,0,0,1,0,0,1,0,0,-34,0,1,cellular,21,jul,2,-1,0,unknown,0
29,0,0,1,0,0,0,0,0,0,0,0,0,1,0,0,0,1,0,0,926,1,0,cellular,15,jul,2,-1,0,unknown,0
58,0,0,0,1,0,0,0,0,0,0,0,0,1,0,0,0,1,0,0,343,1,0,unknown,26,may,4,-1,0,unknown,0
49,0,0,0,1,0,0,0,0,0,0,0,0,1,0,0,0,1,0,0,-454,1,0,cellular,14,may,1,-1,0,unknown,1
42,0,0,0,0,0,0,0,1,0,0,0,0,0,0,1,0,1,0,0,167,0,0,unknown,16,jun,1,-1,0,unknown,0
36,1,0,0,0,0,0,0,0,0,0,0,0,1,0,0,1,0,0,0,1352,0,0,unknown,19,jun,1,-1,0,unknown,1
32,0,1,0,0,0,0,0,0,0,0,0,0,0,1,0,0,1,0,0,230,1,0,cellular,18,may,1,266,8,failure,1
28,0,1,0,0,0,0,0,0,0,0,0,0,0,1,0,1,0,0,0,387,1,0,cellular,20,apr,1,82,1,failure,1
37,0,0,0,0,0,0,1,0,0,0,0,0,0,0,1,0,1,0,0,0,1,1,cellular,5,may,1,-1,0,unknown,0
30,0,0,0,0,0,0,1,0,0,0,0,0,0,1,0,0,1,0,0,122,1,0,cellular,7,may,2,-1,0,unknown,0
43,0,0,0,0,0,0,0,1,0,0,0,0,1,0,0,0,1,0,0,0,1,0,unknown,27,may,1,-1,0,unknown,0
57,1,0,0,0,0,0,0,0,0,0,0,0,1,0,0,1,0,0,0,-92,1,1,unknown,20,jun,1,-1,0,unknown,1
48,0,0,0,0,0,0,1,0,0,0,0,0,1,0,0,0,1,0,0,0,0,0,cellular,20,aug,4,-1,0,unknown,0
44,1,0,0,0,0,0,0,0,0,0,0,0,0,1,0,1,0,0,0,1424,1,0,cellular,8,aug,2,-1,0,unknown,0
60,0,0,0,0,0,1,0,0,0,0,0,0,1,0,0,0,0,1,0,8025,0,0,cellular,28,jan,1,-1,0,unknown,0
60,0,0,0,0,0,1,0,0,0,0,0,0,1,0,0,0,1,0,0,4820,0,0,unknown,5,jun,1,-1,0,unknown,0
44,0,0,0,0,0,0,0,0,0,0,1,0,1,0,0,0,0,1,0,398,0,0,cellular,7,jul,3,-1,0,unknown,0
33,0,0,0,0,0,0,1,0,0,0,0,0,1,0,0,0,1,0,0,2374,1,0,cellular,14,apr,2,-1,0,unknown,0
26,1,0,0,0,0,0,0,0,0,0,0,0,0,1,0,1,0,0,0,828,1,0,cellular,17,aug,1,199,1,failure,1
79,0,0,0,0,0,1,0,0,0,0,0,0,1,0,0,0,0,1,0,3025,0,0,cellular,11,dec,3,126,3,other,1
36,0,0,0,1,0,0,0,0,0,0,0,0,0,1,0,0,1,0,0,219,1,1,cellular,11,may,2,347,1,failure,0
57,0,0,0,0,0,1,0,0,0,0,0,0,1,0,0,0,1,0,0,3738,1,0,cellular,20,jul,2,92,8,failure,1
40,1,0,0,0,0,0,0,0,0,0,0,0,1,0,0,1,0,0,0,0,0,0,cellular,10,nov,1,96,8,success,1
28,0,0,0,0,0,0,1,0,0,0,0,0,1,0,0,0,1,0,0,1595,0,0,cellular,9,sep,1,254,4,success,1
78,0,0,0,0,0,1,0,0,0,0,0,0,1,0,0,0,0,1,0,240,0,0,cellular,20,apr,1,-1,0,unknown,1
31,0,0,0,0,0,0,1,0,0,0,0,0,0,1,0,0,1,0,0,131,1,0,cellular,15,jun,1,-1,0,unknown,1
34,1,0,0,0,0,0,0,0,0,0,0,0,1,0,0,1,0,0,0,606,0,0,cellular,20,apr,1,-1,0,unknown,1
33,0,1,0,0,0,0,0,0,0,0,0,0,1,0,0,0,1,0,0,0,0,0,cellular,13,aug,2,-1,0,unknown,0
32,0,0,0,0,0,0,0,1,0,0,0,0,1,0,0,0,1,0,0,-34,1,0,unknown,30,may,2,-1,0,unknown,1
40,1,0,0,0,0,0,0,0,0,0,0,0,0,1,0,1,0,0,0,3840,1,0,cellular,24,sep,2,409,2,success,1
26,0,0,0,1,0,0,0,0,0,0,0,0,0,1,0,0,1,0,0,3145,0,0,cellular,28,dec,1,209,1,other,1
33,0,0,1,0,0,0,0,0,0,0,0,0,0,1,0,1,0,0,0,300,1,1,cellular,30,jan,5,-1,0,unknown,1
38,0,0,0,0,0,0,0,1,0,0,0,0,1,0,0,0,1,0,0,611,1,1,unknown,18,jun,3,-1,0,unknown,0
41,0,0,0,1,0,0,0,0,0,0,0,0,0,1,0,0,1,0,1,1085,1,1,cellular,7,jul,1,-1,0,unknown,1
43,1,0,0,0,0,0,0,0,0,0,0,0,1,0,0,1,0,0,0,79,0,0,cellular,26,may,1,-1,0,unknown,1
58,0,0,0,0,0,1,0,0,0,0,0,0,1,0,0,0,1,0,0,32948,0,0,unknown,29,may,2,-1,0,unknown,0
31,0,0,0,0,0,0,0,0,0,1,0,0,1,0,0,0,1,0,0,6,0,0,cellular,4,jun,4,-1,0,unknown,1
33,1,0,0,0,0,0,0,0,0,0,0,0,0,1,0,1,0,0,0,1345,1,0,cellular,29,jan,1,262,3,failure,0
59,0,0,0,0,0,1,0,0,0,0,0,0,1,0,0,0,0,1,0,-119,1,0,unknown,6,may,1,-1,0,unknown,0
41,0,1,0,0,0,0,0,0,0,0,0,0,0,1,0,0,1,0,0,650,1,0,cellular,20,nov,3,-1,0,unknown,1
49,0,0,0,0,0,0,1,0,0,0,0,0,0,1,0,1,0,0,0,228,1,0,cellular,3,sep,2,93,2,success,1
26,0,0,0,1,0,0,0,0,0,0,0,0,0,1,0,0,1,0,0,-93,1,0,cellular,18,may,2,-1,0,unknown,0
31,0,0,1,0,0,0,0,0,0,0,0,0,0,1,0,1,0,0,1,-405,1,1,cellular,13,aug,2,-1,0,unknown,1
50,0,0,0,0,1,0,0,0,0,0,0,0,1,0,0,0,0,1,0,341,1,1,cellular,20,apr,4,340,2,success,1
36,0,0,0,0,0,0,1,0,0,0,0,0,1,0,0,0,1,0,0,1588,1,0,cellular,7,apr,1,-1,0,unknown,0
31,1,0,0,0,0,0,0,0,0,0,0,0,1,0,0,1,0,0,0,792,0,0,cellular,20,aug,14,-1,0,unknown,1
36,0,0,0,0,0,0,0,0,1,0,0,0,1,0,0,0,1,0,0,189,1,0,cellular,19,nov,1,120,1,failure,0
39,0,0,1,0,0,0,0,0,0,0,0,0,1,0,0,0,0,1,0,437,1,0,unknown,27,oct,1,-1,0,unknown,1
51,0,0,0,1,0,0,0,0,0,0,0,0,1,0,0,0,0,1,0,5206,1,0,cellular,20,nov,3,-1,0,unknown,0
39,0,1,0,0,0,0,0,0,0,0,0,0,1,0,0,0,1,0,0,130,0,0,cellular,8,jul,2,-1,0,unknown,0
66,0,0,0,0,0,0,0,0,0,0,1,0,1,0,0,0,1,0,0,1929,0,0,cellular,2,feb,1,-1,0,unknown,0
30,0,0,0,1,0,0,0,0,0,0,0,0,0,1,0,0,1,0,0,931,1,0,unknown,30,may,7,-1,0,unknown,0
24,0,1,0,0,0,0,0,0,0,0,0,0,1,0,0,0,1,0,0,556,1,0,cellular,6,nov,2,80,2,success,1
38,0,1,0,0,0,0,0,0,0,0,0,0,0,1,0,0,1,0,0,3278,0,0,cellular,19,aug,14,-1,0,unknown,1
30,0,0,0,1,0,0,0,0,0,0,0,0,1,0,0,0,0,1,0,392,1,0,unknown,19,may,1,-1,0,unknown,0
34,0,1,0,0,0,0,0,0,0,0,0,0,1,0,0,0,1,0,0,800,1,0,cellular,14,jul,3,-1,0,unknown,0
33,1,0,0,0,0,0,0,0,0,0,0,0,0,1,0,1,0,0,0,23,0,0,cellular,20,aug,3,-1,0,unknown,0
48,0,0,0,0,0,0,1,0,0,0,0,0,0,0,1,0,1,0,0,4,1,0,cellular,20,apr,5,318,10,other,0
32,1,0,0,0,0,0,0,0,0,0,0,0,1,0,0,1,0,0,0,2667,1,0,cellular,4,sep,2,186,2,failure,0
30,0,0,0,0,0,0,1,0,0,0,0,0,0,1,0,0,1,0,0,2568,0,0,cellular,4,sep,1,100,4,other,1
34,0,1,0,0,0,0,0,0,0,0,0,0,1,0,0,1,0,0,0,197,0,0,cellular,20,aug,3,-1,0,unknown,1
24,0,0,0,1,0,0,0,0,0,0,0,0,0,1,0,0,1,0,0,117,1,1,unknown,12,may,1,-1,0,unknown,0
40,1,0,0,0,0,0,0,0,0,0,0,0,0,0,1,1,0,0,0,492,0,1,cellular,7,jul,2,-1,0,unknown,0
39,1,0,0,0,0,0,0,0,0,0,0,0,1,0,0,1,0,0,0,1423,1,0,telephone,21,jul,3,-1,0,unknown,1
52,1,0,0,0,0,0,0,0,0,0,0,0,1,0,0,1,0,0,0,2635,0,0,cellular,6,sep,1,108,8,success,0
53,0,0,0,1,0,0,0,0,0,0,0,0,1,0,0,0,0,1,0,421,1,0,cellular,20,nov,1,-1,0,unknown,1
42,0,0,0,1,1,0,0,0,0,0,0,0,1,0,0,0,0,0,0,345,1,1,cellular,28,jul,3,-1,0,unknown,0
33,1,0,0,0,0,0,0,0,0,0,0,0,1,0,0,1,0,0,0,1047,0,0,cellular,8,aug,4,-1,0,unknown,1
43,0,1,0,0,1,0,0,0,0,0,0,0,0,0,1,0,0,0,0,4389,0,0,telephone,2,jul,2,85,1,success,1
51,0,0,0,1,0,0,0,0,0,0,0,0,1,0,0,0,1,0,0,955,0,1,cellular,17,dec,3,-1,0,unknown,1
41,0,0,1,0,0,0,0,0,0,0,0,0,1,0,0,0,1,0,0,707,0,0,unknown,18,jun,1,-1,0,unknown,1
57,0,0,1,0,0,0,0,0,0,0,0,0,1,0,0,0,1,0,0,926,0,0,unknown,17,jun,3,-1,0,unknown,0
34,0,0,0,1,0,0,0,0,0,0,0,0,1,0,0,0,0,1,0,157,1,0,unknown,23,may,17,-1,0,unknown,0
53,0,0,0,0,0,1,0,0,0,0,0,0,1,0,0,1,0,0,0,2269,0,0,cellular,17,nov,2,150,1,success,1
30,0,0,0,0,0,0,0,0,0,0,0,1,0,1,0,1,0,0,0,7529,0,0,cellular,20,apr,6,183,1,success,1
47,0,0,0,1,0,0,0,0,0,0,0,0,1,0,0,0,1,0,0,1230,1,0,telephone,12,nov,1,-1,0,unknown,1
54,0,0,0,1,0,0,0,0,0,0,0,0,1,0,0,0,1,0,0,153,0,0,unknown,20,jun,12,-1,0,unknown,0
35,0,1,0,0,0,0,0,0,0,0,0,0,0,1,0,1,0,0,0,1880,0,0,cellular,20,may,1,-1,0,unknown,1
41,1,0,0,0,0,0,0,0,0,0,0,0,0,1,0,1,0,0,0,7595,0,0,cellular,17,nov,2,-1,0,unknown,0
37,1,0,0,0,0,0,0,0,0,0,0,0,0,0,1,1,0,0,0,1775,0,0,cellular,15,jul,5,-1,0,unknown,1
53,0,0,0,1,0,0,0,0,0,0,0,0,1,0,0,0,1,0,0,-135,1,0,unknown,9,may,2,-1,0,unknown,0
35,0,0,0,0,0,0,0,0,0,0,1,0,1,0,0,0,0,1,0,0,0,1,telephone,9,jul,1,-1,0,unknown,0
30,0,0,0,0,0,0,1,0,0,0,0,0,0,0,1,0,0,1,0,1032,1,0,unknown,29,may,5,-1,0,unknown,0
60,0,1,0,0,1,0,0,0,0,0,0,0,1,0,0,0,0,0,0,132,1,0,unknown,20,may,11,-1,0,unknown,0
33,0,1,0,0,0,0,0,0,0,0,0,0,0,1,0,0,1,0,0,2979,0,0,cellular,5,aug,2,437,1,failure,1
33,0,0,1,0,0,0,0,0,0,0,0,0,1,0,0,0,1,0,0,3140,1,1,cellular,21,nov,5,-1,0,unknown,0
36,0,1,0,0,0,0,0,0,0,0,0,0,1,0,0,0,1,0,0,278,0,0,cellular,28,aug,16,-1,0,unknown,0
37,0,0,0,0,0,0,1,0,0,0,0,0,1,0,0,1,0,0,0,3913,1,0,cellular,27,apr,1,-1,0,unknown,1
27,0,0,1,0,0,0,0,0,0,0,0,0,0,1,0,1,0,0,0,512,1,1,unknown,3,jun,1,-1,0,unknown,0
32,1,0,0,0,0,0,0,0,0,0,0,0,1,0,0,1,0,0,0,302,1,1,unknown,23,feb,1,384,2,failure,1
36,0,1,0,0,0,0,0,0,0,0,0,0,1,0,0,0,1,0,0,2394,0,0,cellular,14,aug,2,-1,0,unknown,0
35,0,0,1,0,0,0,0,0,0,0,0,0,1,0,0,0,1,0,1,204,1,0,unknown,6,may,2,-1,0,unknown,0
31,1,0,0,0,0,0,0,0,0,0,0,0,0,1,0,1,0,0,0,354,0,0,cellular,30,apr,1,9,2,success,1
28,0,0,0,0,0,0,0,0,0,0,0,1,0,1,0,0,1,0,0,2351,0,0,telephone,22,oct,1,-1,0,unknown,1
44,0,0,0,0,0,0,1,0,0,0,0,0,1,0,0,0,1,0,0,6,0,1,cellular,21,jul,2,-1,0,unknown,0
29,0,0,0,0,0,0,0,0,1,0,0,0,1,0,0,0,1,0,0,123,0,1,cellular,21,apr,2,181,1,success,1
79,0,0,0,0,0,1,0,0,0,0,0,0,0,0,1,0,1,0,0,631,0,0,telephone,9,aug,5,182,3,failure,0
47,1,0,0,0,1,0,0,0,0,0,0,0,0,0,1,0,0,0,0,184,1,0,cellular,10,jul,1,-1,0,unknown,0
42,0,0,0,0,0,0,0,1,0,0,0,0,1,0,0,0,1,0,0,3465,1,1,cellular,16,jul,2,-1,0,unknown,1
47,1,0,0,0,0,0,0,0,0,0,0,0,1,0,0,1,0,0,0,4495,0,0,cellular,7,aug,8,-1,0,unknown,0
67,0,0,0,0,0,0,0,0,0,0,1,0,0,0,1,0,1,0,0,5275,0,0,cellular,13,aug,4,-1,0,unknown,1
30,0,1,0,0,0,0,0,0,0,0,0,0,0,1,0,0,1,0,0,816,1,0,unknown,14,nov,1,-1,0,unknown,1
32,1,0,0,0,0,0,0,0,0,0,0,0,0,1,0,1,0,0,0,863,1,0,unknown,20,may,1,-1,0,unknown,0
36,0,0,0,0,0,0,0,1,0,0,0,0,1,0,0,0,1,0,0,2984,1,0,unknown,2,jun,1,-1,0,unknown,1
44,0,1,0,0,0,0,0,0,0,0,0,0,0,0,1,0,1,0,0,982,1,0,unknown,20,may,3,-1,0,unknown,1
69,0,1,0,0,0,0,0,0,0,0,0,0,1,0,0,0,1,0,0,9064,0,0,cellular,7,aug,1,-1,0,unknown,1
30,0,1,0,0,0,0,0,0,0,0,0,0,0,1,0,0,1,0,0,2371,0,0,cellular,14,jun,1,384,2,other,1
27,1,0,0,0,0,0,0,0,0,0,0,0,0,1,0,1,0,0,0,20585,0,0,cellular,23,sep,1,100,1,success,1
33,0,1,0,0,0,0,0,0,0,0,0,0,0,1,0,1,0,0,0,3689,0,0,cellular,27,aug,3,-1,0,unknown,1
35,1,0,0,0,0,0,0,0,0,0,0,0,0,1,0,1,0,0,0,7918,0,0,cellular,7,sep,1,-1,0,unknown,1
25,0,0,0,1,0,0,0,0,0,0,0,0,1,0,0,0,1,0,0,2307,1,0,cellular,31,jul,5,-1,0,unknown,0
66,0,0,0,0,0,1,0,0,0,0,0,0,1,0,0,0,0,1,0,3629,0,0,cellular,2,feb,1,172,2,other,1
30,0,0,0,1,0,0,0,0,0,0,0,0,0,1,0,0,1,0,0,161,0,1,telephone,8,sep,3,-1,0,unknown,1
53,0,0,0,1,0,0,0,0,0,0,0,0,1,0,0,0,0,1,0,225,0,0,cellular,18,jul,7,-1,0,unknown,0
28,0,0,0,0,0,0,1,0,0,0,0,0,0,1,0,0,1,0,0,1391,1,0,cellular,29,jan,2,247,1,failure,0
30,1,0,0,0,0,0,0,0,0,0,0,0,0,1,0,1,0,0,0,2,1,1,cellular,25,jul,8,-1,0,unknown,1
59,0,0,0,0,0,1,0,0,0,0,0,0,1,0,0,0,1,0,0,6888,0,0,telephone,20,nov,2,-1,0,unknown,1
32,0,0,0,1,0,0,0,0,0,0,0,0,1,0,0,0,1,0,0,2089,1,0,cellular,14,nov,1,-1,0,unknown,1
39,0,0,0,0,0,0,0,0,0,0,1,0,0,0,1,0,1,0,1,127,0,0,unknown,20,jun,2,-1,0,unknown,0
40,0,1,0,0,0,0,0,0,0,0,0,0,1,0,0,1,0,0,0,11766,1,0,cellular,13,apr,2,242,9,failure,1
57,1,0,0,0,0,0,0,0,0,0,0,0,1,0,0,1,0,0,0,8141,0,0,cellular,2,feb,1,-1,0,unknown,0
77,0,0,0,0,0,1,0,0,0,0,0,0,1,0,0,0,1,0,0,9601,0,0,telephone,27,mar,1,-1,0,unknown,1
45,0,0,0,1,0,0,0,0,0,0,0,0,1,0,0,0,1,0,0,607,1,0,unknown,26,may,7,-1,0,unknown,0
24,0,0,0,0,0,0,0,1,0,0,0,0,0,1,0,0,1,0,0,414,1,0,cellular,18,may,1,370,1,other,1
40,0,1,0,0,0,0,0,0,0,0,0,0,1,0,0,0,1,0,0,2266,0,0,cellular,16,oct,1,147,5,failure,1
28,0,0,0,1,0,0,0,0,0,0,0,0,1,0,0,0,1,0,0,-470,1,0,cellular,7,may,2,-1,0,unknown,0
64,0,0,0,0,0,1,0,0,0,0,0,0,1,0,0,0,1,0,0,243,0,0,cellular,22,feb,1,175,1,failure,0
72,0,0,0,0,0,1,0,0,0,0,0,0,1,0,0,0,0,1,0,1388,0,0,telephone,20,oct,1,-1,0,unknown,1
32,0,0,0,0,0,0,1,0,0,0,0,0,1,0,0,0,1,0,0,8749,1,1,unknown,21,oct,1,-1,0,unknown,1
31,0,0,0,0,0,0,0,1,0,0,0,0,1,0,0,0,1,0,0,283,1,0,cellular,19,nov,2,-1,0,unknown,0
40,0,0,0,0,0,0,0,0,0,0,1,0,0,1,0,1,0,0,0,7441,0,0,cellular,31,jul,6,-1,0,unknown,1
33,0,0,0,1,0,0,0,0,0,0,0,0,1,0,0,0,1,0,0,661,1,0,cellular,18,jul,1,-1,0,unknown,1
27,0,1,0,0,0,0,0,0,0,0,0,0,0,1,0,0,1,0,0,8,1,0,unknown,20,may,3,-1,0,unknown,0
59,1,0,0,0,0,0,0,0,0,0,0,0,1,0,0,1,0,0,0,2239,0,0,cellular,22,may,1,-1,0,unknown,1
62,0,0,1,0,0,0,0,0,0,0,0,0,1,0,0,0,1,0,0,3904,0,0,telephone,29,jan,2,-1,0,unknown,1
45,1,0,0,0,0,0,0,0,0,0,0,0,1,0,0,1,0,0,0,1309,0,0,cellular,2,jul,1,-1,0,unknown,1
42,1,0,0,0,0,0,0,0,0,0,0,0,1,0,0,0,0,1,0,5310,1,0,cellular,22,may,2,186,1,success,1
50,0,1,0,0,0,0,0,0,0,0,0,0,0,0,1,0,1,0,0,-54,1,1,cellular,13,may,2,292,1,failure,1
46,0,0,0,0,0,0,1,0,0,0,0,0,0,0,1,0,0,1,0,1807,1,0,cellular,11,may,3,339,2,failure,0
52,1,0,0,0,0,0,0,0,0,0,0,0,1,0,0,1,0,0,0,-11,1,0,cellular,11,may,4,-1,0,unknown,0
30,0,0,0,0,0,0,0,1,0,0,0,0,0,1,0,0,0,1,0,6,1,1,cellular,9,jul,1,-1,0,unknown,0
48,0,0,0,0,1,0,0,0,0,0,0,0,1,0,0,0,0,0,0,2261,0,0,unknown,18,jun,3,-1,0,unknown,0
56,0,1,0,0,0,0,0,0,0,0,0,0,1,0,0,0,1,0,0,0,1,1,cellular,29,apr,1,223,3,other,0
60,0,0,0,0,0,1,0,0,0,0,0,0,1,0,0,0,0,1,0,600,0,0,cellular,19,aug,6,-1,0,unknown,0
32,0,1,0,0,0,0,0,0,0,0,0,0,0,1,0,1,0,0,0,5514,0,0,cellular,22,apr,1,182,1,success,1
55,0,0,0,0,0,0,1,0,0,0,0,0,1,0,0,0,1,0,0,1662,0,0,cellular,4,jun,2,-1,0,unknown,1
35,1,0,0,0,0,0,0,0,0,0,0,0,1,0,0,1,0,0,0,193,1,0,cellular,30,apr,1,13,1,failure,1
30,0,0,0,0,0,0,0,0,1,0,0,0,1,0,0,1,0,0,0,543,1,1,unknown,4,jun,6,-1,0,unknown,1
64,0,0,0,0,0,1,0,0,0,0,0,0,1,0,0,0,0,1,0,12067,0,0,telephone,30,jul,2,92,2,success,1
50,0,0,0,0,0,0,0,0,0,1,0,0,1,0,0,0,1,0,0,3357,0,0,cellular,9,jun,4,-1,0,unknown,1
35,0,0,0,0,0,0,1,0,0,0,0,0,1,0,0,0,1,0,0,-257,0,0,cellular,28,jan,3,-1,0,unknown,0
30,0,0,0,1,0,0,0,0,0,0,0,0,0,1,0,0,1,0,0,183,1,0,cellular,18,jul,1,-1,0,unknown,1
26,0,0,0,0,0,0,0,1,0,0,0,0,0,1,0,1,0,0,0,12,0,0,cellular,14,jun,1,181,10,failure,1
59,0,0,0,0,0,1,0,0,0,0,0,0,1,0,0,0,1,0,0,3353,0,0,unknown,12,jun,1,-1,0,unknown,0
46,1,0,0,0,0,0,0,0,0,0,0,0,1,0,0,1,0,0,0,0,0,0,cellular,3,mar,13,-1,0,unknown,1
29,0,0,0,0,0,0,0,0,0,1,0,0,0,1,0,1,0,0,0,1311,0,0,cellular,28,aug,1,-1,0,unknown,1
28,0,0,0,0,0,0,0,0,0,1,0,0,1,0,0,1,0,0,0,264,1,0,unknown,21,may,2,-1,0,unknown,0
42,0,1,0,0,1,0,0,0,0,0,0,0,1,0,0,0,0,0,0,1559,0,0,cellular,30,apr,1,-1,0,unknown,1
44,0,0,0,1,0,0,0,0,0,0,0,0,1,0,0,0,1,0,0,294,1,0,cellular,2,feb,1,259,2,failure,0
47,1,0,0,0,0,0,0,0,0,0,0,0,1,0,0,1,0,0,0,33,1,1,unknown,20,jun,25,-1,0,unknown,0
76,0,0,0,0,0,0,0,0,0,0,1,0,0,0,1,0,0,1,0,1411,0,0,telephone,15,apr,3,-1,0,unknown,1
26,0,0,0,0,0,0,1,0,0,0,0,0,0,1,0,1,0,0,0,313,0,1,cellular,26,feb,2,-1,0,unknown,1
36,1,0,0,0,0,0,0,0,0,0,0,0,1,0,0,1,0,0,0,203,0,0,cellular,29,oct,1,-1,0,unknown,1
29,0,0,0,0,0,0,0,0,0,1,0,0,0,1,0,0,0,1,0,1374,0,0,cellular,17,nov,3,208,4,success,1
27,1,0,0,0,0,0,0,0,0,0,0,0,0,1,0,1,0,0,0,390,0,0,cellular,9,feb,2,104,2,failure,1
41,0,1,0,0,0,0,0,0,0,0,0,0,0,1,0,0,1,0,0,5329,0,0,cellular,14,jul,2,-1,0,unknown,1
33,0,1,0,0,0,0,0,0,0,0,0,0,1,0,0,0,1,0,0,153,1,0,unknown,16,may,2,-1,0,unknown,0
42,1,0,0,0,0,0,0,0,0,0,0,0,1,0,0,0,1,0,0,372,1,0,telephone,31,jul,8,-1,0,unknown,0
49,0,0,0,1,0,0,0,0,0,0,0,0,1,0,0,0,0,1,0,4140,0,0,cellular,7,jul,4,-1,0,unknown,0
55,0,0,0,0,0,0,0,0,0,1,0,0,0,0,1,0,1,0,0,309,0,0,cellular,20,apr,1,181,3,success,1
46,0,0,0,1,0,0,0,0,0,0,0,0,1,0,0,0,1,0,0,1583,1,0,telephone,12,may,5,278,7,failure,0
34,0,0,1,0,0,0,0,0,0,0,0,0,0,1,0,1,0,0,1,1709,0,1,cellular,18,nov,1,-1,0,unknown,0
38,0,1,0,0,0,0,0,0,0,0,0,0,1,0,0,1,0,0,0,128,0,0,cellular,13,aug,5,-1,0,unknown,0
60,0,0,0,0,0,1,0,0,0,0,0,0,1,0,0,0,1,0,0,938,0,0,cellular,13,jan,3,-1,0,unknown,1
29,0,0,0,0,0,0,1,0,0,0,0,0,0,1,0,0,1,0,0,265,1,0,cellular,25,may,1,-1,0,unknown,0
47,1,0,0,0,0,0,0,0,0,0,0,0,1,0,0,1,0,0,0,0,0,0,cellular,19,aug,2,-1,0,unknown,0
25,0,0,0,1,0,0,0,0,0,0,0,0,1,0,0,0,1,0,0,267,0,0,cellular,7,jul,2,-1,0,unknown,0
26,0,0,0,0,0,0,0,0,0,0,0,1,0,1,0,0,1,0,0,0,0,0,cellular,2,feb,2,-1,0,unknown,1
46,1,0,0,0,0,0,0,0,0,0,0,0,1,0,0,1,0,0,0,5108,0,0,cellular,11,aug,4,-1,0,unknown,0
41,0,0,0,1,0,0,0,0,0,0,0,0,1,0,0,0,1,0,0,203,0,0,cellular,2,jul,2,-1,0,unknown,1
29,0,1,0,0,0,0,0,0,0,0,0,0,0,1,0,0,1,0,0,674,0,0,cellular,17,apr,5,-1,0,unknown,1
32,0,0,0,1,0,0,0,0,0,0,0,0,1,0,0,0,0,1,0,697,1,0,unknown,23,may,1,-1,0,unknown,0
41,0,0,0,0,0,0,0,1,0,0,0,0,0,0,1,0,1,0,1,-198,0,1,unknown,14,may,1,-1,0,unknown,0
58,0,0,0,0,0,1,0,0,0,0,0,0,1,0,0,0,1,0,0,983,0,0,cellular,5,aug,1,-1,0,unknown,0
34,0,1,0,0,0,0,0,0,0,0,0,0,1,0,0,0,1,0,0,133,0,0,cellular,15,nov,2,187,5,success,1
44,0,0,0,0,1,0,0,0,1,0,0,0,1,0,0,0,0,0,0,163,1,0,cellular,4,may,3,-1,0,unknown,1
43,0,0,0,0,0,1,0,0,0,0,0,0,1,0,0,0,0,1,0,7298,0,0,unknown,11,jun,2,-1,0,unknown,0
34,0,0,0,0,0,0,1,0,0,0,0,0,0,0,1,0,1,0,0,-75,0,0,cellular,3,feb,1,-1,0,unknown,0
66,0,0,0,0,0,0,0,0,0,0,1,0,1,0,0,0,0,1,0,922,0,0,telephone,2,nov,4,101,4,other,0
31,1,0,0,0,0,0,0,0,0,0,0,0,0,0,1,1,0,0,0,254,0,0,cellular,18,aug,8,-1,0,unknown,1
40,0,0,0,1,0,0,0,0,0,0,0,0,1,0,0,0,1,0,0,1012,1,0,cellular,6,may,1,-1,0,unknown,0
62,1,0,0,0,0,0,0,0,0,0,0,0,1,0,0,0,1,0,0,1128,0,0,cellular,2,sep,1,290,3,other,1
29,0,0,0,1,0,0,0,0,0,0,0,0,1,0,0,0,1,0,0,297,1,0,cellular,17,apr,2,-1,0,unknown,0
49,0,0,0,0,0,0,1,0,0,0,0,0,0,0,1,0,1,0,0,1180,0,0,cellular,27,jul,2,181,4,success,0
23,0,0,0,1,0,0,0,0,0,0,0,0,0,1,0,0,0,1,0,8627,1,0,unknown,3,jun,1,-1,0,unknown,0
28,0,0,0,0,0,0,0,0,0,0,0,1,0,1,0,1,0,0,0,5741,0,0,cellular,10,sep,5,200,3,failure,1
28,0,0,0,0,0,0,0,1,0,0,0,0,1,0,0,0,1,0,0,20,1,1,unknown,8,may,2,-1,0,unknown,0
56,1,0,0,0,0,0,0,0,0,0,0,0,0,0,1,1,0,0,0,0,0,0,unknown,6,jun,4,-1,0,unknown,0
48,1,0,0,0,0,0,0,0,0,0,0,0,1,0,0,0,0,1,0,1744,0,0,unknown,9,jun,1,-1,0,unknown,0
42,0,0,0,0,1,0,0,0,0,0,1,0,1,0,0,0,0,0,0,302,1,0,cellular,11,jul,2,-1,0,unknown,0
55,0,1,0,0,0,0,0,0,0,0,0,0,0,0,1,1,0,0,0,0,0,0,cellular,17,nov,2,91,1,success,1
29,1,0,0,0,0,0,0,0,0,0,0,0,0,1,0,1,0,0,0,437,0,0,cellular,5,aug,1,92,1,success,1
26,0,0,0,0,0,0,1,0,0,0,0,0,0,1,0,1,0,0,0,760,1,0,cellular,4,mar,2,281,5,success,1
32,0,0,0,0,0,0,0,0,1,0,0,0,0,1,0,1,0,0,0,2559,0,0,cellular,7,jul,1,-1,0,unknown,1
64,0,0,0,0,0,1,0,0,0,0,0,0,1,0,0,1,0,0,0,1644,0,0,telephone,5,mar,4,179,4,success,1
37,0,0,0,0,0,0,1,0,0,0,0,0,1,0,0,1,0,0,0,3221,0,0,cellular,15,jun,2,376,13,other,1
25,0,1,0,0,0,0,0,0,0,0,0,0,0,1,0,0,1,0,0,1231,1,0,cellular,27,feb,5,-1,0,unknown,1
32,1,0,0,0,0,0,0,0,0,0,0,0,0,1,0,1,0,0,0,2915,0,0,cellular,8,sep,1,131,2,failure,1
51,0,0,0,1,0,0,0,0,0,0,0,0,0,0,1,0,0,1,0,5,0,0,cellular,29,jul,2,-1,0,unknown,1
40,0,0,0,0,0,0,0,0,0,1,0,0,1,0,0,0,0,1,0,-78,0,0,cellular,3,feb,4,-1,0,unknown,0
37,0,1,0,0,0,0,0,0,0,0,0,0,0,1,0,0,1,0,0,228,1,0,cellular,20,aug,2,-1,0,unknown,0
32,0,1,0,0,0,0,0,0,0,0,0,0,0,1,0,0,1,0,0,1995,1,0,cellular,20,apr,1,-1,0,unknown,1
43,0,0,0,0,0,0,0,1,0,0,0,0,1,0,0,0,1,0,0,1625,1,0,cellular,20,apr,1,-1,0,unknown,0
36,1,0,0,0,0,0,0,0,0,0,0,0,0,1,0,1,0,0,0,72,1,1,cellular,21,nov,7,-1,0,unknown,0
44,1,0,0,0,0,0,0,0,0,0,0,0,1,0,0,1,0,0,0,226,1,0,cellular,14,aug,3,270,3,failure,1
32,0,0,0,0,0,0,0,1,0,0,0,0,1,0,0,0,1,0,0,442,1,0,unknown,8,may,1,-1,0,unknown,0
50,0,0,0,1,0,0,0,0,0,0,0,0,1,0,0,0,1,0,0,1553,1,0,cellular,31,jul,2,-1,0,unknown,0
53,0,0,0,0,0,0,0,1,0,0,0,0,0,0,1,0,1,0,0,36,1,1,unknown,2,jul,1,417,1,success,1
36,0,0,0,0,0,0,1,0,0,0,0,0,0,0,1,0,1,0,0,1224,1,0,cellular,12,nov,1,374,1,success,1
27,0,0,1,0,0,0,0,0,0,0,0,0,1,0,0,1,0,0,0,139,0,0,cellular,15,jul,5,-1,0,unknown,1
36,0,0,0,1,0,0,0,0,0,0,0,0,1,0,0,0,0,1,0,403,1,0,unknown,4,jun,1,-1,0,unknown,1
38,1,0,0,0,0,0,0,0,0,0,0,0,0,1,0,1,0,0,0,2117,0,0,cellular,14,aug,2,-1,0,unknown,0
53,0,0,0,0,0,0,0,1,0,0,0,0,1,0,0,0,1,0,0,341,0,0,cellular,30,apr,2,-1,0,unknown,1
29,0,0,0,1,1,0,0,0,0,0,0,0,0,1,0,0,0,0,0,913,1,0,telephone,14,may,1,352,2,failure,0
41,0,0,0,0,1,0,0,1,0,0,0,0,1,0,0,0,0,0,1,-1,0,1,cellular,30,jul,4,-1,0,unknown,1
23,0,0,0,1,0,0,0,0,0,0,0,0,0,1,0,0,1,0,0,492,1,0,unknown,4,jun,1,-1,0,unknown,1
71,0,0,0,0,0,1,0,0,0,0,0,0,0,0,1,0,1,0,0,5584,0,0,cellular,21,aug,3,-1,0,unknown,1
19,0,0,0,0,0,0,0,0,0,0,0,1,0,1,0,0,0,1,0,134,0,0,cellular,27,mar,2,-1,0,unknown,1
30,1,0,0,0,0,0,0,0,0,0,0,0,0,1,0,1,0,0,0,320,0,0,cellular,26,may,1,-1,0,unknown,0
28,0,0,0,1,0,0,0,0,0,0,0,0,1,0,0,0,1,0,0,255,1,0,cellular,29,jan,2,-1,0,unknown,0
30,0,0,0,0,0,0,1,0,0,0,0,0,1,0,0,0,1,0,0,873,1,0,unknown,29,may,3,-1,0,unknown,1
30,1,0,0,0,0,0,0,0,0,0,0,0,0,1,0,1,0,0,0,5389,0,0,cellular,6,aug,3,-1,0,unknown,1
33,0,1,0,0,0,0,0,0,0,0,0,0,1,0,0,1,0,0,0,16992,1,0,unknown,29,may,1,-1,0,unknown,0
47,0,0,0,1,1,0,0,0,0,0,0,0,1,0,0,0,0,0,0,3460,1,0,unknown,5,jun,2,-1,0,unknown,0
30,0,0,0,1,0,0,0,0,0,0,0,0,1,0,0,0,1,0,0,90,1,0,cellular,12,may,1,-1,0,unknown,0
41,0,1,0,0,0,0,0,0,0,0,0,0,1,0,0,0,1,0,0,1819,0,0,cellular,22,sep,1,371,3,failure,1
30,0,0,0,0,0,0,1,0,0,0,0,0,1,0,0,0,1,0,0,15,1,0,unknown,9,may,1,-1,0,unknown,0
29,0,1,0,0,0,0,0,0,0,0,0,0,0,1,0,0,1,0,0,769,1,1,cellular,14,may,3,-1,0,unknown,0
40,0,0,0,1,0,0,0,0,0,0,0,0,1,0,0,0,1,0,0,5060,0,0,cellular,10,feb,2,93,1,success,1
31,0,0,0,0,0,0,0,1,0,0,0,0,1,0,0,0,0,1,0,-212,0,1,cellular,20,nov,4,-1,0,unknown,0
53,0,1,0,0,0,0,0,0,0,0,0,0,0,1,0,1,0,0,0,185,1,0,cellular,8,may,2,-1,0,unknown,1
38,0,0,0,1,0,0,0,0,0,0,0,0,0,0,1,0,0,1,0,0,1,0,cellular,13,may,2,-1,0,unknown,1
50,0,0,0,0,0,0,0,0,0,1,0,0,1,0,0,0,0,1,0,705,0,0,unknown,5,jun,1,-1,0,unknown,1
38,0,0,0,0,0,0,0,1,0,0,0,0,0,1,0,0,0,1,0,471,1,0,unknown,21,may,1,-1,0,unknown,0
35,0,0,0,1,0,0,0,0,0,0,0,0,1,0,0,0,0,1,0,690,1,0,unknown,26,may,3,-1,0,unknown,0
34,1,0,0,0,0,0,0,0,0,0,0,0,1,0,0,1,0,0,0,186,1,0,cellular,14,may,3,-1,0,unknown,0
28,0,0,0,1,0,0,0,0,0,0,0,0,0,1,0,0,1,0,0,1705,0,0,cellular,17,dec,2,-1,0,unknown,1
64,1,0,0,0,0,0,0,0,0,0,0,0,1,0,0,1,0,0,0,4688,0,0,cellular,21,oct,1,-1,0,unknown,1
36,0,0,0,0,0,0,1,0,0,0,0,0,0,0,1,1,0,0,0,4708,0,0,cellular,15,jun,1,-1,0,unknown,0
49,1,0,0,0,0,0,0,0,0,0,0,0,1,0,0,1,0,0,0,64,0,0,unknown,11,jun,1,-1,0,unknown,1
39,0,0,0,0,0,0,0,0,0,0,0,1,0,1,0,1,0,0,0,2103,0,0,cellular,2,feb,1,-1,0,unknown,1
31,1,0,0,0,0,0,0,0,0,0,0,0,1,0,0,1,0,0,0,477,1,0,cellular,21,nov,5,-1,0,unknown,0
24,0,0,0,0,0,0,0,0,0,0,0,1,0,1,0,0,1,0,0,139,0,0,cellular,9,sep,4,-1,0,unknown,1
31,0,0,0,1,0,0,0,0,0,0,0,0,0,1,0,0,1,0,0,-78,1,1,unknown,23,may,2,-1,0,unknown,0
26,0,0,0,0,0,0,0,0,0,0,0,1,0,1,0,0,1,0,0,696,0,0,unknown,24,jun,1,-1,0,unknown,0
42,0,1,0,0,0,0,0,0,0,0,0,0,1,0,0,1,0,0,0,757,0,0,cellular,10,feb,1,-1,0,unknown,1
31,0,0,0,0,0,0,0,1,0,0,0,0,1,0,0,0,1,0,0,447,0,0,cellular,4,jun,3,77,3,success,1
33,0,1,0,0,0,0,0,0,0,0,0,0,1,0,0,0,1,0,0,183,0,0,cellular,16,jul,2,182,3,other,1
40,0,0,0,0,0,0,1,0,0,0,0,0,1,0,0,0,1,0,0,0,0,0,cellular,28,jul,2,182,11,success,1
38,0,0,0,0,0,0,1,0,0,0,0,0,1,0,0,0,1,0,0,3190,1,0,unknown,20,jun,2,-1,0,unknown,0
35,0,0,0,1,0,0,0,0,0,0,0,0,0,1,0,0,1,0,0,885,1,0,cellular,15,jul,6,-1,0,unknown,1
39,0,0,0,0,0,0,0,0,0,0,1,0,1,0,0,0,1,0,0,315,1,0,cellular,31,jul,13,-1,0,unknown,0
49,1,0,0,0,0,0,0,0,0,0,0,0,0,1,0,1,0,0,0,7443,0,0,telephone,19,jun,5,211,2,failure,1
35,0,0,0,0,0,0,1,0,0,0,0,0,1,0,0,0,1,0,0,898,1,0,cellular,9,apr,1,-1,0,unknown,1
33,0,0,0,0,0,0,0,0,0,0,0,1,1,0,0,1,0,0,0,3214,0,0,cellular,20,nov,1,-1,0,unknown,0
45,0,1,0,0,0,0,0,0,0,0,0,0,0,0,1,1,0,0,0,10768,1,0,cellular,2,jun,3,78,2,failure,0
31,1,0,0,0,0,0,0,0,0,0,0,0,0,1,0,1,0,0,0,1899,0,0,telephone,22,nov,1,-1,0,unknown,0
33,0,0,0,0,0,0,0,0,1,0,0,0,1,0,0,1,0,0,0,210,1,0,cellular,5,may,1,167,1,failure,0
31,0,1,0,0,0,0,0,0,0,0,0,0,1,0,0,1,0,0,0,-256,1,0,cellular,15,may,1,365,5,failure,0
54,0,0,0,0,0,0,0,0,1,0,0,0,1,0,0,1,0,0,0,368,0,0,telephone,31,jul,4,-1,0,unknown,0
44,1,0,0,0,0,0,0,0,0,0,0,0,1,0,0,1,0,0,0,1954,0,0,cellular,2,jun,1,-1,0,unknown,1
60,0,0,0,0,0,1,0,0,0,0,0,0,1,0,0,0,0,1,0,1588,0,0,cellular,6,oct,1,-1,0,unknown,1
46,1,0,0,0,0,0,0,0,0,0,0,0,1,0,0,1,0,0,0,197,0,0,cellular,20,nov,4,-1,0,unknown,0
35,0,0,0,1,0,0,0,0,0,0,0,0,1,0,0,0,1,0,0,344,1,0,unknown,20,jun,18,-1,0,unknown,0
46,0,0,1,0,0,0,0,0,0,0,0,0,1,0,0,0,1,0,0,122,0,0,cellular,6,feb,2,1,7,failure,0
31,0,1,0,0,0,0,0,0,0,0,0,0,0,1,0,1,0,0,0,22,1,0,unknown,9,may,3,-1,0,unknown,1
35,1,0,0,0,0,0,0,0,0,0,0,0,0,1,0,1,0,0,0,1396,1,0,cellular,13,may,1,300,1,failure,1
27,0,1,0,0,0,0,0,0,0,0,0,0,0,1,0,0,1,0,0,-211,1,0,cellular,7,may,1,349,3,failure,0
26,0,0,0,0,0,0,1,0,0,0,0,0,0,1,0,0,1,0,0,766,0,0,cellular,15,oct,2,-1,0,unknown,1
30,0,1,0,0,0,0,0,0,0,0,0,0,1,0,0,1,0,0,0,81,0,0,cellular,28,aug,1,-1,0,unknown,0
78,0,0,0,0,0,1,0,0,0,0,0,0,0,0,1,0,0,1,0,1389,0,0,cellular,8,apr,1,-1,0,unknown,1
49,0,1,0,0,0,0,0,0,0,0,0,0,1,0,0,0,0,1,0,1878,1,0,unknown,14,may,1,-1,0,unknown,0
30,0,0,0,0,0,0,0,1,0,0,0,0,0,0,1,0,1,0,0,436,1,0,cellular,17,jun,1,-1,0,unknown,1
49,0,0,0,1,0,0,0,0,0,0,0,0,0,1,0,0,1,0,0,8982,1,0,cellular,13,apr,2,334,1,failure,0
45,0,0,0,0,0,0,1,0,0,0,0,0,1,0,0,0,1,0,0,149,1,0,unknown,23,may,3,-1,0,unknown,1
55,0,0,0,0,1,0,0,0,0,0,1,0,0,0,1,0,0,0,0,3068,0,0,cellular,7,jul,3,-1,0,unknown,0
50,1,0,0,0,0,0,0,0,0,0,0,0,0,0,1,1,0,0,0,813,1,0,cellular,31,jul,2,-1,0,unknown,0
33,0,0,0,0,0,0,0,1,0,0,0,0,0,1,0,0,1,0,0,-27,1,0,unknown,26,may,1,-1,0,unknown,0
51,0,0,0,0,0,0,0,0,1,0,0,0,1,0,0,1,0,0,0,5350,1,1,cellular,31,jul,4,-1,0,unknown,1
51,0,1,0,0,0,0,0,0,0,0,0,0,1,0,0,1,0,0,0,1347,1,1,cellular,10,feb,1,243,1,failure,1
36,1,0,0,0,0,0,0,0,0,0,0,0,1,0,0,1,0,0,0,926,0,0,cellular,14,apr,1,-1,0,unknown,1
30,0,0,0,0,0,0,1,0,0,0,0,0,1,0,0,0,1,0,0,-68,1,0,cellular,10,jul,1,-1,0,unknown,0
44,0,1,0,0,0,0,0,0,0,0,0,0,0,1,0,0,1,0,0,1679,0,0,telephone,20,oct,1,-1,0,unknown,1
34,1,0,0,0,0,0,0,0,0,0,0,0,0,1,0,1,0,0,0,1494,1,0,cellular,18,nov,1,182,1,other,1
47,0,1,0,0,0,0,0,0,0,0,0,0,1,0,0,0,1,0,0,293,0,0,cellular,1,jun,1,90,1,success,1
23,0,1,0,0,0,0,0,0,0,0,0,0,0,1,0,0,1,0,0,283,1,0,cellular,22,sep,1,184,2,success,1
33,1,0,0,0,0,0,0,0,0,0,0,0,1,0,0,1,0,0,0,0,1,0,cellular,17,apr,1,-1,0,unknown,1
31,1,0,0,0,0,0,0,0,0,0,0,0,0,1,0,1,0,0,0,1761,1,0,telephone,29,jul,3,440,3,failure,1
36,0,0,0,1,0,0,0,0,0,0,0,0,1,0,0,0,0,1,0,4608,1,0,cellular,14,may,7,-1,0,unknown,0
28,1,0,0,0,0,0,0,0,0,0,0,0,0,1,0,1,0,0,0,0,1,0,cellular,16,jul,5,-1,0,unknown,1
49,0,1,0,0,0,0,0,0,0,0,0,0,0,0,1,0,1,0,0,-53,1,1,unknown,26,jun,1,-1,0,unknown,0
37,1,0,0,0,0,0,0,0,0,0,0,0,1,0,0,0,1,0,0,80,0,0,cellular,27,aug,3,-1,0,unknown,0
32,0,0,0,0,0,0,1,0,0,0,0,0,0,1,0,1,0,0,0,902,1,0,cellular,18,may,7,-1,0,unknown,0
40,1,0,0,0,0,0,0,0,0,0,0,0,1,0,0,1,0,0,0,9366,0,0,cellular,11,nov,3,-1,0,unknown,1
33,0,0,0,0,0,0,0,0,0,0,0,1,1,0,0,0,1,0,0,1536,0,0,cellular,9,feb,1,92,3,success,1
57,1,0,0,0,0,0,0,0,0,0,0,0,1,0,0,1,0,0,0,132,1,0,cellular,29,jul,3,-1,0,unknown,0
40,0,0,0,0,0,0,0,1,0,0,0,0,1,0,0,0,0,1,0,2469,0,1,unknown,19,jun,2,-1,0,unknown,0
31,0,1,0,0,0,0,0,0,0,0,0,0,0,1,0,1,0,0,0,882,0,0,cellular,3,jun,1,-1,0,unknown,1
27,0,0,0,1,0,0,0,0,0,0,0,0,0,1,0,0,0,1,0,0,1,0,unknown,4,jun,2,-1,0,unknown,0
54,0,0,0,0,0,0,0,0,0,1,0,0,0,1,0,0,1,0,0,380,0,0,cellular,17,nov,2,-1,0,unknown,1
38,1,0,0,0,0,0,0,0,0,0,0,0,0,1,0,1,0,0,0,2813,0,0,cellular,14,aug,2,-1,0,unknown,0
47,0,0,0,0,0,0,1,0,0,0,0,0,1,0,0,0,1,0,0,3386,0,1,cellular,10,jul,17,-1,0,unknown,0
43,0,0,0,0,0,0,0,1,0,0,0,0,0,0,1,0,1,0,0,207,1,0,unknown,16,may,1,-1,0,unknown,0
32,0,0,0,0,0,0,0,0,1,0,0,0,0,1,0,1,0,0,0,46,1,0,cellular,14,jun,2,-1,0,unknown,1
29,0,0,0,0,0,0,0,0,1,0,0,0,0,1,0,1,0,0,0,5406,0,0,unknown,9,may,2,-1,0,unknown,0
34,1,0,0,0,0,0,0,0,0,0,0,0,1,0,0,1,0,0,0,0,0,1,cellular,14,jul,3,-1,0,unknown,0
33,1,0,0,0,0,0,0,0,0,0,0,0,1,0,0,1,0,0,0,1602,0,0,cellular,21,nov,3,-1,0,unknown,0
29,1,0,0,0,0,0,0,0,0,0,0,0,1,0,0,1,0,0,0,314,0,0,unknown,28,may,2,-1,0,unknown,1
29,0,1,0,0,0,0,0,0,0,0,0,0,0,1,0,1,0,0,0,673,1,0,cellular,9,feb,3,-1,0,unknown,1
64,0,0,0,0,0,1,0,0,0,0,0,0,0,0,1,0,0,1,0,315,0,0,cellular,17,feb,1,-1,0,unknown,1
37,0,0,0,0,0,0,1,0,0,0,0,0,0,1,0,0,1,0,0,728,0,0,cellular,3,feb,1,174,2,other,1
40,0,1,0,0,0,0,0,0,0,0,0,0,1,0,0,0,0,1,0,284,1,0,cellular,20,apr,2,-1,0,unknown,1
29,0,1,0,0,0,0,0,0,0,0,0,0,0,1,0,0,1,0,0,382,0,0,cellular,5,aug,4,-1,0,unknown,1
25,0,0,0,1,0,0,0,0,0,0,0,0,1,0,0,0,1,0,0,59,1,0,cellular,25,jul,1,-1,0,unknown,0
36,1,0,0,0,0,0,0,0,0,0,0,0,1,0,0,1,0,0,0,925,0,0,cellular,14,dec,3,189,4,success,1
37,0,1,0,0,0,0,0,0,0,0,0,0,0,1,0,0,1,0,0,1130,0,0,cellular,26,feb,1,-1,0,unknown,1
49,0,0,0,0,0,0,0,1,0,0,0,0,1,0,0,0,1,0,0,725,0,1,unknown,14,jul,1,-1,0,unknown,0
56,1,0,0,0,0,0,0,0,0,0,0,0,1,0,0,0,0,1,0,0,0,0,cellular,3,feb,1,-1,0,unknown,1
38,0,0,0,1,0,0,0,0,0,0,0,0,0,1,0,0,0,1,0,0,1,0,cellular,17,apr,1,-1,0,unknown,0
29,1,0,0,0,0,0,0,0,0,0,0,0,1,0,0,1,0,0,0,55,1,0,cellular,10,jul,1,-1,0,unknown,0
36,0,0,0,0,0,0,0,0,0,0,0,1,0,1,0,0,1,0,0,17,0,0,cellular,22,apr,1,-1,0,unknown,1
34,0,0,0,0,0,0,0,1,0,0,0,0,0,1,0,0,1,0,0,3080,0,0,cellular,29,jan,1,-1,0,unknown,0
32,0,0,0,0,0,0,0,1,0,0,0,0,1,0,0,0,1,0,0,914,0,0,cellular,15,jun,1,-1,0,unknown,1
39,1,0,0,0,0,0,0,0,0,0,0,0,1,0,0,0,1,0,0,6012,0,0,telephone,23,jul,2,-1,0,unknown,0
39,0,1,0,0,0,0,0,0,0,0,0,0,0,1,0,0,1,0,0,506,1,0,cellular,7,jul,2,-1,0,unknown,1
54,0,0,0,0,0,0,0,0,1,0,0,0,1,0,0,1,0,0,0,66,1,0,telephone,12,may,2,-1,0,unknown,0
29,0,0,0,1,0,0,0,0,0,0,0,0,1,0,0,0,1,0,0,832,1,0,unknown,16,may,2,-1,0,unknown,0
60,0,0,0,0,1,1,0,0,0,0,0,0,1,0,0,0,0,0,0,209,0,0,cellular,14,aug,3,106,1,failure,1
32,1,0,0,0,0,0,0,0,0,0,0,0,1,0,0,0,1,0,0,134,1,1,cellular,15,may,3,-1,0,unknown,1
33,0,0,0,0,0,0,0,0,0,1,0,0,1,0,0,0,1,0,0,1211,0,0,cellular,11,feb,1,188,1,success,1
31,0,1,0,0,0,0,0,0,0,0,0,0,1,0,0,0,1,0,0,467,1,0,cellular,11,may,2,-1,0,unknown,0
28,1,0,0,0,0,0,0,0,0,0,0,0,0,1,0,1,0,0,0,1808,0,0,cellular,30,apr,1,-1,0,unknown,1
32,1,0,0,0,0,0,0,0,0,0,0,0,0,1,0,1,0,0,0,41,0,0,cellular,21,aug,5,-1,0,unknown,1
32,0,0,0,0,0,0,1,0,0,0,0,0,0,1,0,0,1,0,0,131,1,0,cellular,21,dec,1,189,1,success,1
35,0,0,0,0,0,0,0,1,0,0,0,0,1,0,0,0,1,0,0,1659,1,0,unknown,3,jul,1,-1,0,unknown,0
23,0,1,0,0,0,0,0,0,0,0,0,0,0,1,0,0,1,0,0,158,1,0,unknown,13,may,1,-1,0,unknown,0
26,0,1,0,0,0,0,0,0,0,0,0,0,0,1,0,1,0,0,0,401,0,0,cellular,5,may,2,-1,0,unknown,1
36,1,0,0,0,0,0,0,0,0,0,0,0,1,0,0,1,0,0,0,356,0,0,cellular,20,aug,6,-1,0,unknown,0
71,0,0,0,0,0,1,0,0,0,0,0,0,1,0,0,1,0,0,0,14220,1,0,cellular,9,sep,1,-1,0,unknown,1
60,0,0,0,0,0,1,0,0,0,0,0,0,0,0,1,0,1,0,0,514,0,0,cellular,16,mar,1,124,9,other,1
29,1,0,0,0,0,0,0,0,0,0,0,0,0,1,0,1,0,0,0,697,0,0,cellular,30,apr,1,85,1,success,1
33,0,0,0,0,0,0,0,0,0,0,1,0,1,0,0,0,0,1,0,2054,0,0,cellular,25,aug,6,-1,0,unknown,1
43,0,0,0,0,0,0,1,0,0,0,0,0,1,0,0,0,1,0,0,0,0,0,cellular,31,jul,8,-1,0,unknown,0
45,1,0,0,0,0,0,0,0,0,0,0,0,0,0,1,0,1,0,0,644,1,0,unknown,4,jun,1,-1,0,unknown,1
52,0,0,0,0,0,0,1,0,0,0,0,0,0,0,1,0,1,0,0,363,1,0,cellular,21,aug,1,462,1,success,1
55,0,1,0,0,0,0,0,0,0,0,0,0,0,0,1,1,0,0,0,0,0,0,cellular,18,aug,1,-1,0,unknown,1
42,1,0,0,0,0,0,0,0,0,0,0,0,0,1,0,1,0,0,0,1146,1,0,unknown,15,may,2,-1,0,unknown,0
47,1,0,0,0,0,0,0,0,0,0,0,0,0,1,0,1,0,0,0,4402,0,0,telephone,10,dec,1,190,1,other,1
49,0,1,0,0,0,0,0,0,0,0,0,0,1,0,0,0,1,0,0,195,0,0,cellular,5,aug,2,-1,0,unknown,0
37,1,0,0,0,0,0,0,0,0,0,0,0,0,1,0,1,0,0,0,553,0,0,cellular,12,aug,2,-1,0,unknown,0
42,0,0,0,0,0,0,0,0,0,1,0,0,1,0,0,0,1,0,0,1289,0,0,cellular,15,jul,4,415,2,failure,1
37,0,1,0,0,0,0,0,0,0,0,0,0,0,1,0,0,1,0,0,-242,1,0,cellular,13,aug,6,-1,0,unknown,1
46,0,1,0,0,1,0,0,0,0,0,0,0,1,0,0,0,0,0,0,3308,0,0,cellular,28,jul,2,-1,0,unknown,1
41,0,1,0,0,0,0,0,0,0,0,0,0,1,0,0,0,1,0,0,128,1,0,cellular,27,aug,2,-1,0,unknown,0
53,0,0,0,0,0,0,0,0,1,0,0,0,1,0,0,1,0,0,0,687,0,0,cellular,4,feb,5,-1,0,unknown,0
66,0,0,0,0,0,1,0,0,0,0,0,0,1,0,0,1,0,0,0,1948,0,0,cellular,29,oct,2,269,2,failure,1
27,0,1,0,0,0,0,0,0,0,0,0,0,0,1,0,0,1,0,0,1359,0,1,telephone,25,jul,1,-1,0,unknown,0
49,1,0,0,0,0,0,0,0,0,0,0,0,1,0,0,1,0,0,0,1167,1,1,cellular,24,sep,1,91,14,success,1
32,0,0,0,1,0,0,0,0,0,0,0,0,0,1,0,0,0,1,0,398,1,0,cellular,13,may,1,-1,0,unknown,1
37,0,0,0,0,1,0,0,0,0,0,0,0,0,1,0,0,1,0,0,57,1,0,unknown,27,may,1,-1,0,unknown,0
39,0,0,0,0,0,0,1,0,0,0,0,0,0,1,0,0,1,0,0,2345,1,0,cellular,8,may,2,344,2,failure,1
40,0,0,0,1,0,0,0,0,0,0,0,0,1,0,0,0,0,1,0,177,1,1,telephone,21,jul,4,-1,0,unknown,0
33,0,1,0,0,0,0,0,0,0,0,0,0,1,0,0,0,1,0,0,1968,1,0,cellular,20,apr,3,-1,0,unknown,1
50,0,0,0,0,0,0,1,0,0,0,0,0,1,0,0,0,1,0,0,2971,0,0,cellular,9,jun,2,-1,0,unknown,0
32,0,0,0,0,0,0,1,0,0,0,0,0,1,0,0,0,1,0,0,51,1,1,cellular,7,jul,1,-1,0,unknown,1
47,0,1,0,0,0,0,0,0,0,0,0,0,1,0,0,0,1,0,0,293,0,0,cellular,3,mar,1,-1,0,unknown,1
30,0,0,0,0,0,0,1,0,0,0,0,0,1,0,0,0,1,0,0,8781,1,0,cellular,18,nov,1,-1,0,unknown,1
31,0,0,0,1,0,0,0,0,0,0,0,0,0,1,0,0,1,0,0,58,1,0,unknown,21,may,1,-1,0,unknown,0
49,0,0,0,0,0,0,0,1,0,0,0,0,1,0,0,0,1,0,0,86,1,1,cellular,24,jul,2,-1,0,unknown,0
32,1,0,0,0,0,0,0,0,0,0,0,0,0,1,0,1,0,0,0,520,0,0,cellular,3,feb,2,-1,0,unknown,1
30,0,0,0,1,0,0,0,0,0,0,0,0,0,1,0,0,1,0,0,959,1,0,cellular,7,may,1,-1,0,unknown,0
36,0,0,0,0,0,0,1,0,0,0,0,0,1,0,0,0,1,0,0,1031,0,0,cellular,17,jun,4,-1,0,unknown,1
42,0,0,0,1,0,0,0,0,0,0,0,0,0,1,0,0,1,0,0,1279,1,0,unknown,18,jun,4,-1,0,unknown,0
41,0,1,0,0,0,0,0,0,0,0,0,0,0,1,0,0,1,0,0,2242,1,0,cellular,6,may,4,-1,0,unknown,0
32,0,0,0,0,0,0,0,1,0,0,0,0,1,0,0,0,1,0,0,264,1,1,cellular,19,nov,1,-1,0,unknown,1
26,0,0,0,0,0,0,1,0,0,0,0,0,0,1,0,0,1,0,0,338,0,0,cellular,29,oct,1,188,2,unknown,1
37,1,0,0,0,0,0,0,0,0,0,0,0,0,0,1,1,0,0,0,-42,1,0,cellular,14,may,2,-1,0,unknown,1
49,0,0,0,1,0,0,0,0,0,0,0,0,0,1,0,0,0,1,0,566,1,0,cellular,25,jul,2,-1,0,unknown,1
40,0,0,0,0,0,0,0,0,1,0,0,0,0,1,0,1,0,0,0,1616,0,0,telephone,28,jul,7,-1,0,unknown,1
59,1,0,0,0,0,0,0,0,0,0,0,0,1,0,0,1,0,0,0,3421,0,0,cellular,4,may,5,-1,0,unknown,0
30,0,1,0,0,0,0,0,0,0,0,0,0,0,1,0,0,1,0,0,3144,0,0,cellular,19,may,2,-1,0,unknown,1
35,0,0,0,0,1,0,0,1,0,0,0,0,1,0,0,0,0,0,0,618,0,0,cellular,12,aug,1,104,1,success,1
29,1,0,0,0,0,0,0,0,0,0,0,0,0,1,0,1,0,0,0,-27,0,0,cellular,13,may,1,-1,0,unknown,1
28,0,0,0,0,0,0,1,0,0,0,0,0,0,1,0,0,1,0,0,0,1,1,cellular,18,may,5,-1,0,unknown,1
35,1,0,0,0,0,0,0,0,0,0,0,0,1,0,0,1,0,0,0,62,0,0,cellular,7,may,2,88,4,success,1
43,0,0,0,0,0,0,0,1,0,0,0,0,0,0,1,0,1,0,0,266,1,1,cellular,20,apr,1,152,1,failure,0
53,1,0,0,0,0,0,0,0,0,0,0,0,1,0,0,1,0,0,0,597,0,0,unknown,22,feb,1,-1,0,unknown,1
50,1,0,0,0,0,0,0,0,0,0,0,0,0,0,1,1,0,0,0,151,0,0,cellular,9,jun,4,-1,0,unknown,0
54,0,0,0,0,0,1,0,0,0,0,0,0,0,0,1,1,0,0,0,0,0,0,unknown,13,may,1,-1,0,unknown,1
44,0,0,0,0,0,0,0,1,0,0,0,0,1,0,0,0,1,0,0,163,1,0,cellular,17,nov,1,-1,0,unknown,0
31,0,0,0,0,0,0,0,1,0,0,0,0,1,0,0,0,1,0,0,447,0,0,cellular,19,mar,3,-1,0,unknown,1
33,0,0,0,0,0,0,0,1,0,0,0,0,1,0,0,0,1,0,0,227,1,1,cellular,13,aug,2,-1,0,unknown,1
27,0,0,0,0,1,0,1,0,0,0,0,0,0,1,0,0,0,0,0,861,0,0,cellular,14,jun,4,-1,0,unknown,1
49,1,0,0,0,0,0,0,0,0,0,0,0,1,0,0,1,0,0,0,579,0,0,cellular,12,aug,4,-1,0,unknown,0
42,0,0,0,0,0,0,0,1,0,0,0,0,1,0,0,0,1,0,0,2993,1,0,unknown,19,may,2,-1,0,unknown,0
43,0,0,0,0,0,0,1,0,0,0,0,0,0,1,0,0,1,0,0,2527,1,0,unknown,7,may,4,-1,0,unknown,0
60,0,1,0,0,0,0,0,0,0,0,0,0,1,0,0,0,1,0,0,824,1,0,cellular,9,feb,1,558,7,other,1
47,1,0,0,0,0,0,0,0,0,0,0,0,0,1,0,1,0,0,0,124,0,0,cellular,29,aug,15,-1,0,unknown,0
37,1,0,0,0,0,0,0,0,0,0,0,0,0,0,1,0,1,0,0,0,1,0,unknown,18,jun,1,-1,0,unknown,0
36,0,0,0,0,0,0,1,0,0,0,0,0,1,0,0,0,1,0,0,746,1,0,cellular,17,nov,3,-1,0,unknown,0
31,0,0,0,1,0,0,0,0,0,0,0,0,0,1,0,0,1,0,0,228,0,0,cellular,6,aug,1,88,4,other,1
47,0,0,0,0,0,0,0,0,0,0,1,0,0,0,1,0,1,0,0,26,0,0,cellular,22,aug,4,-1,0,unknown,0
30,0,1,0,0,0,0,0,0,0,0,0,0,0,1,0,1,0,0,0,655,0,0,cellular,6,oct,2,-1,0,unknown,1
39,0,0,0,0,0,0,1,0,0,0,0,0,1,0,0,0,1,0,0,130,1,1,cellular,4,feb,2,-1,0,unknown,1
34,0,0,0,0,0,0,1,0,0,0,0,0,0,1,0,0,1,0,0,151,1,0,cellular,12,may,1,370,1,other,1
38,0,0,0,0,1,0,0,0,0,0,0,0,0,1,0,1,0,0,0,0,0,0,cellular,11,sep,3,95,3,success,1
41,0,1,0,0,0,0,0,0,0,0,0,0,1,0,0,1,0,0,0,816,1,1,unknown,29,may,1,-1,0,unknown,0
36,0,1,0,0,0,0,0,0,0,0,0,0,1,0,0,1,0,0,0,202,0,0,cellular,29,jan,1,120,3,failure,1
43,0,0,0,0,0,0,0,0,0,1,0,0,1,0,0,1,0,0,0,0,0,0,cellular,18,oct,1,94,2,success,1
53,0,0,0,1,0,0,0,0,0,0,0,0,1,0,0,0,0,1,1,-462,0,0,cellular,29,jan,1,-1,0,unknown,1
25,1,0,0,0,0,0,0,0,0,0,0,0,0,1,0,1,0,0,0,222,0,0,cellular,27,may,1,-1,0,unknown,0
34,0,1,0,0,0,0,0,0,0,0,0,0,0,1,0,0,1,0,0,1313,0,0,cellular,19,apr,4,-1,0,unknown,0
54,0,0,0,0,0,1,0,0,0,0,0,0,1,0,0,1,0,0,0,1778,0,0,cellular,14,aug,1,268,2,failure,0
33,0,0,0,0,1,0,0,0,0,0,0,0,1,0,0,1,0,0,0,0,1,0,unknown,20,jun,16,-1,0,unknown,0
22,0,1,0,0,0,0,0,0,0,0,0,0,0,1,0,0,1,0,0,283,1,0,cellular,22,mar,2,-1,0,unknown,1
59,0,0,0,0,0,1,0,0,0,0,0,0,1,0,0,0,1,0,1,-2,0,1,cellular,18,jul,1,-1,0,unknown,0
33,0,0,1,0,0,0,0,0,0,0,0,0,0,0,1,1,0,0,0,37,0,1,cellular,8,jul,1,-1,0,unknown,1
42,0,0,0,0,0,0,1,0,0,0,0,0,1,0,0,0,1,0,0,534,1,0,unknown,16,may,2,-1,0,unknown,0
33,0,0,0,1,0,0,0,0,0,0,0,0,1,0,0,0,1,0,0,3576,1,0,cellular,2,apr,1,308,2,other,0
51,1,0,0,0,0,0,0,0,0,0,0,0,1,0,0,1,0,0,0,938,0,0,cellular,11,nov,2,97,3,failure,0
48,0,0,0,0,0,0,0,0,0,1,0,0,1,0,0,0,0,1,0,9622,0,0,cellular,12,aug,6,-1,0,unknown,0
50,0,0,1,0,0,0,0,0,0,0,0,0,1,0,0,0,1,0,0,0,1,1,cellular,17,nov,1,-1,0,unknown,0
54,0,1,0,0,0,0,0,0,0,0,0,0,1,0,0,1,0,0,0,395,0,0,cellular,30,apr,1,183,2,success,1
50,1,0,0,0,0,0,0,0,0,0,0,0,1,0,0,1,0,0,0,396,0,0,unknown,11,jun,2,-1,0,unknown,0
29,0,0,0,1,0,0,0,0,0,0,0,0,1,0,0,0,1,0,0,-493,1,0,cellular,18,may,2,334,4,failure,1
41,1,0,0,0,0,0,0,0,0,0,0,0,1,0,0,1,0,0,0,2885,0,0,cellular,19,nov,1,-1,0,unknown,0
35,0,0,0,1,0,0,0,0,0,0,0,0,1,0,0,1,0,0,0,2999,0,0,unknown,12,jun,6,-1,0,unknown,1
32,0,0,0,0,0,0,0,0,1,0,0,0,1,0,0,1,0,0,0,518,0,0,cellular,27,aug,5,-1,0,unknown,0
25,0,1,0,0,0,0,0,0,0,0,0,0,1,0,0,1,0,0,0,839,1,0,cellular,18,may,3,-1,0,unknown,1
54,0,0,0,0,0,1,0,0,0,0,0,0,1,0,0,0,0,1,0,309,0,0,cellular,13,aug,2,-1,0,unknown,1
36,1,0,0,0,0,0,0,0,0,0,0,0,0,1,0,1,0,0,0,2032,0,1,cellular,20,nov,1,-1,0,unknown,1
52,1,0,0,0,0,0,0,0,0,0,0,0,0,1,0,1,0,0,0,269,0,1,cellular,22,jul,1,-1,0,unknown,0
37,0,1,0,0,0,0,0,0,0,0,0,0,1,0,0,1,0,0,0,127,1,0,cellular,25,aug,1,193,1,success,1
35,0,1,0,0,0,0,0,0,0,0,0,0,0,0,1,0,1,0,0,-870,1,0,cellular,14,jul,4,-1,0,unknown,0
34,0,1,0,0,0,0,0,0,0,0,0,0,0,1,0,1,0,0,0,82,0,0,cellular,19,aug,4,-1,0,unknown,0
39,1,0,0,0,0,0,0,0,0,0,0,0,1,0,0,1,0,0,0,494,0,0,cellular,9,sep,1,183,5,success,1
51,0,0,1,0,0,0,0,0,0,0,0,0,1,0,0,0,0,1,0,1443,0,0,cellular,18,feb,10,-1,0,unknown,1
51,0,0,1,0,1,0,0,0,0,0,0,0,1,0,0,0,0,0,0,606,1,0,unknown,28,may,9,-1,0,unknown,1
46,0,0,0,1,0,0,0,0,0,0,0,0,1,0,0,0,1,0,0,125,1,1,unknown,8,may,2,-1,0,unknown,0
38,0,0,0,1,0,0,0,0,0,0,0,0,1,0,0,0,0,1,0,1401,0,0,cellular,13,may,1,-1,0,unknown,1
46,0,0,0,1,0,0,0,0,0,0,0,0,0,1,0,1,0,0,0,283,0,0,cellular,7,apr,1,-1,0,unknown,1
43,1,0,0,0,0,0,0,0,0,0,0,0,1,0,0,0,1,0,0,107,1,1,telephone,28,oct,1,-1,0,unknown,1
51,0,0,0,0,0,0,1,0,0,0,0,0,0,1,0,1,0,0,0,394,0,0,telephone,28,jan,2,-1,0,unknown,1
48,1,0,0,0,0,0,0,0,0,0,0,0,0,0,1,1,0,0,0,5978,0,0,cellular,28,jan,1,-1,0,unknown,0
61,0,0,0,0,0,1,0,0,0,0,0,0,1,0,0,1,0,0,0,2557,1,0,cellular,10,nov,1,91,4,success,1
