Age,Attrition,Non-Travel,Travel_Frequently,Travel_Rarely,DailyRate,Human Resources,Research & Development,Sales,DistanceFromHome,Education,Technical Degree,Marketing,Medical,Other,Life Sciences,EnvironmentSatisfaction,Male,Female,HourlyRate,JobInvolvement,JobLevel,Research Director,Sales Representative,Manager,Healthcare Representative,Manufacturing Director,Laboratory Technician,Research Scientist,Sales Executive,JobSatisfaction,MaritalStatusDivorced,MaritalStatusMarried,MaritalStatusSingle,MonthlyIncome,MonthlyRate,NumCompaniesWorked,OvertimeNo,OvertimeYes,PercentSalaryHike,PerformanceRating,RelationshipSatisfaction,StandardHours,StockOptionLevel,TotalWorkingYears,TrainingTimesLastYear,WorkLifeBalance,YearsAtCompany,YearsInCurrentRole,YearsSinceLastPromotion,YearsWithCurrManager
36,0,0,0,1,430,0,1,0,2,4,0,0,0,1,0,4,0,1,73,3,2,0,0,0,0,0,0,1,0,2,0,1,0,6962,19573,4,0,1,22,4,4,80,1,15,2,3,1,0,0,0
50,1,0,1,0,878,0,0,1,1,4,0,0,0,0,1,2,1,0,94,3,2,0,0,0,0,0,0,0,1,3,1,0,0,6728,14255,7,1,0,12,3,4,80,2,12,3,3,6,3,0,1
33,0,0,0,1,586,0,0,1,1,3,0,0,1,0,0,1,1,0,48,4,2,0,0,0,0,0,0,0,1,1,1,0,0,4037,21816,1,1,0,22,4,1,80,1,9,5,3,9,8,0,8
40,1,0,0,1,1329,0,1,0,7,3,0,0,0,0,1,1,1,0,73,3,1,0,0,0,0,0,1,0,0,1,0,0,1,2166,3339,3,0,1,14,3,2,80,0,10,3,1,4,2,0,3
32,0,1,0,0,953,0,1,0,5,4,1,0,0,0,0,2,1,0,65,3,1,0,0,0,0,0,0,1,0,2,0,0,1,2718,17674,2,1,0,14,3,2,80,0,12,3,3,7,7,0,7
36,1,0,0,1,318,0,1,0,9,3,0,0,1,0,0,4,1,0,79,2,1,0,0,0,0,0,0,1,0,3,0,1,0,3388,21777,0,0,1,17,3,1,80,1,2,0,2,1,0,0,0
27,0,0,0,1,1354,0,1,0,2,4,1,0,0,0,0,2,1,0,41,3,1,0,0,0,0,0,0,1,0,2,0,1,0,2226,6073,1,1,0,11,3,3,80,1,6,3,2,5,3,1,2
29,1,0,0,1,224,0,1,0,1,4,1,0,0,0,0,1,1,0,100,2,1,0,0,0,0,0,0,1,0,1,0,0,1,2362,7568,6,1,0,13,3,3,80,0,11,2,1,9,7,0,7
30,1,0,0,1,1005,0,1,0,3,3,1,0,0,0,0,4,0,1,88,3,1,0,0,0,0,0,0,1,0,1,0,0,1,2657,8556,5,0,1,11,3,3,80,0,8,5,3,5,2,0,4
46,1,0,0,1,261,0,1,0,21,2,0,0,1,0,0,4,0,1,66,3,2,0,0,0,1,0,0,0,0,2,0,1,0,8926,10842,4,1,0,22,4,4,80,1,13,2,4,9,7,3,7
58,0,0,0,1,1272,0,1,0,5,3,1,0,0,0,0,3,0,1,37,2,3,0,0,0,1,0,0,0,0,2,1,0,0,10552,9255,2,0,1,13,3,4,80,1,24,3,3,6,0,0,4
54,0,0,0,1,1441,0,1,0,17,3,1,0,0,0,0,3,0,1,56,3,3,0,0,0,0,1,0,0,0,3,0,1,0,10739,13943,8,1,0,11,3,3,80,1,22,2,3,10,7,0,8
28,1,0,0,1,890,0,1,0,2,4,0,0,1,0,0,3,1,0,46,3,1,0,0,0,0,0,0,1,0,3,0,0,1,4382,16374,6,1,0,17,3,4,80,0,5,3,2,2,2,2,1
38,0,0,0,1,1206,0,1,0,9,2,0,0,0,0,1,2,1,0,71,3,1,0,0,0,0,0,0,1,0,4,1,0,0,4771,14293,2,1,0,19,3,4,80,2,10,0,4,5,2,0,3
45,1,0,0,1,1449,0,0,1,2,3,0,1,0,0,0,1,0,1,94,1,5,0,0,1,0,0,0,0,0,2,0,0,1,18824,2493,2,0,1,16,3,1,80,0,26,2,3,24,10,1,11
20,1,0,1,0,871,0,1,0,6,3,0,0,0,0,1,4,0,1,66,2,1,0,0,0,0,0,1,0,0,4,0,0,1,2926,19783,1,0,1,18,3,2,80,0,1,5,3,1,0,1,0
49,0,1,0,0,1002,0,1,0,18,4,0,0,0,0,1,4,1,0,92,3,2,0,0,0,0,1,0,0,0,4,1,0,0,6804,23793,1,0,1,15,3,1,80,2,7,0,3,7,7,1,7
27,1,0,0,1,1420,0,0,1,2,1,0,1,0,0,0,3,1,0,85,3,1,0,1,0,0,0,0,0,0,1,1,0,0,3041,16346,0,1,0,11,3,2,80,1,5,3,3,4,3,0,2
41,0,0,0,1,167,0,1,0,12,4,0,0,0,0,1,2,1,0,46,3,1,0,0,0,0,0,1,0,0,4,0,1,0,4766,9051,3,0,1,11,3,1,80,1,6,4,3,1,0,0,0
36,0,0,0,1,917,0,1,0,6,4,0,0,0,0,1,3,1,0,60,1,1,0,0,0,0,0,1,0,0,3,1,0,0,2741,6865,1,1,0,14,3,3,80,1,7,4,3,7,7,1,7
42,0,0,1,0,570,0,1,0,8,3,0,0,0,0,1,2,1,0,66,3,5,0,0,1,0,0,0,0,0,4,1,0,0,18430,16225,1,1,0,13,3,2,80,1,24,4,2,24,7,14,9
28,1,0,0,1,1404,0,1,0,17,3,1,0,0,0,0,3,1,0,32,2,1,0,0,0,0,0,1,0,0,4,1,0,0,2367,18779,5,1,0,12,3,1,80,1,6,2,2,4,1,0,3
40,0,0,0,1,300,0,0,1,26,3,0,1,0,0,0,3,1,0,74,3,2,0,0,0,0,0,0,0,1,1,0,1,0,8396,22217,1,1,0,14,3,2,80,1,8,3,2,7,7,7,5
34,1,0,1,0,296,0,0,1,6,2,0,1,0,0,0,4,0,1,33,1,1,0,1,0,0,0,0,0,0,3,1,0,0,2351,12253,0,1,0,16,3,4,80,1,3,3,2,2,2,1,0
50,0,0,0,1,1207,0,1,0,28,1,0,0,1,0,0,4,1,0,74,4,1,0,0,0,0,0,1,0,0,3,0,1,0,3221,3297,1,0,1,11,3,3,80,3,20,3,3,20,8,3,8
31,1,0,0,1,359,1,0,0,18,5,0,0,0,0,0,4,1,0,89,4,1,0,0,0,0,0,0,0,0,1,0,1,0,2956,21495,0,1,0,17,3,3,80,0,2,4,3,1,0,0,0
26,0,0,0,1,775,0,0,1,29,2,0,0,1,0,0,1,1,0,45,3,2,0,0,0,0,0,0,0,1,3,1,0,0,4306,4267,5,1,0,12,3,1,80,2,8,5,3,0,0,0,0
34,0,1,0,0,697,0,1,0,3,4,0,0,0,0,1,3,1,0,40,2,1,0,0,0,0,0,0,1,0,4,0,1,0,2979,22478,3,1,0,17,3,4,80,3,6,2,3,0,0,0,0
28,1,0,0,1,329,0,1,0,24,3,0,0,1,0,0,3,1,0,51,3,1,0,0,0,0,0,1,0,0,2,0,1,0,2408,7324,1,0,1,17,3,3,80,3,1,3,3,1,1,0,0
32,1,0,0,1,1045,0,0,1,4,4,0,0,1,0,0,4,1,0,32,1,3,0,0,0,0,0,0,0,1,4,0,1,0,10400,25812,1,1,0,11,3,3,80,0,14,2,2,14,8,9,8
28,0,0,0,1,857,0,1,0,10,3,0,0,0,1,0,3,0,1,59,3,2,0,0,0,0,0,0,1,0,3,0,0,1,3660,7909,3,1,0,13,3,4,80,0,10,4,4,8,7,1,7
42,1,0,1,0,933,0,1,0,19,3,0,0,1,0,0,3,1,0,57,4,1,0,0,0,0,0,0,1,0,3,1,0,0,2759,20366,6,0,1,12,3,4,80,0,7,2,3,2,2,2,2
29,1,0,0,1,224,0,1,0,1,4,1,0,0,0,0,1,1,0,100,2,1,0,0,0,0,0,0,1,0,1,0,0,1,2362,7568,6,1,0,13,3,3,80,0,11,2,1,9,7,0,7
40,0,0,1,0,902,0,1,0,26,2,0,0,1,0,0,3,0,1,92,2,2,0,0,0,0,0,0,1,0,4,0,1,0,4422,21203,3,0,1,13,3,4,80,1,16,3,1,1,1,0,0
41,1,0,0,1,1356,0,0,1,20,2,0,1,0,0,0,2,0,1,70,3,1,0,1,0,0,0,0,0,0,2,0,0,1,3140,21728,1,0,1,22,4,4,80,0,4,5,2,4,3,0,2
51,1,0,0,1,1323,0,1,0,4,4,0,0,0,0,1,1,1,0,34,3,1,0,0,0,0,0,0,1,0,3,0,1,0,2461,10332,9,0,1,12,3,3,80,3,18,2,4,10,0,2,7
36,0,0,1,0,1467,0,0,1,11,2,1,0,0,0,0,2,0,1,92,3,3,0,0,0,0,0,0,0,1,4,0,1,0,9738,22952,0,1,0,14,3,3,80,1,10,6,3,9,7,2,8
48,0,0,1,0,117,0,1,0,22,3,0,0,1,0,0,4,0,1,58,3,4,0,0,1,0,0,0,0,0,4,1,0,0,17174,2437,3,1,0,11,3,2,80,1,24,3,3,22,17,4,7
32,1,0,0,1,964,0,0,1,1,2,0,0,0,0,1,1,1,0,34,1,2,0,0,0,0,0,0,0,1,2,0,0,1,6735,12147,6,1,0,15,3,2,80,0,10,2,3,0,0,0,0
37,0,0,0,1,309,0,0,1,10,4,0,0,0,0,1,4,0,1,88,2,2,0,0,0,0,0,0,0,1,4,1,0,0,6694,24223,2,0,1,14,3,3,80,3,8,5,3,1,0,0,0
36,0,0,0,1,711,0,1,0,5,4,0,0,0,0,1,2,0,1,42,3,3,0,0,0,1,0,0,0,0,1,0,1,0,8008,22792,4,1,0,12,3,3,80,2,9,6,3,3,2,0,2
50,0,0,0,1,264,0,0,1,9,3,0,1,0,0,0,3,1,0,59,3,5,0,0,1,0,0,0,0,0,3,0,1,0,19331,19519,4,0,1,16,3,3,80,1,27,2,3,1,0,0,0
28,1,1,0,0,1366,0,1,0,24,2,1,0,0,0,0,2,1,0,72,2,3,0,0,0,1,0,0,0,0,1,0,0,1,8722,12355,1,1,0,12,3,1,80,0,10,2,2,10,7,1,9
50,1,0,0,1,869,0,0,1,3,2,0,1,0,0,0,1,1,0,86,2,1,0,1,0,0,0,0,0,0,3,0,1,0,2683,3810,1,0,1,14,3,3,80,0,3,2,3,3,2,0,2
45,0,1,0,0,248,0,1,0,23,2,0,0,0,0,1,4,1,0,42,3,2,0,0,0,0,0,1,0,0,1,0,1,0,3633,14039,1,0,1,15,3,3,80,1,9,2,3,9,8,0,8
48,1,0,1,0,708,0,0,1,7,2,0,0,1,0,0,4,0,1,95,3,1,0,1,0,0,0,0,0,0,3,0,1,0,2655,11740,2,0,1,11,3,3,80,2,19,3,3,9,7,7,7
34,0,0,0,1,258,0,0,1,21,4,0,0,0,0,1,4,1,0,74,4,2,0,0,0,0,0,0,0,1,4,0,0,1,5337,19921,1,1,0,12,3,4,80,0,10,3,3,10,7,5,7
36,0,0,1,0,635,0,1,0,18,1,0,0,1,0,0,2,0,1,73,3,1,0,0,0,0,0,1,0,0,4,0,0,1,2153,7703,1,1,0,13,3,1,80,0,8,2,3,8,1,1,7
25,0,0,0,1,1280,0,1,0,7,1,0,0,1,0,0,4,1,0,64,2,1,0,0,0,0,0,0,1,0,4,0,1,0,2889,26897,1,1,0,11,3,3,80,2,2,2,3,2,2,2,1
40,0,0,0,1,989,0,1,0,4,1,0,0,1,0,0,4,0,1,46,3,5,0,0,1,0,0,0,0,0,3,0,1,0,19033,6499,1,1,0,14,3,2,80,1,21,2,3,20,8,9,9
31,0,1,0,0,697,0,1,0,10,3,0,0,1,0,0,3,0,1,40,3,3,1,0,0,0,0,0,0,0,3,0,1,0,11031,26862,4,1,0,20,4,3,80,1,13,2,4,11,7,4,8
32,0,0,0,1,1093,0,0,1,6,4,0,0,1,0,0,2,1,0,87,3,2,0,0,0,0,0,0,0,1,3,0,0,1,5010,24301,1,1,0,16,3,1,80,0,12,0,3,11,8,5,7
21,1,0,1,0,756,0,0,1,1,1,1,0,0,0,0,1,0,1,99,2,1,0,1,0,0,0,0,0,0,2,0,0,1,2174,9150,1,0,1,11,3,3,80,0,3,3,3,3,2,1,2
26,1,1,0,0,265,0,0,1,29,2,0,0,1,0,0,2,1,0,79,1,2,0,0,0,0,0,0,0,1,1,0,0,1,4969,21813,8,1,0,18,3,4,80,0,7,6,3,2,2,2,2
28,0,0,0,1,1300,0,1,0,17,2,0,0,1,0,0,3,1,0,79,3,2,0,0,0,0,0,1,0,0,1,1,0,0,4558,13535,1,1,0,12,3,4,80,1,10,2,3,10,0,1,8
28,1,0,0,1,1404,0,1,0,17,3,1,0,0,0,0,3,1,0,32,2,1,0,0,0,0,0,1,0,0,4,1,0,0,2367,18779,5,1,0,12,3,1,80,1,6,2,2,4,1,0,3
35,1,0,1,0,880,0,0,1,12,4,0,0,0,1,0,4,1,0,36,3,2,0,0,0,0,0,0,0,1,4,0,0,1,4581,10414,3,0,1,24,4,1,80,0,13,2,4,11,9,6,7
26,1,0,0,1,471,0,1,0,24,3,1,0,0,0,0,3,1,0,66,1,1,0,0,0,0,0,1,0,0,4,0,0,1,2340,23213,1,0,1,18,3,2,80,0,1,3,1,1,0,0,0
25,1,0,0,1,688,0,1,0,3,3,0,0,1,0,0,1,1,0,91,3,1,0,0,0,0,0,1,0,0,1,0,1,0,4031,9396,5,1,0,13,3,3,80,1,6,5,3,2,2,0,2
35,0,0,0,1,195,0,0,1,1,3,0,0,1,0,0,1,0,1,80,3,2,0,0,0,0,0,0,0,1,3,0,0,1,4859,6698,1,1,0,16,3,4,80,0,5,3,3,5,4,0,3
44,1,0,0,1,621,0,1,0,15,3,0,0,1,0,0,1,0,1,73,3,3,0,0,0,1,0,0,0,0,4,0,1,0,7978,14075,1,1,0,11,3,4,80,1,10,2,3,10,7,0,5
38,0,0,1,0,653,0,1,0,29,5,0,0,0,0,1,4,0,1,50,3,2,0,0,0,0,0,1,0,0,4,0,0,1,2406,5456,1,1,0,11,3,4,80,0,10,2,3,10,3,9,9
27,0,0,0,1,1115,0,1,0,3,4,0,0,1,0,0,1,1,0,54,2,1,0,0,0,0,0,0,1,0,4,0,0,1,2045,15174,0,1,0,13,3,4,80,0,5,0,3,4,2,1,1
22,1,0,1,0,1368,0,1,0,4,1,1,0,0,0,0,3,1,0,99,2,1,0,0,0,0,0,1,0,0,3,0,0,1,3894,9129,5,1,0,16,3,3,80,0,4,3,3,2,2,1,2
26,1,0,0,1,1357,0,1,0,25,3,0,0,0,0,1,1,1,0,48,1,1,0,0,0,0,0,1,0,0,3,0,0,1,2293,10558,1,1,0,12,3,3,80,0,1,2,2,1,0,0,1
30,0,1,0,0,1398,0,0,1,22,4,0,0,0,1,0,3,0,1,69,3,3,0,0,0,0,0,0,0,1,1,0,1,0,8412,2890,0,1,0,11,3,3,80,0,10,3,3,9,8,7,8
22,1,0,1,0,1368,0,1,0,4,1,1,0,0,0,0,3,1,0,99,2,1,0,0,0,0,0,1,0,0,3,0,0,1,3894,9129,5,1,0,16,3,3,80,0,4,3,3,2,2,1,2
32,0,0,1,0,1318,0,0,1,10,4,0,1,0,0,0,4,1,0,79,3,2,0,0,0,0,0,0,0,1,4,0,0,1,4648,26075,8,1,0,13,3,3,80,0,4,2,4,0,0,0,0
39,1,0,0,1,895,0,0,1,5,3,1,0,0,0,0,4,1,0,56,3,2,0,1,0,0,0,0,0,0,4,0,1,0,2086,3335,3,1,0,14,3,3,80,1,19,6,4,1,0,0,0
50,1,0,0,1,869,0,0,1,3,2,0,1,0,0,0,1,1,0,86,2,1,0,1,0,0,0,0,0,0,3,0,1,0,2683,3810,1,0,1,14,3,3,80,0,3,2,3,3,2,0,2
34,0,0,0,1,970,0,1,0,8,2,0,0,1,0,0,2,0,1,96,3,2,0,0,0,1,0,0,0,0,3,0,0,1,6142,7360,3,1,0,11,3,4,80,0,10,2,3,5,1,4,3
42,1,0,1,0,481,0,0,1,12,3,0,0,0,0,1,3,1,0,44,3,4,0,0,0,0,0,0,0,1,1,0,0,1,13758,2447,0,0,1,12,3,2,80,0,22,2,2,21,9,13,14
32,0,1,0,0,1146,0,1,0,15,4,0,0,1,0,0,3,0,1,34,3,2,0,0,0,1,0,0,0,0,4,1,0,0,6667,16542,5,1,0,18,3,2,80,1,9,6,3,5,1,1,2
39,0,0,0,1,412,0,1,0,13,4,0,0,1,0,0,3,0,1,94,2,4,0,0,1,0,0,0,0,0,2,1,0,0,17123,17334,6,0,1,13,3,4,80,2,21,4,3,19,9,15,2
30,0,0,0,1,1339,0,0,1,5,3,0,0,0,0,1,2,0,1,41,3,3,0,0,0,0,0,0,0,1,4,0,1,0,9419,8053,2,1,0,12,3,3,80,1,12,2,3,10,9,7,4
33,0,0,1,0,1296,0,1,0,6,3,0,0,0,0,1,3,1,0,30,3,2,0,0,0,1,0,0,0,0,4,1,0,0,7725,5335,3,1,0,23,4,3,80,1,15,2,1,13,11,4,7
34,0,0,0,1,1354,0,1,0,5,3,0,0,1,0,0,3,0,1,45,2,3,0,0,1,0,0,0,0,0,1,0,0,1,11631,5615,2,1,0,12,3,4,80,0,14,6,3,11,10,5,8
34,0,0,1,0,1003,0,1,0,2,2,0,0,0,0,1,4,1,0,95,3,2,0,0,0,0,1,0,0,0,3,0,0,1,4033,15834,2,1,0,11,3,4,80,0,5,3,2,3,2,0,2
27,1,0,0,1,1420,0,0,1,2,1,0,1,0,0,0,3,1,0,85,3,1,0,1,0,0,0,0,0,0,1,1,0,0,3041,16346,0,1,0,11,3,2,80,1,5,3,3,4,3,0,2
42,1,0,1,0,481,0,0,1,12,3,0,0,0,0,1,3,1,0,44,3,4,0,0,0,0,0,0,0,1,1,0,0,1,13758,2447,0,0,1,12,3,2,80,0,22,2,2,21,9,13,14
19,1,0,0,1,419,0,0,1,21,3,0,0,0,1,0,4,1,0,37,2,1,0,1,0,0,0,0,0,0,2,0,0,1,2121,9947,1,0,1,13,3,2,80,0,1,3,4,1,0,0,0
29,0,1,0,0,746,0,0,1,2,3,0,0,0,0,1,4,1,0,61,3,2,0,0,0,0,0,0,0,1,3,0,1,0,4649,16928,1,1,0,14,3,1,80,1,4,3,2,4,3,0,2
41,0,0,0,1,314,1,0,0,1,3,0,0,0,0,0,4,1,0,59,2,5,0,0,1,0,0,0,0,0,3,0,1,0,19189,19562,1,1,0,12,3,2,80,1,22,3,3,22,7,2,10
25,1,0,0,1,383,0,0,1,9,2,0,0,0,0,1,1,1,0,68,2,1,0,1,0,0,0,0,0,0,1,0,1,0,4400,15182,3,1,0,12,3,1,80,0,6,2,3,3,2,2,2
44,0,0,0,1,200,0,1,0,29,4,0,0,0,1,0,4,1,0,32,3,2,0,0,0,0,0,0,1,0,4,0,0,1,4541,7744,1,1,0,25,4,2,80,0,20,3,3,20,11,13,17
36,1,0,0,1,318,0,1,0,9,3,0,0,1,0,0,4,1,0,79,2,1,0,0,0,0,0,0,1,0,3,0,1,0,3388,21777,0,0,1,17,3,1,80,1,2,0,2,1,0,0,0
38,0,0,1,0,888,1,0,0,10,4,0,0,0,0,0,3,1,0,71,3,2,0,0,0,0,0,0,0,0,3,0,1,0,6077,14814,3,1,0,11,3,3,80,0,10,2,3,6,3,1,2
35,1,0,1,0,880,0,0,1,12,4,0,0,0,1,0,4,1,0,36,3,2,0,0,0,0,0,0,0,1,4,0,0,1,4581,10414,3,0,1,24,4,1,80,0,13,2,4,11,9,6,7
42,1,0,1,0,933,0,1,0,19,3,0,0,1,0,0,3,1,0,57,4,1,0,0,0,0,0,0,1,0,3,1,0,0,2759,20366,6,0,1,12,3,4,80,0,7,2,3,2,2,2,2
31,1,0,0,1,1079,0,0,1,16,4,0,1,0,0,0,1,1,0,70,3,3,0,0,0,0,0,0,0,1,3,0,1,0,8161,19002,2,1,0,13,3,1,80,3,10,2,3,1,0,0,0
32,1,0,0,1,964,0,0,1,1,2,0,0,0,0,1,1,1,0,34,1,2,0,0,0,0,0,0,0,1,2,0,0,1,6735,12147,6,1,0,15,3,2,80,0,10,2,3,0,0,0,0
47,0,0,1,0,217,0,0,1,3,3,0,0,1,0,0,4,0,1,49,3,4,0,0,0,0,0,0,0,1,3,1,0,0,13770,10225,9,0,1,12,3,4,80,2,28,2,2,22,2,11,13
31,1,0,1,0,703,0,0,1,2,3,0,0,0,0,1,3,0,1,90,2,1,0,1,0,0,0,0,0,0,4,0,0,1,2785,11882,7,1,0,14,3,3,80,0,3,3,4,1,0,0,0
55,0,0,0,1,836,0,1,0,2,4,1,0,0,0,0,2,1,0,98,2,1,0,0,0,0,0,0,1,0,4,0,1,0,2662,7975,8,1,0,20,4,2,80,1,19,2,4,5,2,0,4
21,1,0,0,1,1334,0,1,0,10,3,0,0,0,0,1,3,0,1,36,2,1,0,0,0,0,0,1,0,0,1,0,0,1,1416,17258,1,1,0,13,3,1,80,0,1,6,2,1,0,1,0
33,1,0,0,1,465,0,1,0,2,2,0,0,0,0,1,1,0,1,39,3,1,0,0,0,0,0,1,0,0,1,0,1,0,2707,21509,7,1,0,20,4,1,80,0,13,3,4,9,7,1,7
58,1,0,0,1,147,0,1,0,23,4,0,0,1,0,0,4,0,1,94,3,3,0,0,0,1,0,0,0,0,4,0,1,0,10312,3465,1,1,0,12,3,4,80,1,40,3,2,40,10,15,6
35,0,0,0,1,672,0,1,0,25,3,1,0,0,0,0,4,1,0,78,2,3,0,0,0,0,1,0,0,0,2,0,1,0,10903,9129,3,1,0,16,3,1,80,0,16,2,3,13,10,4,8
37,0,0,0,1,1107,0,1,0,14,3,0,0,0,0,1,4,0,1,95,3,1,0,0,0,0,0,1,0,0,1,1,0,0,3034,26914,1,1,0,12,3,3,80,1,18,2,2,18,7,12,17
44,1,0,0,1,621,0,1,0,15,3,0,0,1,0,0,1,0,1,73,3,3,0,0,0,1,0,0,0,0,4,0,1,0,7978,14075,1,1,0,11,3,4,80,1,10,2,3,10,7,0,5
26,1,0,0,1,1357,0,1,0,25,3,0,0,0,0,1,1,1,0,48,1,1,0,0,0,0,0,1,0,0,3,0,0,1,2293,10558,1,1,0,12,3,3,80,0,1,2,2,1,0,0,1
38,0,0,1,0,1391,0,1,0,10,1,0,0,1,0,0,3,1,0,66,3,1,0,0,0,0,0,0,1,0,3,0,1,0,2684,12127,0,1,0,17,3,2,80,1,3,0,2,2,1,0,2
36,0,0,0,1,329,0,1,0,2,3,0,0,0,0,1,4,0,1,96,3,1,0,0,0,0,0,0,1,0,3,0,1,0,2543,11868,4,1,0,13,3,2,80,1,6,3,3,2,2,2,2
44,1,0,0,1,621,0,1,0,15,3,0,0,1,0,0,1,0,1,73,3,3,0,0,0,1,0,0,0,0,4,0,1,0,7978,14075,1,1,0,11,3,4,80,1,10,2,3,10,7,0,5
37,1,0,0,1,1373,0,1,0,2,2,0,0,0,1,0,4,1,0,92,2,1,0,0,0,0,0,1,0,0,3,0,0,1,2090,2396,6,0,1,15,3,2,80,0,7,3,3,0,0,0,0
51,0,0,1,0,237,0,0,1,9,3,0,0,0,0,1,4,1,0,83,3,5,0,0,1,0,0,0,0,0,2,1,0,0,19847,19196,4,0,1,24,4,1,80,1,31,5,2,29,10,11,10
36,1,0,0,1,885,0,1,0,16,4,0,0,0,0,1,3,0,1,43,4,1,0,0,0,0,0,1,0,0,1,0,0,1,2743,8269,1,1,0,16,3,3,80,0,18,1,3,17,13,15,14
28,1,0,1,0,1009,0,1,0,1,3,0,0,1,0,0,1,1,0,45,2,1,0,0,0,0,0,1,0,0,2,1,0,0,2596,7160,1,1,0,15,3,1,80,2,1,2,3,1,0,0,0
36,0,0,1,0,541,0,0,1,3,4,0,0,1,0,0,1,1,0,48,2,3,0,0,0,0,0,0,0,1,4,0,1,0,9699,7246,4,1,0,11,3,1,80,1,16,2,3,13,9,1,12
24,0,1,0,0,1269,0,1,0,4,1,0,0,0,0,1,1,1,0,46,2,1,0,0,0,0,0,1,0,0,4,0,1,0,3162,10778,0,1,0,17,3,4,80,0,6,2,2,5,2,3,4
30,1,0,0,1,1005,0,1,0,3,3,1,0,0,0,0,4,0,1,88,3,1,0,0,0,0,0,0,1,0,1,0,0,1,2657,8556,5,0,1,11,3,3,80,0,8,5,3,5,2,0,4
36,1,0,0,1,1456,0,0,1,13,5,0,1,0,0,0,2,1,0,96,2,2,0,0,0,0,0,0,0,1,1,1,0,0,6134,8658,5,0,1,13,3,2,80,3,16,3,3,2,2,2,2
34,1,0,0,1,699,0,1,0,6,1,0,0,1,0,0,2,1,0,83,3,1,0,0,0,0,0,0,1,0,1,0,0,1,2960,17102,2,1,0,11,3,3,80,0,8,2,3,4,2,1,3
36,1,0,0,1,1456,0,0,1,13,5,0,1,0,0,0,2,1,0,96,2,2,0,0,0,0,0,0,0,1,1,1,0,0,6134,8658,5,0,1,13,3,2,80,3,16,3,3,2,2,2,2
36,1,0,0,1,318,0,1,0,9,3,0,0,1,0,0,4,1,0,79,2,1,0,0,0,0,0,0,1,0,3,0,1,0,3388,21777,0,0,1,17,3,1,80,1,2,0,2,1,0,0,0
31,1,0,1,0,703,0,0,1,2,3,0,0,0,0,1,3,0,1,90,2,1,0,1,0,0,0,0,0,0,4,0,0,1,2785,11882,7,1,0,14,3,3,80,0,3,3,4,1,0,0,0
49,1,0,0,1,1184,0,0,1,11,3,0,1,0,0,0,3,0,1,43,3,3,0,0,0,0,0,0,0,1,4,0,1,0,7654,5860,1,1,0,18,3,1,80,2,9,3,4,9,8,7,7
39,0,0,0,1,119,0,0,1,15,4,0,1,0,0,0,2,1,0,77,3,4,0,0,0,0,0,0,0,1,1,0,0,1,13341,25098,0,1,0,12,3,1,80,0,21,3,3,20,8,11,10
31,1,1,0,0,335,0,1,0,9,2,0,0,1,0,0,3,1,0,46,2,1,0,0,0,0,0,0,1,0,1,0,0,1,2321,10322,0,0,1,22,4,1,80,0,4,0,3,3,2,1,2
50,1,0,0,1,869,0,0,1,3,2,0,1,0,0,0,1,1,0,86,2,1,0,1,0,0,0,0,0,0,3,0,1,0,2683,3810,1,0,1,14,3,3,80,0,3,2,3,3,2,0,2
32,1,0,0,1,1089,0,1,0,7,2,0,0,0,0,1,4,1,0,79,3,2,0,0,0,0,0,1,0,0,3,0,1,0,4883,22845,1,1,0,18,3,1,80,1,10,3,3,10,4,1,1
31,0,0,0,1,691,0,0,1,7,3,0,1,0,0,0,4,1,0,73,3,2,0,0,0,0,0,0,0,1,4,1,0,0,7547,7143,4,1,0,12,3,4,80,3,13,3,3,7,7,1,7
31,1,0,1,0,1445,0,1,0,1,5,0,0,0,0,1,3,0,1,100,4,3,0,0,0,0,1,0,0,0,2,0,0,1,7446,8931,1,1,0,11,3,1,80,0,10,2,3,10,8,4,7
45,1,0,0,1,1449,0,0,1,2,3,0,1,0,0,0,1,0,1,94,1,5,0,0,1,0,0,0,0,0,2,0,0,1,18824,2493,2,0,1,16,3,1,80,0,26,2,3,24,10,1,11
40,1,0,0,1,1329,0,1,0,7,3,0,0,0,0,1,1,1,0,73,3,1,0,0,0,0,0,1,0,0,1,0,0,1,2166,3339,3,0,1,14,3,2,80,0,10,3,1,4,2,0,3
44,1,0,0,1,935,0,1,0,3,3,0,0,0,0,1,1,1,0,89,3,1,0,0,0,0,0,1,0,0,1,0,1,0,2362,14669,4,1,0,12,3,3,80,0,10,4,4,3,2,1,2
36,0,1,0,0,1434,0,0,1,8,4,0,0,0,0,1,1,1,0,76,2,3,0,0,0,0,0,0,0,1,1,0,0,1,7587,14229,1,1,0,15,3,2,80,0,10,1,3,10,7,0,9
40,1,0,0,1,299,0,0,1,25,4,0,1,0,0,0,4,1,0,57,2,3,0,0,0,0,0,0,0,1,2,0,0,1,9094,17235,2,0,1,12,3,3,80,0,9,2,3,5,4,1,0
29,1,0,0,1,350,1,0,0,13,3,0,0,0,0,0,1,1,0,56,2,1,0,0,0,0,0,0,0,0,1,1,0,0,2335,3157,4,0,1,15,3,4,80,3,4,3,3,2,2,2,0
48,0,0,0,1,492,0,0,1,16,4,0,0,0,0,1,3,0,1,96,3,2,0,0,0,0,0,0,0,1,3,1,0,0,6439,13693,8,1,0,14,3,3,80,1,18,2,3,8,7,7,7
32,0,0,0,1,498,0,1,0,3,4,0,0,1,0,0,3,0,1,93,3,2,0,0,0,0,1,0,0,0,1,0,1,0,6725,13554,1,1,0,12,3,3,80,1,8,2,4,8,7,6,3
29,0,0,0,1,991,0,0,1,5,3,0,0,1,0,0,1,1,0,43,2,2,0,0,0,0,0,0,0,1,2,1,0,0,4187,3356,1,0,1,13,3,2,80,1,10,3,2,10,0,0,9
26,1,0,0,1,1330,0,1,0,21,3,0,0,1,0,0,1,1,0,37,3,1,0,0,0,0,0,1,0,0,3,1,0,0,2377,19373,1,1,0,20,4,3,80,1,1,0,2,1,1,0,0
40,0,0,0,1,118,0,0,1,14,2,0,0,0,0,1,4,0,1,84,3,2,0,0,0,0,0,0,0,1,1,0,1,0,4639,11262,1,1,0,15,3,3,80,1,5,2,3,5,4,1,2
18,0,1,0,0,287,0,1,0,5,2,0,0,0,0,1,2,1,0,73,3,1,0,0,0,0,0,0,1,0,4,0,0,1,1051,13493,1,1,0,15,3,4,80,0,0,2,3,0,0,0,0
26,1,0,0,1,1330,0,1,0,21,3,0,0,1,0,0,1,1,0,37,3,1,0,0,0,0,0,1,0,0,3,1,0,0,2377,19373,1,1,0,20,4,3,80,1,1,0,2,1,1,0,0
33,1,0,1,0,827,0,1,0,29,4,0,0,1,0,0,1,0,1,54,2,2,0,0,0,0,0,0,1,0,3,0,0,1,4508,3129,1,1,0,22,4,2,80,0,14,4,3,13,7,3,8
42,0,0,0,1,319,0,1,0,24,3,0,0,1,0,0,4,1,0,56,3,3,0,0,0,0,1,0,0,0,1,0,1,0,7406,6950,1,0,1,21,4,4,80,1,10,5,2,10,9,5,8
38,0,0,0,1,395,0,0,1,9,3,0,1,0,0,0,2,1,0,98,2,1,0,1,0,0,0,0,0,0,2,0,1,0,2899,12102,0,1,0,19,3,4,80,1,3,3,3,2,2,1,2
34,1,0,1,0,658,0,1,0,7,3,0,0,0,0,1,1,1,0,66,1,2,0,0,0,0,0,1,0,0,3,0,0,1,6074,22887,1,0,1,24,4,4,80,0,9,3,3,9,7,0,6
35,1,0,1,0,662,0,0,1,18,4,0,1,0,0,0,4,0,1,67,3,2,0,0,0,0,0,0,0,1,3,0,1,0,4614,23288,0,0,1,18,3,3,80,1,5,0,2,4,2,3,2
30,0,0,0,1,979,0,0,1,15,2,0,1,0,0,0,3,1,0,94,2,3,0,0,0,0,0,0,0,1,1,1,0,0,7140,3088,2,1,0,11,3,1,80,1,12,2,3,7,7,1,7
33,0,0,0,1,654,0,1,0,5,3,0,0,0,0,1,4,1,0,34,2,3,0,0,0,1,0,0,0,0,4,1,0,0,7119,21214,4,1,0,15,3,3,80,1,9,2,3,3,2,1,2
28,1,0,0,1,654,0,1,0,1,2,0,0,0,0,1,1,0,1,67,1,1,0,0,0,0,0,0,1,0,2,0,0,1,2216,3872,7,0,1,13,3,4,80,0,10,4,3,7,7,3,7
22,1,0,0,1,617,0,1,0,3,1,0,0,0,0,1,2,0,1,34,3,2,0,0,0,0,1,0,0,0,3,0,1,0,4171,10022,0,0,1,19,3,1,80,1,4,3,4,3,2,0,2
29,0,0,0,1,1370,0,1,0,3,1,0,0,1,0,0,2,1,0,87,3,1,0,0,0,0,0,1,0,0,1,0,0,1,4723,16213,1,0,1,18,3,4,80,0,10,3,3,10,9,1,5
35,0,0,1,0,138,0,1,0,2,3,0,0,1,0,0,2,0,1,37,3,2,0,0,0,0,0,1,0,0,2,0,0,1,4425,15986,5,1,0,11,3,4,80,0,10,5,3,6,2,1,2
31,1,0,1,0,667,0,0,1,1,4,0,0,0,0,1,2,0,1,50,1,1,0,1,0,0,0,0,0,0,3,0,0,1,1359,16154,1,1,0,12,3,2,80,0,1,3,3,1,0,0,0
37,1,0,0,1,370,0,1,0,10,4,0,0,1,0,0,4,1,0,58,3,2,0,0,0,0,1,0,0,0,1,0,0,1,4213,4992,1,1,0,15,3,2,80,0,10,4,1,10,3,0,8
55,0,1,0,0,177,0,1,0,8,1,0,0,1,0,0,4,1,0,37,2,4,0,0,0,1,0,0,0,0,2,1,0,0,13577,25592,1,0,1,15,3,4,80,1,34,3,3,33,9,15,0
28,1,0,0,1,329,0,1,0,24,3,0,0,1,0,0,3,1,0,51,3,1,0,0,0,0,0,1,0,0,2,0,1,0,2408,7324,1,0,1,17,3,3,80,3,1,3,3,1,1,0,0
30,0,0,0,1,853,0,1,0,7,4,0,0,0,0,1,3,1,0,49,3,2,0,0,0,0,0,1,0,0,3,1,0,0,3491,11309,1,1,0,13,3,1,80,3,10,4,2,10,7,8,9
45,0,1,0,0,1052,0,0,1,6,3,0,0,1,0,0,4,0,1,57,2,3,0,0,0,0,0,0,0,1,4,0,0,1,8865,16840,6,1,0,12,3,4,80,0,23,2,3,19,7,12,8
30,1,0,1,0,334,0,0,1,26,4,0,1,0,0,0,3,0,1,52,2,2,0,0,0,0,0,0,0,1,1,0,0,1,6696,22967,5,1,0,15,3,3,80,0,9,5,2,6,3,0,1
27,0,0,0,1,608,0,1,0,1,2,0,0,0,0,1,3,0,1,68,3,3,0,0,0,0,1,0,0,0,1,0,1,0,7412,6009,1,1,0,11,3,4,80,0,9,3,3,9,7,0,7
24,1,0,0,1,1448,0,0,1,1,1,1,0,0,0,0,1,0,1,62,3,1,0,1,0,0,0,0,0,0,2,0,0,1,3202,21972,1,0,1,16,3,2,80,0,6,4,3,5,3,1,4
28,0,0,0,1,1169,1,0,0,8,2,0,0,1,0,0,2,1,0,63,2,1,0,0,0,0,0,0,0,0,4,1,0,0,4936,23965,1,1,0,13,3,4,80,1,6,6,3,5,1,0,4
40,0,0,0,1,1171,0,1,0,10,4,0,0,0,0,1,4,0,1,46,4,1,0,0,0,0,0,1,0,0,3,0,1,0,2213,22495,3,0,1,13,3,3,80,1,10,3,3,7,7,1,7
20,1,0,0,1,500,0,0,1,2,3,0,0,1,0,0,3,0,1,49,2,1,0,1,0,0,0,0,0,0,3,0,0,1,2044,22052,1,1,0,13,3,4,80,0,2,3,2,2,2,0,2
50,0,0,0,1,328,0,1,0,1,3,0,0,1,0,0,3,1,0,86,2,1,0,0,0,0,0,1,0,0,3,0,1,0,3690,3425,2,1,0,15,3,4,80,1,5,2,2,3,2,0,2
25,0,0,0,1,141,0,0,1,3,1,0,0,0,1,0,3,1,0,98,3,2,0,0,0,0,0,0,0,1,1,0,1,0,4194,14363,1,0,1,18,3,4,80,0,5,3,3,5,3,0,3
35,0,0,1,0,1199,0,1,0,18,4,0,0,0,0,1,3,1,0,80,3,2,0,0,0,1,0,0,0,0,3,0,1,0,5689,24594,1,0,1,14,3,4,80,2,10,2,4,10,2,0,2
37,0,0,0,1,1319,0,1,0,6,3,0,0,1,0,0,3,1,0,51,4,2,0,0,0,0,0,0,1,0,1,1,0,0,5974,17001,4,0,1,13,3,1,80,2,13,2,3,7,7,6,7
26,1,0,1,0,887,0,1,0,5,2,0,0,1,0,0,3,0,1,88,2,1,0,0,0,0,0,0,1,0,3,0,1,0,2366,20898,1,0,1,14,3,1,80,1,8,2,3,8,7,1,7
42,0,0,0,1,622,0,1,0,2,4,0,0,0,0,1,3,0,1,81,3,2,0,0,0,1,0,0,0,0,4,0,1,0,4089,5718,1,1,0,13,3,2,80,2,10,4,3,10,2,2,2
22,1,0,0,1,391,0,1,0,7,1,0,0,0,0,1,4,1,0,75,3,1,0,0,0,0,0,0,1,0,2,0,0,1,2472,26092,1,0,1,23,4,1,80,0,1,2,3,1,0,0,0
36,1,0,0,1,318,0,1,0,9,3,0,0,1,0,0,4,1,0,79,2,1,0,0,0,0,0,0,1,0,3,0,1,0,3388,21777,0,0,1,17,3,1,80,1,2,0,2,1,0,0,0
52,1,0,0,1,723,0,1,0,8,4,0,0,1,0,0,3,1,0,85,2,2,0,0,0,0,0,0,1,0,2,0,1,0,4941,17747,2,1,0,15,3,1,80,0,11,3,2,8,2,7,7
31,1,0,1,0,1445,0,1,0,1,5,0,0,0,0,1,3,0,1,100,4,3,0,0,0,0,1,0,0,0,2,0,0,1,7446,8931,1,1,0,11,3,1,80,0,10,2,3,10,8,4,7
38,0,0,1,0,1394,0,1,0,8,3,0,0,1,0,0,4,0,1,58,2,2,0,0,0,0,0,0,1,0,2,1,0,0,2133,18115,1,0,1,16,3,3,80,1,20,3,3,20,11,0,7
38,1,0,0,1,1180,0,1,0,29,1,0,0,1,0,0,2,1,0,70,3,2,0,0,0,1,0,0,0,0,1,0,1,0,6673,11354,7,0,1,19,3,2,80,0,17,2,3,1,0,0,0
59,0,0,0,1,326,0,0,1,3,3,0,0,0,0,1,3,0,1,48,2,2,0,0,0,0,0,0,0,1,4,0,0,1,5171,16490,5,1,0,17,3,4,80,0,13,2,3,6,1,0,5
32,0,0,0,1,588,0,0,1,8,2,1,0,0,0,0,3,0,1,65,2,2,0,0,0,0,0,0,0,1,2,0,1,0,5228,24624,1,0,1,11,3,4,80,0,13,2,3,13,12,11,9
23,0,0,0,1,650,0,1,0,9,1,0,0,1,0,0,2,1,0,37,3,1,0,0,0,0,0,1,0,0,1,0,1,0,2500,4344,1,1,0,14,3,4,80,1,5,2,4,4,3,0,2
34,0,0,1,0,560,0,1,0,1,4,0,0,0,1,0,4,1,0,91,3,1,0,0,0,0,0,0,1,0,1,1,0,0,2996,20284,5,1,0,14,3,3,80,2,10,2,3,4,3,1,3
41,1,0,0,1,1102,0,0,1,1,2,0,0,0,0,1,2,0,1,94,3,2,0,0,0,0,0,0,0,1,4,0,0,1,5993,19479,8,0,1,11,3,1,80,0,8,0,1,6,4,0,5
41,0,0,0,1,918,0,0,1,6,3,0,1,0,0,0,4,1,0,35,3,3,0,0,0,0,0,0,0,1,3,0,0,1,9241,15869,1,1,0,12,3,2,80,0,10,3,3,10,8,8,7
36,0,0,0,1,928,0,0,1,1,2,0,0,0,0,1,2,1,0,56,3,2,0,0,0,0,0,0,0,1,4,0,1,0,6201,2823,1,0,1,14,3,4,80,1,18,1,2,18,14,4,11
34,1,0,1,0,234,0,1,0,9,4,0,0,0,0,1,4,1,0,93,3,2,0,0,0,0,0,1,0,0,1,0,1,0,5346,6208,4,1,0,17,3,3,80,1,11,3,2,7,1,0,7
45,1,0,1,0,306,0,0,1,26,4,0,0,0,0,1,1,0,1,100,3,2,0,0,0,0,0,0,0,1,1,0,1,0,4286,5630,2,1,0,14,3,4,80,2,5,4,3,1,1,0,0
26,0,0,1,0,1096,0,1,0,6,3,0,0,0,1,0,3,1,0,61,4,1,0,0,0,0,0,1,0,0,4,0,1,0,2544,7102,0,1,0,18,3,1,80,1,8,3,3,7,7,7,7
24,1,0,0,1,240,1,0,0,22,1,0,0,0,0,0,4,1,0,58,1,1,0,0,0,0,0,0,0,0,3,0,1,0,1555,11585,1,1,0,11,3,3,80,1,1,2,3,1,0,0,0
21,1,0,0,1,1427,0,1,0,18,1,0,0,0,1,0,4,0,1,65,3,1,0,0,0,0,0,0,1,0,4,0,0,1,2693,8870,1,1,0,19,3,1,80,0,1,3,2,1,0,0,0
40,0,0,0,1,750,0,1,0,12,3,0,0,0,0,1,2,0,1,47,3,2,0,0,0,1,0,0,0,0,1,1,0,0,4448,10748,2,1,0,12,3,2,80,1,15,3,3,7,4,7,7
41,1,0,0,1,1102,0,0,1,1,2,0,0,0,0,1,2,0,1,94,3,2,0,0,0,0,0,0,0,1,4,0,0,1,5993,19479,8,0,1,11,3,1,80,0,8,0,1,6,4,0,5
24,0,0,0,1,691,0,1,0,23,3,0,0,1,0,0,2,1,0,89,4,1,0,0,0,0,0,0,1,0,4,0,1,0,2725,21630,1,0,1,11,3,2,80,2,6,3,3,6,5,1,4
27,0,0,0,1,199,0,1,0,6,3,0,0,0,0,1,4,1,0,55,2,1,0,0,0,0,0,0,1,0,3,0,1,0,2539,7950,1,1,0,13,3,3,80,1,4,0,3,4,2,2,2
47,1,0,1,0,1093,0,0,1,9,3,0,0,0,0,1,3,1,0,82,1,4,0,0,0,0,0,0,0,1,3,0,1,0,12936,24164,7,1,0,11,3,3,80,0,25,3,1,23,5,14,10
34,1,0,1,0,296,0,0,1,6,2,0,1,0,0,0,4,0,1,33,1,1,0,1,0,0,0,0,0,0,3,1,0,0,2351,12253,0,1,0,16,3,4,80,1,3,3,2,2,2,1,0
56,0,0,0,1,1400,0,1,0,7,3,0,0,0,0,1,4,1,0,49,1,3,0,0,0,0,1,0,0,0,4,0,0,1,7260,21698,4,1,0,11,3,1,80,0,37,3,2,6,4,0,2
33,1,0,0,1,1277,0,1,0,15,1,0,0,1,0,0,2,1,0,56,3,3,0,0,1,0,0,0,0,0,3,0,1,0,13610,24619,7,0,1,12,3,4,80,0,15,2,4,7,6,7,7
29,0,0,0,1,942,0,1,0,15,1,0,0,0,0,1,2,0,1,69,1,1,0,0,0,0,0,0,1,0,4,0,1,0,2168,26933,0,0,1,18,3,1,80,1,6,2,2,5,4,1,3
26,1,0,1,0,342,0,1,0,2,3,0,0,0,0,1,1,1,0,57,3,1,0,0,0,0,0,0,1,0,1,0,1,0,2042,15346,6,0,1,14,3,2,80,1,6,2,3,3,2,1,2
51,1,0,1,0,1150,0,1,0,8,4,0,0,0,0,1,1,1,0,53,1,3,0,0,0,0,1,0,0,0,4,0,0,1,10650,25150,2,1,0,15,3,4,80,0,18,2,3,4,2,0,3
41,1,0,1,0,143,0,0,1,4,3,0,1,0,0,0,1,1,0,56,3,2,0,0,0,0,0,0,0,1,2,0,0,1,9355,9558,1,1,0,18,3,3,80,0,8,5,3,8,7,7,7
33,1,0,0,1,813,0,1,0,14,3,0,0,1,0,0,3,1,0,58,3,1,0,0,0,0,0,1,0,0,4,0,1,0,2436,22149,5,0,1,13,3,3,80,1,8,2,1,5,4,0,4
34,0,0,0,1,304,0,0,1,2,3,0,0,0,1,0,4,1,0,60,3,2,0,0,0,0,0,0,0,1,4,0,0,1,6274,18686,1,1,0,22,4,3,80,0,6,5,3,6,5,1,4
30,0,0,0,1,202,0,0,1,2,1,1,0,0,0,0,3,1,0,72,3,1,0,1,0,0,0,0,0,0,2,0,1,0,2476,17434,1,1,0,18,3,1,80,1,1,3,3,1,0,0,0
31,0,0,0,1,741,0,1,0,2,4,0,0,0,0,1,2,1,0,69,3,1,0,0,0,0,0,1,0,0,3,0,1,0,3477,18103,1,1,0,14,3,4,80,1,6,2,4,5,2,0,3
27,0,1,0,0,443,0,1,0,3,3,0,0,1,0,0,4,1,0,50,3,1,0,0,0,0,0,0,1,0,4,0,1,0,1706,16571,1,1,0,11,3,3,80,3,0,6,2,0,0,0,0
27,0,0,0,1,1469,0,1,0,1,2,0,0,1,0,0,4,1,0,82,3,1,0,0,0,0,0,1,0,0,2,1,0,0,3816,17881,1,1,0,11,3,2,80,1,5,2,3,5,2,0,4
49,0,0,0,1,1091,0,1,0,1,2,1,0,0,0,0,3,0,1,90,2,4,0,0,0,1,0,0,0,0,3,0,0,1,13964,17810,7,0,1,12,3,4,80,0,25,2,3,7,1,0,7
40,1,0,0,1,1329,0,1,0,7,3,0,0,0,0,1,1,1,0,73,3,1,0,0,0,0,0,1,0,0,1,0,0,1,2166,3339,3,0,1,14,3,2,80,0,10,3,1,4,2,0,3
36,1,0,0,1,885,0,1,0,16,4,0,0,0,0,1,3,0,1,43,4,1,0,0,0,0,0,1,0,0,1,0,0,1,2743,8269,1,1,0,16,3,3,80,0,18,1,3,17,13,15,14
33,0,0,1,0,515,0,1,0,1,2,0,0,0,0,1,1,0,1,98,3,3,1,0,0,0,0,0,0,0,4,0,0,1,13458,15146,1,0,1,12,3,3,80,0,15,1,3,15,14,8,12
32,0,0,0,1,1018,0,1,0,3,2,0,0,0,0,1,3,0,1,39,3,3,1,0,0,0,0,0,0,0,4,0,0,1,11159,19373,3,1,0,15,3,4,80,0,10,6,3,7,7,7,7
59,0,1,0,0,1420,1,0,0,2,4,0,0,0,0,0,3,0,1,32,2,5,0,0,1,0,0,0,0,0,4,0,1,0,18844,21922,9,1,0,21,4,4,80,1,30,3,3,3,2,2,2
29,0,0,0,1,136,0,1,0,1,3,0,0,0,0,1,1,1,0,89,3,2,0,0,0,1,0,0,0,0,1,0,1,0,5373,6225,0,1,0,12,3,1,80,1,6,5,2,5,3,0,2
26,0,0,1,0,496,0,1,0,11,2,0,0,1,0,0,1,1,0,60,3,2,0,0,0,1,0,0,0,0,1,0,1,0,4741,22722,1,0,1,13,3,3,80,1,5,3,3,5,3,3,3
43,1,0,0,1,1372,0,0,1,9,3,0,1,0,0,0,1,0,1,85,1,2,0,0,0,0,0,0,0,1,3,0,0,1,5346,9489,8,1,0,13,3,2,80,0,7,2,2,4,3,1,3
44,1,0,0,1,621,0,1,0,15,3,0,0,1,0,0,1,0,1,73,3,3,0,0,0,1,0,0,0,0,4,0,1,0,7978,14075,1,1,0,11,3,4,80,1,10,2,3,10,7,0,5
32,1,0,1,0,238,0,1,0,5,2,0,0,0,0,1,1,0,1,47,4,1,0,0,0,0,0,0,1,0,3,0,0,1,2432,15318,3,0,1,14,3,1,80,0,8,2,3,4,1,0,3
34,0,0,0,1,1442,0,1,0,9,3,0,0,1,0,0,4,0,1,46,2,3,0,0,0,1,0,0,0,0,2,0,0,1,8621,17654,1,1,0,14,3,2,80,0,9,3,4,8,7,7,7
28,1,1,0,0,1366,0,1,0,24,2,1,0,0,0,0,2,1,0,72,2,3,0,0,0,1,0,0,0,0,1,0,0,1,8722,12355,1,1,0,12,3,1,80,0,10,2,2,10,7,1,9
37,0,0,0,1,1470,0,1,0,10,3,0,0,1,0,0,2,0,1,71,3,1,0,0,0,0,0,0,1,0,2,0,1,0,3936,9953,1,1,0,11,3,1,80,1,8,2,1,8,4,7,7
28,0,0,0,1,1172,0,0,1,3,3,0,0,1,0,0,2,0,1,78,3,1,0,1,0,0,0,0,0,0,2,0,1,0,2856,3692,1,1,0,19,3,4,80,1,1,3,3,1,0,0,0
41,0,0,0,1,334,0,0,1,2,4,0,0,0,0,1,4,1,0,88,3,4,0,0,1,0,0,0,0,0,2,0,0,1,16015,15896,1,1,0,19,3,2,80,0,22,2,3,22,10,0,4
31,0,0,0,1,616,0,1,0,12,3,0,0,1,0,0,4,0,1,41,3,2,0,0,0,1,0,0,0,0,4,0,1,0,5855,17369,0,0,1,11,3,3,80,2,10,2,1,9,7,8,5
35,0,0,0,1,1146,1,0,0,26,4,0,0,0,0,1,3,0,1,31,3,3,0,0,0,0,0,0,0,0,4,0,0,1,8837,16642,1,0,1,16,3,3,80,0,9,2,3,9,0,1,7
47,1,0,1,0,1093,0,0,1,9,3,0,0,0,0,1,3,1,0,82,1,4,0,0,0,0,0,0,0,1,3,0,1,0,12936,24164,7,1,0,11,3,3,80,0,25,3,1,23,5,14,10
32,1,0,0,1,964,0,0,1,1,2,0,0,0,0,1,1,1,0,34,1,2,0,0,0,0,0,0,0,1,2,0,0,1,6735,12147,6,1,0,15,3,2,80,0,10,2,3,0,0,0,0
32,0,0,0,1,1373,0,1,0,5,4,0,0,0,0,1,4,1,0,56,2,2,0,0,0,0,1,0,0,0,4,0,0,1,9679,10138,8,1,0,24,4,2,80,0,8,1,3,1,0,0,0
38,0,0,0,1,702,0,0,1,1,4,0,0,0,0,1,1,0,1,59,2,2,0,0,0,0,0,0,0,1,4,0,0,1,8686,12930,4,1,0,22,4,3,80,0,12,2,4,8,3,0,7
29,1,0,0,1,896,0,1,0,18,1,0,0,1,0,0,3,1,0,86,2,1,0,0,0,0,0,0,1,0,4,0,0,1,2389,14961,1,0,1,13,3,3,80,0,4,3,2,4,3,0,1
33,1,0,0,1,118,0,0,1,16,3,0,1,0,0,0,1,0,1,69,3,2,0,0,0,0,0,0,0,1,1,0,0,1,5324,26507,5,1,0,15,3,3,80,0,6,3,3,3,2,0,2
32,1,0,1,0,238,0,1,0,5,2,0,0,0,0,1,1,0,1,47,4,1,0,0,0,0,0,0,1,0,3,0,0,1,2432,15318,3,0,1,14,3,1,80,0,8,2,3,4,1,0,3
45,0,0,0,1,549,0,1,0,8,4,0,0,0,1,0,4,1,0,75,3,2,0,0,0,0,0,0,1,0,4,0,1,0,3697,9278,9,1,0,14,3,1,80,2,12,3,3,10,9,9,8
29,1,0,1,0,337,0,1,0,14,1,0,0,0,1,0,3,0,1,84,3,3,0,0,0,1,0,0,0,0,4,0,0,1,7553,22930,0,0,1,12,3,1,80,0,9,1,3,8,7,7,7
20,1,0,1,0,871,0,1,0,6,3,0,0,0,0,1,4,0,1,66,2,1,0,0,0,0,0,1,0,0,4,0,0,1,2926,19783,1,0,1,18,3,2,80,0,1,5,3,1,0,1,0
37,1,0,0,1,1141,0,1,0,11,2,0,0,1,0,0,1,0,1,61,1,2,0,0,0,1,0,0,0,0,2,0,1,0,4777,14382,5,1,0,15,3,1,80,0,15,2,1,1,0,0,0
27,0,0,0,1,1167,0,1,0,4,2,0,0,0,0,1,1,1,0,76,3,1,0,0,0,0,0,0,1,0,3,1,0,0,2517,3208,1,1,0,11,3,2,80,3,5,2,3,5,3,0,3
52,1,0,0,1,723,0,1,0,8,4,0,0,1,0,0,3,1,0,85,2,2,0,0,0,0,0,0,1,0,2,0,1,0,4941,17747,2,1,0,15,3,1,80,0,11,3,2,8,2,7,7
37,1,0,0,1,1141,0,1,0,11,2,0,0,1,0,0,1,0,1,61,1,2,0,0,0,1,0,0,0,0,2,0,1,0,4777,14382,5,1,0,15,3,1,80,0,15,2,1,1,0,0,0
25,1,0,0,1,688,0,1,0,3,3,0,0,1,0,0,1,1,0,91,3,1,0,0,0,0,0,1,0,0,1,0,1,0,4031,9396,5,1,0,13,3,3,80,1,6,5,3,2,2,0,2
32,1,0,0,1,1045,0,0,1,4,4,0,0,1,0,0,4,1,0,32,1,3,0,0,0,0,0,0,0,1,4,0,1,0,10400,25812,1,1,0,11,3,3,80,0,14,2,2,14,8,9,8
19,1,0,0,1,303,0,1,0,2,3,0,0,0,0,1,2,1,0,47,2,1,0,0,0,0,0,1,0,0,4,0,0,1,1102,9241,1,1,0,22,4,3,80,0,1,3,2,1,0,1,0
45,0,0,0,1,374,0,0,1,20,3,0,0,0,0,1,4,0,1,50,3,2,0,0,0,0,0,0,0,1,3,0,0,1,4850,23333,8,1,0,15,3,3,80,0,8,3,3,5,3,0,1
44,1,0,0,1,935,0,1,0,3,3,0,0,0,0,1,1,1,0,89,3,1,0,0,0,0,0,1,0,0,1,0,1,0,2362,14669,4,1,0,12,3,3,80,0,10,4,4,3,2,1,2
26,1,0,0,1,471,0,1,0,24,3,1,0,0,0,0,3,1,0,66,1,1,0,0,0,0,0,1,0,0,4,0,0,1,2340,23213,1,0,1,18,3,2,80,0,1,3,1,1,0,0,0
26,1,0,0,1,1330,0,1,0,21,3,0,0,1,0,0,1,1,0,37,3,1,0,0,0,0,0,1,0,0,3,1,0,0,2377,19373,1,1,0,20,4,3,80,1,1,0,2,1,1,0,0
52,0,0,0,1,699,0,1,0,1,4,0,0,0,0,1,3,1,0,65,2,5,0,0,1,0,0,0,0,0,3,0,1,0,19999,5678,0,1,0,14,3,1,80,1,34,5,3,33,18,11,9
28,0,0,1,0,791,0,1,0,1,4,0,0,1,0,0,4,1,0,44,3,1,0,0,0,0,0,1,0,0,3,0,0,1,2154,6842,0,0,1,11,3,3,80,0,5,2,2,4,2,0,2
40,0,0,0,1,611,0,0,1,7,4,0,0,1,0,0,2,1,0,88,3,5,0,0,1,0,0,0,0,0,2,0,0,1,19833,4349,1,1,0,14,3,2,80,0,21,3,2,21,8,12,8
38,1,0,0,1,903,0,1,0,2,3,0,0,1,0,0,3,1,0,81,3,2,0,0,0,0,1,0,0,0,2,0,1,0,4855,7653,4,1,0,11,3,1,80,2,7,2,3,5,2,1,4
35,1,0,0,1,763,0,0,1,15,2,0,0,1,0,0,1,1,0,59,1,2,0,0,0,0,0,0,0,1,4,1,0,0,5440,22098,6,0,1,14,3,4,80,2,7,2,2,2,2,2,2
46,1,0,0,1,1254,0,0,1,10,3,0,0,0,0,1,3,0,1,64,3,3,0,0,0,0,0,0,0,1,2,0,1,0,7314,14011,5,1,0,21,4,3,80,3,14,2,3,8,7,0,7
28,1,0,1,0,289,0,1,0,2,2,0,0,1,0,0,3,1,0,38,2,1,0,0,0,0,0,1,0,0,1,0,0,1,2561,5355,7,1,0,11,3,3,80,0,8,2,2,0,0,0,0
50,1,0,1,0,878,0,0,1,1,4,0,0,0,0,1,2,1,0,94,3,2,0,0,0,0,0,0,0,1,3,1,0,0,6728,14255,7,1,0,12,3,4,80,2,12,3,3,6,3,0,1
52,1,0,0,1,1030,0,0,1,5,3,0,0,0,0,1,2,1,0,64,3,3,0,0,0,0,0,0,0,1,2,0,0,1,8446,21534,9,0,1,19,3,3,80,0,10,2,2,8,7,7,7
22,1,0,0,1,617,0,1,0,3,1,0,0,0,0,1,2,0,1,34,3,2,0,0,0,0,1,0,0,0,3,0,1,0,4171,10022,0,0,1,19,3,1,80,1,4,3,4,3,2,0,2
28,1,0,0,1,529,0,1,0,2,4,0,0,0,0,1,1,1,0,79,3,1,0,0,0,0,0,1,0,0,3,0,0,1,3485,14935,2,1,0,11,3,3,80,0,5,5,1,0,0,0,0
27,0,0,0,1,1055,0,1,0,2,4,0,0,0,0,1,1,0,1,47,3,2,0,0,0,0,1,0,0,0,4,0,1,0,4227,4658,0,1,0,18,3,2,80,1,4,2,3,3,2,2,2
25,1,0,0,1,383,0,0,1,9,2,0,0,0,0,1,1,1,0,68,2,1,0,1,0,0,0,0,0,0,1,0,1,0,4400,15182,3,1,0,12,3,1,80,0,6,2,3,3,2,2,2
32,1,0,0,1,374,0,1,0,25,4,0,0,0,0,1,1,1,0,87,3,1,0,0,0,0,0,1,0,0,4,0,0,1,2795,18016,1,0,1,24,4,3,80,0,1,2,1,1,0,0,1
25,0,1,0,0,675,0,1,0,5,2,0,0,0,0,1,2,1,0,85,4,2,0,0,0,1,0,0,0,0,1,1,0,0,4000,18384,1,1,0,12,3,4,80,2,6,2,3,6,3,1,5
39,0,0,0,1,408,0,1,0,2,4,1,0,0,0,0,4,0,1,80,2,2,0,0,0,1,0,0,0,0,3,0,0,1,4553,20978,1,1,0,11,3,1,80,0,20,4,3,20,7,11,10
29,0,0,0,1,1378,0,1,0,13,2,0,0,0,1,0,4,1,0,46,2,2,0,0,0,0,0,1,0,0,2,0,1,0,4025,23679,4,0,1,13,3,1,80,1,10,2,3,4,3,0,3
33,1,0,0,1,813,0,1,0,14,3,0,0,1,0,0,3,1,0,58,3,1,0,0,0,0,0,1,0,0,4,0,1,0,2436,22149,5,0,1,13,3,3,80,1,8,2,1,5,4,0,4
36,0,0,0,1,216,0,1,0,6,2,0,0,1,0,0,2,1,0,84,3,2,0,0,0,0,1,0,0,0,2,1,0,0,4941,2819,6,1,0,20,4,4,80,2,7,0,3,3,2,0,1
24,0,0,0,1,581,0,1,0,9,3,0,0,1,0,0,3,1,0,62,4,1,0,0,0,0,0,0,1,0,3,0,1,0,4401,17616,1,1,0,16,3,4,80,1,5,1,3,5,3,0,4
36,0,0,0,1,1223,0,1,0,8,3,1,0,0,0,0,3,0,1,59,3,3,0,0,0,1,0,0,0,0,3,1,0,0,10096,8202,1,1,0,13,3,2,80,3,17,2,3,17,14,12,8
27,0,0,0,1,1103,0,1,0,14,3,0,0,0,0,1,1,1,0,42,3,1,0,0,0,0,0,0,1,0,1,0,1,0,2235,14377,1,0,1,14,3,4,80,2,9,3,2,9,7,6,8
36,0,1,0,0,1351,0,1,0,9,4,0,0,0,0,1,1,1,0,66,4,1,0,0,0,0,0,1,0,0,2,0,1,0,2810,9238,1,1,0,22,4,2,80,0,5,3,3,5,4,0,2
53,0,0,0,1,346,0,1,0,6,3,0,0,0,0,1,4,1,0,86,3,2,0,0,0,0,0,1,0,0,4,0,0,1,2450,10919,2,1,0,17,3,4,80,0,19,4,3,2,2,2,2
36,0,0,0,1,1266,0,0,1,10,4,1,0,0,0,0,2,0,1,63,2,2,0,0,0,0,0,0,0,1,3,0,1,0,5673,6060,1,0,1,13,3,1,80,1,10,4,3,10,9,1,7
25,0,0,0,1,685,0,1,0,1,3,0,0,0,0,1,1,0,1,62,3,2,0,0,0,0,1,0,0,0,3,0,1,0,4898,7505,0,1,0,12,3,4,80,2,5,3,3,4,2,1,2
31,0,0,0,1,691,0,1,0,5,4,1,0,0,0,0,3,1,0,86,3,1,0,0,0,0,0,0,1,0,4,0,1,0,4821,10077,0,0,1,12,3,3,80,1,6,4,3,5,2,0,3
44,0,0,1,0,1193,0,1,0,2,1,0,0,1,0,0,2,1,0,86,3,3,0,0,0,0,1,0,0,0,3,0,0,1,10209,19719,5,0,1,18,3,2,80,0,16,2,2,2,2,2,2
46,0,0,0,1,1485,0,1,0,18,3,0,0,1,0,0,3,0,1,87,3,2,0,0,0,0,1,0,0,0,3,1,0,0,4810,26314,2,1,0,14,3,3,80,1,19,5,2,10,7,0,8
39,0,0,0,1,492,0,1,0,12,3,0,0,1,0,0,4,1,0,66,3,2,0,0,0,0,1,0,0,0,2,0,1,0,5295,7693,4,1,0,21,4,3,80,0,7,3,3,5,4,1,0
49,0,0,0,1,301,0,1,0,22,4,0,0,0,1,0,1,0,1,72,3,4,1,0,0,0,0,0,0,0,2,0,1,0,16413,3498,3,1,0,16,3,2,80,2,27,2,3,4,2,1,2
32,1,0,1,0,1125,0,1,0,16,1,0,0,0,0,1,2,0,1,72,1,1,0,0,0,0,0,0,1,0,1,0,0,1,3919,4681,1,0,1,22,4,2,80,0,10,5,3,10,2,6,7
50,0,1,0,0,881,0,1,0,2,4,0,0,0,0,1,1,1,0,98,3,4,0,0,1,0,0,0,0,0,1,1,0,0,17924,4544,1,1,0,11,3,4,80,1,31,3,3,31,6,14,7
31,0,0,0,1,828,0,0,1,2,1,0,0,0,0,1,2,1,0,77,3,2,0,0,0,0,0,0,0,1,4,0,0,1,6582,8346,4,0,1,13,3,3,80,0,10,2,4,6,5,0,5
30,0,0,0,1,413,0,0,1,7,1,0,1,0,0,0,4,1,0,57,3,1,0,1,0,0,0,0,0,0,2,0,0,1,2983,18398,0,1,0,14,3,1,80,0,4,3,3,3,2,1,2
50,1,0,0,1,869,0,0,1,3,2,0,1,0,0,0,1,1,0,86,2,1,0,1,0,0,0,0,0,0,3,0,1,0,2683,3810,1,0,1,14,3,3,80,0,3,2,3,3,2,0,2
54,0,0,1,0,928,0,1,0,20,4,0,0,0,0,1,4,0,1,31,3,2,0,0,0,0,0,0,1,0,3,0,0,1,4869,16885,3,1,0,12,3,4,80,0,20,4,2,4,3,0,3
44,1,0,0,1,621,0,1,0,15,3,0,0,1,0,0,1,0,1,73,3,3,0,0,0,1,0,0,0,0,4,0,1,0,7978,14075,1,1,0,11,3,4,80,1,10,2,3,10,7,0,5
40,1,0,0,1,1329,0,1,0,7,3,0,0,0,0,1,1,1,0,73,3,1,0,0,0,0,0,1,0,0,1,0,0,1,2166,3339,3,0,1,14,3,2,80,0,10,3,1,4,2,0,3
52,1,0,0,1,1030,0,0,1,5,3,0,0,0,0,1,2,1,0,64,3,3,0,0,0,0,0,0,0,1,2,0,0,1,8446,21534,9,0,1,19,3,3,80,0,10,2,2,8,7,7,7
51,1,0,1,0,1150,0,1,0,8,4,0,0,0,0,1,1,1,0,53,1,3,0,0,0,0,1,0,0,0,4,0,0,1,10650,25150,2,1,0,15,3,4,80,0,18,2,3,4,2,0,3
57,0,0,0,1,405,0,1,0,1,2,0,0,0,0,1,2,1,0,93,4,2,0,0,0,0,0,0,1,0,3,0,1,0,4900,2721,0,1,0,24,4,1,80,1,13,2,2,12,9,2,8
28,0,1,0,0,120,0,0,1,4,3,0,0,1,0,0,2,1,0,43,3,2,0,0,0,0,0,0,0,1,3,0,1,0,4221,8863,1,1,0,15,3,2,80,0,5,3,4,5,4,0,4
25,1,0,0,1,383,0,0,1,9,2,0,0,0,0,1,1,1,0,68,2,1,0,1,0,0,0,0,0,0,1,0,1,0,4400,15182,3,1,0,12,3,1,80,0,6,2,3,3,2,2,2
25,1,0,0,1,688,0,1,0,3,3,0,0,1,0,0,1,1,0,91,3,1,0,0,0,0,0,1,0,0,1,0,1,0,4031,9396,5,1,0,13,3,3,80,1,6,5,3,2,2,0,2
33,0,1,0,0,750,0,0,1,22,2,0,1,0,0,0,3,1,0,95,3,2,0,0,0,0,0,0,0,1,2,0,1,0,6146,15480,0,1,0,13,3,1,80,1,8,2,4,7,7,0,7
29,0,0,0,1,1247,0,0,1,20,2,0,1,0,0,0,4,1,0,45,3,2,0,0,0,0,0,0,0,1,4,1,0,0,6931,10732,2,1,0,14,3,4,80,1,10,2,3,3,2,0,2
31,1,0,1,0,523,0,1,0,2,3,0,0,0,0,1,2,1,0,94,3,1,0,0,0,0,0,1,0,0,4,0,1,0,3722,21081,6,0,1,13,3,3,80,1,7,2,1,2,2,2,2
55,0,1,0,0,444,0,1,0,2,1,0,0,1,0,0,3,1,0,40,2,4,0,0,1,0,0,0,0,0,1,0,0,1,16756,17323,7,1,0,15,3,2,80,0,31,3,4,9,7,6,2
45,1,0,0,1,1449,0,0,1,2,3,0,1,0,0,0,1,0,1,94,1,5,0,0,1,0,0,0,0,0,2,0,0,1,18824,2493,2,0,1,16,3,1,80,0,26,2,3,24,10,1,11
37,1,0,0,1,807,1,0,0,6,4,0,0,0,0,0,3,1,0,63,3,1,0,0,0,0,0,0,0,0,1,1,0,0,2073,23648,4,0,1,22,4,4,80,0,7,3,3,3,2,0,2
32,0,0,1,0,1316,0,1,0,2,2,0,0,0,0,1,4,0,1,38,3,2,0,0,0,0,0,0,1,0,3,0,0,1,4998,2338,4,0,1,14,3,4,80,0,10,2,3,8,7,0,7
26,1,1,0,0,265,0,0,1,29,2,0,0,1,0,0,2,1,0,79,1,2,0,0,0,0,0,0,0,1,1,0,0,1,4969,21813,8,1,0,18,3,4,80,0,7,6,3,2,2,2,2
35,0,0,0,1,1214,0,1,0,1,3,0,0,1,0,0,2,1,0,30,2,1,0,0,0,0,0,0,1,0,3,0,0,1,2859,26278,1,1,0,18,3,1,80,0,6,3,3,6,4,0,4
34,1,0,0,1,699,0,1,0,6,1,0,0,1,0,0,2,1,0,83,3,1,0,0,0,0,0,0,1,0,1,0,0,1,2960,17102,2,1,0,11,3,3,80,0,8,2,3,4,2,1,3
39,0,0,1,0,711,0,1,0,4,3,0,0,1,0,0,1,0,1,81,3,2,0,0,0,0,1,0,0,0,3,0,0,1,5042,3140,0,1,0,13,3,4,80,0,10,2,1,9,2,3,8
33,1,0,0,1,1277,0,1,0,15,1,0,0,1,0,0,2,1,0,56,3,3,0,0,1,0,0,0,0,0,3,0,1,0,13610,24619,7,0,1,12,3,4,80,0,15,2,4,7,6,7,7
36,0,1,0,0,217,0,1,0,18,4,0,0,0,0,1,1,1,0,78,3,2,0,0,0,0,1,0,0,0,4,0,0,1,7779,23238,2,1,0,20,4,1,80,0,18,0,3,11,9,0,9
50,0,0,1,0,809,0,0,1,12,3,0,1,0,0,0,3,0,1,77,3,3,0,0,0,0,0,0,0,1,4,0,0,1,9208,6645,4,1,0,11,3,4,80,0,16,3,3,2,2,2,1
18,1,0,1,0,1306,0,0,1,5,3,0,1,0,0,0,2,1,0,69,3,1,0,1,0,0,0,0,0,0,2,0,0,1,1878,8059,1,0,1,14,3,4,80,0,0,3,3,0,0,0,0
30,1,0,0,1,138,0,1,0,22,3,0,0,0,0,1,1,0,1,48,3,1,0,0,0,0,0,0,1,0,3,0,1,0,2132,11539,4,0,1,11,3,2,80,0,7,2,3,5,2,0,1
31,1,0,0,1,1079,0,0,1,16,4,0,1,0,0,0,1,1,0,70,3,3,0,0,0,0,0,0,0,1,3,0,1,0,8161,19002,2,1,0,13,3,1,80,3,10,2,3,1,0,0,0
23,1,0,0,1,1320,0,1,0,8,1,0,0,1,0,0,4,1,0,93,2,1,0,0,0,0,0,1,0,0,3,0,0,1,3989,20586,1,0,1,11,3,1,80,0,5,2,3,5,4,1,2
25,1,0,0,1,383,0,0,1,9,2,0,0,0,0,1,1,1,0,68,2,1,0,1,0,0,0,0,0,0,1,0,1,0,4400,15182,3,1,0,12,3,1,80,0,6,2,3,3,2,2,2
32,1,0,0,1,1259,0,1,0,2,4,0,0,0,0,1,4,1,0,95,3,1,0,0,0,0,0,1,0,0,2,0,0,1,1393,24852,1,1,0,12,3,1,80,0,1,2,3,1,0,0,0
34,0,0,0,1,937,0,0,1,1,3,0,1,0,0,0,1,1,0,32,3,3,0,0,0,0,0,0,0,1,4,0,0,1,9888,6770,1,1,0,21,4,1,80,0,14,3,2,14,8,2,1
50,0,0,0,1,989,0,1,0,7,2,0,0,1,0,0,2,0,1,43,2,5,1,0,0,0,0,0,0,0,3,1,0,0,18740,16701,5,0,1,12,3,4,80,1,29,2,2,27,3,13,8
46,1,0,0,1,377,0,0,1,9,3,0,1,0,0,0,1,1,0,52,3,3,0,0,0,0,0,0,0,1,4,1,0,0,10096,15986,4,1,0,11,3,1,80,1,28,1,4,7,7,4,3
29,1,0,0,1,318,0,1,0,8,4,0,0,0,1,0,2,1,0,77,1,1,0,0,0,0,0,1,0,0,1,0,1,0,2119,4759,1,0,1,11,3,4,80,0,7,4,2,7,7,0,7
30,0,0,0,1,793,0,1,0,16,1,0,0,0,0,1,2,1,0,33,3,1,0,0,0,0,0,0,1,0,4,0,1,0,2862,3811,1,1,0,12,3,2,80,1,10,2,2,10,0,0,8
29,1,0,1,0,459,0,1,0,24,2,0,0,0,0,1,4,1,0,73,2,1,0,0,0,0,0,0,1,0,4,0,0,1,2439,14753,1,0,1,24,4,2,80,0,1,3,2,1,0,1,0
25,1,0,0,1,688,0,1,0,3,3,0,0,1,0,0,1,1,0,91,3,1,0,0,0,0,0,1,0,0,1,0,1,0,4031,9396,5,1,0,13,3,3,80,1,6,5,3,2,2,0,2
46,1,0,0,1,261,0,1,0,21,2,0,0,1,0,0,4,0,1,66,3,2,0,0,0,1,0,0,0,0,2,0,1,0,8926,10842,4,1,0,22,4,4,80,1,13,2,4,9,7,3,7
58,1,0,0,1,147,0,1,0,23,4,0,0,1,0,0,4,0,1,94,3,3,0,0,0,1,0,0,0,0,4,0,1,0,10312,3465,1,1,0,12,3,4,80,1,40,3,2,40,10,15,6
41,1,0,0,1,1356,0,0,1,20,2,0,1,0,0,0,2,0,1,70,3,1,0,1,0,0,0,0,0,0,2,0,0,1,3140,21728,1,0,1,22,4,4,80,0,4,5,2,4,3,0,2
50,1,0,1,0,562,0,0,1,8,2,1,0,0,0,0,2,1,0,50,3,2,0,0,0,0,0,0,0,1,3,0,1,0,6796,23452,3,0,1,14,3,1,80,1,18,4,3,4,3,1,3
52,1,0,0,1,723,0,1,0,8,4,0,0,1,0,0,3,1,0,85,2,2,0,0,0,0,0,0,1,0,2,0,1,0,4941,17747,2,1,0,15,3,1,80,0,11,3,2,8,2,7,7
30,0,0,0,1,852,0,1,0,1,1,0,0,0,0,1,4,1,0,55,2,2,0,0,0,0,0,1,0,0,4,0,1,0,5126,15998,1,0,1,12,3,3,80,2,10,1,2,10,8,3,0
46,0,0,0,1,406,0,0,1,3,1,0,1,0,0,0,1,1,0,52,3,4,0,0,1,0,0,0,0,0,3,0,1,0,17465,15596,3,1,0,12,3,4,80,1,23,3,3,12,9,4,9
38,0,1,0,0,1327,0,0,1,2,2,0,0,0,0,1,4,1,0,39,2,2,0,0,0,0,0,0,0,1,4,0,1,0,5249,19682,3,1,0,18,3,4,80,1,13,0,3,8,7,7,5
40,0,1,0,0,1094,0,0,1,28,3,0,0,0,1,0,3,1,0,58,1,3,0,0,0,0,0,0,0,1,1,1,0,0,10932,11373,3,1,0,15,3,3,80,1,20,2,3,1,0,0,1
29,1,0,0,1,350,1,0,0,13,3,0,0,0,0,0,1,1,0,56,2,1,0,0,0,0,0,0,0,0,1,1,0,0,2335,3157,4,0,1,15,3,4,80,3,4,3,3,2,2,2,0
29,1,0,0,1,896,0,1,0,18,1,0,0,1,0,0,3,1,0,86,2,1,0,0,0,0,0,0,1,0,4,0,0,1,2389,14961,1,0,1,13,3,3,80,0,4,3,2,4,3,0,1
23,1,0,0,1,1243,0,1,0,6,3,0,0,0,0,1,3,1,0,63,4,1,0,0,0,0,0,1,0,0,1,0,1,0,1601,3445,1,0,1,21,4,3,80,2,1,2,3,0,0,0,0
30,1,0,0,1,138,0,1,0,22,3,0,0,0,0,1,1,0,1,48,3,1,0,0,0,0,0,0,1,0,3,0,1,0,2132,11539,4,0,1,11,3,2,80,0,7,2,3,5,2,0,1
28,1,0,1,0,289,0,1,0,2,2,0,0,1,0,0,3,1,0,38,2,1,0,0,0,0,0,1,0,0,1,0,0,1,2561,5355,7,1,0,11,3,3,80,0,8,2,2,0,0,0,0
56,0,0,0,1,1369,0,1,0,23,3,0,0,0,0,1,4,1,0,68,3,4,0,0,0,0,1,0,0,0,2,0,1,0,13402,18235,4,0,1,12,3,1,80,1,33,0,3,19,16,15,9
51,0,0,0,1,1405,0,1,0,11,2,1,0,0,0,0,4,0,1,82,2,4,0,0,0,0,1,0,0,0,2,0,0,1,13142,24439,3,1,0,16,3,2,80,0,29,1,2,5,2,0,3
35,0,0,0,1,1361,0,0,1,17,4,0,0,0,0,1,3,1,0,94,3,2,0,0,0,0,0,0,0,1,1,0,1,0,8966,21026,3,0,1,15,3,4,80,3,15,2,3,7,7,1,7
36,0,0,1,0,1302,0,1,0,6,4,0,0,0,0,1,1,1,0,80,4,2,0,0,0,0,0,1,0,0,1,0,1,0,5562,19711,3,0,1,13,3,4,80,1,9,3,3,3,2,0,2
48,0,0,0,1,1469,0,1,0,20,4,0,0,1,0,0,4,1,0,51,3,1,0,0,0,0,0,0,1,0,3,0,1,0,2259,5543,4,1,0,17,3,1,80,2,13,2,2,0,0,0,0
25,1,0,0,1,688,0,1,0,3,3,0,0,1,0,0,1,1,0,91,3,1,0,0,0,0,0,1,0,0,1,0,1,0,4031,9396,5,1,0,13,3,3,80,1,6,5,3,2,2,0,2
28,1,0,0,1,329,0,1,0,24,3,0,0,1,0,0,3,1,0,51,3,1,0,0,0,0,0,1,0,0,2,0,1,0,2408,7324,1,0,1,17,3,3,80,3,1,3,3,1,1,0,0
44,0,1,0,0,111,0,1,0,17,3,0,0,0,0,1,4,1,0,74,1,1,0,0,0,0,0,0,1,0,3,0,0,1,2290,4279,2,1,0,13,3,4,80,0,6,3,3,0,0,0,0
42,0,0,0,1,635,0,0,1,1,1,0,0,0,0,1,2,1,0,99,3,2,0,0,0,0,0,0,0,1,3,0,1,0,4907,24532,1,1,0,25,4,3,80,0,20,3,3,20,16,11,6
31,1,0,0,1,249,0,0,1,6,4,0,0,0,0,1,2,1,0,76,1,2,0,0,0,0,0,0,0,1,3,0,1,0,6172,20739,4,0,1,18,3,2,80,0,12,3,2,7,7,7,7
38,0,0,0,1,770,0,0,1,10,4,0,1,0,0,0,3,1,0,73,2,3,0,0,0,0,0,0,0,1,3,1,0,0,8740,5569,0,0,1,14,3,2,80,2,9,2,3,8,7,2,7
50,1,0,1,0,878,0,0,1,1,4,0,0,0,0,1,2,1,0,94,3,2,0,0,0,0,0,0,0,1,3,1,0,0,6728,14255,7,1,0,12,3,4,80,2,12,3,3,6,3,0,1
29,1,0,0,1,992,0,1,0,1,3,1,0,0,0,0,3,1,0,85,3,1,0,0,0,0,0,0,1,0,3,0,0,1,2058,19757,0,1,0,14,3,4,80,0,7,1,2,6,2,1,5
39,0,0,0,1,613,0,1,0,6,1,0,0,1,0,0,4,1,0,42,2,3,0,0,0,1,0,0,0,0,1,0,1,0,9991,21457,4,1,0,15,3,1,80,1,9,5,3,7,7,1,7
49,0,0,0,1,1490,0,1,0,7,4,0,0,0,0,1,3,1,0,35,3,3,0,0,0,1,0,0,0,0,2,1,0,0,10466,20948,3,1,0,14,3,2,80,2,29,3,3,8,7,0,7
21,1,0,0,1,156,0,0,1,12,3,0,0,0,0,1,3,0,1,90,4,1,0,1,0,0,0,0,0,0,2,0,0,1,2716,25422,1,1,0,15,3,4,80,0,1,0,3,1,0,0,0
58,1,0,0,1,289,0,1,0,2,3,1,0,0,0,0,4,1,0,51,3,1,0,0,0,0,0,0,1,0,3,0,0,1,2479,26227,4,1,0,24,4,1,80,0,7,4,3,1,0,0,0
26,1,0,1,0,342,0,1,0,2,3,0,0,0,0,1,1,1,0,57,3,1,0,0,0,0,0,0,1,0,1,0,1,0,2042,15346,6,0,1,14,3,2,80,1,6,2,3,3,2,1,2
50,1,0,0,1,410,0,0,1,28,3,0,1,0,0,0,4,1,0,39,2,3,0,0,0,0,0,0,0,1,1,1,0,0,10854,16586,4,0,1,13,3,2,80,1,20,3,3,3,2,2,0
46,1,0,0,1,669,0,0,1,9,2,0,0,1,0,0,3,1,0,64,2,3,0,0,0,0,0,0,0,1,4,0,0,1,9619,13596,1,1,0,16,3,4,80,0,9,3,3,9,8,4,7
37,0,0,0,1,161,0,1,0,10,3,0,0,0,0,1,3,0,1,42,4,3,1,0,0,0,0,0,0,0,4,0,1,0,13744,15471,1,0,1,25,4,1,80,1,16,2,3,16,11,6,8
36,0,0,0,1,1403,0,1,0,6,3,0,0,0,0,1,4,1,0,47,3,1,0,0,0,0,0,1,0,0,4,0,1,0,3210,20251,0,1,0,11,3,3,80,1,16,4,3,15,13,10,11
41,0,0,1,0,840,0,1,0,9,3,0,0,1,0,0,1,1,0,64,3,5,1,0,0,0,0,0,0,0,3,1,0,0,19419,3735,2,1,0,17,3,2,80,1,21,2,4,18,16,0,11
58,1,0,0,1,147,0,1,0,23,4,0,0,1,0,0,4,0,1,94,3,3,0,0,0,1,0,0,0,0,4,0,1,0,10312,3465,1,1,0,12,3,4,80,1,40,3,2,40,10,15,6
49,1,0,0,1,1184,0,0,1,11,3,0,1,0,0,0,3,0,1,43,3,3,0,0,0,0,0,0,0,1,4,0,1,0,7654,5860,1,1,0,18,3,1,80,2,9,3,4,9,8,7,7
27,0,0,1,0,472,0,1,0,1,1,1,0,0,0,0,3,1,0,60,2,2,0,0,0,0,1,0,0,0,1,0,1,0,4298,9679,5,1,0,19,3,3,80,1,6,1,3,2,2,2,0
40,1,0,0,1,299,0,0,1,25,4,0,1,0,0,0,4,1,0,57,2,3,0,0,0,0,0,0,0,1,2,0,0,1,9094,17235,2,0,1,12,3,3,80,0,9,2,3,5,4,1,0
34,0,0,0,1,1111,0,0,1,8,2,0,0,0,0,1,3,0,1,93,3,2,0,0,0,0,0,0,0,1,1,0,1,0,6500,13305,5,1,0,17,3,2,80,1,6,1,3,3,2,1,2
45,0,0,0,1,950,0,1,0,28,3,1,0,0,0,0,4,1,0,97,3,1,0,0,0,0,0,0,1,0,4,0,1,0,2132,4585,4,1,0,20,4,4,80,1,8,3,3,5,4,0,3
28,1,0,1,0,289,0,1,0,2,2,0,0,1,0,0,3,1,0,38,2,1,0,0,0,0,0,1,0,0,1,0,0,1,2561,5355,7,1,0,11,3,3,80,0,8,2,2,0,0,0,0
37,1,0,0,1,370,0,1,0,10,4,0,0,1,0,0,4,1,0,58,3,2,0,0,0,0,1,0,0,0,1,0,0,1,4213,4992,1,1,0,15,3,2,80,0,10,4,1,10,3,0,8
45,0,0,1,0,1297,0,1,0,1,4,0,0,1,0,0,2,1,0,44,3,2,0,0,0,1,0,0,0,0,3,0,0,1,5399,14511,4,1,0,12,3,3,80,0,12,3,3,4,2,0,3
21,0,0,0,1,1343,0,0,1,22,1,1,0,0,0,0,3,1,0,49,3,1,0,1,0,0,0,0,0,0,3,0,0,1,3447,24444,1,1,0,11,3,3,80,0,3,2,3,3,2,1,2
35,1,0,0,1,556,0,1,0,23,2,0,0,0,0,1,2,1,0,50,2,2,0,0,0,0,1,0,0,0,3,0,1,0,5916,15497,3,0,1,13,3,1,80,0,8,1,3,1,0,0,1
36,0,0,1,0,566,0,1,0,18,4,0,0,0,0,1,3,1,0,81,4,1,0,0,0,0,0,1,0,0,4,0,1,0,3688,7122,4,1,0,18,3,4,80,2,4,2,3,1,0,0,0
35,1,0,0,1,303,0,0,1,27,3,0,0,0,0,1,3,1,0,84,3,2,0,0,0,0,0,0,0,1,4,0,0,1,5813,13492,1,0,1,18,3,4,80,0,10,2,3,10,7,7,7
28,1,0,0,1,529,0,1,0,2,4,0,0,0,0,1,1,1,0,79,3,1,0,0,0,0,0,1,0,0,3,0,0,1,3485,14935,2,1,0,11,3,3,80,0,5,5,1,0,0,0,0
28,1,0,1,0,1496,0,0,1,1,3,1,0,0,0,0,1,1,0,92,3,1,0,1,0,0,0,0,0,0,3,0,1,0,2909,15747,3,1,0,15,3,4,80,1,5,3,4,3,2,1,2
35,0,0,0,1,538,0,1,0,25,2,0,0,0,1,0,1,1,0,54,2,2,0,0,0,0,0,1,0,0,4,0,0,1,3681,14004,4,1,0,14,3,4,80,0,9,3,3,3,2,0,2
52,1,0,0,1,1030,0,0,1,5,3,0,0,0,0,1,2,1,0,64,3,3,0,0,0,0,0,0,0,1,2,0,0,1,8446,21534,9,0,1,19,3,3,80,0,10,2,2,8,7,7,7
31,0,0,0,1,329,0,1,0,1,2,0,0,0,0,1,4,1,0,98,2,1,0,0,0,0,0,1,0,0,1,0,1,0,2218,16193,1,1,0,12,3,3,80,1,4,3,3,4,2,3,2
59,0,0,0,1,1089,0,0,1,1,2,1,0,0,0,0,2,1,0,66,3,3,0,0,1,0,0,0,0,0,4,0,1,0,11904,11038,3,0,1,14,3,3,80,1,14,1,1,6,4,0,4
40,1,0,0,1,676,0,1,0,9,4,0,0,0,0,1,4,1,0,86,3,1,0,0,0,0,0,1,0,0,1,0,0,1,2018,21831,3,1,0,14,3,2,80,0,15,3,1,5,4,1,0
54,0,1,0,0,142,1,0,0,26,3,0,0,0,0,0,4,0,1,30,4,4,0,0,1,0,0,0,0,0,4,0,0,1,17328,13871,2,0,1,12,3,3,80,0,23,3,3,5,3,4,4
26,1,0,1,0,342,0,1,0,2,3,0,0,0,0,1,1,1,0,57,3,1,0,0,0,0,0,0,1,0,1,0,1,0,2042,15346,6,0,1,14,3,2,80,1,6,2,3,3,2,1,2
52,0,0,0,1,994,0,1,0,7,4,0,0,0,0,1,2,1,0,87,3,3,0,0,0,1,0,0,0,0,2,0,0,1,10445,15322,7,1,0,19,3,4,80,0,18,4,3,8,6,4,0
28,1,0,0,1,103,0,1,0,24,3,0,0,0,0,1,3,1,0,50,2,1,0,0,0,0,0,1,0,0,3,0,0,1,2028,12947,5,0,1,14,3,2,80,0,6,4,3,4,2,0,3
26,1,0,1,0,887,0,1,0,5,2,0,0,1,0,0,3,0,1,88,2,1,0,0,0,0,0,0,1,0,3,0,1,0,2366,20898,1,0,1,14,3,1,80,1,8,2,3,8,7,1,7
39,0,0,0,1,903,0,0,1,2,5,0,0,0,0,1,1,1,0,41,4,3,0,0,0,0,0,0,0,1,3,0,0,1,7880,2560,0,1,0,18,3,4,80,0,9,3,3,8,7,0,7
31,1,0,1,0,534,0,1,0,20,3,0,0,0,0,1,1,1,0,66,3,3,0,0,0,1,0,0,0,0,3,0,1,0,9824,22908,3,1,0,12,3,1,80,0,12,2,3,1,0,0,0
21,1,0,0,1,156,0,0,1,12,3,0,0,0,0,1,3,0,1,90,4,1,0,1,0,0,0,0,0,0,2,0,0,1,2716,25422,1,1,0,15,3,4,80,0,1,0,3,1,0,0,0
40,1,0,0,1,1329,0,1,0,7,3,0,0,0,0,1,1,1,0,73,3,1,0,0,0,0,0,1,0,0,1,0,0,1,2166,3339,3,0,1,14,3,2,80,0,10,3,1,4,2,0,3
36,1,0,0,1,318,0,1,0,9,3,0,0,1,0,0,4,1,0,79,2,1,0,0,0,0,0,0,1,0,3,0,1,0,3388,21777,0,0,1,17,3,1,80,1,2,0,2,1,0,0,0
24,0,0,1,0,567,0,1,0,2,1,1,0,0,0,0,1,0,1,32,3,1,0,0,0,0,0,0,1,0,4,0,0,1,3760,17218,1,0,1,13,3,3,80,0,6,2,3,6,3,1,3
26,1,0,0,1,471,0,1,0,24,3,1,0,0,0,0,3,1,0,66,1,1,0,0,0,0,0,1,0,0,4,0,0,1,2340,23213,1,0,1,18,3,2,80,0,1,3,1,1,0,0,0
48,0,0,0,1,1221,0,0,1,7,3,0,1,0,0,0,3,1,0,96,3,2,0,0,0,0,0,0,0,1,1,1,0,0,5486,24795,4,1,0,11,3,1,80,3,15,3,3,2,2,2,2
45,0,0,0,1,1457,0,1,0,7,3,0,0,1,0,0,1,0,1,83,3,1,0,0,0,0,0,0,1,0,3,0,1,0,4477,20100,4,0,1,19,3,3,80,1,7,2,2,3,2,0,2
32,1,0,0,1,1259,0,1,0,2,4,0,0,0,0,1,4,1,0,95,3,1,0,0,0,0,0,1,0,0,2,0,0,1,1393,24852,1,1,0,12,3,1,80,0,1,2,3,1,0,0,0
35,0,0,0,1,819,0,1,0,18,5,0,0,0,0,1,2,1,0,48,4,2,0,0,0,0,0,0,1,0,1,0,1,0,5208,26312,1,1,0,11,3,4,80,0,16,2,3,16,15,1,10
44,0,0,0,1,1099,0,0,1,5,3,0,1,0,0,0,2,1,0,88,3,5,0,0,1,0,0,0,0,0,2,0,1,0,18213,8751,7,1,0,11,3,3,80,1,26,5,3,22,9,3,10
28,1,0,0,1,529,0,1,0,2,4,0,0,0,0,1,1,1,0,79,3,1,0,0,0,0,0,1,0,0,3,0,0,1,3485,14935,2,1,0,11,3,3,80,0,5,5,1,0,0,0,0
28,1,0,1,0,1496,0,0,1,1,3,1,0,0,0,0,1,1,0,92,3,1,0,1,0,0,0,0,0,0,3,0,1,0,2909,15747,3,1,0,15,3,4,80,1,5,3,4,3,2,1,2
41,1,0,0,1,1102,0,0,1,1,2,0,0,0,0,1,2,0,1,94,3,2,0,0,0,0,0,0,0,1,4,0,0,1,5993,19479,8,0,1,11,3,1,80,0,8,0,1,6,4,0,5
28,1,0,0,1,1434,0,1,0,5,4,1,0,0,0,0,3,1,0,50,3,1,0,0,0,0,0,1,0,0,3,0,0,1,3441,11179,1,0,1,13,3,3,80,0,2,3,2,2,2,2,2
42,0,0,0,1,1210,0,1,0,2,3,0,0,1,0,0,3,1,0,68,2,1,0,0,0,0,0,1,0,0,2,0,1,0,4841,24052,4,1,0,14,3,2,80,1,4,3,3,1,0,0,0
27,0,0,0,1,1291,0,0,1,11,3,0,0,1,0,0,3,0,1,98,4,1,0,1,0,0,0,0,0,0,4,0,1,0,2534,6527,8,1,0,14,3,2,80,1,5,4,3,1,0,0,0
41,1,0,0,1,1102,0,0,1,1,2,0,0,0,0,1,2,0,1,94,3,2,0,0,0,0,0,0,0,1,4,0,0,1,5993,19479,8,0,1,11,3,1,80,0,8,0,1,6,4,0,5
26,1,0,1,0,575,0,1,0,3,1,1,0,0,0,0,3,1,0,73,3,1,0,0,0,0,0,0,1,0,1,0,0,1,3102,6582,0,1,0,22,4,3,80,0,7,2,3,6,4,0,4
37,0,0,0,1,783,0,1,0,7,4,0,0,1,0,0,4,1,0,78,3,2,0,0,0,0,0,0,1,0,1,0,1,0,4284,13588,5,0,1,22,4,3,80,1,16,2,3,5,3,0,4
34,0,1,0,0,1381,0,0,1,4,4,0,1,0,0,0,3,0,1,72,3,2,0,0,0,0,0,0,0,1,3,0,1,0,6538,12740,9,1,0,15,3,1,80,1,6,3,3,3,2,1,2
50,0,0,1,0,1421,0,1,0,2,3,0,0,1,0,0,4,0,1,30,3,4,0,0,1,0,0,0,0,0,1,0,1,0,17856,9490,2,1,0,22,4,3,80,1,32,3,3,2,2,2,2
41,0,0,0,1,642,0,1,0,1,3,0,0,0,0,1,4,1,0,76,3,1,0,0,0,0,0,0,1,0,4,0,1,0,2782,21412,3,1,0,22,4,1,80,1,12,3,3,5,3,1,0
21,0,1,0,0,895,0,0,1,9,2,0,0,1,0,0,1,1,0,39,3,1,0,1,0,0,0,0,0,0,4,0,0,1,2610,2851,1,1,0,24,4,3,80,0,3,3,2,3,2,2,2
33,1,0,0,1,1277,0,1,0,15,1,0,0,1,0,0,2,1,0,56,3,3,0,0,1,0,0,0,0,0,3,0,1,0,13610,24619,7,0,1,12,3,4,80,0,15,2,4,7,6,7,7
30,1,0,1,0,600,1,0,0,8,3,0,0,0,0,0,3,0,1,66,2,1,0,0,0,0,0,0,0,0,4,1,0,0,2180,9732,6,1,0,11,3,3,80,1,6,0,2,4,2,1,2
31,0,0,0,1,182,0,1,0,8,5,0,0,0,0,1,1,0,1,93,3,4,1,0,0,0,0,0,0,0,2,0,0,1,16422,8847,3,1,0,11,3,3,80,0,9,3,4,3,2,1,0
40,1,0,0,1,575,0,0,1,22,2,0,1,0,0,0,3,1,0,68,2,2,0,0,0,0,0,0,0,1,3,0,1,0,6380,6110,2,0,1,12,3,1,80,2,8,6,3,6,4,1,0
28,1,0,0,1,890,0,1,0,2,4,0,0,1,0,0,3,1,0,46,3,1,0,0,0,0,0,0,1,0,3,0,0,1,4382,16374,6,1,0,17,3,4,80,0,5,3,2,2,2,2,1
44,0,1,0,0,381,0,1,0,24,3,0,0,1,0,0,1,1,0,49,1,1,0,0,0,0,0,1,0,0,3,0,0,1,3708,2104,2,1,0,14,3,3,80,0,9,5,3,5,2,1,4
26,1,0,1,0,575,0,1,0,3,1,1,0,0,0,0,3,1,0,73,3,1,0,0,0,0,0,0,1,0,1,0,0,1,3102,6582,0,1,0,22,4,3,80,0,7,2,3,6,4,0,4
35,1,0,0,1,763,0,0,1,15,2,0,0,1,0,0,1,1,0,59,1,2,0,0,0,0,0,0,0,1,4,1,0,0,5440,22098,6,0,1,14,3,4,80,2,7,2,2,2,2,2,2
42,0,1,0,0,179,1,0,0,2,5,0,0,1,0,0,4,1,0,79,4,2,0,0,0,0,0,0,0,0,1,0,1,0,6272,12858,7,1,0,16,3,1,80,1,10,3,4,4,3,0,3
33,0,0,0,1,589,0,1,0,28,4,0,0,0,0,1,2,1,0,79,3,2,0,0,0,0,0,1,0,0,3,0,1,0,5207,22949,1,0,1,12,3,2,80,1,15,3,3,15,14,5,7
39,0,0,0,1,466,0,1,0,1,1,0,0,0,0,1,4,0,1,65,2,4,0,0,0,0,1,0,0,0,4,0,1,0,12742,7060,1,1,0,16,3,3,80,1,21,3,3,21,6,11,8
32,1,0,0,1,1089,0,1,0,7,2,0,0,0,0,1,4,1,0,79,3,2,0,0,0,0,0,1,0,0,3,0,1,0,4883,22845,1,1,0,18,3,1,80,1,10,3,3,10,4,1,1
43,0,0,1,0,394,0,0,1,26,2,0,0,0,0,1,3,1,0,92,3,4,0,0,1,0,0,0,0,0,4,0,1,0,16959,19494,1,0,1,12,3,4,80,2,25,3,4,25,12,4,12
28,1,0,0,1,1157,0,1,0,2,4,0,0,1,0,0,1,1,0,84,1,1,0,0,0,0,0,0,1,0,4,0,1,0,3464,24737,5,0,1,13,3,4,80,0,5,4,2,3,2,2,2
37,0,0,0,1,1305,0,1,0,10,4,0,0,0,0,1,3,1,0,49,3,2,0,0,0,0,1,0,0,0,2,0,0,1,4197,21123,2,0,1,12,3,4,80,0,18,2,2,1,0,0,1
51,0,0,0,1,432,0,1,0,9,4,0,0,0,0,1,4,1,0,96,3,1,0,0,0,0,0,1,0,0,4,0,1,0,2075,18725,3,1,0,23,4,2,80,2,10,4,3,4,2,0,3
28,0,0,0,1,1476,0,1,0,16,2,0,0,1,0,0,2,1,0,68,4,2,0,0,0,1,0,0,0,0,1,0,0,1,5661,4824,0,1,0,19,3,3,80,0,9,2,3,8,3,0,7
31,0,0,0,1,196,0,0,1,29,4,0,1,0,0,0,1,0,1,91,2,2,0,0,0,0,0,0,0,1,4,0,1,0,5468,13402,1,1,0,14,3,1,80,2,13,3,3,12,7,5,7
30,0,0,1,0,1312,0,1,0,2,4,1,0,0,0,0,4,0,1,78,2,1,0,0,0,0,0,0,1,0,1,0,0,1,4968,26427,0,1,0,16,3,4,80,0,10,2,3,9,7,0,7
44,0,0,0,1,1315,0,1,0,3,4,0,0,0,1,0,4,1,0,35,3,5,0,0,1,0,0,0,0,0,4,0,1,0,19513,9358,4,0,1,12,3,1,80,1,26,2,4,2,2,0,1
28,1,0,1,0,1496,0,0,1,1,3,1,0,0,0,0,1,1,0,92,3,1,0,1,0,0,0,0,0,0,3,0,1,0,2909,15747,3,1,0,15,3,4,80,1,5,3,4,3,2,1,2
33,0,0,0,1,117,0,1,0,9,3,0,0,1,0,0,1,1,0,60,3,1,0,0,0,0,0,0,1,0,4,0,1,0,2781,6311,0,1,0,13,3,2,80,1,15,5,3,14,10,4,10
53,0,0,0,1,868,0,0,1,8,3,0,1,0,0,0,1,1,0,73,3,4,0,0,0,0,0,0,0,1,4,0,1,0,11836,22789,5,1,0,14,3,3,80,1,28,3,3,2,0,2,2
39,1,0,0,1,895,0,0,1,5,3,1,0,0,0,0,4,1,0,56,3,2,0,1,0,0,0,0,0,0,4,0,1,0,2086,3335,3,1,0,14,3,3,80,1,19,6,4,1,0,0,0
38,0,0,1,0,1444,1,0,0,1,4,0,0,0,1,0,4,1,0,88,3,1,0,0,0,0,0,0,0,0,2,0,1,0,2991,5224,0,0,1,11,3,2,80,1,7,2,3,6,2,1,2
35,1,0,0,1,763,0,0,1,15,2,0,0,1,0,0,1,1,0,59,1,2,0,0,0,0,0,0,0,1,4,1,0,0,5440,22098,6,0,1,14,3,4,80,2,7,2,2,2,2,2,2
24,1,0,1,0,381,0,1,0,9,3,0,0,1,0,0,2,1,0,89,3,1,0,0,0,0,0,1,0,0,1,0,0,1,3172,16998,2,0,1,11,3,3,80,0,4,2,2,0,0,0,0
24,1,0,0,1,240,1,0,0,22,1,0,0,0,0,0,4,1,0,58,1,1,0,0,0,0,0,0,0,0,3,0,1,0,1555,11585,1,1,0,11,3,3,80,1,1,2,3,1,0,0,0
49,0,0,0,1,1418,0,1,0,1,3,1,0,0,0,0,3,0,1,36,3,1,0,0,0,0,0,0,1,0,1,0,1,0,3580,10554,2,1,0,16,3,2,80,1,7,2,3,4,2,0,2
40,1,0,0,1,575,0,0,1,22,2,0,1,0,0,0,3,1,0,68,2,2,0,0,0,0,0,0,0,1,3,0,1,0,6380,6110,2,0,1,12,3,1,80,2,8,6,3,6,4,1,0
30,0,0,0,1,1288,0,0,1,29,4,1,0,0,0,0,3,1,0,33,3,3,0,0,0,0,0,0,0,1,2,0,1,0,9250,17799,3,1,0,12,3,2,80,1,9,3,3,4,2,1,3
34,0,0,1,0,648,1,0,0,11,3,0,0,0,0,1,3,1,0,56,2,2,0,0,0,0,0,0,0,0,2,0,1,0,4490,21833,4,1,0,11,3,4,80,2,14,5,4,10,9,1,8
44,0,0,0,1,1037,0,1,0,1,3,0,0,1,0,0,2,1,0,42,3,1,0,0,0,0,0,0,1,0,4,0,0,1,2436,13422,6,0,1,12,3,3,80,0,6,2,3,4,3,1,2
28,1,0,1,0,1009,0,1,0,1,3,0,0,1,0,0,1,1,0,45,2,1,0,0,0,0,0,1,0,0,2,1,0,0,2596,7160,1,1,0,15,3,1,80,2,1,2,3,1,0,0,0
24,1,0,0,1,240,1,0,0,22,1,0,0,0,0,0,4,1,0,58,1,1,0,0,0,0,0,0,0,0,3,0,1,0,1555,11585,1,1,0,11,3,3,80,1,1,2,3,1,0,0,0
44,0,0,0,1,136,0,1,0,28,3,0,0,0,0,1,4,1,0,32,3,4,1,0,0,0,0,0,0,0,1,0,1,0,16328,22074,3,1,0,13,3,3,80,1,24,1,4,20,6,14,17
47,0,0,0,1,202,0,1,0,2,2,0,0,0,1,0,3,0,1,33,3,4,0,0,1,0,0,0,0,0,4,0,1,0,16752,12982,1,0,1,11,3,3,80,1,26,3,2,26,14,3,0
28,1,0,0,1,529,0,1,0,2,4,0,0,0,0,1,1,1,0,79,3,1,0,0,0,0,0,1,0,0,3,0,0,1,3485,14935,2,1,0,11,3,3,80,0,5,5,1,0,0,0,0
47,0,0,0,1,249,0,0,1,2,2,0,1,0,0,0,3,0,1,35,3,2,0,0,0,0,0,0,0,1,4,0,1,0,4537,17783,0,0,1,22,4,1,80,1,8,2,3,7,6,7,7
37,0,0,1,0,889,0,1,0,9,3,0,0,1,0,0,2,1,0,53,3,1,0,0,0,0,0,0,1,0,4,0,1,0,2326,11411,1,0,1,12,3,3,80,3,4,3,2,4,2,1,2
42,1,0,1,0,481,0,0,1,12,3,0,0,0,0,1,3,1,0,44,3,4,0,0,0,0,0,0,0,1,1,0,0,1,13758,2447,0,0,1,12,3,2,80,0,22,2,2,21,9,13,14
19,0,0,0,1,265,0,1,0,25,3,0,0,0,0,1,2,0,1,57,4,1,0,0,0,0,0,0,1,0,4,0,0,1,2994,21221,1,0,1,12,3,4,80,0,1,2,3,1,0,0,1
36,0,0,0,1,1120,0,0,1,11,4,0,1,0,0,0,2,0,1,100,2,2,0,0,0,0,0,0,0,1,4,0,1,0,6652,14369,4,1,0,13,3,1,80,1,8,2,2,6,3,0,0
34,0,0,1,0,135,0,1,0,19,3,0,0,1,0,0,3,0,1,46,3,2,0,0,0,0,0,1,0,0,2,1,0,0,4444,22534,4,1,0,13,3,3,80,2,15,2,4,11,8,5,10
40,1,0,0,1,299,0,0,1,25,4,0,1,0,0,0,4,1,0,57,2,3,0,0,0,0,0,0,0,1,2,0,0,1,9094,17235,2,0,1,12,3,3,80,0,9,2,3,5,4,1,0
32,1,0,0,1,1045,0,0,1,4,4,0,0,1,0,0,4,1,0,32,1,3,0,0,0,0,0,0,0,1,4,0,1,0,10400,25812,1,1,0,11,3,3,80,0,14,2,2,14,8,9,8
33,1,0,0,1,527,0,1,0,1,4,0,0,0,1,0,4,1,0,63,3,1,0,0,0,0,0,0,1,0,4,0,0,1,2686,5207,1,0,1,13,3,3,80,0,10,2,2,10,9,7,8
31,0,1,0,0,979,0,1,0,1,4,0,0,1,0,0,3,1,0,90,1,2,0,0,0,0,1,0,0,0,3,0,1,0,4345,4381,0,1,0,12,3,4,80,1,6,2,3,5,4,1,4
33,1,0,0,1,118,0,0,1,16,3,0,1,0,0,0,1,0,1,69,3,2,0,0,0,0,0,0,0,1,1,0,0,1,5324,26507,5,1,0,15,3,3,80,0,6,3,3,3,2,0,2
36,0,0,0,1,1299,0,1,0,27,3,0,0,1,0,0,3,1,0,94,3,2,0,0,0,1,0,0,0,0,3,0,1,0,5237,16577,6,1,0,13,3,2,80,2,17,3,2,7,7,7,7
56,1,0,0,1,310,0,1,0,7,2,1,0,0,0,0,4,1,0,72,3,1,0,0,0,0,0,1,0,0,3,0,1,0,2339,3666,8,1,0,11,3,4,80,1,14,4,1,10,9,9,8
32,1,0,0,1,1089,0,1,0,7,2,0,0,0,0,1,4,1,0,79,3,2,0,0,0,0,0,1,0,0,3,0,1,0,4883,22845,1,1,0,18,3,1,80,1,10,3,3,10,4,1,1
31,1,0,0,1,330,0,1,0,22,4,0,0,1,0,0,4,1,0,98,3,2,0,0,0,0,1,0,0,0,3,0,1,0,6179,21057,1,0,1,15,3,4,80,2,10,3,2,10,2,6,7
37,0,0,0,1,482,0,1,0,3,3,0,0,0,1,0,3,1,0,36,3,3,0,0,0,0,1,0,0,0,3,0,1,0,9434,9606,1,1,0,15,3,3,80,1,10,2,3,10,7,7,8
40,0,1,0,0,1142,0,1,0,8,2,0,0,0,0,1,4,1,0,72,3,2,0,0,0,1,0,0,0,0,4,1,0,0,4069,8841,3,0,1,18,3,3,80,0,8,2,3,2,2,2,2
56,1,0,0,1,441,0,1,0,14,4,0,0,0,0,1,2,0,1,72,3,1,0,0,0,0,0,0,1,0,2,0,1,0,4963,4510,9,0,1,18,3,1,80,3,7,2,3,5,4,4,3
27,0,0,0,1,1134,0,1,0,16,4,1,0,0,0,0,3,0,1,37,3,1,0,0,0,0,0,1,0,0,2,0,1,0,2811,12086,9,1,0,14,3,2,80,1,4,2,3,2,2,2,2
37,0,1,0,0,1063,0,1,0,25,5,0,0,1,0,0,2,0,1,72,3,2,0,0,0,0,0,0,1,0,3,0,1,0,4449,23866,3,0,1,15,3,1,80,2,15,2,3,13,11,10,7
38,0,0,0,1,268,0,1,0,2,5,0,0,1,0,0,4,1,0,92,3,1,0,0,0,0,0,0,1,0,3,0,1,0,3057,20471,6,0,1,13,3,2,80,1,6,0,1,1,0,0,1
58,1,0,1,0,781,0,1,0,2,1,0,0,0,0,1,4,1,0,57,2,1,0,0,0,0,0,1,0,0,4,1,0,0,2380,13384,9,0,1,14,3,4,80,1,3,3,2,1,0,0,0
30,1,0,1,0,334,0,0,1,26,4,0,1,0,0,0,3,0,1,52,2,2,0,0,0,0,0,0,0,1,1,0,0,1,6696,22967,5,1,0,15,3,3,80,0,9,5,2,6,3,0,1
33,0,0,0,1,1075,1,0,0,3,2,0,0,0,0,0,4,1,0,57,3,1,0,0,0,0,0,0,0,0,2,1,0,0,2277,22650,3,0,1,11,3,3,80,1,7,4,4,4,3,0,3
52,0,0,0,1,319,0,1,0,3,3,0,0,1,0,0,4,1,0,39,2,3,0,0,0,0,1,0,0,0,3,0,1,0,7969,19609,2,0,1,14,3,3,80,0,28,4,3,5,4,0,4
53,0,0,0,1,1070,0,1,0,3,4,0,0,1,0,0,3,1,0,45,3,4,1,0,0,0,0,0,0,0,3,0,1,0,17584,21016,3,0,1,16,3,4,80,3,21,5,2,5,3,1,3
21,1,0,0,1,156,0,0,1,12,3,0,0,0,0,1,3,0,1,90,4,1,0,1,0,0,0,0,0,0,2,0,0,1,2716,25422,1,1,0,15,3,4,80,0,1,0,3,1,0,0,0
31,0,0,0,1,408,0,1,0,9,4,0,0,0,0,1,3,1,0,42,2,1,0,0,0,0,0,0,1,0,2,0,0,1,2657,7551,0,0,1,16,3,4,80,0,3,5,3,2,2,2,2
39,0,1,0,0,439,0,1,0,9,3,0,0,0,0,1,3,1,0,70,3,2,0,0,0,0,0,1,0,0,2,0,0,1,6782,8770,9,1,0,15,3,3,80,0,9,2,2,5,4,0,3
28,0,0,0,1,995,0,1,0,9,3,0,0,1,0,0,3,0,1,77,3,1,0,0,0,0,0,0,1,0,3,1,0,0,2377,9834,5,1,0,18,3,2,80,1,6,2,3,2,2,2,2
30,0,0,0,1,1465,0,1,0,1,3,0,0,1,0,0,4,1,0,63,3,1,0,0,0,0,0,0,1,0,2,0,1,0,3579,9369,0,0,1,21,4,1,80,1,12,2,3,11,9,5,7
37,0,0,1,0,1278,0,0,1,1,4,0,0,1,0,0,3,1,0,31,1,2,0,0,0,0,0,0,0,1,4,1,0,0,9525,7677,1,1,0,14,3,3,80,2,6,2,2,6,3,1,3
50,1,0,0,1,869,0,0,1,3,2,0,1,0,0,0,1,1,0,86,2,1,0,1,0,0,0,0,0,0,3,0,1,0,2683,3810,1,0,1,14,3,3,80,0,3,2,3,3,2,0,2
34,0,0,0,1,1480,0,0,1,4,3,0,0,0,0,1,3,1,0,64,3,3,0,0,0,0,0,0,0,1,4,0,1,0,9713,24444,2,0,1,13,3,4,80,3,9,3,3,5,3,1,0
55,0,0,0,1,1229,0,1,0,4,4,0,0,0,0,1,4,1,0,30,3,2,0,0,0,1,0,0,0,0,3,0,1,0,4035,16143,0,0,1,16,3,2,80,0,4,2,3,3,2,1,2
30,0,1,0,0,990,0,1,0,7,3,1,0,0,0,0,3,1,0,64,3,1,0,0,0,0,0,0,1,0,3,1,0,0,1274,7152,1,1,0,13,3,2,80,2,1,2,2,1,0,0,0
35,0,0,0,1,1343,0,1,0,27,1,0,0,1,0,0,3,0,1,53,2,1,0,0,0,0,0,0,1,0,1,0,0,1,2559,17852,1,1,0,11,3,4,80,0,6,3,2,6,5,1,1
42,0,0,1,0,532,0,1,0,29,2,0,0,0,0,1,1,0,1,92,3,2,0,0,0,0,0,0,1,0,3,1,0,0,4556,12932,2,1,0,11,3,2,80,1,19,3,3,5,4,0,2
31,1,0,1,0,754,0,0,1,26,4,0,1,0,0,0,1,1,0,63,3,2,0,0,0,0,0,0,0,1,4,0,1,0,5617,21075,1,0,1,11,3,3,80,0,10,4,3,10,7,0,8
26,1,0,0,1,920,1,0,0,20,2,0,0,1,0,0,4,0,1,69,3,1,0,0,0,0,0,0,0,0,2,0,1,0,2148,6889,0,0,1,11,3,3,80,0,6,3,3,5,1,1,4
28,1,0,0,1,890,0,1,0,2,4,0,0,1,0,0,3,1,0,46,3,1,0,0,0,0,0,0,1,0,3,0,0,1,4382,16374,6,1,0,17,3,4,80,0,5,3,2,2,2,2,1
51,0,0,0,1,1178,0,0,1,14,2,0,0,0,0,1,3,0,1,87,3,2,0,0,0,0,0,0,0,1,4,0,1,0,4936,14862,4,1,0,11,3,3,80,1,18,2,2,7,7,0,7
25,0,0,0,1,180,0,1,0,2,1,0,0,1,0,0,1,1,0,65,4,1,0,0,0,0,0,0,1,0,1,0,0,1,3424,21632,7,1,0,13,3,3,80,0,6,3,2,4,3,0,1
26,0,0,0,1,583,0,1,0,4,2,0,0,0,0,1,3,1,0,53,3,1,0,0,0,0,0,0,1,0,4,0,0,1,2875,9973,1,0,1,20,4,2,80,0,8,2,2,8,5,2,2
30,1,0,1,0,334,0,0,1,26,4,0,1,0,0,0,3,0,1,52,2,2,0,0,0,0,0,0,0,1,1,0,0,1,6696,22967,5,1,0,15,3,3,80,0,9,5,2,6,3,0,1
41,1,0,0,1,1085,0,1,0,2,4,0,0,0,0,1,2,0,1,57,1,1,0,0,0,0,0,1,0,0,4,1,0,0,2778,17725,4,0,1,13,3,3,80,1,10,1,2,7,7,1,0
37,0,1,0,0,142,0,0,1,9,4,0,0,1,0,0,1,1,0,69,3,3,0,0,0,0,0,0,0,1,2,1,0,0,8834,24666,1,1,0,13,3,4,80,1,9,6,3,9,5,7,7
34,1,0,1,0,234,0,1,0,9,4,0,0,0,0,1,4,1,0,93,3,2,0,0,0,0,0,1,0,0,1,0,1,0,5346,6208,4,1,0,17,3,3,80,1,11,3,2,7,1,0,7
23,0,0,0,1,310,0,1,0,10,1,0,0,1,0,0,1,1,0,79,4,1,0,0,0,0,0,0,1,0,3,0,0,1,3505,19630,1,1,0,18,3,4,80,0,2,3,3,2,2,0,2
22,0,0,0,1,581,0,1,0,1,2,0,0,0,0,1,4,1,0,63,3,1,0,0,0,0,0,0,1,0,3,0,0,1,3375,17624,0,1,0,12,3,4,80,0,4,2,4,3,2,1,2
25,0,0,0,1,583,0,0,1,4,1,0,1,0,0,0,3,1,0,87,2,2,0,0,0,0,0,0,0,1,1,0,1,0,4256,18154,1,1,0,12,3,1,80,0,5,1,4,5,2,0,3
34,0,0,1,0,618,0,1,0,3,1,0,0,0,0,1,1,1,0,45,3,2,0,0,0,1,0,0,0,0,4,0,0,1,7756,22266,0,1,0,17,3,3,80,0,7,1,2,6,2,0,4
42,1,0,1,0,481,0,0,1,12,3,0,0,0,0,1,3,1,0,44,3,4,0,0,0,0,0,0,0,1,1,0,0,1,13758,2447,0,0,1,12,3,2,80,0,22,2,2,21,9,13,14
26,1,0,1,0,575,0,1,0,3,1,1,0,0,0,0,3,1,0,73,3,1,0,0,0,0,0,0,1,0,1,0,0,1,3102,6582,0,1,0,22,4,3,80,0,7,2,3,6,4,0,4
33,1,0,0,1,350,0,0,1,5,3,0,1,0,0,0,4,0,1,34,3,1,0,1,0,0,0,0,0,0,3,0,0,1,2851,9150,1,0,1,13,3,2,80,0,1,2,3,1,0,0,0
43,0,0,0,1,589,0,1,0,14,2,0,0,0,0,1,2,1,0,94,3,4,1,0,0,0,0,0,0,0,1,0,1,0,17159,5200,6,1,0,24,4,3,80,1,22,3,3,4,1,1,0
29,1,0,1,0,459,0,1,0,24,2,0,0,0,0,1,4,1,0,73,2,1,0,0,0,0,0,0,1,0,4,0,0,1,2439,14753,1,0,1,24,4,2,80,0,1,3,2,1,0,1,0
38,1,0,0,1,903,0,1,0,2,3,0,0,1,0,0,3,1,0,81,3,2,0,0,0,0,1,0,0,0,2,0,1,0,4855,7653,4,1,0,11,3,1,80,2,7,2,3,5,2,1,4
22,1,0,1,0,1368,0,1,0,4,1,1,0,0,0,0,3,1,0,99,2,1,0,0,0,0,0,1,0,0,3,0,0,1,3894,9129,5,1,0,16,3,3,80,0,4,3,3,2,2,1,2
58,0,0,0,1,605,0,0,1,21,3,0,0,0,0,1,4,0,1,72,3,4,0,0,1,0,0,0,0,0,4,0,1,0,17875,11761,4,0,1,13,3,3,80,1,29,2,2,1,0,0,0
50,1,0,0,1,410,0,0,1,28,3,0,1,0,0,0,4,1,0,39,2,3,0,0,0,0,0,0,0,1,1,1,0,0,10854,16586,4,0,1,13,3,2,80,1,20,3,3,3,2,2,0
28,1,0,0,1,1157,0,1,0,2,4,0,0,1,0,0,1,1,0,84,1,1,0,0,0,0,0,0,1,0,4,0,1,0,3464,24737,5,0,1,13,3,4,80,0,5,4,2,3,2,2,2
31,1,0,1,0,754,0,0,1,26,4,0,1,0,0,0,1,1,0,63,3,2,0,0,0,0,0,0,0,1,4,0,1,0,5617,21075,1,0,1,11,3,3,80,0,10,4,3,10,7,0,8
25,1,0,0,1,1219,0,1,0,4,1,1,0,0,0,0,4,1,0,32,3,1,0,0,0,0,0,1,0,0,4,0,1,0,3691,4605,1,0,1,15,3,2,80,1,7,3,4,7,7,5,6
26,0,0,1,0,1479,0,1,0,1,3,0,0,0,0,1,3,0,1,84,3,2,0,0,0,0,1,0,0,0,2,1,0,0,6397,26767,1,1,0,20,4,1,80,1,6,6,1,6,5,1,4
42,1,0,1,0,481,0,0,1,12,3,0,0,0,0,1,3,1,0,44,3,4,0,0,0,0,0,0,0,1,1,0,0,1,13758,2447,0,0,1,12,3,2,80,0,22,2,2,21,9,13,14
49,0,0,0,1,271,0,1,0,3,2,0,0,1,0,0,3,0,1,43,2,2,0,0,0,0,0,1,0,0,1,0,1,0,4789,23070,4,1,0,25,4,1,80,1,10,3,3,3,2,1,2
46,0,0,0,1,488,0,0,1,2,3,1,0,0,0,0,3,0,1,75,1,4,0,0,1,0,0,0,0,0,2,0,1,0,16872,14977,3,0,1,12,3,2,80,1,28,2,2,7,7,7,7
48,0,0,0,1,163,0,0,1,2,5,0,1,0,0,0,2,0,1,37,3,2,0,0,0,0,0,0,0,1,4,0,1,0,4051,19658,2,1,0,14,3,1,80,1,14,2,3,9,7,6,7
26,1,0,0,1,1449,0,1,0,16,4,0,0,1,0,0,1,1,0,45,3,1,0,0,0,0,0,1,0,0,2,1,0,0,2373,14180,2,0,1,13,3,4,80,1,5,2,3,3,2,0,2
20,0,0,0,1,654,0,0,1,21,3,0,1,0,0,0,3,1,0,43,4,1,0,1,0,0,0,0,0,0,4,0,0,1,2678,5050,1,1,0,17,3,4,80,0,2,2,3,2,1,2,2
29,0,0,0,1,232,0,1,0,19,3,1,0,0,0,0,4,1,0,34,3,2,0,0,0,0,1,0,0,0,4,1,0,0,4262,22645,4,1,0,12,3,2,80,2,8,2,4,3,2,1,2
29,1,0,1,0,337,0,1,0,14,1,0,0,0,1,0,3,0,1,84,3,3,0,0,0,1,0,0,0,0,4,0,0,1,7553,22930,0,0,1,12,3,1,80,0,9,1,3,8,7,7,7
34,0,0,0,1,1400,0,0,1,9,1,0,0,0,0,1,2,0,1,70,3,2,0,0,0,0,0,0,0,1,3,0,1,0,5714,5829,1,1,0,20,4,1,80,0,6,3,2,6,5,1,3
50,0,0,0,1,939,0,1,0,24,3,0,0,0,0,1,4,1,0,95,3,4,0,0,0,0,1,0,0,0,3,0,1,0,13973,4161,3,0,1,18,3,4,80,1,22,2,3,12,11,1,5
19,1,0,0,1,528,0,0,1,22,1,0,1,0,0,0,4,1,0,50,3,1,0,1,0,0,0,0,0,0,3,0,0,1,1675,26820,1,0,1,19,3,4,80,0,0,2,2,0,0,0,0
33,0,1,0,0,1283,0,0,1,2,3,0,1,0,0,0,4,0,1,62,3,2,0,0,0,0,0,0,0,1,2,0,0,1,5147,10697,8,1,0,15,3,4,80,0,13,2,2,11,7,1,7
52,0,0,0,1,1490,0,1,0,4,2,0,0,0,0,1,4,0,1,30,3,4,0,0,1,0,0,0,0,0,4,0,1,0,16555,10310,2,1,0,13,3,4,80,0,31,2,1,5,2,1,4
28,1,0,0,1,329,0,1,0,24,3,0,0,1,0,0,3,1,0,51,3,1,0,0,0,0,0,1,0,0,2,0,1,0,2408,7324,1,0,1,17,3,3,80,3,1,3,3,1,1,0,0
25,1,0,0,1,867,0,0,1,19,2,0,1,0,0,0,3,1,0,36,2,1,0,1,0,0,0,0,0,0,2,0,1,0,2413,18798,1,0,1,18,3,3,80,3,1,2,3,1,0,0,0
39,1,1,0,0,592,0,1,0,2,3,0,0,0,0,1,1,0,1,54,2,1,0,0,0,0,0,1,0,0,1,0,0,1,3646,17181,2,0,1,23,4,2,80,0,11,2,4,1,0,0,0
40,0,0,0,1,804,0,1,0,2,1,0,0,1,0,0,4,0,1,86,2,1,0,0,0,0,0,0,1,0,4,0,0,1,2342,22929,0,0,1,20,4,4,80,0,5,2,2,4,2,2,3
37,1,0,0,1,1141,0,1,0,11,2,0,0,1,0,0,1,0,1,61,1,2,0,0,0,1,0,0,0,0,2,0,1,0,4777,14382,5,1,0,15,3,1,80,0,15,2,1,1,0,0,0
45,1,0,0,1,1449,0,0,1,2,3,0,1,0,0,0,1,0,1,94,1,5,0,0,1,0,0,0,0,0,2,0,0,1,18824,2493,2,0,1,16,3,1,80,0,26,2,3,24,10,1,11
29,0,0,0,1,1010,0,1,0,1,3,0,0,0,0,1,1,0,1,97,3,1,0,0,0,0,0,0,1,0,4,1,0,0,3760,5598,1,1,0,15,3,1,80,3,3,5,3,3,2,1,2
21,0,0,0,1,546,0,1,0,5,1,0,0,1,0,0,3,1,0,97,3,1,0,0,0,0,0,0,1,0,4,0,0,1,3117,26009,1,1,0,18,3,3,80,0,3,2,3,2,2,2,2
36,0,0,0,1,796,0,1,0,12,5,0,0,1,0,0,4,0,1,51,2,3,0,0,0,0,1,0,0,0,4,0,0,1,8858,15669,0,1,0,11,3,2,80,0,15,2,2,14,8,7,8
33,0,0,0,1,1216,0,0,1,8,4,0,1,0,0,0,3,1,0,39,3,2,0,0,0,0,0,0,0,1,3,1,0,0,7104,20431,0,1,0,12,3,4,80,0,6,3,3,5,0,1,2
45,0,0,0,1,1448,0,1,0,29,3,1,0,0,0,0,2,1,0,55,3,3,0,0,0,0,1,0,0,0,4,0,1,0,9380,14720,4,0,1,18,3,4,80,2,10,4,4,3,1,1,2
18,1,1,0,0,247,0,1,0,8,1,0,0,1,0,0,3,1,0,80,3,1,0,0,0,0,0,1,0,0,3,0,0,1,1904,13556,1,1,0,12,3,4,80,0,0,0,3,0,0,0,0
45,1,0,0,1,1449,0,0,1,2,3,0,1,0,0,0,1,0,1,94,1,5,0,0,1,0,0,0,0,0,2,0,0,1,18824,2493,2,0,1,16,3,1,80,0,26,2,3,24,10,1,11
30,0,0,0,1,241,0,1,0,7,3,0,0,1,0,0,2,1,0,48,2,1,0,0,0,0,0,0,1,0,2,0,1,0,2141,5348,1,1,0,12,3,2,80,1,6,3,2,6,4,1,1
43,0,0,0,1,1273,0,1,0,2,2,0,0,1,0,0,4,0,1,72,4,1,0,0,0,0,0,0,1,0,3,1,0,0,2645,21923,1,1,0,12,3,4,80,2,6,3,2,5,3,1,4
54,0,0,0,1,971,0,1,0,1,3,0,0,1,0,0,4,0,1,54,3,4,1,0,0,0,0,0,0,0,4,0,0,1,17328,5652,6,1,0,19,3,4,80,0,29,3,2,20,7,12,7
36,0,1,0,0,301,0,0,1,15,4,0,1,0,0,0,4,1,0,88,1,2,0,0,0,0,0,0,0,1,4,1,0,0,5406,10436,1,1,0,24,4,1,80,1,15,4,2,15,12,11,11
33,1,0,0,1,211,0,0,1,16,3,0,0,0,0,1,1,0,1,74,3,3,0,0,0,0,0,0,0,1,1,0,0,1,8564,10092,2,0,1,20,4,3,80,0,11,2,2,0,0,0,0
27,0,0,0,1,1377,0,1,0,11,1,0,0,0,0,1,2,1,0,91,3,1,0,0,0,0,0,1,0,0,1,0,1,0,2099,7679,0,1,0,14,3,2,80,0,6,3,4,5,0,1,4
26,1,0,1,0,575,0,1,0,3,1,1,0,0,0,0,3,1,0,73,3,1,0,0,0,0,0,0,1,0,1,0,0,1,3102,6582,0,1,0,22,4,3,80,0,7,2,3,6,4,0,4
45,0,1,0,0,805,0,1,0,4,2,0,0,0,0,1,3,1,0,57,3,2,0,0,0,0,0,1,0,0,2,0,1,0,4447,23163,1,1,0,12,3,2,80,0,9,5,2,9,7,0,8
41,1,1,0,0,906,0,1,0,5,2,0,0,0,0,1,1,1,0,95,2,1,0,0,0,0,0,0,1,0,1,1,0,0,2107,20293,6,1,0,17,3,1,80,1,5,2,1,1,0,0,0
31,0,0,0,1,218,0,0,1,7,3,1,0,0,0,0,2,1,0,100,4,2,0,0,0,0,0,0,0,1,4,0,1,0,6929,12241,4,1,0,11,3,2,80,1,10,3,2,8,7,7,7
19,1,0,0,1,303,0,1,0,2,3,0,0,0,0,1,2,1,0,47,2,1,0,0,0,0,0,1,0,0,4,0,0,1,1102,9241,1,1,0,22,4,3,80,0,1,3,2,1,0,1,0
28,1,0,0,1,1404,0,1,0,17,3,1,0,0,0,0,3,1,0,32,2,1,0,0,0,0,0,1,0,0,4,1,0,0,2367,18779,5,1,0,12,3,1,80,1,6,2,2,4,1,0,3
58,1,0,1,0,781,0,1,0,2,1,0,0,0,0,1,4,1,0,57,2,1,0,0,0,0,0,1,0,0,4,1,0,0,2380,13384,9,0,1,14,3,4,80,1,3,3,2,1,0,0,0
52,1,0,0,1,723,0,1,0,8,4,0,0,1,0,0,3,1,0,85,2,2,0,0,0,0,0,0,1,0,2,0,1,0,4941,17747,2,1,0,15,3,1,80,0,11,3,2,8,2,7,7
32,1,0,0,1,374,0,1,0,25,4,0,0,0,0,1,1,1,0,87,3,1,0,0,0,0,0,1,0,0,4,0,0,1,2795,18016,1,0,1,24,4,3,80,0,1,2,1,1,0,0,1
29,1,0,1,0,337,0,1,0,14,1,0,0,0,1,0,3,0,1,84,3,3,0,0,0,1,0,0,0,0,4,0,0,1,7553,22930,0,0,1,12,3,1,80,0,9,1,3,8,7,7,7
41,1,1,0,0,906,0,1,0,5,2,0,0,0,0,1,1,1,0,95,2,1,0,0,0,0,0,0,1,0,1,1,0,0,2107,20293,6,1,0,17,3,1,80,1,5,2,1,1,0,0,0
50,1,0,0,1,410,0,0,1,28,3,0,1,0,0,0,4,1,0,39,2,3,0,0,0,0,0,0,0,1,1,1,0,0,10854,16586,4,0,1,13,3,2,80,1,20,3,3,3,2,2,0
35,0,0,0,1,992,0,1,0,1,3,0,0,1,0,0,4,1,0,68,2,1,0,0,0,0,0,1,0,0,1,0,0,1,2450,21731,1,1,0,19,3,2,80,0,3,3,3,3,0,1,2
22,1,0,0,1,617,0,1,0,3,1,0,0,0,0,1,2,0,1,34,3,2,0,0,0,0,1,0,0,0,3,0,1,0,4171,10022,0,0,1,19,3,1,80,1,4,3,4,3,2,0,2
45,0,0,0,1,193,0,1,0,6,4,0,0,0,1,0,4,1,0,52,3,3,1,0,0,0,0,0,0,0,1,0,1,0,13245,15067,4,0,1,14,3,2,80,0,17,3,4,0,0,0,0
60,0,0,0,1,422,0,1,0,7,3,0,0,0,0,1,1,0,1,41,3,5,0,0,1,0,0,0,0,0,1,0,1,0,19566,3854,5,1,0,11,3,4,80,0,33,5,1,29,8,11,10
29,1,0,0,1,224,0,1,0,1,4,1,0,0,0,0,1,1,0,100,2,1,0,0,0,0,0,0,1,0,1,0,0,1,2362,7568,6,1,0,13,3,3,80,0,11,2,1,9,7,0,7
32,0,0,0,1,120,0,1,0,6,5,0,0,0,0,1,3,1,0,43,3,1,0,0,0,0,0,0,1,0,3,0,0,1,3038,12430,3,1,0,20,4,1,80,0,8,2,3,5,4,1,4
45,0,1,0,0,589,0,0,1,2,4,0,0,0,0,1,3,0,1,67,3,2,0,0,0,0,0,0,0,1,3,0,1,0,5154,19665,4,1,0,22,4,2,80,2,10,3,4,8,7,5,7
20,1,0,1,0,871,0,1,0,6,3,0,0,0,0,1,4,0,1,66,2,1,0,0,0,0,0,1,0,0,4,0,0,1,2926,19783,1,0,1,18,3,2,80,0,1,5,3,1,0,1,0
47,1,0,1,0,1093,0,0,1,9,3,0,0,0,0,1,3,1,0,82,1,4,0,0,0,0,0,0,0,1,3,0,1,0,12936,24164,7,1,0,11,3,3,80,0,25,3,1,23,5,14,10
31,0,0,0,1,140,0,1,0,12,1,0,0,1,0,0,3,0,1,95,3,1,0,0,0,0,0,0,1,0,4,0,1,0,3929,6984,8,0,1,23,4,3,80,1,7,0,3,4,2,0,2
51,1,0,1,0,1150,0,1,0,8,4,0,0,0,0,1,1,1,0,53,1,3,0,0,0,0,1,0,0,0,4,0,0,1,10650,25150,2,1,0,15,3,4,80,0,18,2,3,4,2,0,3
50,0,0,0,1,804,0,1,0,9,3,0,0,0,0,1,1,1,0,64,3,1,0,0,0,0,0,1,0,0,4,0,1,0,2380,20165,4,1,0,18,3,2,80,0,8,5,3,1,0,0,0
35,1,0,0,1,737,0,0,1,10,3,0,0,1,0,0,4,1,0,55,2,3,0,0,0,0,0,0,0,1,1,0,1,0,10306,21530,9,1,0,17,3,3,80,0,15,3,3,13,12,6,0
34,1,0,1,0,234,0,1,0,9,4,0,0,0,0,1,4,1,0,93,3,2,0,0,0,0,0,1,0,0,1,0,1,0,5346,6208,4,1,0,17,3,3,80,1,11,3,2,7,1,0,7
58,1,0,0,1,286,0,1,0,2,4,0,0,0,0,1,4,1,0,31,3,5,1,0,0,0,0,0,0,0,2,0,0,1,19246,25761,7,0,1,12,3,4,80,0,40,2,3,31,15,13,8
33,1,0,0,1,527,0,1,0,1,4,0,0,0,1,0,4,1,0,63,3,1,0,0,0,0,0,0,1,0,4,0,0,1,2686,5207,1,0,1,13,3,3,80,0,10,2,2,10,9,7,8
34,1,0,0,1,699,0,1,0,6,1,0,0,1,0,0,2,1,0,83,3,1,0,0,0,0,0,0,1,0,1,0,0,1,2960,17102,2,1,0,11,3,3,80,0,8,2,3,4,2,1,3
31,1,0,1,0,1060,0,0,1,1,3,0,0,0,0,1,4,0,1,54,3,1,0,1,0,0,0,0,0,0,2,0,0,1,2302,8319,1,0,1,11,3,1,80,0,3,2,4,3,2,2,2
28,1,0,0,1,1434,0,1,0,5,4,1,0,0,0,0,3,1,0,50,3,1,0,0,0,0,0,1,0,0,3,0,0,1,3441,11179,1,0,1,13,3,3,80,0,2,3,2,2,2,2,2
40,0,0,0,1,107,0,0,1,10,3,1,0,0,0,0,2,0,1,84,2,2,0,0,0,0,0,0,0,1,2,1,0,0,6852,11591,7,1,0,12,3,2,80,1,7,2,4,5,1,1,3
30,0,0,1,0,1312,0,1,0,23,3,0,0,0,0,1,1,1,0,96,1,1,0,0,0,0,0,0,1,0,3,1,0,0,2613,22310,1,1,0,25,4,3,80,3,10,2,2,10,7,0,9
28,1,0,0,1,1475,0,0,1,13,2,0,1,0,0,0,4,0,1,84,3,2,0,0,0,0,0,0,0,1,3,0,0,1,9854,23352,3,0,1,11,3,4,80,0,6,0,3,2,0,2,2
29,1,0,0,1,906,0,1,0,10,3,0,0,0,0,1,4,0,1,92,2,1,0,0,0,0,0,0,1,0,1,0,0,1,2404,11479,6,0,1,20,4,3,80,0,3,5,3,0,0,0,0
30,1,0,1,0,600,1,0,0,8,3,0,0,0,0,0,3,0,1,66,2,1,0,0,0,0,0,0,0,0,4,1,0,0,2180,9732,6,1,0,11,3,3,80,1,6,0,2,4,2,1,2
28,0,0,0,1,640,0,1,0,1,3,1,0,0,0,0,4,1,0,84,3,1,0,0,0,0,0,0,1,0,1,0,0,1,2080,4732,2,1,0,11,3,2,80,0,5,2,2,3,2,1,2
47,0,0,0,1,955,0,0,1,4,2,0,0,0,0,1,4,0,1,83,3,2,0,0,0,0,0,0,0,1,4,0,0,1,4163,8571,1,0,1,17,3,3,80,0,9,0,3,9,0,0,7
41,1,1,0,0,906,0,1,0,5,2,0,0,0,0,1,1,1,0,95,2,1,0,0,0,0,0,0,1,0,1,1,0,0,2107,20293,6,1,0,17,3,1,80,1,5,2,1,1,0,0,0
34,0,0,0,1,216,0,0,1,1,4,0,1,0,0,0,2,1,0,75,4,2,0,0,0,0,0,0,0,1,4,1,0,0,9725,12278,0,1,0,11,3,4,80,1,16,2,2,15,1,0,9
42,0,0,0,1,557,0,1,0,18,4,0,0,0,0,1,4,1,0,35,3,2,0,0,0,0,0,0,1,0,1,1,0,0,5410,11189,6,0,1,17,3,3,80,1,9,3,2,4,3,1,2
45,0,1,0,0,336,0,0,1,26,3,0,1,0,0,0,1,1,0,52,2,2,0,0,0,0,0,0,0,1,1,0,1,0,4385,24162,1,1,0,15,3,1,80,1,10,2,3,10,7,4,5
50,1,0,1,0,878,0,0,1,1,4,0,0,0,0,1,2,1,0,94,3,2,0,0,0,0,0,0,0,1,3,1,0,0,6728,14255,7,1,0,12,3,4,80,2,12,3,3,6,3,0,1
35,1,0,0,1,104,0,1,0,2,3,0,0,0,0,1,1,0,1,69,3,1,0,0,0,0,0,1,0,0,1,1,0,0,2074,26619,1,0,1,12,3,4,80,1,1,2,3,1,0,0,0
27,1,0,0,1,1420,0,0,1,2,1,0,1,0,0,0,3,1,0,85,3,1,0,1,0,0,0,0,0,0,1,1,0,0,3041,16346,0,1,0,11,3,2,80,1,5,3,3,4,3,0,2
24,1,0,1,0,381,0,1,0,9,3,0,0,1,0,0,2,1,0,89,3,1,0,0,0,0,0,1,0,0,1,0,0,1,3172,16998,2,0,1,11,3,3,80,0,4,2,2,0,0,0,0
52,0,0,0,1,956,0,1,0,6,2,1,0,0,0,0,4,1,0,78,3,2,0,0,0,0,0,0,1,0,1,1,0,0,5577,22087,3,0,1,12,3,2,80,2,18,3,3,10,9,6,9
33,1,0,1,0,827,0,1,0,29,4,0,0,1,0,0,1,0,1,54,2,2,0,0,0,0,0,0,1,0,3,0,0,1,4508,3129,1,1,0,22,4,2,80,0,14,4,3,13,7,3,8
42,0,0,0,1,933,0,1,0,29,3,0,0,0,0,1,2,1,0,98,3,2,0,0,0,0,1,0,0,0,2,0,1,0,4434,11806,1,1,0,13,3,4,80,1,10,3,2,9,8,7,8
31,1,0,1,0,523,0,1,0,2,3,0,0,0,0,1,2,1,0,94,3,1,0,0,0,0,0,1,0,0,4,0,1,0,3722,21081,6,0,1,13,3,3,80,1,7,2,1,2,2,2,2
48,1,0,0,1,626,0,1,0,1,2,0,0,0,0,1,1,1,0,98,2,3,0,0,0,0,0,1,0,0,3,0,0,1,5381,19294,9,0,1,13,3,4,80,0,23,2,3,1,0,0,0
41,0,0,0,1,1276,0,0,1,2,5,0,0,0,0,1,2,0,1,91,3,4,0,0,1,0,0,0,0,0,1,0,1,0,16595,5626,7,1,0,16,3,2,80,1,22,2,3,18,16,11,8
31,0,0,0,1,1232,0,1,0,7,4,0,0,1,0,0,3,0,1,39,3,3,0,0,0,0,1,0,0,0,4,0,0,1,7143,25713,1,0,1,14,3,3,80,0,11,2,2,11,9,4,10
32,1,0,1,0,1125,0,1,0,16,1,0,0,0,0,1,2,0,1,72,1,1,0,0,0,0,0,0,1,0,1,0,0,1,3919,4681,1,0,1,22,4,2,80,0,10,5,3,10,2,6,7
34,0,0,1,0,829,0,1,0,15,3,0,0,1,0,0,2,1,0,71,3,4,1,0,0,0,0,0,0,0,1,1,0,0,17007,11929,7,1,0,14,3,4,80,2,16,3,2,14,8,6,9
56,1,0,0,1,310,0,1,0,7,2,1,0,0,0,0,4,1,0,72,3,1,0,0,0,0,0,1,0,0,3,0,1,0,2339,3666,8,1,0,11,3,4,80,1,14,4,1,10,9,9,8
36,1,0,0,1,1456,0,0,1,13,5,0,1,0,0,0,2,1,0,96,2,2,0,0,0,0,0,0,0,1,1,1,0,0,6134,8658,5,0,1,13,3,2,80,3,16,3,3,2,2,2,2
49,0,0,0,1,465,0,1,0,6,1,0,0,0,0,1,3,0,1,41,2,4,0,0,0,1,0,0,0,0,3,0,1,0,13966,11652,2,0,1,19,3,2,80,1,30,3,3,15,11,2,12
50,0,0,0,1,854,0,0,1,1,4,0,0,1,0,0,4,0,1,68,3,5,0,0,1,0,0,0,0,0,4,1,0,0,19517,24118,3,1,0,11,3,3,80,1,32,3,2,7,0,0,6
38,0,0,0,1,1495,0,1,0,4,2,0,0,1,0,0,4,0,1,87,3,1,0,0,0,0,0,1,0,0,3,0,1,0,3306,26176,7,1,0,19,3,4,80,1,7,5,2,0,0,0,0
43,0,0,0,1,1179,0,0,1,2,3,0,0,1,0,0,4,1,0,73,3,2,0,0,0,0,0,0,0,1,4,0,1,0,7847,6069,1,0,1,17,3,1,80,1,10,3,3,10,9,8,8
27,0,0,0,1,511,0,0,1,2,2,0,0,1,0,0,1,0,1,89,4,2,0,0,0,0,0,0,0,1,3,0,0,1,6500,26997,0,1,0,14,3,2,80,0,9,5,2,8,7,0,7
33,0,0,0,1,267,0,1,0,21,3,0,0,1,0,0,2,1,0,79,4,1,0,0,0,0,0,1,0,0,2,0,1,0,2028,13637,1,1,0,18,3,4,80,3,14,6,3,14,11,2,13
23,0,0,0,1,160,0,1,0,4,1,0,0,1,0,0,3,0,1,51,3,1,0,0,0,0,0,1,0,0,2,0,0,1,3295,12862,1,1,0,13,3,3,80,0,3,3,1,3,2,1,2
40,0,0,1,0,1184,0,0,1,2,4,0,0,1,0,0,2,1,0,62,3,2,0,0,0,0,0,0,0,1,2,0,1,0,4327,25440,5,1,0,12,3,4,80,3,5,2,3,0,0,0,0
42,0,0,0,1,647,0,0,1,4,4,0,1,0,0,0,2,1,0,45,3,2,0,0,0,0,0,0,0,1,1,0,0,1,5155,2253,7,1,0,13,3,4,80,0,9,3,4,6,4,1,5
28,0,0,0,1,866,0,0,1,5,3,0,0,1,0,0,4,1,0,84,3,2,0,0,0,0,0,0,0,1,1,0,0,1,8463,23490,0,1,0,18,3,4,80,0,6,4,3,5,4,1,3
28,1,0,0,1,103,0,1,0,24,3,0,0,0,0,1,3,1,0,50,2,1,0,0,0,0,0,1,0,0,3,0,0,1,2028,12947,5,0,1,14,3,2,80,0,6,4,3,4,2,0,3
30,1,0,0,1,138,0,1,0,22,3,0,0,0,0,1,1,0,1,48,3,1,0,0,0,0,0,0,1,0,3,0,1,0,2132,11539,4,0,1,11,3,2,80,0,7,2,3,5,2,0,1
58,1,0,0,1,601,0,1,0,7,4,0,0,1,0,0,3,0,1,53,2,3,0,0,0,0,1,0,0,0,1,0,1,0,10008,12023,7,0,1,14,3,4,80,0,31,0,2,10,9,5,9
23,0,0,0,1,571,0,1,0,12,2,0,0,0,1,0,4,1,0,78,3,1,0,0,0,0,0,1,0,0,4,0,0,1,2647,13672,1,1,0,13,3,3,80,0,5,6,4,5,2,1,4
54,0,0,0,1,548,0,1,0,8,4,0,0,0,0,1,3,0,1,42,3,2,0,0,0,0,0,1,0,0,3,0,0,1,3780,23428,7,1,0,11,3,3,80,0,19,3,3,1,0,0,0
47,1,0,1,0,719,0,0,1,27,2,0,0,0,0,1,2,0,1,77,4,2,0,0,0,0,0,0,0,1,3,0,0,1,6397,10339,4,0,1,12,3,4,80,0,8,2,3,5,4,1,3
34,1,0,1,0,988,1,0,0,23,3,0,0,0,0,0,2,0,1,43,3,3,0,0,0,0,0,0,0,0,1,1,0,0,9950,11533,9,0,1,15,3,3,80,3,11,2,3,3,2,0,2
44,0,0,0,1,1117,0,1,0,2,1,0,0,0,0,1,1,0,1,72,4,1,0,0,0,0,0,0,1,0,4,0,1,0,2011,19982,1,1,0,13,3,4,80,1,10,5,3,10,5,7,7
31,1,0,1,0,534,0,1,0,20,3,0,0,0,0,1,1,1,0,66,3,3,0,0,0,1,0,0,0,0,3,0,1,0,9824,22908,3,1,0,12,3,1,80,0,12,2,3,1,0,0,0
31,1,1,0,0,335,0,1,0,9,2,0,0,1,0,0,3,1,0,46,2,1,0,0,0,0,0,0,1,0,1,0,0,1,2321,10322,0,0,1,22,4,1,80,0,4,0,3,3,2,1,2
28,1,0,1,0,1496,0,0,1,1,3,1,0,0,0,0,1,1,0,92,3,1,0,1,0,0,0,0,0,0,3,0,1,0,2909,15747,3,1,0,15,3,4,80,1,5,3,4,3,2,1,2
24,1,0,0,1,813,0,1,0,1,3,0,0,1,0,0,2,1,0,61,3,1,0,0,0,0,0,0,1,0,4,0,1,0,2293,3020,2,0,1,16,3,1,80,1,6,2,2,2,0,2,0
32,1,0,0,1,515,0,1,0,1,3,0,0,0,0,1,4,1,0,62,2,1,0,0,0,0,0,1,0,0,3,0,0,1,3730,9571,0,0,1,14,3,4,80,0,4,2,1,3,2,1,2
50,1,0,0,1,410,0,0,1,28,3,0,1,0,0,0,4,1,0,39,2,3,0,0,0,0,0,0,0,1,1,1,0,0,10854,16586,4,0,1,13,3,2,80,1,20,3,3,3,2,2,0
47,0,0,0,1,1225,0,0,1,2,4,0,0,0,0,1,2,0,1,47,4,4,0,0,1,0,0,0,0,0,2,1,0,0,15972,21086,6,1,0,14,3,3,80,3,29,2,3,3,2,1,2
43,0,0,0,1,823,0,1,0,6,3,0,0,1,0,0,1,0,1,81,2,5,0,0,1,0,0,0,0,0,3,0,1,0,19392,22539,7,1,0,13,3,4,80,0,21,2,3,16,12,6,14
41,0,1,0,0,256,0,0,1,10,2,0,0,1,0,0,3,1,0,40,1,2,0,0,0,0,0,0,0,1,2,0,0,1,6151,22074,1,1,0,13,3,1,80,0,19,4,3,19,2,11,9
40,1,0,0,1,1329,0,1,0,7,3,0,0,0,0,1,1,1,0,73,3,1,0,0,0,0,0,1,0,0,1,0,0,1,2166,3339,3,0,1,14,3,2,80,0,10,3,1,4,2,0,3
44,0,0,0,1,1313,0,1,0,7,3,0,0,1,0,0,2,0,1,31,3,5,1,0,0,0,0,0,0,0,4,1,0,0,19049,3549,0,0,1,14,3,4,80,1,23,4,2,22,7,1,10
34,0,0,0,1,1320,0,1,0,20,3,1,0,0,0,0,3,0,1,89,4,1,0,0,0,0,0,0,1,0,3,0,1,0,2585,21643,0,1,0,17,3,4,80,0,2,5,2,1,0,0,0
24,1,0,0,1,984,0,1,0,17,2,0,0,0,0,1,4,0,1,97,3,1,0,0,0,0,0,1,0,0,2,0,1,0,2210,3372,1,1,0,13,3,1,80,1,1,3,1,1,0,0,0
34,1,0,1,0,988,1,0,0,23,3,0,0,0,0,0,2,0,1,43,3,3,0,0,0,0,0,0,0,0,1,1,0,0,9950,11533,9,0,1,15,3,3,80,3,11,2,3,3,2,0,2
58,1,0,0,1,147,0,1,0,23,4,0,0,1,0,0,4,0,1,94,3,3,0,0,0,1,0,0,0,0,4,0,1,0,10312,3465,1,1,0,12,3,4,80,1,40,3,2,40,10,15,6
32,1,0,0,1,374,0,1,0,25,4,0,0,0,0,1,1,1,0,87,3,1,0,0,0,0,0,1,0,0,4,0,0,1,2795,18016,1,0,1,24,4,3,80,0,1,2,1,1,0,0,1
41,0,0,0,1,549,0,1,0,7,2,0,0,1,0,0,4,0,1,42,3,2,0,0,0,0,1,0,0,0,3,0,0,1,5003,23371,6,1,0,14,3,2,80,0,8,6,3,2,2,2,1
21,1,0,0,1,156,0,0,1,12,3,0,0,0,0,1,3,0,1,90,4,1,0,1,0,0,0,0,0,0,2,0,0,1,2716,25422,1,1,0,15,3,4,80,0,1,0,3,1,0,0,0
38,0,0,1,0,1490,0,1,0,2,2,0,0,0,0,1,4,1,0,42,3,1,0,0,0,0,0,1,0,0,4,0,1,0,1702,12106,1,0,1,23,4,3,80,1,1,3,3,1,0,0,0
41,1,0,0,1,1102,0,0,1,1,2,0,0,0,0,1,2,0,1,94,3,2,0,0,0,0,0,0,0,1,4,0,0,1,5993,19479,8,0,1,11,3,1,80,0,8,0,1,6,4,0,5
41,0,0,0,1,427,1,0,0,10,4,0,0,0,0,0,2,1,0,73,2,5,0,0,1,0,0,0,0,0,4,1,0,0,19141,8861,3,1,0,15,3,2,80,3,23,2,2,21,6,12,6
31,1,0,1,0,534,0,1,0,20,3,0,0,0,0,1,1,1,0,66,3,3,0,0,0,1,0,0,0,0,3,0,1,0,9824,22908,3,1,0,12,3,1,80,0,12,2,3,1,0,0,0
36,0,1,0,0,845,0,0,1,1,5,0,0,1,0,0,4,0,1,45,3,2,0,0,0,0,0,0,0,1,4,0,0,1,6653,15276,4,1,0,15,3,2,80,0,7,6,3,1,0,0,0
28,0,0,1,0,773,0,1,0,6,3,0,0,0,0,1,3,1,0,39,2,1,0,0,0,0,0,0,1,0,3,1,0,0,2703,22088,1,0,1,14,3,4,80,1,3,2,3,3,1,0,2
31,1,0,0,1,249,0,0,1,6,4,0,0,0,0,1,2,1,0,76,1,2,0,0,0,0,0,0,0,1,3,0,1,0,6172,20739,4,0,1,18,3,2,80,0,12,3,2,7,7,7,7
32,0,0,0,1,267,0,1,0,29,4,0,0,0,0,1,3,0,1,49,2,1,0,0,0,0,0,1,0,0,2,0,0,1,2837,15919,1,1,0,13,3,3,80,0,6,3,3,6,2,4,1
39,0,0,0,1,117,0,1,0,10,1,0,0,1,0,0,3,1,0,99,3,4,0,0,1,0,0,0,0,0,1,0,1,0,17068,5355,1,0,1,14,3,4,80,0,21,3,3,21,9,11,10
27,1,0,0,1,135,0,1,0,17,4,0,0,0,0,1,4,0,1,51,3,1,0,0,0,0,0,0,1,0,3,0,0,1,2394,25681,1,0,1,13,3,4,80,0,8,2,3,8,2,7,7
58,1,0,0,1,289,0,1,0,2,3,1,0,0,0,0,4,1,0,51,3,1,0,0,0,0,0,0,1,0,3,0,0,1,2479,26227,4,1,0,24,4,1,80,0,7,4,3,1,0,0,0
24,0,0,0,1,1353,0,0,1,3,2,0,0,0,1,0,1,0,1,33,3,2,0,0,0,0,0,0,0,1,3,0,1,0,4999,17519,0,1,0,21,4,1,80,1,4,2,2,3,2,0,2
58,0,0,0,1,848,0,1,0,23,4,0,0,0,0,1,1,1,0,88,3,1,0,0,0,0,0,0,1,0,3,1,0,0,2372,26076,1,1,0,12,3,4,80,2,2,3,3,2,2,2,2
26,1,0,0,1,1357,0,1,0,25,3,0,0,0,0,1,1,1,0,48,1,1,0,0,0,0,0,1,0,0,3,0,0,1,2293,10558,1,1,0,12,3,3,80,0,1,2,2,1,0,0,1
37,1,0,0,1,807,1,0,0,6,4,0,0,0,0,0,3,1,0,63,3,1,0,0,0,0,0,0,0,0,1,1,0,0,2073,23648,4,0,1,22,4,4,80,0,7,3,3,3,2,0,2
18,1,0,1,0,544,0,0,1,3,2,0,0,1,0,0,2,0,1,70,3,1,0,1,0,0,0,0,0,0,4,0,0,1,1569,18420,1,0,1,12,3,3,80,0,0,2,4,0,0,0,0
36,0,1,0,0,427,0,1,0,8,3,0,0,0,0,1,1,0,1,63,4,3,1,0,0,0,0,0,0,0,1,0,1,0,11713,20335,9,1,0,14,3,1,80,1,10,2,3,8,7,0,5
32,0,1,0,0,1109,0,1,0,29,4,0,0,1,0,0,4,0,1,69,3,1,0,0,0,0,0,1,0,0,3,0,0,1,4025,11135,9,1,0,12,3,2,80,0,10,2,3,8,7,7,7
37,0,0,0,1,1462,0,1,0,11,3,0,0,1,0,0,1,0,1,94,3,1,0,0,0,0,0,1,0,0,3,0,0,1,3629,19106,4,1,0,18,3,1,80,0,8,6,3,3,2,0,2
28,1,0,0,1,890,0,1,0,2,4,0,0,1,0,0,3,1,0,46,3,1,0,0,0,0,0,0,1,0,3,0,0,1,4382,16374,6,1,0,17,3,4,80,0,5,3,2,2,2,2,1
28,1,0,0,1,890,0,1,0,2,4,0,0,1,0,0,3,1,0,46,3,1,0,0,0,0,0,0,1,0,3,0,0,1,4382,16374,6,1,0,17,3,4,80,0,5,3,2,2,2,2,1
33,1,0,0,1,350,0,0,1,5,3,0,1,0,0,0,4,0,1,34,3,1,0,1,0,0,0,0,0,0,3,0,0,1,2851,9150,1,0,1,13,3,2,80,0,1,2,3,1,0,0,0
32,1,0,0,1,515,0,1,0,1,3,0,0,0,0,1,4,1,0,62,2,1,0,0,0,0,0,1,0,0,3,0,0,1,3730,9571,0,0,1,14,3,4,80,0,4,2,1,3,2,1,2
39,0,1,0,0,105,0,1,0,9,3,0,0,0,0,1,4,1,0,87,3,5,0,0,1,0,0,0,0,0,4,0,0,1,19431,15302,2,1,0,13,3,3,80,0,21,3,2,6,0,1,3
22,1,0,1,0,1368,0,1,0,4,1,1,0,0,0,0,3,1,0,99,2,1,0,0,0,0,0,1,0,0,3,0,0,1,3894,9129,5,1,0,16,3,3,80,0,4,3,3,2,2,1,2
45,0,1,0,0,1195,0,1,0,2,2,0,0,1,0,0,1,1,0,65,2,4,0,0,1,0,0,0,0,0,4,0,1,0,16792,20462,9,1,0,23,4,4,80,1,22,1,3,20,8,11,8
26,1,1,0,0,265,0,0,1,29,2,0,0,1,0,0,2,1,0,79,1,2,0,0,0,0,0,0,0,1,1,0,0,1,4969,21813,8,1,0,18,3,4,80,0,7,6,3,2,2,2,2
23,1,0,0,1,1243,0,1,0,6,3,0,0,0,0,1,3,1,0,63,4,1,0,0,0,0,0,1,0,0,1,0,1,0,1601,3445,1,0,1,21,4,3,80,2,1,2,3,0,0,0,0
30,0,0,0,1,1176,0,1,0,20,3,0,0,0,1,0,3,1,0,85,3,2,0,0,0,0,1,0,0,0,1,0,1,0,9957,9096,0,1,0,15,3,3,80,1,7,1,2,6,2,0,2
37,0,0,0,1,124,0,1,0,3,3,0,0,0,1,0,4,0,1,35,3,2,0,0,0,1,0,0,0,0,2,0,0,1,4107,13848,3,1,0,15,3,1,80,0,8,3,2,4,3,0,1
45,0,0,0,1,1316,0,1,0,29,3,0,0,1,0,0,3,1,0,83,3,1,0,0,0,0,0,0,1,0,4,0,0,1,3452,9752,5,1,0,13,3,2,80,0,9,2,2,6,5,0,3
46,0,0,0,1,228,0,0,1,3,3,0,0,0,0,1,3,0,1,51,3,4,0,0,1,0,0,0,0,0,2,0,1,0,16606,11380,8,1,0,12,3,4,80,1,23,2,4,13,12,5,1
34,1,0,1,0,988,1,0,0,23,3,0,0,0,0,0,2,0,1,43,3,3,0,0,0,0,0,0,0,0,1,1,0,0,9950,11533,9,0,1,15,3,3,80,3,11,2,3,3,2,0,2
45,0,0,0,1,954,0,0,1,2,2,1,0,0,0,0,2,1,0,46,1,2,0,1,0,0,0,0,0,0,3,0,0,1,6632,12388,0,1,0,13,3,1,80,0,9,3,3,8,7,3,1
20,1,0,1,0,871,0,1,0,6,3,0,0,0,0,1,4,0,1,66,2,1,0,0,0,0,0,1,0,0,4,0,0,1,2926,19783,1,0,1,18,3,2,80,0,1,5,3,1,0,1,0
32,1,0,0,1,515,0,1,0,1,3,0,0,0,0,1,4,1,0,62,2,1,0,0,0,0,0,1,0,0,3,0,0,1,3730,9571,0,0,1,14,3,4,80,0,4,2,1,3,2,1,2
30,0,0,0,1,201,0,1,0,5,3,1,0,0,0,0,4,0,1,84,3,1,0,0,0,0,0,0,1,0,1,1,0,0,3204,10415,5,1,0,14,3,4,80,1,8,3,3,3,2,2,2
50,1,0,1,0,562,0,0,1,8,2,1,0,0,0,0,2,1,0,50,3,2,0,0,0,0,0,0,0,1,3,0,1,0,6796,23452,3,0,1,14,3,1,80,1,18,4,3,4,3,1,3
44,0,0,0,1,1112,1,0,0,1,4,0,0,0,0,1,1,0,1,50,2,2,0,0,0,0,0,0,0,0,3,0,0,1,5985,26894,4,1,0,11,3,2,80,0,10,1,4,2,2,0,2
53,0,0,0,1,1219,0,0,1,2,4,0,0,0,0,1,1,0,1,78,2,4,0,0,1,0,0,0,0,0,4,0,1,0,15427,22021,2,1,0,16,3,3,80,0,31,3,3,25,8,3,7
50,1,0,1,0,878,0,0,1,1,4,0,0,0,0,1,2,1,0,94,3,2,0,0,0,0,0,0,0,1,3,1,0,0,6728,14255,7,1,0,12,3,4,80,2,12,3,3,6,3,0,1
29,0,0,1,0,995,0,1,0,2,1,0,0,0,0,1,1,1,0,87,3,2,0,0,0,1,0,0,0,0,4,1,0,0,8853,24483,1,1,0,19,3,4,80,1,6,0,4,6,4,1,3
27,0,0,0,1,954,0,0,1,9,3,0,1,0,0,0,4,1,0,44,3,2,0,0,0,0,0,0,0,1,4,0,0,1,4105,5099,1,1,0,14,3,1,80,0,7,5,3,7,7,0,7
42,0,0,0,1,1128,0,1,0,13,3,0,0,1,0,0,2,1,0,95,4,2,0,0,0,1,0,0,0,0,1,0,1,0,5538,5696,5,1,0,18,3,3,80,2,10,2,2,0,0,0,0
31,0,0,0,1,154,0,0,1,7,4,0,0,0,0,1,2,1,0,41,2,1,0,1,0,0,0,0,0,0,3,0,1,0,2329,11737,3,1,0,15,3,2,80,0,13,2,4,7,7,5,2
22,0,0,0,1,217,0,1,0,8,1,0,0,0,0,1,2,1,0,94,1,1,0,0,0,0,0,1,0,0,1,0,1,0,2451,6881,1,1,0,15,3,1,80,1,4,3,2,4,3,1,1
35,1,0,0,1,303,0,0,1,27,3,0,0,0,0,1,3,1,0,84,3,2,0,0,0,0,0,0,0,1,4,0,0,1,5813,13492,1,0,1,18,3,4,80,0,10,2,3,10,7,7,7
34,0,0,0,1,1303,0,1,0,2,4,0,0,0,0,1,4,1,0,62,2,1,0,0,0,0,0,0,1,0,3,1,0,0,2768,8416,3,1,0,12,3,3,80,1,14,3,3,7,3,5,7
31,0,0,0,1,311,0,1,0,20,3,0,0,0,0,1,2,1,0,89,3,2,0,0,0,0,0,1,0,0,3,1,0,0,4197,18624,1,1,0,11,3,1,80,1,10,2,3,10,8,0,2
51,1,0,0,1,1323,0,1,0,4,4,0,0,0,0,1,1,1,0,34,3,1,0,0,0,0,0,0,1,0,3,0,1,0,2461,10332,9,0,1,12,3,3,80,3,18,2,4,10,0,2,7
30,1,0,0,1,1005,0,1,0,3,3,1,0,0,0,0,4,0,1,88,3,1,0,0,0,0,0,0,1,0,1,0,0,1,2657,8556,5,0,1,11,3,3,80,0,8,5,3,5,2,0,4
32,1,0,0,1,515,0,1,0,1,3,0,0,0,0,1,4,1,0,62,2,1,0,0,0,0,0,1,0,0,3,0,0,1,3730,9571,0,0,1,14,3,4,80,0,4,2,1,3,2,1,2
58,1,0,0,1,601,0,1,0,7,4,0,0,1,0,0,3,0,1,53,2,3,0,0,0,0,1,0,0,0,1,0,1,0,10008,12023,7,0,1,14,3,4,80,0,31,0,2,10,9,5,9
29,1,0,0,1,350,1,0,0,13,3,0,0,0,0,0,1,1,0,56,2,1,0,0,0,0,0,0,0,0,1,1,0,0,2335,3157,4,0,1,15,3,4,80,3,4,3,3,2,2,2,0
33,1,0,0,1,1277,0,1,0,15,1,0,0,1,0,0,2,1,0,56,3,3,0,0,1,0,0,0,0,0,3,0,1,0,13610,24619,7,0,1,12,3,4,80,0,15,2,4,7,6,7,7
29,1,0,0,1,341,0,0,1,1,3,0,0,1,0,0,2,0,1,48,2,1,0,1,0,0,0,0,0,0,3,1,0,0,2800,23522,6,0,1,19,3,3,80,3,5,3,3,3,2,0,2
41,0,0,0,1,796,0,0,1,4,1,0,1,0,0,0,3,0,1,81,3,3,0,0,0,0,0,0,0,1,3,1,0,0,10447,26458,0,0,1,13,3,4,80,1,23,3,4,22,14,13,5
44,0,0,0,1,170,0,1,0,1,4,0,0,0,0,1,2,1,0,78,4,2,0,0,0,1,0,0,0,0,1,0,1,0,5033,9364,2,1,0,15,3,4,80,1,10,5,3,2,0,2,2
24,1,0,0,1,813,0,1,0,1,3,0,0,1,0,0,2,1,0,61,3,1,0,0,0,0,0,0,1,0,4,0,1,0,2293,3020,2,0,1,16,3,1,80,1,6,2,2,2,0,2,0
23,1,0,0,1,1320,0,1,0,8,1,0,0,1,0,0,4,1,0,93,2,1,0,0,0,0,0,1,0,0,3,0,0,1,3989,20586,1,0,1,11,3,1,80,0,5,2,3,5,4,1,2
43,0,0,1,0,1001,0,1,0,9,5,0,0,1,0,0,4,1,0,72,3,2,0,0,0,0,0,1,0,0,3,1,0,0,5679,19627,3,0,1,13,3,2,80,1,10,3,3,8,7,4,7
43,0,0,0,1,177,0,1,0,8,3,0,0,0,0,1,1,0,1,55,3,2,0,0,0,0,1,0,0,0,2,1,0,0,4765,23814,4,1,0,21,4,3,80,1,4,2,4,1,0,0,0
27,0,0,0,1,1302,0,1,0,19,3,0,0,0,1,0,4,1,0,67,2,1,0,0,0,0,0,1,0,0,1,1,0,0,4066,16290,1,1,0,11,3,1,80,2,7,3,3,7,7,0,7
29,1,0,1,0,337,0,1,0,14,1,0,0,0,1,0,3,0,1,84,3,3,0,0,0,1,0,0,0,0,4,0,0,1,7553,22930,0,0,1,12,3,1,80,0,9,1,3,8,7,7,7
46,1,0,0,1,669,0,0,1,9,2,0,0,1,0,0,3,1,0,64,2,3,0,0,0,0,0,0,0,1,4,0,0,1,9619,13596,1,1,0,16,3,4,80,0,9,3,3,9,8,4,7
41,0,0,0,1,447,0,1,0,5,3,0,0,0,0,1,2,1,0,85,4,2,0,0,0,1,0,0,0,0,2,0,0,1,6870,15530,3,1,0,12,3,1,80,0,11,3,1,3,2,1,2
28,0,0,0,1,1158,0,1,0,9,3,0,0,1,0,0,4,1,0,94,3,1,0,0,0,0,0,0,1,0,4,0,1,0,2070,2613,1,1,0,23,4,4,80,1,5,3,2,5,2,0,4
29,1,0,0,1,896,0,1,0,18,1,0,0,1,0,0,3,1,0,86,2,1,0,0,0,0,0,0,1,0,4,0,0,1,2389,14961,1,0,1,13,3,3,80,0,4,3,2,4,3,0,1
34,0,0,0,1,1326,0,0,1,3,3,0,0,0,1,0,4,1,0,81,1,2,0,0,0,0,0,0,0,1,1,0,0,1,4759,15891,3,1,0,18,3,4,80,0,15,2,3,13,9,3,12
41,0,0,0,1,933,0,1,0,9,4,0,0,0,0,1,3,1,0,94,3,1,0,0,0,0,0,1,0,0,1,0,1,0,2238,6961,2,1,0,21,4,4,80,1,7,2,3,5,0,1,4
26,1,0,0,1,1330,0,1,0,21,3,0,0,1,0,0,1,1,0,37,3,1,0,0,0,0,0,1,0,0,3,1,0,0,2377,19373,1,1,0,20,4,3,80,1,1,0,2,1,1,0,0
35,1,0,0,1,556,0,1,0,23,2,0,0,0,0,1,2,1,0,50,2,2,0,0,0,0,1,0,0,0,3,0,1,0,5916,15497,3,0,1,13,3,1,80,0,8,1,3,1,0,0,1
32,0,1,0,0,1184,0,1,0,1,3,0,0,0,0,1,3,0,1,70,2,1,0,0,0,0,0,1,0,0,2,0,1,0,2332,3974,6,1,0,20,4,3,80,0,5,3,3,3,0,0,2
33,1,0,0,1,465,0,1,0,2,2,0,0,0,0,1,1,0,1,39,3,1,0,0,0,0,0,1,0,0,1,0,1,0,2707,21509,7,1,0,20,4,1,80,0,13,3,4,9,7,1,7
30,0,0,0,1,1334,0,0,1,4,2,0,0,1,0,0,3,0,1,63,2,2,0,0,0,0,0,0,0,1,2,1,0,0,5209,19760,1,0,1,12,3,2,80,3,11,4,2,11,8,2,7
35,1,0,0,1,556,0,1,0,23,2,0,0,0,0,1,2,1,0,50,2,2,0,0,0,0,1,0,0,0,3,0,1,0,5916,15497,3,0,1,13,3,1,80,0,8,1,3,1,0,0,1
35,0,0,1,0,482,0,1,0,4,4,0,0,0,0,1,3,1,0,87,3,2,0,0,0,0,0,0,1,0,3,0,0,1,4249,2690,1,0,1,11,3,2,80,0,9,3,3,9,6,1,1
36,0,0,0,1,1174,0,0,1,3,4,0,1,0,0,0,1,0,1,99,3,2,0,0,0,0,0,0,0,1,2,0,0,1,9278,20763,3,0,1,16,3,4,80,0,15,3,3,5,4,0,1
40,0,0,0,1,1124,0,0,1,1,2,0,0,1,0,0,2,1,0,57,1,2,0,0,0,0,0,0,0,1,4,0,1,0,7457,13273,2,0,1,22,4,3,80,3,6,2,2,4,3,0,2
34,0,0,1,0,1069,0,1,0,2,1,0,0,0,0,1,4,1,0,45,2,2,0,0,0,0,1,0,0,0,3,0,1,0,9547,14074,1,1,0,17,3,3,80,0,10,2,2,10,9,1,9
26,1,0,1,0,342,0,1,0,2,3,0,0,0,0,1,1,1,0,57,3,1,0,0,0,0,0,0,1,0,1,0,1,0,2042,15346,6,0,1,14,3,2,80,1,6,2,3,3,2,1,2
25,1,0,0,1,383,0,0,1,9,2,0,0,0,0,1,1,1,0,68,2,1,0,1,0,0,0,0,0,0,1,0,1,0,4400,15182,3,1,0,12,3,1,80,0,6,2,3,3,2,2,2
27,0,0,0,1,155,0,1,0,4,3,0,0,0,0,1,2,1,0,87,4,2,0,0,0,0,1,0,0,0,2,0,1,0,6142,5174,1,0,1,20,4,2,80,1,6,0,3,6,2,0,3
45,0,0,0,1,1385,0,1,0,20,2,0,0,1,0,0,3,1,0,79,3,4,0,0,0,1,0,0,0,0,4,0,1,0,13496,7501,0,0,1,14,3,2,80,0,21,2,3,20,7,4,10
28,1,0,0,1,1157,0,1,0,2,4,0,0,1,0,0,1,1,0,84,1,1,0,0,0,0,0,0,1,0,4,0,1,0,3464,24737,5,0,1,13,3,4,80,0,5,4,2,3,2,2,2
36,0,0,0,1,363,0,1,0,1,3,1,0,0,0,0,3,0,1,77,1,3,0,0,0,0,1,0,0,0,1,1,0,0,10252,4235,2,0,1,21,4,3,80,1,17,2,3,7,7,7,7
31,1,0,1,0,534,0,1,0,20,3,0,0,0,0,1,1,1,0,66,3,3,0,0,0,1,0,0,0,0,3,0,1,0,9824,22908,3,1,0,12,3,1,80,0,12,2,3,1,0,0,0
27,0,0,1,0,994,0,0,1,8,3,0,0,0,0,1,4,1,0,37,3,3,0,0,0,0,0,0,0,1,3,0,0,1,8726,2975,1,1,0,15,3,4,80,0,9,0,3,9,8,1,7
35,0,0,0,1,607,0,1,0,9,3,0,0,0,0,1,4,0,1,66,2,3,0,0,0,0,1,0,0,0,3,0,1,0,10685,23457,1,0,1,20,4,2,80,1,17,2,3,17,14,5,15
19,1,0,0,1,303,0,1,0,2,3,0,0,0,0,1,2,1,0,47,2,1,0,0,0,0,0,1,0,0,4,0,0,1,1102,9241,1,1,0,22,4,3,80,0,1,3,2,1,0,1,0
35,0,0,0,1,144,0,1,0,22,3,0,0,0,0,1,4,1,0,46,1,1,0,0,0,0,0,1,0,0,3,0,0,1,4230,19225,0,1,0,15,3,3,80,0,6,2,3,5,4,4,3
32,1,0,1,0,1125,0,1,0,16,1,0,0,0,0,1,2,0,1,72,1,1,0,0,0,0,0,0,1,0,1,0,0,1,3919,4681,1,0,1,22,4,2,80,0,10,5,3,10,2,6,7
32,0,0,1,0,379,0,0,1,5,2,0,0,0,0,1,2,1,0,48,3,2,0,0,0,0,0,0,0,1,2,0,1,0,6524,8891,1,1,0,14,3,4,80,1,10,3,3,10,8,5,3
30,1,0,0,1,1005,0,1,0,3,3,1,0,0,0,0,4,0,1,88,3,1,0,0,0,0,0,0,1,0,1,0,0,1,2657,8556,5,0,1,11,3,3,80,0,8,5,3,5,2,0,4
51,1,0,1,0,1150,0,1,0,8,4,0,0,0,0,1,1,1,0,53,1,3,0,0,0,0,1,0,0,0,4,0,0,1,10650,25150,2,1,0,15,3,4,80,0,18,2,3,4,2,0,3
42,0,0,0,1,1147,1,0,0,10,3,0,0,0,0,0,3,0,1,31,3,4,0,0,1,0,0,0,0,0,1,0,1,0,16799,16616,0,1,0,14,3,3,80,1,21,5,3,20,7,0,9
59,0,0,0,1,1435,0,0,1,25,3,0,0,0,0,1,1,0,1,99,3,3,0,0,0,0,0,0,0,1,1,0,0,1,7637,2354,7,1,0,11,3,4,80,0,28,3,2,21,16,7,9
24,1,0,0,1,1448,0,0,1,1,1,1,0,0,0,0,1,0,1,62,3,1,0,1,0,0,0,0,0,0,2,0,0,1,3202,21972,1,0,1,16,3,2,80,0,6,4,3,5,3,1,4
35,0,0,0,1,1029,0,1,0,16,3,0,0,0,0,1,4,0,1,91,2,3,0,0,0,1,0,0,0,0,2,0,0,1,8606,21195,1,1,0,19,3,4,80,0,11,3,1,11,8,3,3
52,1,0,0,1,266,0,0,1,2,1,0,1,0,0,0,1,0,1,57,1,5,0,0,1,0,0,0,0,0,4,0,1,0,19845,25846,1,1,0,15,3,4,80,1,33,3,3,32,14,6,9
30,0,0,0,1,1275,0,1,0,28,2,0,0,1,0,0,4,0,1,64,3,2,0,0,0,0,0,0,1,0,4,0,1,0,5775,11934,1,1,0,13,3,4,80,2,11,2,3,10,8,1,9
55,0,0,0,1,1441,0,1,0,22,3,1,0,0,0,0,1,1,0,94,2,1,0,0,0,0,0,0,1,0,2,1,0,0,3537,23737,5,1,0,12,3,4,80,1,8,1,3,4,2,1,2
38,0,0,0,1,362,0,1,0,1,1,0,0,0,0,1,3,0,1,43,3,1,0,0,0,0,0,0,1,0,1,0,0,1,2619,14561,3,1,0,17,3,4,80,0,8,3,2,0,0,0,0
26,0,0,0,1,1384,0,1,0,3,4,0,0,1,0,0,1,1,0,82,4,1,0,0,0,0,0,1,0,0,4,0,1,0,4420,13421,1,1,0,22,4,2,80,1,8,2,3,8,7,0,7
47,1,1,0,0,666,0,1,0,29,4,0,0,0,0,1,1,1,0,88,3,3,0,0,1,0,0,0,0,0,2,0,1,0,11849,10268,1,0,1,12,3,4,80,1,10,2,2,10,7,9,9
33,0,0,1,0,430,0,0,1,7,3,0,0,1,0,0,4,1,0,54,3,2,0,0,0,0,0,0,0,1,1,0,1,0,4373,17456,0,1,0,14,3,1,80,2,5,2,3,4,3,0,3
32,0,1,0,0,1200,0,1,0,1,4,1,0,0,0,0,4,1,0,62,3,2,0,0,0,0,0,0,1,0,1,0,1,0,4087,25174,4,1,0,14,3,2,80,1,9,3,2,6,5,1,2
44,1,0,0,1,621,0,1,0,15,3,0,0,1,0,0,1,0,1,73,3,3,0,0,0,1,0,0,0,0,4,0,1,0,7978,14075,1,1,0,11,3,4,80,1,10,2,3,10,7,0,5
35,0,0,0,1,1017,0,1,0,6,4,0,0,0,0,1,2,1,0,82,1,2,0,0,0,0,0,0,1,0,4,0,0,1,6646,19368,1,1,0,13,3,2,80,0,17,3,3,17,11,11,8
32,0,0,0,1,604,0,0,1,8,3,0,0,1,0,0,3,1,0,56,4,2,0,0,0,0,0,0,0,1,4,0,1,0,6209,11693,1,1,0,15,3,3,80,2,10,4,4,10,7,0,8
59,0,0,0,1,818,1,0,0,6,2,0,0,1,0,0,2,1,0,52,3,1,0,0,0,0,0,0,0,0,3,0,1,0,2267,25657,8,1,0,17,3,4,80,0,7,2,2,2,2,2,2
40,1,0,0,1,1329,0,1,0,7,3,0,0,0,0,1,1,1,0,73,3,1,0,0,0,0,0,1,0,0,1,0,0,1,2166,3339,3,0,1,14,3,2,80,0,10,3,1,4,2,0,3
27,0,0,1,0,294,0,1,0,10,2,0,0,0,0,1,4,1,0,32,3,3,0,0,0,0,1,0,0,0,1,1,0,0,8793,4809,1,1,0,21,4,3,80,2,9,4,2,9,7,1,7
32,0,0,1,0,689,0,0,1,9,2,0,0,1,0,0,4,1,0,35,1,2,0,0,0,0,0,0,0,1,4,1,0,0,4668,22812,0,1,0,17,3,4,80,3,9,2,4,8,7,0,7
34,0,0,0,1,1153,0,1,0,1,2,0,0,1,0,0,1,1,0,94,3,2,0,0,0,0,1,0,0,0,2,0,1,0,4325,17736,1,1,0,15,3,3,80,0,5,2,3,5,2,1,3
53,0,0,0,1,1376,0,0,1,2,2,0,0,1,0,0,3,1,0,45,3,4,0,0,1,0,0,0,0,0,3,1,0,0,14852,13938,6,1,0,13,3,3,80,1,22,3,4,17,13,15,2
31,0,0,1,0,1327,0,1,0,3,4,0,0,1,0,0,2,1,0,73,3,3,1,0,0,0,0,0,0,0,3,1,0,0,13675,13523,9,1,0,12,3,1,80,1,9,3,3,2,2,2,2
35,1,0,1,0,130,0,1,0,25,4,0,0,0,0,1,4,0,1,96,3,1,0,0,0,0,0,0,1,0,2,1,0,0,2022,16612,1,0,1,19,3,1,80,1,10,3,2,10,2,7,8
33,1,0,0,1,1277,0,1,0,15,1,0,0,1,0,0,2,1,0,56,3,3,0,0,1,0,0,0,0,0,3,0,1,0,13610,24619,7,0,1,12,3,4,80,0,15,2,4,7,6,7,7
35,1,0,0,1,303,0,0,1,27,3,0,0,0,0,1,3,1,0,84,3,2,0,0,0,0,0,0,0,1,4,0,0,1,5813,13492,1,0,1,18,3,4,80,0,10,2,3,10,7,7,7
24,1,0,0,1,984,0,1,0,17,2,0,0,0,0,1,4,0,1,97,3,1,0,0,0,0,0,1,0,0,2,0,1,0,2210,3372,1,1,0,13,3,1,80,1,1,3,1,1,0,0,0
58,1,0,0,1,286,0,1,0,2,4,0,0,0,0,1,4,1,0,31,3,5,1,0,0,0,0,0,0,0,2,0,0,1,19246,25761,7,0,1,12,3,4,80,0,40,2,3,31,15,13,8
31,1,0,1,0,1445,0,1,0,1,5,0,0,0,0,1,3,0,1,100,4,3,0,0,0,0,1,0,0,0,2,0,0,1,7446,8931,1,1,0,11,3,1,80,0,10,2,3,10,8,4,7
44,0,0,0,1,1448,0,0,1,28,3,0,0,1,0,0,4,0,1,53,4,4,0,0,0,0,0,0,0,1,4,0,1,0,13320,11737,3,0,1,18,3,3,80,1,23,2,3,12,11,11,11
29,1,0,0,1,350,1,0,0,13,3,0,0,0,0,0,1,1,0,56,2,1,0,0,0,0,0,0,0,0,1,1,0,0,2335,3157,4,0,1,15,3,4,80,3,4,3,3,2,2,2,0
37,0,1,0,0,728,0,1,0,1,4,0,0,1,0,0,1,0,1,80,3,3,1,0,0,0,0,0,0,0,4,1,0,0,13603,11677,2,0,1,18,3,1,80,2,15,2,3,5,2,0,2
58,1,0,0,1,147,0,1,0,23,4,0,0,1,0,0,4,0,1,94,3,3,0,0,0,1,0,0,0,0,4,0,1,0,10312,3465,1,1,0,12,3,4,80,1,40,3,2,40,10,15,6
32,1,0,0,1,1033,0,1,0,9,3,0,0,1,0,0,1,0,1,41,3,1,0,0,0,0,0,1,0,0,1,0,0,1,4200,10224,7,1,0,22,4,1,80,0,10,2,4,5,4,0,4
48,0,0,1,0,365,0,1,0,4,5,0,0,1,0,0,3,1,0,89,2,4,0,0,1,0,0,0,0,0,4,0,1,0,15202,5602,2,1,0,25,4,2,80,1,23,3,3,2,2,2,2
33,0,0,0,1,217,0,0,1,10,4,0,1,0,0,0,2,1,0,43,3,2,0,0,0,0,0,0,0,1,3,0,0,1,5487,10410,1,1,0,14,3,2,80,0,10,2,2,10,4,0,9
29,1,0,1,0,337,0,1,0,14,1,0,0,0,1,0,3,0,1,84,3,3,0,0,0,1,0,0,0,0,4,0,0,1,7553,22930,0,0,1,12,3,1,80,0,9,1,3,8,7,7,7
28,0,0,0,1,895,0,1,0,15,2,0,0,0,0,1,1,1,0,50,3,1,0,0,0,0,0,1,0,0,3,1,0,0,2207,22482,1,1,0,16,3,4,80,1,4,5,2,4,2,2,2
29,0,0,1,0,806,0,1,0,1,4,0,0,0,0,1,2,1,0,76,1,1,0,0,0,0,0,0,1,0,4,1,0,0,2720,18959,1,1,0,18,3,4,80,1,10,5,3,10,7,2,8
26,1,0,0,1,1449,0,1,0,16,4,0,0,1,0,0,1,1,0,45,3,1,0,0,0,0,0,1,0,0,2,1,0,0,2373,14180,2,0,1,13,3,4,80,1,5,2,3,3,2,0,2
28,1,0,0,1,103,0,1,0,24,3,0,0,0,0,1,3,1,0,50,2,1,0,0,0,0,0,1,0,0,3,0,0,1,2028,12947,5,0,1,14,3,2,80,0,6,4,3,4,2,0,3
53,0,0,0,1,1395,0,1,0,24,4,0,0,1,0,0,2,1,0,48,4,3,0,0,0,1,0,0,0,0,4,0,1,0,7005,3458,3,1,0,15,3,3,80,0,11,2,3,4,3,1,2
39,1,1,0,0,592,0,1,0,2,3,0,0,0,0,1,1,0,1,54,2,1,0,0,0,0,0,1,0,0,1,0,0,1,3646,17181,2,0,1,23,4,2,80,0,11,2,4,1,0,0,0
20,1,0,0,1,1097,0,1,0,11,3,0,0,1,0,0,4,0,1,98,2,1,0,0,0,0,0,0,1,0,1,0,0,1,2600,18275,1,0,1,15,3,1,80,0,1,2,3,1,0,0,0
31,0,0,0,1,1062,0,1,0,24,3,0,0,1,0,0,3,0,1,96,2,2,0,0,0,1,0,0,0,0,1,0,0,1,6812,17198,1,1,0,19,3,2,80,0,10,2,3,10,9,1,8
39,1,1,0,0,592,0,1,0,2,3,0,0,0,0,1,1,0,1,54,2,1,0,0,0,0,0,1,0,0,1,0,0,1,3646,17181,2,0,1,23,4,2,80,0,11,2,4,1,0,0,0
50,0,0,0,1,1046,0,1,0,10,3,1,0,0,0,0,4,1,0,100,2,3,0,0,0,1,0,0,0,0,4,0,0,1,10496,2755,6,1,0,15,3,4,80,0,20,2,3,4,3,1,3
58,0,0,1,0,1216,0,1,0,15,4,0,0,0,0,1,1,1,0,87,3,4,1,0,0,0,0,0,0,0,3,0,1,0,15787,21624,2,0,1,14,3,2,80,0,23,3,3,2,2,2,2
50,1,0,1,0,562,0,0,1,8,2,1,0,0,0,0,2,1,0,50,3,2,0,0,0,0,0,0,0,1,3,0,1,0,6796,23452,3,0,1,14,3,1,80,1,18,4,3,4,3,1,3
34,1,0,1,0,658,0,1,0,7,3,0,0,0,0,1,1,1,0,66,1,2,0,0,0,0,0,1,0,0,3,0,0,1,6074,22887,1,0,1,24,4,4,80,0,9,3,3,9,7,0,6
24,0,0,1,0,535,0,0,1,24,3,0,0,1,0,0,4,1,0,38,3,1,0,1,0,0,0,0,0,0,4,0,1,0,2400,5530,0,1,0,13,3,3,80,2,3,3,3,2,2,2,1
53,0,0,0,1,102,0,1,0,23,4,0,0,0,0,1,4,0,1,72,3,4,1,0,0,0,0,0,0,0,4,0,0,1,14275,20206,6,1,0,18,3,3,80,0,33,0,3,12,9,3,8
39,1,0,0,1,895,0,0,1,5,3,1,0,0,0,0,4,1,0,56,3,2,0,1,0,0,0,0,0,0,4,0,1,0,2086,3335,3,1,0,14,3,3,80,1,19,6,4,1,0,0,0
35,1,0,0,1,556,0,1,0,23,2,0,0,0,0,1,2,1,0,50,2,2,0,0,0,0,1,0,0,0,3,0,1,0,5916,15497,3,0,1,13,3,1,80,0,8,1,3,1,0,0,1
37,0,0,0,1,799,0,1,0,1,3,1,0,0,0,0,2,0,1,59,3,3,0,0,0,0,1,0,0,0,4,0,0,1,7491,23848,4,1,0,17,3,4,80,0,12,3,4,6,5,1,2
42,0,0,0,1,1265,0,1,0,3,3,0,0,0,0,1,3,0,1,95,4,2,0,0,0,0,0,1,0,0,4,0,1,0,5231,23726,2,0,1,13,3,2,80,1,17,1,2,5,3,1,3
51,0,0,1,0,541,0,0,1,2,3,0,1,0,0,0,2,1,0,52,3,3,0,0,0,0,0,0,0,1,2,0,1,0,10596,15395,2,1,0,11,3,2,80,0,14,5,3,4,2,3,2
56,0,0,0,1,832,0,1,0,9,3,0,0,1,0,0,3,1,0,81,3,4,0,0,0,1,0,0,0,0,4,0,1,0,11103,20420,7,1,0,11,3,3,80,0,30,1,2,10,7,1,1
29,0,0,0,1,1401,0,1,0,6,1,0,0,1,0,0,2,0,1,54,3,1,0,0,0,0,0,1,0,0,4,0,1,0,3131,26342,1,1,0,13,3,1,80,1,10,5,3,10,8,0,8
25,0,0,0,1,1382,0,0,1,8,2,0,0,0,1,0,1,0,1,85,3,2,0,0,0,0,0,0,0,1,3,1,0,0,4907,13684,0,0,1,22,4,2,80,1,6,3,2,5,3,0,4
38,0,0,0,1,322,0,0,1,7,2,0,0,1,0,0,1,0,1,44,4,2,0,0,0,0,0,0,0,1,1,1,0,0,5605,19191,1,0,1,24,4,3,80,1,8,3,3,8,0,7,7
46,0,0,0,1,734,0,1,0,2,4,0,0,1,0,0,3,1,0,46,3,5,1,0,0,0,0,0,0,0,4,1,0,0,19328,14218,7,0,1,17,3,3,80,1,24,3,3,2,1,2,2
35,0,0,0,1,735,0,1,0,6,1,0,0,0,0,1,3,1,0,66,3,1,0,0,0,0,0,0,1,0,3,0,1,0,3506,6020,0,0,1,14,3,4,80,0,4,3,3,3,2,2,2
38,1,0,0,1,1180,0,1,0,29,1,0,0,1,0,0,2,1,0,70,3,2,0,0,0,1,0,0,0,0,1,0,1,0,6673,11354,7,0,1,19,3,2,80,0,17,2,3,1,0,0,0
22,1,0,1,0,1368,0,1,0,4,1,1,0,0,0,0,3,1,0,99,2,1,0,0,0,0,0,1,0,0,3,0,0,1,3894,9129,5,1,0,16,3,3,80,0,4,3,3,2,2,1,2
56,1,0,0,1,441,0,1,0,14,4,0,0,0,0,1,2,0,1,72,3,1,0,0,0,0,0,0,1,0,2,0,1,0,4963,4510,9,0,1,18,3,1,80,3,7,2,3,5,4,4,3
41,1,0,0,1,1102,0,0,1,1,2,0,0,0,0,1,2,0,1,94,3,2,0,0,0,0,0,0,0,1,4,0,0,1,5993,19479,8,0,1,11,3,1,80,0,8,0,1,6,4,0,5
33,1,0,0,1,527,0,1,0,1,4,0,0,0,1,0,4,1,0,63,3,1,0,0,0,0,0,0,1,0,4,0,0,1,2686,5207,1,0,1,13,3,3,80,0,10,2,2,10,9,7,8
55,1,0,0,1,725,0,1,0,2,3,0,0,1,0,0,4,1,0,78,3,5,0,0,1,0,0,0,0,0,1,0,1,0,19859,21199,5,0,1,13,3,4,80,1,24,2,3,5,2,1,4
20,1,0,1,0,871,0,1,0,6,3,0,0,0,0,1,4,0,1,66,2,1,0,0,0,0,0,1,0,0,4,0,0,1,2926,19783,1,0,1,18,3,2,80,0,1,5,3,1,0,1,0
39,0,0,1,0,443,0,1,0,8,1,0,0,0,0,1,3,0,1,48,3,1,0,0,0,0,0,1,0,0,3,0,1,0,3755,17872,1,1,0,11,3,1,80,1,8,3,3,8,3,0,7
52,1,0,0,1,266,0,0,1,2,1,0,1,0,0,0,1,0,1,57,1,5,0,0,1,0,0,0,0,0,4,0,1,0,19845,25846,1,1,0,15,3,4,80,1,33,3,3,32,14,6,9
36,0,0,0,1,938,0,1,0,2,4,0,0,1,0,0,3,1,0,79,3,1,0,0,0,0,0,1,0,0,3,0,0,1,2519,12287,4,1,0,21,4,3,80,0,16,6,3,11,8,3,9
29,1,0,0,1,224,0,1,0,1,4,1,0,0,0,0,1,1,0,100,2,1,0,0,0,0,0,0,1,0,1,0,0,1,2362,7568,6,1,0,13,3,3,80,0,11,2,1,9,7,0,7
25,1,0,0,1,383,0,0,1,9,2,0,0,0,0,1,1,1,0,68,2,1,0,1,0,0,0,0,0,0,1,0,1,0,4400,15182,3,1,0,12,3,1,80,0,6,2,3,3,2,2,2
34,0,0,0,1,167,0,1,0,8,5,0,0,0,0,1,2,0,1,32,3,2,0,0,0,0,1,0,0,0,1,1,0,0,5121,4187,3,1,0,14,3,3,80,1,7,3,3,0,0,0,0
29,1,0,0,1,318,0,1,0,8,4,0,0,0,1,0,2,1,0,77,1,1,0,0,0,0,0,1,0,0,1,0,1,0,2119,4759,1,0,1,11,3,4,80,0,7,4,2,7,7,0,7
46,0,0,0,1,526,0,0,1,1,2,0,1,0,0,0,2,0,1,92,3,3,0,0,0,0,0,0,0,1,1,1,0,0,10453,2137,1,1,0,25,4,3,80,3,24,2,3,24,13,15,7
40,0,0,0,1,905,0,1,0,19,2,0,0,1,0,0,3,1,0,99,3,2,0,0,0,0,0,1,0,0,4,0,1,0,2741,16523,8,0,1,15,3,3,80,1,15,2,4,7,2,3,7
50,1,0,0,1,410,0,0,1,28,3,0,1,0,0,0,4,1,0,39,2,3,0,0,0,0,0,0,0,1,1,1,0,0,10854,16586,4,0,1,13,3,2,80,1,20,3,3,3,2,2,0
39,0,1,0,0,792,0,1,0,1,3,0,0,0,0,1,4,1,0,77,3,2,0,0,0,0,0,1,0,0,4,0,1,0,6472,8989,1,0,1,15,3,4,80,1,9,2,3,9,8,5,8
47,0,0,0,1,703,0,0,1,14,4,0,1,0,0,0,4,1,0,42,3,2,0,0,0,0,0,0,0,1,1,0,0,1,4960,11825,2,1,0,12,3,4,80,0,20,2,3,7,7,1,7
26,1,1,0,0,265,0,0,1,29,2,0,0,1,0,0,2,1,0,79,1,2,0,0,0,0,0,0,0,1,1,0,0,1,4969,21813,8,1,0,18,3,4,80,0,7,6,3,2,2,2,2
36,0,0,0,1,329,0,0,1,16,4,0,1,0,0,0,3,0,1,98,2,2,0,0,0,0,0,0,0,1,1,0,1,0,5647,13494,4,1,0,13,3,1,80,2,11,3,2,3,2,0,2
26,0,1,0,0,786,0,1,0,7,3,0,0,1,0,0,4,1,0,76,3,1,0,0,0,0,0,1,0,0,4,0,0,1,2570,11925,1,1,0,20,4,3,80,0,7,5,3,7,7,5,7
35,0,0,0,1,1490,0,1,0,11,4,0,0,1,0,0,4,1,0,43,3,1,0,0,0,0,0,1,0,0,3,0,1,0,2660,20232,7,0,1,11,3,3,80,1,5,3,3,2,2,2,2
43,0,0,1,0,185,0,1,0,10,4,0,0,0,0,1,3,0,1,33,3,1,0,0,0,0,0,1,0,0,4,0,0,1,2455,10675,0,1,0,19,3,1,80,0,9,5,3,8,7,1,7
35,0,0,0,1,185,0,1,0,23,4,0,0,1,0,0,2,1,0,91,1,1,0,0,0,0,0,1,0,0,3,0,1,0,2705,9696,0,1,0,16,3,2,80,1,6,2,4,5,4,0,3
38,0,0,0,1,119,0,0,1,3,3,0,0,0,0,1,1,1,0,76,3,3,0,0,0,0,0,0,0,1,3,1,0,0,10609,9647,0,1,0,12,3,3,80,2,17,6,2,16,10,5,13
28,1,1,0,0,1366,0,1,0,24,2,1,0,0,0,0,2,1,0,72,2,3,0,0,0,1,0,0,0,0,1,0,0,1,8722,12355,1,1,0,12,3,1,80,0,10,2,2,10,7,1,9
27,1,0,0,1,1420,0,0,1,2,1,0,1,0,0,0,3,1,0,85,3,1,0,1,0,0,0,0,0,0,1,1,0,0,3041,16346,0,1,0,11,3,2,80,1,5,3,3,4,3,0,2
34,1,0,1,0,296,0,0,1,6,2,0,1,0,0,0,4,0,1,33,1,1,0,1,0,0,0,0,0,0,3,1,0,0,2351,12253,0,1,0,16,3,4,80,1,3,3,2,2,2,1,0
24,1,0,0,1,984,0,1,0,17,2,0,0,0,0,1,4,0,1,97,3,1,0,0,0,0,0,1,0,0,2,0,1,0,2210,3372,1,1,0,13,3,1,80,1,1,3,1,1,0,0,0
31,1,0,1,0,754,0,0,1,26,4,0,1,0,0,0,1,1,0,63,3,2,0,0,0,0,0,0,0,1,4,0,1,0,5617,21075,1,0,1,11,3,3,80,0,10,4,3,10,7,0,8
47,0,1,0,0,1162,0,1,0,1,1,0,0,1,0,0,3,0,1,98,3,3,1,0,0,0,0,0,0,0,2,0,1,0,11957,17231,0,1,0,18,3,1,80,2,14,3,1,13,8,5,12
18,0,1,0,0,1431,0,1,0,14,3,0,0,1,0,0,2,0,1,33,3,1,0,0,0,0,0,0,1,0,3,0,0,1,1514,8018,1,1,0,16,3,3,80,0,0,4,1,0,0,0,0
30,0,0,0,1,330,1,0,0,1,3,0,0,0,0,1,3,1,0,46,3,1,0,0,0,0,0,0,0,0,3,1,0,0,2064,15428,0,1,0,21,4,1,80,1,6,3,4,5,3,1,3
44,1,0,0,1,621,0,1,0,15,3,0,0,1,0,0,1,0,1,73,3,3,0,0,0,1,0,0,0,0,4,0,1,0,7978,14075,1,1,0,11,3,4,80,1,10,2,3,10,7,0,5
26,1,0,1,0,575,0,1,0,3,1,1,0,0,0,0,3,1,0,73,3,1,0,0,0,0,0,0,1,0,1,0,0,1,3102,6582,0,1,0,22,4,3,80,0,7,2,3,6,4,0,4
53,0,1,0,0,661,0,1,0,1,4,0,0,1,0,0,1,0,1,60,2,4,0,0,0,0,1,0,0,0,3,0,1,0,12965,22308,4,0,1,20,4,4,80,3,27,2,2,3,2,0,2
42,0,0,0,1,691,0,0,1,8,4,0,1,0,0,0,3,1,0,48,3,2,0,0,0,0,0,0,0,1,2,0,1,0,6825,21173,0,1,0,11,3,4,80,1,10,2,3,9,7,4,2
48,1,0,0,1,626,0,1,0,1,2,0,0,0,0,1,1,1,0,98,2,3,0,0,0,0,0,1,0,0,3,0,0,1,5381,19294,9,0,1,13,3,4,80,0,23,2,3,1,0,0,0
18,1,1,0,0,247,0,1,0,8,1,0,0,1,0,0,3,1,0,80,3,1,0,0,0,0,0,1,0,0,3,0,0,1,1904,13556,1,1,0,12,3,4,80,0,0,0,3,0,0,0,0
57,0,0,0,1,210,0,0,1,29,3,0,1,0,0,0,1,1,0,56,2,4,0,0,1,0,0,0,0,0,4,1,0,0,14118,22102,3,1,0,12,3,3,80,1,32,3,2,1,0,0,0
34,0,0,0,1,1157,0,1,0,5,2,0,0,1,0,0,2,1,0,57,2,2,0,0,0,0,0,1,0,0,4,0,1,0,3986,11912,1,1,0,14,3,3,80,1,15,3,4,15,10,4,13
29,1,0,0,1,224,0,1,0,1,4,1,0,0,0,0,1,1,0,100,2,1,0,0,0,0,0,0,1,0,1,0,0,1,2362,7568,6,1,0,13,3,3,80,0,11,2,1,9,7,0,7
36,0,1,0,0,635,0,0,1,10,4,0,0,1,0,0,2,1,0,32,3,3,0,0,0,0,0,0,0,1,4,0,0,1,9980,15318,1,1,0,14,3,4,80,0,10,3,2,10,3,9,7
39,0,0,0,1,1462,0,0,1,6,3,0,0,1,0,0,4,1,0,38,4,3,0,0,0,0,0,0,0,1,3,0,1,0,8237,4658,2,1,0,11,3,1,80,1,11,3,3,7,6,7,6
51,0,0,1,0,968,0,1,0,6,2,0,0,1,0,0,2,0,1,40,2,1,0,0,0,0,0,1,0,0,3,0,0,1,2838,4257,0,1,0,14,3,2,80,0,8,6,2,7,0,7,7
26,0,0,0,1,157,0,1,0,1,3,0,0,1,0,0,3,1,0,95,3,1,0,0,0,0,0,1,0,0,1,0,0,1,2867,20006,0,1,0,13,3,4,80,0,8,6,2,7,7,7,6
34,0,0,0,1,511,0,0,1,3,2,0,0,0,0,1,4,0,1,32,1,2,0,0,0,0,0,0,0,1,4,0,0,1,6029,25353,5,1,0,12,3,1,80,0,6,3,3,2,2,2,2
40,0,1,0,0,1151,0,1,0,9,5,0,0,0,0,1,4,1,0,63,2,2,0,0,0,1,0,0,0,0,4,0,1,0,4876,14242,9,1,0,14,3,4,80,1,5,5,1,3,2,0,2
52,1,0,0,1,1030,0,0,1,5,3,0,0,0,0,1,2,1,0,64,3,3,0,0,0,0,0,0,0,1,2,0,0,1,8446,21534,9,0,1,19,3,3,80,0,10,2,2,8,7,7,7
27,0,0,0,1,798,0,1,0,6,4,0,0,1,0,0,1,0,1,66,2,1,0,0,0,0,0,0,1,0,3,1,0,0,2187,5013,0,1,0,12,3,3,80,2,6,5,2,5,3,0,3
26,1,1,0,0,265,0,0,1,29,2,0,0,1,0,0,2,1,0,79,1,2,0,0,0,0,0,0,0,1,1,0,0,1,4969,21813,8,1,0,18,3,4,80,0,7,6,3,2,2,2,2
33,1,0,0,1,1017,0,1,0,25,3,0,0,1,0,0,1,1,0,55,2,1,0,0,0,0,0,0,1,0,2,0,0,1,2313,2993,4,0,1,20,4,2,80,0,5,0,3,2,2,2,2
33,1,0,0,1,813,0,1,0,14,3,0,0,1,0,0,3,1,0,58,3,1,0,0,0,0,0,1,0,0,4,0,1,0,2436,22149,5,0,1,13,3,3,80,1,8,2,1,5,4,0,4
45,1,0,0,1,1449,0,0,1,2,3,0,1,0,0,0,1,0,1,94,1,5,0,0,1,0,0,0,0,0,2,0,0,1,18824,2493,2,0,1,16,3,1,80,0,26,2,3,24,10,1,11
37,0,0,0,1,589,0,0,1,9,2,0,1,0,0,0,2,1,0,46,2,2,0,0,0,0,0,0,0,1,2,0,1,0,4189,8800,1,1,0,14,3,1,80,2,5,2,3,5,2,0,3
42,1,0,1,0,481,0,0,1,12,3,0,0,0,0,1,3,1,0,44,3,4,0,0,0,0,0,0,0,1,1,0,0,1,13758,2447,0,0,1,12,3,2,80,0,22,2,2,21,9,13,14
44,0,1,0,0,981,0,1,0,5,3,0,0,0,0,1,3,1,0,90,2,1,0,0,0,0,0,1,0,0,3,0,0,1,3162,7973,3,1,0,14,3,4,80,0,7,5,3,5,2,0,3
31,0,0,1,0,798,0,1,0,7,2,0,0,0,0,1,3,0,1,48,2,3,0,0,0,0,1,0,0,0,3,0,1,0,8943,14034,1,1,0,24,4,1,80,1,10,2,3,10,9,8,9
31,1,0,1,0,523,0,1,0,2,3,0,0,0,0,1,2,1,0,94,3,1,0,0,0,0,0,1,0,0,4,0,1,0,3722,21081,6,0,1,13,3,3,80,1,7,2,1,2,2,2,2
30,1,0,1,0,600,1,0,0,8,3,0,0,0,0,0,3,0,1,66,2,1,0,0,0,0,0,0,0,0,4,1,0,0,2180,9732,6,1,0,11,3,3,80,1,6,0,2,4,2,1,2
45,0,0,1,0,1199,0,1,0,7,4,0,0,0,0,1,1,1,0,77,4,2,0,0,0,0,1,0,0,0,3,0,1,0,6434,5118,4,1,0,17,3,4,80,1,9,1,3,3,2,0,2
52,1,0,0,1,723,0,1,0,8,4,0,0,1,0,0,3,1,0,85,2,2,0,0,0,0,0,0,1,0,2,0,1,0,4941,17747,2,1,0,15,3,1,80,0,11,3,2,8,2,7,7
23,1,0,0,1,1320,0,1,0,8,1,0,0,1,0,0,4,1,0,93,2,1,0,0,0,0,0,1,0,0,3,0,0,1,3989,20586,1,0,1,11,3,1,80,0,5,2,3,5,4,1,2
27,0,0,0,1,1054,0,1,0,8,3,0,0,1,0,0,3,0,1,67,3,1,0,0,0,0,0,0,1,0,4,0,0,1,3445,6152,1,1,0,11,3,3,80,0,6,5,2,6,2,1,4
28,0,1,0,0,1476,0,1,0,1,3,0,0,0,0,1,3,0,1,55,1,2,0,0,0,0,0,1,0,0,4,0,1,0,6674,16392,0,1,0,11,3,1,80,3,10,6,3,9,8,7,5
46,0,0,0,1,430,0,1,0,1,4,0,0,1,0,0,4,1,0,40,3,5,1,0,0,0,0,0,0,0,4,1,0,0,19627,21445,9,1,0,17,3,4,80,2,23,0,3,2,2,2,2
19,1,0,1,0,602,0,0,1,1,1,1,0,0,0,0,3,0,1,100,1,1,0,1,0,0,0,0,0,0,1,0,0,1,2325,20989,0,1,0,21,4,1,80,0,1,5,4,0,0,0,0
33,1,0,0,1,527,0,1,0,1,4,0,0,0,1,0,4,1,0,63,3,1,0,0,0,0,0,0,1,0,4,0,0,1,2686,5207,1,0,1,13,3,3,80,0,10,2,2,10,9,7,8
54,0,0,1,0,966,0,1,0,1,4,0,0,0,0,1,4,0,1,53,3,3,0,0,0,0,1,0,0,0,3,1,0,0,10502,9659,7,1,0,17,3,1,80,1,33,2,1,5,4,1,4
51,0,0,0,1,1302,0,1,0,2,3,0,0,1,0,0,4,1,0,84,1,2,0,0,0,0,1,0,0,0,2,1,0,0,5482,16321,5,1,0,18,3,4,80,1,13,3,3,4,1,1,2
32,1,0,1,0,238,0,1,0,5,2,0,0,0,0,1,1,0,1,47,4,1,0,0,0,0,0,0,1,0,3,0,0,1,2432,15318,3,0,1,14,3,1,80,0,8,2,3,4,1,0,3
28,0,0,0,1,1181,0,1,0,1,3,0,0,0,0,1,3,1,0,82,3,1,0,0,0,0,0,0,1,0,4,0,1,0,2044,5531,1,1,0,11,3,3,80,1,5,6,4,5,3,0,3
28,0,0,0,1,760,0,0,1,2,4,0,1,0,0,0,2,0,1,81,3,2,0,0,0,0,0,0,0,1,2,0,1,0,4779,3698,1,0,1,20,4,1,80,0,8,2,3,8,7,7,5
27,0,1,0,0,1450,0,1,0,3,3,0,0,1,0,0,3,1,0,79,2,1,0,0,0,0,0,0,1,0,3,1,0,0,2566,25326,1,0,1,15,3,4,80,1,1,2,2,1,1,0,1
28,1,0,1,0,1009,0,1,0,1,3,0,0,1,0,0,1,1,0,45,2,1,0,0,0,0,0,1,0,0,2,1,0,0,2596,7160,1,1,0,15,3,1,80,2,1,2,3,1,0,0,0
31,0,0,1,0,1125,0,1,0,1,3,0,0,0,0,1,4,1,0,48,1,2,0,0,0,0,0,0,1,0,1,0,1,0,5003,5771,1,1,0,21,4,2,80,0,10,6,3,10,8,8,7
33,0,0,0,1,832,0,1,0,5,4,0,0,0,0,1,3,0,1,63,2,1,0,0,0,0,0,0,1,0,4,0,1,0,2911,14776,1,1,0,13,3,3,80,1,2,2,2,2,2,0,2
52,0,0,1,0,890,0,1,0,25,4,0,0,1,0,0,3,0,1,81,2,4,0,0,0,0,1,0,0,0,4,0,1,0,13826,19028,3,1,0,22,4,3,80,0,31,3,3,9,8,0,0
37,1,0,0,1,807,1,0,0,6,4,0,0,0,0,0,3,1,0,63,3,1,0,0,0,0,0,0,0,0,1,1,0,0,2073,23648,4,0,1,22,4,4,80,0,7,3,3,3,2,0,2
33,0,0,1,0,827,0,1,0,1,4,0,0,0,1,0,3,0,1,84,4,2,0,0,0,1,0,0,0,0,2,0,1,0,5488,20161,1,0,1,13,3,1,80,1,6,2,3,6,5,1,2
21,1,0,0,1,1427,0,1,0,18,1,0,0,0,1,0,4,0,1,65,3,1,0,0,0,0,0,0,1,0,4,0,0,1,2693,8870,1,1,0,19,3,1,80,0,1,3,2,1,0,0,0
26,0,0,0,1,683,0,1,0,2,1,0,0,1,0,0,1,1,0,36,2,1,0,0,0,0,0,0,1,0,4,0,0,1,3904,4050,0,1,0,12,3,4,80,0,5,2,3,4,3,1,1
35,1,0,1,0,130,0,1,0,25,4,0,0,0,0,1,4,0,1,96,3,1,0,0,0,0,0,0,1,0,2,1,0,0,2022,16612,1,0,1,19,3,1,80,1,10,3,2,10,2,7,8
31,1,0,1,0,1060,0,0,1,1,3,0,0,0,0,1,4,0,1,54,3,1,0,1,0,0,0,0,0,0,2,0,0,1,2302,8319,1,0,1,11,3,1,80,0,3,2,4,3,2,2,2
44,1,0,0,1,621,0,1,0,15,3,0,0,1,0,0,1,0,1,73,3,3,0,0,0,1,0,0,0,0,4,0,1,0,7978,14075,1,1,0,11,3,4,80,1,10,2,3,10,7,0,5
34,0,0,0,1,546,0,1,0,10,3,0,0,0,0,1,2,1,0,83,3,1,0,0,0,0,0,1,0,0,2,1,0,0,2008,6896,1,1,0,14,3,2,80,2,1,3,3,1,0,1,0
37,0,0,0,1,367,0,1,0,25,2,0,0,1,0,0,3,0,1,52,2,2,0,0,0,1,0,0,0,0,4,1,0,0,5731,17171,7,1,0,13,3,3,80,2,9,2,3,6,2,1,3
37,0,0,0,1,228,0,0,1,6,4,0,0,1,0,0,3,1,0,98,3,2,0,0,0,0,0,0,0,1,4,0,1,0,6502,22825,4,1,0,14,3,2,80,1,7,5,4,5,4,0,1
34,0,0,0,1,121,0,1,0,2,4,0,0,1,0,0,3,0,1,86,2,1,0,0,0,0,0,0,1,0,1,0,0,1,4381,7530,1,1,0,11,3,3,80,0,6,3,3,6,5,1,3
46,0,0,0,1,1450,0,1,0,15,2,0,0,0,0,1,4,1,0,52,3,5,1,0,0,0,0,0,0,0,2,0,1,0,19081,10849,5,1,0,11,3,1,80,1,25,2,3,4,2,0,3
41,1,0,1,0,143,0,0,1,4,3,0,1,0,0,0,1,1,0,56,3,2,0,0,0,0,0,0,0,1,2,0,0,1,9355,9558,1,1,0,18,3,3,80,0,8,5,3,8,7,7,7
18,1,0,1,0,544,0,0,1,3,2,0,0,1,0,0,2,0,1,70,3,1,0,1,0,0,0,0,0,0,4,0,0,1,1569,18420,1,0,1,12,3,3,80,0,0,2,4,0,0,0,0
34,1,0,1,0,296,0,0,1,6,2,0,1,0,0,0,4,0,1,33,1,1,0,1,0,0,0,0,0,0,3,1,0,0,2351,12253,0,1,0,16,3,4,80,1,3,3,2,2,2,1,0
40,1,0,0,1,299,0,0,1,25,4,0,1,0,0,0,4,1,0,57,2,3,0,0,0,0,0,0,0,1,2,0,0,1,9094,17235,2,0,1,12,3,3,80,0,9,2,3,5,4,1,0
25,1,0,1,0,599,0,0,1,24,1,0,0,0,0,1,3,1,0,73,1,1,0,1,0,0,0,0,0,0,4,0,0,1,1118,8040,1,0,1,14,3,4,80,0,1,4,3,1,0,1,0
29,0,0,0,1,1082,0,1,0,9,4,0,0,1,0,0,4,0,1,43,3,1,0,0,0,0,0,1,0,0,3,0,1,0,2974,25412,9,1,0,17,3,3,80,1,9,2,3,5,3,1,2
28,1,0,1,0,1496,0,0,1,1,3,1,0,0,0,0,1,1,0,92,3,1,0,1,0,0,0,0,0,0,3,0,1,0,2909,15747,3,1,0,15,3,4,80,1,5,3,4,3,2,1,2
36,0,0,0,1,557,0,0,1,3,3,0,0,1,0,0,1,0,1,94,2,3,0,0,0,0,0,0,0,1,4,0,1,0,7644,12695,0,1,0,19,3,3,80,2,10,2,3,9,7,3,4
40,1,0,0,1,299,0,0,1,25,4,0,1,0,0,0,4,1,0,57,2,3,0,0,0,0,0,0,0,1,2,0,0,1,9094,17235,2,0,1,12,3,3,80,0,9,2,3,5,4,1,0
39,0,1,0,0,1485,0,1,0,25,2,0,0,0,0,1,3,1,0,71,3,3,0,0,0,1,0,0,0,0,3,0,1,0,10920,3449,3,1,0,21,4,2,80,1,13,2,3,6,4,0,5
59,0,0,0,1,142,0,1,0,3,3,0,0,0,0,1,3,1,0,70,2,1,0,0,0,0,0,0,1,0,4,0,1,0,2177,8456,3,1,0,17,3,1,80,1,7,6,3,1,0,0,0
28,1,0,1,0,289,0,1,0,2,2,0,0,1,0,0,3,1,0,38,2,1,0,0,0,0,0,1,0,0,1,0,0,1,2561,5355,7,1,0,11,3,3,80,0,8,2,2,0,0,0,0
31,1,0,1,0,667,0,0,1,1,4,0,0,0,0,1,2,0,1,50,1,1,0,1,0,0,0,0,0,0,3,0,0,1,1359,16154,1,1,0,12,3,2,80,0,1,3,3,1,0,0,0
33,0,0,0,1,867,0,1,0,8,4,0,0,0,0,1,4,1,0,90,4,1,0,0,0,0,0,0,1,0,1,0,1,0,3143,6076,6,1,0,19,3,2,80,1,14,1,3,10,8,7,6
42,0,0,1,0,1271,0,1,0,2,1,0,0,1,0,0,2,1,0,35,3,1,0,0,0,0,0,0,1,0,4,0,0,1,2515,9068,5,0,1,14,3,4,80,0,8,2,3,2,1,2,2
30,0,0,0,1,634,0,1,0,17,4,0,0,1,0,0,2,0,1,95,3,3,0,0,1,0,0,0,0,0,1,0,1,0,11916,25927,1,0,1,23,4,4,80,2,9,2,3,9,1,0,8
21,1,0,0,1,1334,0,1,0,10,3,0,0,0,0,1,3,0,1,36,2,1,0,0,0,0,0,1,0,0,1,0,0,1,1416,17258,1,1,0,13,3,1,80,0,1,6,2,1,0,1,0
33,0,0,0,1,392,0,0,1,2,4,0,0,1,0,0,4,1,0,93,3,2,0,0,0,0,0,0,0,1,4,1,0,0,5505,3921,1,1,0,14,3,3,80,2,6,5,3,6,2,0,4
52,1,0,0,1,723,0,1,0,8,4,0,0,1,0,0,3,1,0,85,2,2,0,0,0,0,0,0,1,0,2,0,1,0,4941,17747,2,1,0,15,3,1,80,0,11,3,2,8,2,7,7
46,0,0,0,1,168,0,0,1,4,2,0,1,0,0,0,4,0,1,33,2,5,0,0,1,0,0,0,0,0,2,0,1,0,18789,9946,2,1,0,14,3,3,80,1,26,2,3,11,4,0,8
41,0,1,0,0,267,0,0,1,10,2,0,0,0,0,1,4,1,0,56,3,2,0,0,0,0,0,0,0,1,4,0,0,1,6230,13430,7,1,0,14,3,4,80,0,16,3,3,14,3,1,10
38,0,0,0,1,1404,0,0,1,1,3,0,0,0,0,1,1,1,0,59,2,1,0,1,0,0,0,0,0,0,1,0,0,1,2858,11473,4,1,0,14,3,1,80,0,20,3,2,1,0,0,0
39,0,1,0,0,1251,0,0,1,21,4,0,0,0,0,1,1,0,1,32,1,2,0,0,0,0,0,0,0,1,3,0,1,0,5736,3987,6,1,0,19,3,3,80,1,10,1,3,3,2,1,2
24,1,0,0,1,984,0,1,0,17,2,0,0,0,0,1,4,0,1,97,3,1,0,0,0,0,0,1,0,0,2,0,1,0,2210,3372,1,1,0,13,3,1,80,1,1,3,1,1,0,0,0
32,0,0,1,0,967,0,0,1,8,3,0,1,0,0,0,2,0,1,43,3,3,0,0,0,0,0,0,0,1,4,0,0,1,8998,15589,1,1,0,14,3,4,80,0,9,2,3,9,8,3,7
31,0,0,0,1,746,0,1,0,8,4,0,0,0,0,1,3,0,1,61,3,2,0,0,0,0,1,0,0,0,4,0,0,1,4424,20682,1,1,0,23,4,4,80,0,11,2,3,11,7,1,8
51,1,0,1,0,1150,0,1,0,8,4,0,0,0,0,1,1,1,0,53,1,3,0,0,0,0,1,0,0,0,4,0,0,1,10650,25150,2,1,0,15,3,4,80,0,18,2,3,4,2,0,3
42,1,0,1,0,933,0,1,0,19,3,0,0,1,0,0,3,1,0,57,4,1,0,0,0,0,0,0,1,0,3,1,0,0,2759,20366,6,0,1,12,3,4,80,0,7,2,3,2,2,2,2
30,0,1,0,0,829,0,1,0,1,1,0,0,0,0,1,3,1,0,88,2,3,0,0,0,0,1,0,0,0,3,0,0,1,8474,20925,1,1,0,22,4,3,80,0,12,2,3,11,8,5,8
22,1,0,1,0,1368,0,1,0,4,1,1,0,0,0,0,3,1,0,99,2,1,0,0,0,0,0,1,0,0,3,0,0,1,3894,9129,5,1,0,16,3,3,80,0,4,3,3,2,2,1,2
32,0,0,0,1,529,0,1,0,2,3,1,0,0,0,0,4,1,0,78,3,1,0,0,0,0,0,0,1,0,1,0,0,1,2439,11288,1,1,0,14,3,4,80,0,4,4,3,4,2,1,2
41,1,0,1,0,143,0,0,1,4,3,0,1,0,0,0,1,1,0,56,3,2,0,0,0,0,0,0,0,1,2,0,0,1,9355,9558,1,1,0,18,3,3,80,0,8,5,3,8,7,7,7
32,1,0,0,1,1045,0,0,1,4,4,0,0,1,0,0,4,1,0,32,1,3,0,0,0,0,0,0,0,1,4,0,1,0,10400,25812,1,1,0,11,3,3,80,0,14,2,2,14,8,9,8
29,1,0,0,1,806,0,1,0,7,3,1,0,0,0,0,2,0,1,39,3,1,0,0,0,0,0,1,0,0,3,1,0,0,3339,17285,3,0,1,13,3,1,80,2,10,2,3,7,7,7,7
33,1,0,0,1,350,0,0,1,5,3,0,1,0,0,0,4,0,1,34,3,1,0,1,0,0,0,0,0,0,3,0,0,1,2851,9150,1,0,1,13,3,2,80,0,1,2,3,1,0,0,0
42,0,0,0,1,269,0,1,0,2,3,0,0,1,0,0,4,0,1,56,2,1,0,0,0,0,0,1,0,0,1,1,0,0,2593,8007,0,0,1,11,3,3,80,1,10,4,3,9,6,7,8
34,0,0,0,1,971,0,0,1,1,3,1,0,0,0,0,4,1,0,64,2,3,0,0,0,0,0,0,0,1,3,0,1,0,7083,12288,1,0,1,14,3,4,80,0,10,3,3,10,9,8,6
35,0,0,0,1,1276,0,1,0,16,3,0,0,0,0,1,4,1,0,72,3,3,0,0,0,1,0,0,0,0,3,0,1,0,7632,14295,4,0,1,12,3,3,80,0,10,2,3,8,7,0,0
46,1,0,0,1,261,0,1,0,21,2,0,0,1,0,0,4,0,1,66,3,2,0,0,0,1,0,0,0,0,2,0,1,0,8926,10842,4,1,0,22,4,4,80,1,13,2,4,9,7,3,7
35,1,0,0,1,104,0,1,0,2,3,0,0,0,0,1,1,0,1,69,3,1,0,0,0,0,0,1,0,0,1,1,0,0,2074,26619,1,0,1,12,3,4,80,1,1,2,3,1,0,0,0
30,1,0,0,1,945,0,0,1,9,3,0,0,1,0,0,2,1,0,89,3,1,0,1,0,0,0,0,0,0,4,0,0,1,1081,16019,1,1,0,13,3,3,80,0,1,3,2,1,0,0,0
40,1,0,0,1,299,0,0,1,25,4,0,1,0,0,0,4,1,0,57,2,3,0,0,0,0,0,0,0,1,2,0,0,1,9094,17235,2,0,1,12,3,3,80,0,9,2,3,5,4,1,0
26,1,0,0,1,1330,0,1,0,21,3,0,0,1,0,0,1,1,0,37,3,1,0,0,0,0,0,1,0,0,3,1,0,0,2377,19373,1,1,0,20,4,3,80,1,1,0,2,1,1,0,0
45,0,0,0,1,1329,0,1,0,2,2,0,0,0,1,0,4,0,1,59,2,2,0,0,0,0,1,0,0,0,4,1,0,0,5770,5388,1,1,0,19,3,1,80,2,10,3,3,10,7,3,9
24,0,0,1,0,897,1,0,0,10,3,0,0,1,0,0,1,1,0,59,3,1,0,0,0,0,0,0,0,0,4,0,1,0,2145,2097,0,1,0,14,3,4,80,1,3,2,3,2,2,2,1
27,0,0,1,0,1410,0,0,1,3,1,0,0,1,0,0,4,0,1,71,4,2,0,0,0,0,0,0,0,1,4,1,0,0,4647,16673,1,0,1,20,4,2,80,2,6,3,3,6,5,0,4
58,1,0,0,1,286,0,1,0,2,4,0,0,0,0,1,4,1,0,31,3,5,1,0,0,0,0,0,0,0,2,0,0,1,19246,25761,7,0,1,12,3,4,80,0,40,2,3,31,15,13,8
46,0,0,0,1,1402,0,0,1,2,3,0,1,0,0,0,3,0,1,69,3,4,0,0,1,0,0,0,0,0,1,0,1,0,17048,24097,8,1,0,23,4,1,80,0,28,2,3,26,15,15,9
42,0,0,0,1,1396,0,1,0,6,3,0,0,1,0,0,3,1,0,83,3,3,1,0,0,0,0,0,0,0,1,0,1,0,13348,14842,9,1,0,13,3,2,80,1,18,3,4,13,7,5,7
21,1,0,1,0,251,0,1,0,10,2,0,0,0,0,1,1,0,1,45,2,1,0,0,0,0,0,1,0,0,3,0,0,1,2625,25308,1,1,0,20,4,3,80,0,2,2,1,2,2,2,2
35,1,0,1,0,880,0,0,1,12,4,0,0,0,1,0,4,1,0,36,3,2,0,0,0,0,0,0,0,1,4,0,0,1,4581,10414,3,0,1,24,4,1,80,0,13,2,4,11,9,6,7
33,1,0,0,1,465,0,1,0,2,2,0,0,0,0,1,1,0,1,39,3,1,0,0,0,0,0,1,0,0,1,0,1,0,2707,21509,7,1,0,20,4,1,80,0,13,3,4,9,7,1,7
51,1,0,0,1,1323,0,1,0,4,4,0,0,0,0,1,1,1,0,34,3,1,0,0,0,0,0,0,1,0,3,0,1,0,2461,10332,9,0,1,12,3,3,80,3,18,2,4,10,0,2,7
46,1,0,0,1,377,0,0,1,9,3,0,1,0,0,0,1,1,0,52,3,3,0,0,0,0,0,0,0,1,4,1,0,0,10096,15986,4,1,0,11,3,1,80,1,28,1,4,7,7,4,3
28,1,0,1,0,1009,0,1,0,1,3,0,0,1,0,0,1,1,0,45,2,1,0,0,0,0,0,1,0,0,2,1,0,0,2596,7160,1,1,0,15,3,1,80,2,1,2,3,1,0,0,0
40,0,0,0,1,658,0,0,1,10,4,0,1,0,0,0,1,1,0,67,2,3,0,0,0,0,0,0,0,1,2,1,0,0,9705,20652,2,1,0,12,3,2,80,1,11,2,2,1,0,0,0
35,0,1,0,0,1225,0,1,0,2,4,0,0,0,0,1,4,0,1,61,3,2,0,0,0,1,0,0,0,0,1,1,0,0,5093,4761,2,1,0,11,3,1,80,1,16,2,4,1,0,0,0
24,1,0,0,1,240,1,0,0,22,1,0,0,0,0,0,4,1,0,58,1,1,0,0,0,0,0,0,0,0,3,0,1,0,1555,11585,1,1,0,11,3,3,80,1,1,2,3,1,0,0,0
22,0,0,0,1,604,0,1,0,6,1,0,0,1,0,0,1,1,0,69,3,1,0,0,0,0,0,0,1,0,3,0,1,0,2773,12145,0,1,0,20,4,4,80,0,3,3,3,2,2,2,2
36,1,0,0,1,885,0,1,0,16,4,0,0,0,0,1,3,0,1,43,4,1,0,0,0,0,0,1,0,0,1,0,0,1,2743,8269,1,1,0,16,3,3,80,0,18,1,3,17,13,15,14
23,1,0,0,1,1243,0,1,0,6,3,0,0,0,0,1,3,1,0,63,4,1,0,0,0,0,0,1,0,0,1,0,1,0,1601,3445,1,0,1,21,4,3,80,2,1,2,3,0,0,0,0
35,1,0,0,1,763,0,0,1,15,2,0,0,1,0,0,1,1,0,59,1,2,0,0,0,0,0,0,0,1,4,1,0,0,5440,22098,6,0,1,14,3,4,80,2,7,2,2,2,2,2,2
35,0,0,1,0,146,0,1,0,2,4,0,0,1,0,0,1,1,0,79,2,1,0,0,0,0,0,0,1,0,4,0,0,1,4930,13970,0,0,1,14,3,3,80,0,6,2,4,5,4,1,4
28,1,0,0,1,1475,0,0,1,13,2,0,1,0,0,0,4,0,1,84,3,2,0,0,0,0,0,0,0,1,3,0,0,1,9854,23352,3,0,1,11,3,4,80,0,6,0,3,2,0,2,2
22,1,0,1,0,1256,0,1,0,3,4,0,0,0,0,1,3,1,0,48,2,1,0,0,0,0,0,0,1,0,4,0,1,0,2853,4223,0,0,1,11,3,2,80,1,1,5,3,0,0,0,0
39,1,1,0,0,592,0,1,0,2,3,0,0,0,0,1,1,0,1,54,2,1,0,0,0,0,0,1,0,0,1,0,0,1,3646,17181,2,0,1,23,4,2,80,0,11,2,4,1,0,0,0
38,1,0,0,1,903,0,1,0,2,3,0,0,1,0,0,3,1,0,81,3,2,0,0,0,0,1,0,0,0,2,0,1,0,4855,7653,4,1,0,11,3,1,80,2,7,2,3,5,2,1,4
28,1,1,0,0,1366,0,1,0,24,2,1,0,0,0,0,2,1,0,72,2,3,0,0,0,1,0,0,0,0,1,0,0,1,8722,12355,1,1,0,12,3,1,80,0,10,2,2,10,7,1,9
35,0,0,0,1,219,0,1,0,16,2,0,0,0,1,0,4,0,1,44,2,2,0,0,0,0,1,0,0,0,2,0,1,0,4788,25388,0,0,1,11,3,4,80,0,4,2,3,3,2,0,2
52,1,0,0,1,1030,0,0,1,5,3,0,0,0,0,1,2,1,0,64,3,3,0,0,0,0,0,0,0,1,2,0,0,1,8446,21534,9,0,1,19,3,3,80,0,10,2,2,8,7,7,7
42,1,0,1,0,933,0,1,0,19,3,0,0,1,0,0,3,1,0,57,4,1,0,0,0,0,0,0,1,0,3,1,0,0,2759,20366,6,0,1,12,3,4,80,0,7,2,3,2,2,2,2
48,0,0,0,1,1236,0,1,0,1,4,0,0,0,0,1,4,0,1,40,2,4,0,0,1,0,0,0,0,0,1,0,1,0,15402,17997,7,1,0,11,3,1,80,1,21,3,1,3,2,0,2
31,1,0,1,0,1445,0,1,0,1,5,0,0,0,0,1,3,0,1,100,4,3,0,0,0,0,1,0,0,0,2,0,0,1,7446,8931,1,1,0,11,3,1,80,0,10,2,3,10,8,4,7
24,0,0,0,1,823,0,1,0,17,2,0,0,0,1,0,4,1,0,94,2,1,0,0,0,0,0,1,0,0,2,0,1,0,2127,9100,1,1,0,21,4,4,80,1,1,2,3,1,0,0,0
26,1,0,0,1,1330,0,1,0,21,3,0,0,1,0,0,1,1,0,37,3,1,0,0,0,0,0,1,0,0,3,1,0,0,2377,19373,1,1,0,20,4,3,80,1,1,0,2,1,1,0,0
52,1,0,0,1,723,0,1,0,8,4,0,0,1,0,0,3,1,0,85,2,2,0,0,0,0,0,0,1,0,2,0,1,0,4941,17747,2,1,0,15,3,1,80,0,11,3,2,8,2,7,7
25,1,0,1,0,599,0,0,1,24,1,0,0,0,0,1,3,1,0,73,1,1,0,1,0,0,0,0,0,0,4,0,0,1,1118,8040,1,0,1,14,3,4,80,0,1,4,3,1,0,1,0
32,0,0,1,0,1311,0,1,0,7,3,0,0,0,0,1,2,1,0,100,4,1,0,0,0,0,0,1,0,0,2,0,1,0,2794,26062,1,1,0,20,4,3,80,0,5,3,1,5,1,0,3
33,0,0,0,1,924,0,1,0,2,3,0,0,1,0,0,3,1,0,78,3,1,0,0,0,0,0,1,0,0,4,0,0,1,2496,6670,4,1,0,11,3,4,80,0,7,3,3,1,1,0,0
34,1,0,0,1,699,0,1,0,6,1,0,0,1,0,0,2,1,0,83,3,1,0,0,0,0,0,0,1,0,1,0,0,1,2960,17102,2,1,0,11,3,3,80,0,8,2,3,4,2,1,3
29,0,0,0,1,1210,0,0,1,2,3,0,0,1,0,0,1,1,0,78,2,2,0,0,0,0,0,0,0,1,2,0,1,0,6644,3687,2,1,0,19,3,2,80,2,10,2,3,0,0,0,0
48,0,0,0,1,855,0,1,0,4,3,0,0,0,0,1,4,1,0,54,3,3,0,0,0,0,1,0,0,0,4,0,0,1,7898,18706,1,1,0,11,3,3,80,0,11,2,3,10,9,0,8
41,1,0,0,1,1085,0,1,0,2,4,0,0,0,0,1,2,0,1,57,1,1,0,0,0,0,0,1,0,0,4,1,0,0,2778,17725,4,0,1,13,3,3,80,1,10,1,2,7,7,1,0
54,0,0,0,1,821,0,1,0,5,2,0,0,1,0,0,1,1,0,86,3,5,1,0,0,0,0,0,0,0,1,0,1,0,19406,8509,4,1,0,11,3,3,80,1,24,4,2,4,2,1,2
31,1,0,0,1,330,0,1,0,22,4,0,0,1,0,0,4,1,0,98,3,2,0,0,0,0,1,0,0,0,3,0,1,0,6179,21057,1,0,1,15,3,4,80,2,10,3,2,10,2,6,7
18,1,0,1,0,1306,0,0,1,5,3,0,1,0,0,0,2,1,0,69,3,1,0,1,0,0,0,0,0,0,2,0,0,1,1878,8059,1,0,1,14,3,4,80,0,0,3,3,0,0,0,0
27,0,0,1,0,1131,0,1,0,15,3,0,0,0,0,1,4,0,1,77,2,1,0,0,0,0,0,0,1,0,1,0,1,0,4774,23844,0,1,0,19,3,4,80,1,8,2,2,7,6,7,3
25,0,0,0,1,949,0,1,0,1,3,1,0,0,0,0,1,1,0,81,3,1,0,0,0,0,0,1,0,0,4,0,1,0,3229,4910,4,1,0,11,3,2,80,1,7,2,2,3,2,0,2
42,0,0,0,1,201,0,1,0,1,4,0,0,0,0,1,2,0,1,95,3,1,0,0,0,0,0,1,0,0,1,1,0,0,2576,20490,3,1,0,16,3,2,80,1,8,5,3,5,2,1,2
34,0,0,0,1,181,0,1,0,2,4,0,0,1,0,0,4,1,0,97,4,1,0,0,0,0,0,0,1,0,4,0,1,0,2932,5586,0,0,1,14,3,1,80,3,6,3,3,5,0,1,2
46,0,1,0,0,849,0,0,1,26,2,0,0,0,0,1,2,1,0,98,2,2,0,0,0,0,0,0,0,1,2,0,0,1,7991,25166,8,1,0,15,3,3,80,0,6,3,3,2,2,2,2
46,1,0,0,1,377,0,0,1,9,3,0,1,0,0,0,1,1,0,52,3,3,0,0,0,0,0,0,0,1,4,1,0,0,10096,15986,4,1,0,11,3,1,80,1,28,1,4,7,7,4,3
33,0,0,0,1,147,0,1,0,4,4,0,0,1,0,0,3,0,1,47,2,1,0,0,0,0,0,0,1,0,2,0,1,0,2622,13248,6,1,0,21,4,4,80,0,7,3,3,3,2,1,1
42,0,1,0,0,355,0,1,0,10,4,1,0,0,0,0,3,1,0,38,3,1,0,0,0,0,0,0,1,0,3,0,1,0,2936,6161,3,1,0,22,4,2,80,2,10,1,2,6,3,3,3
26,1,0,0,1,471,0,1,0,24,3,1,0,0,0,0,3,1,0,66,1,1,0,0,0,0,0,1,0,0,4,0,0,1,2340,23213,1,0,1,18,3,2,80,0,1,3,1,1,0,0,0
42,0,0,0,1,188,0,1,0,29,3,0,0,1,0,0,2,1,0,56,1,2,0,0,0,0,0,1,0,0,4,0,0,1,4272,9558,4,1,0,19,3,1,80,0,16,3,3,1,0,0,0
50,0,0,1,0,1246,1,0,0,3,3,0,0,1,0,0,1,1,0,99,3,5,0,0,1,0,0,0,0,0,2,0,1,0,18200,7999,1,1,0,11,3,3,80,1,32,2,3,32,5,10,7
28,1,0,1,0,1009,0,1,0,1,3,0,0,1,0,0,1,1,0,45,2,1,0,0,0,0,0,1,0,0,2,1,0,0,2596,7160,1,1,0,15,3,1,80,2,1,2,3,1,0,0,0
22,1,0,0,1,1294,0,1,0,8,1,0,0,1,0,0,3,0,1,79,3,1,0,0,0,0,0,1,0,0,1,0,1,0,2398,15999,1,0,1,17,3,3,80,0,1,6,3,1,0,0,0
28,1,1,0,0,1366,0,1,0,24,2,1,0,0,0,0,2,1,0,72,2,3,0,0,0,1,0,0,0,0,1,0,0,1,8722,12355,1,1,0,12,3,1,80,0,10,2,2,10,7,1,9
35,0,0,0,1,982,0,1,0,1,4,0,0,1,0,0,4,1,0,58,2,1,0,0,0,0,0,1,0,0,3,0,1,0,2258,16340,6,1,0,12,3,2,80,1,10,2,3,8,0,1,7
37,0,0,1,0,663,0,1,0,11,3,0,0,0,1,0,2,1,0,47,3,3,1,0,0,0,0,0,0,0,4,1,0,0,12185,10056,1,0,1,14,3,3,80,3,10,1,3,10,8,0,7
33,1,0,0,1,1277,0,1,0,15,1,0,0,1,0,0,2,1,0,56,3,3,0,0,1,0,0,0,0,0,3,0,1,0,13610,24619,7,0,1,12,3,4,80,0,15,2,4,7,6,7,7
42,0,0,0,1,469,0,1,0,2,2,0,0,1,0,0,4,1,0,35,3,4,0,0,1,0,0,0,0,0,1,0,1,0,17665,14399,0,1,0,17,3,4,80,1,23,3,3,22,6,13,7
27,0,0,0,1,1130,0,0,1,8,4,0,1,0,0,0,2,0,1,56,3,2,0,0,0,0,0,0,0,1,2,0,1,0,6214,3415,1,1,0,18,3,1,80,1,8,3,3,8,7,0,7
23,0,0,0,1,507,0,1,0,20,1,0,0,0,0,1,1,1,0,97,3,2,0,0,0,0,0,1,0,0,3,0,0,1,2272,24812,0,1,0,14,3,2,80,0,5,2,3,4,3,1,2
25,0,0,1,0,772,0,1,0,2,1,0,0,0,0,1,4,1,0,77,4,2,0,0,0,0,1,0,0,0,3,1,0,0,5206,4973,1,1,0,17,3,3,80,2,7,6,3,7,7,0,7
46,1,0,0,1,377,0,0,1,9,3,0,1,0,0,0,1,1,0,52,3,3,0,0,0,0,0,0,0,1,4,1,0,0,10096,15986,4,1,0,11,3,1,80,1,28,1,4,7,7,4,3
27,1,0,1,0,1337,1,0,0,22,3,0,0,0,0,0,1,0,1,58,2,1,0,0,0,0,0,0,0,0,2,0,1,0,2863,19555,1,1,0,12,3,1,80,0,1,2,3,1,0,0,0
35,0,0,0,1,950,0,1,0,7,3,0,0,0,1,0,3,1,0,59,3,3,0,0,0,0,1,0,0,0,3,0,0,1,10221,18869,3,1,0,21,4,2,80,0,17,3,4,8,5,1,6
43,0,0,0,1,782,0,1,0,6,4,0,0,0,1,0,2,1,0,50,2,4,1,0,0,0,0,0,0,0,4,1,0,0,16627,2671,4,0,1,14,3,3,80,1,21,3,2,1,0,0,0
26,1,0,0,1,920,1,0,0,20,2,0,0,1,0,0,4,0,1,69,3,1,0,0,0,0,0,0,0,0,2,0,1,0,2148,6889,0,0,1,11,3,3,80,0,6,3,3,5,1,1,4
45,0,0,0,1,561,0,0,1,2,3,0,0,0,1,0,4,1,0,61,3,2,0,0,0,0,0,0,0,1,2,0,1,0,4805,16177,0,1,0,19,3,2,80,1,9,3,4,8,7,3,7
21,1,0,0,1,1334,0,1,0,10,3,0,0,0,0,1,3,0,1,36,2,1,0,0,0,0,0,1,0,0,1,0,0,1,1416,17258,1,1,0,13,3,1,80,0,1,6,2,1,0,1,0
28,1,0,0,1,529,0,1,0,2,4,0,0,0,0,1,1,1,0,79,3,1,0,0,0,0,0,1,0,0,3,0,0,1,3485,14935,2,1,0,11,3,3,80,0,5,5,1,0,0,0,0
35,0,0,0,1,1142,0,1,0,23,4,0,0,1,0,0,3,0,1,30,3,1,0,0,0,0,0,1,0,0,1,0,1,0,4014,16002,3,0,1,15,3,3,80,1,4,3,3,2,2,2,2
32,1,0,0,1,964,0,0,1,1,2,0,0,0,0,1,1,1,0,34,1,2,0,0,0,0,0,0,0,1,2,0,0,1,6735,12147,6,1,0,15,3,2,80,0,10,2,3,0,0,0,0
28,0,0,1,0,467,0,0,1,7,3,0,0,0,0,1,3,1,0,55,3,2,0,0,0,0,0,0,0,1,1,0,0,1,4898,11827,0,1,0,14,3,4,80,0,5,5,3,4,2,1,3
31,1,0,1,0,703,0,0,1,2,3,0,0,0,0,1,3,0,1,90,2,1,0,1,0,0,0,0,0,0,4,0,0,1,2785,11882,7,1,0,14,3,3,80,0,3,3,4,1,0,0,0
42,0,0,1,0,555,0,0,1,26,3,0,1,0,0,0,3,0,1,77,3,4,0,0,0,0,0,0,0,1,2,0,1,0,13525,14864,5,1,0,14,3,4,80,1,23,2,4,20,4,4,8
29,0,0,0,1,1086,0,1,0,7,1,0,0,1,0,0,1,0,1,62,2,1,0,0,0,0,0,1,0,0,4,1,0,0,2532,6054,6,1,0,14,3,3,80,3,8,5,3,4,3,0,3
33,0,0,0,1,147,1,0,0,2,3,0,0,0,0,0,2,1,0,99,3,1,0,0,0,0,0,0,0,0,3,0,1,0,3600,8429,1,1,0,13,3,4,80,1,5,2,3,5,4,1,4
33,0,0,1,0,1303,0,1,0,7,2,0,0,0,0,1,4,1,0,36,3,2,0,0,0,1,0,0,0,0,3,1,0,0,5968,18079,1,1,0,20,4,3,80,3,9,2,3,9,7,2,8
18,1,1,0,0,247,0,1,0,8,1,0,0,1,0,0,3,1,0,80,3,1,0,0,0,0,0,1,0,0,3,0,0,1,1904,13556,1,1,0,12,3,4,80,0,0,0,3,0,0,0,0
33,0,1,0,0,1038,0,0,1,8,1,0,0,0,0,1,2,0,1,88,2,1,0,1,0,0,0,0,0,0,4,0,0,1,2342,21437,0,1,0,19,3,4,80,0,3,2,2,2,2,2,2
36,0,0,1,0,469,0,1,0,3,3,1,0,0,0,0,3,1,0,46,3,1,0,0,0,0,0,0,1,0,2,0,1,0,3692,9256,1,1,0,12,3,3,80,0,12,2,2,11,10,0,7
28,1,0,0,1,1475,0,0,1,13,2,0,1,0,0,0,4,0,1,84,3,2,0,0,0,0,0,0,0,1,3,0,0,1,9854,23352,3,0,1,11,3,4,80,0,6,0,3,2,0,2,2
58,1,0,0,1,601,0,1,0,7,4,0,0,1,0,0,3,0,1,53,2,3,0,0,0,0,1,0,0,0,1,0,1,0,10008,12023,7,0,1,14,3,4,80,0,31,0,2,10,9,5,9
56,1,0,0,1,441,0,1,0,14,4,0,0,0,0,1,2,0,1,72,3,1,0,0,0,0,0,0,1,0,2,0,1,0,4963,4510,9,0,1,18,3,1,80,3,7,2,3,5,4,4,3
49,0,0,0,1,1313,0,0,1,11,4,0,1,0,0,0,4,0,1,80,3,2,0,0,0,0,0,0,0,1,4,0,0,1,4507,8191,3,1,0,12,3,3,80,0,8,1,4,5,1,0,4
31,0,0,0,1,670,0,1,0,26,1,0,0,0,0,1,1,1,0,31,3,1,0,0,0,0,0,0,1,0,3,1,0,0,2911,15170,1,1,0,17,3,4,80,1,5,1,2,5,2,4,3
31,1,0,1,0,1060,0,0,1,1,3,0,0,0,0,1,4,0,1,54,3,1,0,1,0,0,0,0,0,0,2,0,0,1,2302,8319,1,0,1,11,3,1,80,0,3,2,4,3,2,2,2
48,1,0,1,0,708,0,0,1,7,2,0,0,1,0,0,4,0,1,95,3,1,0,1,0,0,0,0,0,0,3,0,1,0,2655,11740,2,0,1,11,3,3,80,2,19,3,3,9,7,7,7
35,0,0,0,1,1219,0,0,1,18,3,0,0,1,0,0,3,0,1,86,3,2,0,0,0,0,0,0,0,1,3,0,1,0,4601,6179,1,1,0,16,3,2,80,0,5,3,3,5,2,1,0
34,0,0,0,1,254,0,1,0,1,2,0,0,0,0,1,2,1,0,83,2,1,0,0,0,0,0,0,1,0,4,0,1,0,3622,22794,1,0,1,13,3,4,80,1,6,3,3,6,5,1,3
22,0,1,0,0,1123,0,1,0,16,2,0,0,1,0,0,4,1,0,96,4,1,0,0,0,0,0,1,0,0,4,1,0,0,2935,7324,1,0,1,13,3,2,80,2,1,2,2,1,0,0,0
29,0,0,0,1,738,0,1,0,9,5,0,0,0,1,0,2,1,0,30,2,1,0,0,0,0,0,1,0,0,4,0,0,1,3983,7621,0,1,0,17,3,3,80,0,4,2,3,3,2,2,2
41,1,0,0,1,1085,0,1,0,2,4,0,0,0,0,1,2,0,1,57,1,1,0,0,0,0,0,1,0,0,4,1,0,0,2778,17725,4,0,1,13,3,3,80,1,10,1,2,7,7,1,0
49,0,0,0,1,174,0,0,1,8,4,1,0,0,0,0,4,1,0,56,2,4,0,0,0,0,0,0,0,1,2,0,1,0,13120,11879,6,1,0,17,3,2,80,1,22,3,3,9,8,2,3
35,0,0,0,1,1296,0,1,0,5,4,1,0,0,0,0,3,1,0,62,3,3,0,0,0,0,1,0,0,0,2,0,0,1,8095,18264,0,1,0,13,3,4,80,0,17,5,3,16,6,0,13
32,0,0,0,1,548,0,1,0,1,3,0,0,0,0,1,2,1,0,66,3,2,0,0,0,0,0,0,1,0,2,0,1,0,6220,7346,1,1,0,17,3,2,80,2,10,3,3,10,4,0,9
21,0,0,0,1,984,0,1,0,1,1,1,0,0,0,0,4,0,1,70,2,1,0,0,0,0,0,0,1,0,2,0,0,1,2070,25326,1,0,1,11,3,3,80,0,2,6,4,2,2,2,2
46,0,1,0,0,1144,0,1,0,7,4,0,0,1,0,0,3,0,1,30,3,2,0,0,0,0,1,0,0,0,3,0,1,0,5258,16044,2,1,0,14,3,3,80,0,7,2,4,1,0,0,0
27,0,0,0,1,728,0,0,1,23,1,0,0,1,0,0,2,0,1,36,2,2,0,1,0,0,0,0,0,0,3,0,1,0,3540,7018,1,1,0,21,4,4,80,1,9,5,3,9,8,5,8
31,1,0,1,0,534,0,1,0,20,3,0,0,0,0,1,1,1,0,66,3,3,0,0,0,1,0,0,0,0,3,0,1,0,9824,22908,3,1,0,12,3,1,80,0,12,2,3,1,0,0,0
54,0,0,0,1,1147,0,0,1,3,3,0,1,0,0,0,4,0,1,52,3,2,0,0,0,0,0,0,0,1,1,0,1,0,5940,17011,2,1,0,14,3,4,80,1,16,4,3,6,2,0,5
39,1,1,0,0,592,0,1,0,2,3,0,0,0,0,1,1,0,1,54,2,1,0,0,0,0,0,1,0,0,1,0,0,1,3646,17181,2,0,1,23,4,2,80,0,11,2,4,1,0,0,0
21,1,0,1,0,251,0,1,0,10,2,0,0,0,0,1,1,0,1,45,2,1,0,0,0,0,0,1,0,0,3,0,0,1,2625,25308,1,1,0,20,4,3,80,0,2,2,1,2,2,2,2
24,1,0,1,0,1287,0,1,0,7,3,0,0,0,0,1,1,0,1,55,3,1,0,0,0,0,0,1,0,0,3,0,1,0,2886,14168,1,0,1,16,3,4,80,1,6,4,3,6,3,1,2
55,1,0,0,1,725,0,1,0,2,3,0,0,1,0,0,4,1,0,78,3,5,0,0,1,0,0,0,0,0,1,0,1,0,19859,21199,5,0,1,13,3,4,80,1,24,2,3,5,2,1,4
29,0,0,1,0,461,0,1,0,1,3,0,0,0,0,1,4,1,0,70,4,2,0,0,0,1,0,0,0,0,3,0,0,1,6294,23060,8,0,1,12,3,4,80,0,10,5,4,3,2,0,2
34,1,0,0,1,699,0,1,0,6,1,0,0,1,0,0,2,1,0,83,3,1,0,0,0,0,0,0,1,0,1,0,0,1,2960,17102,2,1,0,11,3,3,80,0,8,2,3,4,2,1,3
24,1,0,0,1,240,1,0,0,22,1,0,0,0,0,0,4,1,0,58,1,1,0,0,0,0,0,0,0,0,3,0,1,0,1555,11585,1,1,0,11,3,3,80,1,1,2,3,1,0,0,0
39,1,1,0,0,592,0,1,0,2,3,0,0,0,0,1,1,0,1,54,2,1,0,0,0,0,0,1,0,0,1,0,0,1,3646,17181,2,0,1,23,4,2,80,0,11,2,4,1,0,0,0
37,0,0,0,1,1439,0,1,0,4,1,0,0,0,0,1,3,1,0,54,3,1,0,0,0,0,0,0,1,0,3,0,1,0,2996,5182,7,0,1,15,3,4,80,0,8,2,3,6,4,1,3
53,1,0,0,1,607,0,1,0,2,5,1,0,0,0,0,3,0,1,78,2,3,0,0,0,0,1,0,0,0,4,0,1,0,10169,14618,0,1,0,16,3,2,80,1,34,4,3,33,7,1,9
37,0,0,0,1,446,0,1,0,1,4,0,0,0,0,1,2,0,1,65,3,2,0,0,0,0,1,0,0,0,2,0,1,0,6447,15701,6,1,0,12,3,2,80,1,8,2,2,6,5,4,3
31,0,0,0,1,1398,1,0,0,8,2,0,0,1,0,0,4,0,1,96,4,1,0,0,0,0,0,0,0,0,2,0,0,1,2109,24609,9,1,0,18,3,4,80,0,8,3,3,3,2,0,2
51,1,0,0,1,1323,0,1,0,4,4,0,0,0,0,1,1,1,0,34,3,1,0,0,0,0,0,0,1,0,3,0,1,0,2461,10332,9,0,1,12,3,3,80,3,18,2,4,10,0,2,7
32,0,1,0,0,300,0,1,0,1,3,0,0,0,0,1,4,1,0,61,3,1,0,0,0,0,0,1,0,0,4,1,0,0,2314,9148,0,1,0,12,3,2,80,1,4,2,3,3,0,0,2
42,0,0,1,0,458,0,1,0,26,5,0,0,1,0,0,1,0,1,60,3,3,1,0,0,0,0,0,0,0,1,0,1,0,13191,23281,3,0,1,17,3,3,80,0,20,6,3,1,0,0,0
50,1,0,1,0,878,0,0,1,1,4,0,0,0,0,1,2,1,0,94,3,2,0,0,0,0,0,0,0,1,3,1,0,0,6728,14255,7,1,0,12,3,4,80,2,12,3,3,6,3,0,1
42,0,0,0,1,603,0,1,0,7,4,0,0,1,0,0,2,0,1,78,4,2,0,0,0,0,0,0,1,0,2,0,1,0,2372,5628,6,0,1,16,3,4,80,0,18,2,3,1,0,0,0
36,1,0,0,1,318,0,1,0,9,3,0,0,1,0,0,4,1,0,79,2,1,0,0,0,0,0,0,1,0,3,0,1,0,3388,21777,0,0,1,17,3,1,80,1,2,0,2,1,0,0,0
37,1,0,0,1,1141,0,1,0,11,2,0,0,1,0,0,1,0,1,61,1,2,0,0,0,1,0,0,0,0,2,0,1,0,4777,14382,5,1,0,15,3,1,80,0,15,2,1,1,0,0,0
29,0,0,0,1,144,0,0,1,10,1,0,1,0,0,0,4,0,1,39,2,2,0,0,0,0,0,0,0,1,2,1,0,0,8268,11866,1,0,1,14,3,1,80,2,7,2,3,7,7,1,7
46,1,0,0,1,261,0,1,0,21,2,0,0,1,0,0,4,0,1,66,3,2,0,0,0,1,0,0,0,0,2,0,1,0,8926,10842,4,1,0,22,4,4,80,1,13,2,4,9,7,3,7
39,1,0,0,1,360,0,1,0,23,3,0,0,1,0,0,3,1,0,93,3,1,0,0,0,0,0,0,1,0,1,0,0,1,3904,22154,0,1,0,13,3,1,80,0,6,2,3,5,2,0,3
32,1,0,0,1,1089,0,1,0,7,2,0,0,0,0,1,4,1,0,79,3,2,0,0,0,0,0,1,0,0,3,0,1,0,4883,22845,1,1,0,18,3,1,80,1,10,3,3,10,4,1,1
22,0,0,0,1,534,0,1,0,15,3,0,0,1,0,0,2,0,1,59,3,1,0,0,0,0,0,1,0,0,4,0,0,1,2871,23785,1,1,0,15,3,3,80,0,1,5,3,0,0,0,0
35,0,0,1,0,853,0,0,1,18,5,0,0,0,0,1,2,1,0,71,3,3,0,0,0,0,0,0,0,1,1,0,1,0,9069,11031,1,1,0,22,4,4,80,1,9,3,2,9,8,1,8
29,0,0,1,0,1413,0,0,1,1,1,0,0,1,0,0,2,0,1,42,3,3,0,0,0,0,0,0,0,1,4,0,1,0,7918,6599,1,1,0,14,3,4,80,1,11,5,3,11,10,4,1
29,0,0,0,1,1107,0,1,0,28,4,0,0,0,0,1,3,0,1,93,3,1,0,0,0,0,0,0,1,0,4,1,0,0,2514,26968,4,1,0,22,4,1,80,1,11,1,3,7,5,1,7
60,0,0,0,1,370,0,1,0,1,4,0,0,1,0,0,3,1,0,92,1,3,0,0,0,1,0,0,0,0,4,1,0,0,10883,20467,3,1,0,20,4,3,80,1,19,2,4,1,0,0,0
31,1,0,1,0,1445,0,1,0,1,5,0,0,0,0,1,3,0,1,100,4,3,0,0,0,0,1,0,0,0,2,0,0,1,7446,8931,1,1,0,11,3,1,80,0,10,2,3,10,8,4,7
41,0,0,1,0,857,0,1,0,10,3,0,0,0,0,1,4,1,0,91,2,4,0,0,1,0,0,0,0,0,1,1,0,0,17181,12888,4,1,0,13,3,2,80,1,21,2,2,7,6,7,7
39,1,1,0,0,592,0,1,0,2,3,0,0,0,0,1,1,0,1,54,2,1,0,0,0,0,0,1,0,0,1,0,0,1,3646,17181,2,0,1,23,4,2,80,0,11,2,4,1,0,0,0
37,1,0,0,1,370,0,1,0,10,4,0,0,1,0,0,4,1,0,58,3,2,0,0,0,0,1,0,0,0,1,0,0,1,4213,4992,1,1,0,15,3,2,80,0,10,4,1,10,3,0,8
31,1,0,1,0,523,0,1,0,2,3,0,0,0,0,1,2,1,0,94,3,1,0,0,0,0,0,1,0,0,4,0,1,0,3722,21081,6,0,1,13,3,3,80,1,7,2,1,2,2,2,2
36,1,0,0,1,885,0,1,0,16,4,0,0,0,0,1,3,0,1,43,4,1,0,0,0,0,0,1,0,0,1,0,0,1,2743,8269,1,1,0,16,3,3,80,0,18,1,3,17,13,15,14
22,1,0,1,0,1256,0,1,0,3,4,0,0,0,0,1,3,1,0,48,2,1,0,0,0,0,0,0,1,0,4,0,1,0,2853,4223,0,0,1,11,3,2,80,1,1,5,3,0,0,0,0
39,1,0,0,1,360,0,1,0,23,3,0,0,1,0,0,3,1,0,93,3,1,0,0,0,0,0,0,1,0,1,0,0,1,3904,22154,0,1,0,13,3,1,80,0,6,2,3,5,2,0,3
50,0,0,0,1,316,0,0,1,8,4,0,1,0,0,0,4,1,0,54,3,1,0,1,0,0,0,0,0,0,2,0,1,0,3875,9983,7,1,0,15,3,4,80,1,4,2,3,2,2,2,2
22,1,0,0,1,1294,0,1,0,8,1,0,0,1,0,0,3,0,1,79,3,1,0,0,0,0,0,1,0,0,1,0,1,0,2398,15999,1,0,1,17,3,3,80,0,1,6,3,1,0,0,0
28,1,0,0,1,890,0,1,0,2,4,0,0,1,0,0,3,1,0,46,3,1,0,0,0,0,0,0,1,0,3,0,0,1,4382,16374,6,1,0,17,3,4,80,0,5,3,2,2,2,2,1
22,1,0,0,1,391,0,1,0,7,1,0,0,0,0,1,4,1,0,75,3,1,0,0,0,0,0,0,1,0,2,0,0,1,2472,26092,1,0,1,23,4,1,80,0,1,2,3,1,0,0,0
41,1,1,0,0,906,0,1,0,5,2,0,0,0,0,1,1,1,0,95,2,1,0,0,0,0,0,0,1,0,1,1,0,0,2107,20293,6,1,0,17,3,1,80,1,5,2,1,1,0,0,0
34,1,0,1,0,234,0,1,0,9,4,0,0,0,0,1,4,1,0,93,3,2,0,0,0,0,0,1,0,0,1,0,1,0,5346,6208,4,1,0,17,3,3,80,1,11,3,2,7,1,0,7
40,1,0,0,1,676,0,1,0,9,4,0,0,0,0,1,4,1,0,86,3,1,0,0,0,0,0,1,0,0,1,0,0,1,2018,21831,3,1,0,14,3,2,80,0,15,3,1,5,4,1,0
28,1,0,0,1,890,0,1,0,2,4,0,0,1,0,0,3,1,0,46,3,1,0,0,0,0,0,0,1,0,3,0,0,1,4382,16374,6,1,0,17,3,4,80,0,5,3,2,2,2,2,1
25,0,0,0,1,1372,0,0,1,18,1,0,0,0,0,1,1,1,0,93,4,2,0,0,0,0,0,0,0,1,3,0,1,0,6232,12477,2,1,0,11,3,2,80,0,6,3,2,3,2,1,2
38,0,0,0,1,168,0,1,0,1,3,0,0,0,0,1,3,0,1,81,3,3,0,0,0,0,1,0,0,0,3,0,0,1,7861,15397,4,0,1,14,3,4,80,0,10,4,4,1,0,0,0
26,0,0,0,1,1355,1,0,0,25,1,0,0,0,0,1,3,0,1,61,3,1,0,0,0,0,0,0,0,0,3,0,1,0,2942,8916,1,1,0,23,4,4,80,1,8,3,3,8,7,5,7
37,0,0,0,1,1115,0,1,0,1,4,0,0,0,0,1,1,1,0,51,2,2,0,0,0,0,1,0,0,0,3,1,0,0,5993,2689,1,1,0,18,3,3,80,1,7,2,4,7,5,0,7
33,1,0,0,1,465,0,1,0,2,2,0,0,0,0,1,1,0,1,39,3,1,0,0,0,0,0,1,0,0,1,0,1,0,2707,21509,7,1,0,20,4,1,80,0,13,3,4,9,7,1,7
27,0,1,0,0,1277,0,1,0,8,5,0,0,0,0,1,1,1,0,87,1,1,0,0,0,0,0,1,0,0,3,0,1,0,4621,5869,1,1,0,19,3,4,80,3,3,4,3,3,2,1,2
35,1,0,0,1,556,0,1,0,23,2,0,0,0,0,1,2,1,0,50,2,2,0,0,0,0,1,0,0,0,3,0,1,0,5916,15497,3,0,1,13,3,1,80,0,8,1,3,1,0,0,1
46,0,0,1,0,638,0,1,0,1,3,0,0,1,0,0,3,1,0,40,2,3,0,0,0,1,0,0,0,0,1,0,1,0,10673,3142,2,0,1,13,3,3,80,1,21,5,2,10,9,9,5
42,0,1,0,0,495,0,1,0,2,1,0,0,0,0,1,3,1,0,37,3,4,0,0,1,0,0,0,0,0,3,0,1,0,17861,26582,0,0,1,13,3,4,80,0,21,3,2,20,8,2,10
31,0,0,0,1,688,0,0,1,7,3,0,0,0,0,1,3,1,0,44,2,3,0,0,1,0,0,0,0,0,4,1,0,0,11557,25291,9,1,0,21,4,3,80,1,10,3,2,5,4,0,1
32,0,0,0,1,495,0,1,0,10,3,0,0,1,0,0,3,1,0,64,3,3,0,0,1,0,0,0,0,0,4,0,0,1,11244,21072,2,1,0,25,4,2,80,0,10,5,4,5,2,0,0
36,0,0,0,1,429,0,1,0,2,4,0,0,0,0,1,3,0,1,53,3,2,0,0,0,0,1,0,0,0,2,0,0,1,5410,2323,9,0,1,11,3,4,80,0,18,2,3,16,14,5,12
24,0,1,0,0,673,0,1,0,11,2,0,0,0,1,0,1,0,1,96,4,2,0,0,0,0,1,0,0,0,3,1,0,0,4011,8232,0,1,0,18,3,4,80,1,5,5,2,4,2,1,3
41,0,0,0,1,1206,0,0,1,23,2,0,0,0,0,1,4,1,0,80,3,3,0,0,0,0,0,0,0,1,3,0,0,1,7082,11591,3,0,1,16,3,4,80,0,21,2,3,2,0,0,2
36,1,0,0,1,885,0,1,0,16,4,0,0,0,0,1,3,0,1,43,4,1,0,0,0,0,0,1,0,0,1,0,0,1,2743,8269,1,1,0,16,3,3,80,0,18,1,3,17,13,15,14
30,0,0,1,0,160,0,1,0,3,3,0,0,1,0,0,3,0,1,71,3,1,0,0,0,0,0,0,1,0,3,1,0,0,2083,22653,1,1,0,20,4,3,80,1,1,2,3,1,0,0,0
38,0,1,0,0,573,0,1,0,6,3,0,0,1,0,0,2,0,1,79,1,2,0,0,0,0,0,0,1,0,4,1,0,0,5329,15717,7,0,1,12,3,4,80,3,17,3,3,13,11,1,9
25,1,0,0,1,383,0,0,1,9,2,0,0,0,0,1,1,1,0,68,2,1,0,1,0,0,0,0,0,0,1,0,1,0,4400,15182,3,1,0,12,3,1,80,0,6,2,3,3,2,2,2
38,0,0,0,1,1380,0,1,0,9,2,0,0,0,0,1,3,0,1,75,3,1,0,0,0,0,0,1,0,0,4,0,0,1,2288,6319,1,1,0,12,3,3,80,0,2,3,3,2,2,2,1
37,0,0,0,1,1225,0,1,0,10,2,0,0,0,0,1,4,1,0,80,4,1,0,0,0,0,0,0,1,0,4,0,0,1,4680,15232,3,1,0,17,3,1,80,0,4,2,3,1,0,0,0
31,1,0,0,1,330,0,1,0,22,4,0,0,1,0,0,4,1,0,98,3,2,0,0,0,0,1,0,0,0,3,0,1,0,6179,21057,1,0,1,15,3,4,80,2,10,3,2,10,2,6,7
57,0,0,0,1,593,0,1,0,1,4,0,0,1,0,0,4,1,0,88,3,2,0,0,0,1,0,0,0,0,3,0,1,0,6755,2967,2,1,0,11,3,3,80,0,15,2,3,3,2,1,2
32,0,0,0,1,1018,0,1,0,2,4,0,0,1,0,0,1,0,1,74,4,2,0,0,0,0,0,0,1,0,4,0,0,1,5055,10557,7,1,0,16,3,3,80,0,10,0,2,7,7,0,7
26,1,0,0,1,1330,0,1,0,21,3,0,0,1,0,0,1,1,0,37,3,1,0,0,0,0,0,1,0,0,3,1,0,0,2377,19373,1,1,0,20,4,3,80,1,1,0,2,1,1,0,0
36,1,0,0,1,885,0,1,0,16,4,0,0,0,0,1,3,0,1,43,4,1,0,0,0,0,0,1,0,0,1,0,0,1,2743,8269,1,1,0,16,3,3,80,0,18,1,3,17,13,15,14
36,0,1,0,0,894,0,1,0,1,4,0,0,1,0,0,4,0,1,33,2,2,0,0,0,0,1,0,0,0,3,0,1,0,4374,15411,0,1,0,15,3,3,80,0,4,6,3,3,2,1,2
18,1,0,1,0,544,0,0,1,3,2,0,0,1,0,0,2,0,1,70,3,1,0,1,0,0,0,0,0,0,4,0,0,1,1569,18420,1,0,1,12,3,3,80,0,0,2,4,0,0,0,0
35,1,0,1,0,880,0,0,1,12,4,0,0,0,1,0,4,1,0,36,3,2,0,0,0,0,0,0,0,1,4,0,0,1,4581,10414,3,0,1,24,4,1,80,0,13,2,4,11,9,6,7
50,1,0,0,1,869,0,0,1,3,2,0,1,0,0,0,1,1,0,86,2,1,0,1,0,0,0,0,0,0,3,0,1,0,2683,3810,1,0,1,14,3,3,80,0,3,2,3,3,2,0,2
41,0,0,0,1,509,0,1,0,7,2,1,0,0,0,0,2,0,1,43,4,1,0,0,0,0,0,0,1,0,3,0,1,0,3376,18863,1,1,0,13,3,3,80,0,10,3,3,10,6,0,8
42,0,0,0,1,544,1,0,0,2,1,1,0,0,0,0,3,1,0,52,3,1,0,0,0,0,0,0,0,0,3,1,0,0,2696,24017,0,0,1,11,3,3,80,1,4,5,3,3,2,1,0
51,0,0,0,1,770,1,0,0,5,3,0,0,0,0,1,3,1,0,84,3,4,0,0,1,0,0,0,0,0,2,1,0,0,14026,17588,1,0,1,11,3,2,80,1,33,2,3,33,9,0,10
25,1,0,0,1,867,0,0,1,19,2,0,1,0,0,0,3,1,0,36,2,1,0,1,0,0,0,0,0,0,2,0,1,0,2413,18798,1,0,1,18,3,3,80,3,1,2,3,1,0,0,0
45,0,1,0,0,1050,0,0,1,9,4,0,0,0,0,1,2,0,1,65,2,2,0,0,0,0,0,0,0,1,3,0,1,0,5593,17970,1,1,0,13,3,4,80,1,15,2,3,15,10,4,12
26,1,1,0,0,265,0,0,1,29,2,0,0,1,0,0,2,1,0,79,1,2,0,0,0,0,0,0,0,1,1,0,0,1,4969,21813,8,1,0,18,3,4,80,0,7,6,3,2,2,2,2
43,0,0,0,1,920,0,1,0,3,3,0,0,0,0,1,3,1,0,96,1,5,1,0,0,0,0,0,0,0,4,0,1,0,19740,18625,3,1,0,14,3,2,80,1,25,2,3,8,7,0,7
25,1,0,0,1,1219,0,1,0,4,1,1,0,0,0,0,4,1,0,32,3,1,0,0,0,0,0,1,0,0,4,0,1,0,3691,4605,1,0,1,15,3,2,80,1,7,3,4,7,7,5,6
19,1,0,0,1,419,0,0,1,21,3,0,0,0,1,0,4,1,0,37,2,1,0,1,0,0,0,0,0,0,2,0,0,1,2121,9947,1,0,1,13,3,2,80,0,1,3,4,1,0,0,0
38,1,0,0,1,1180,0,1,0,29,1,0,0,1,0,0,2,1,0,70,3,2,0,0,0,1,0,0,0,0,1,0,1,0,6673,11354,7,0,1,19,3,2,80,0,17,2,3,1,0,0,0
58,0,0,0,1,682,0,0,1,10,4,0,0,1,0,0,4,1,0,37,3,4,0,0,0,0,0,0,0,1,3,0,0,1,13872,24409,0,1,0,13,3,3,80,0,38,1,2,37,10,1,8
47,1,0,1,0,1093,0,0,1,9,3,0,0,0,0,1,3,1,0,82,1,4,0,0,0,0,0,0,0,1,3,0,1,0,12936,24164,7,1,0,11,3,3,80,0,25,3,1,23,5,14,10
34,0,0,1,0,303,0,0,1,2,4,0,1,0,0,0,3,0,1,75,3,1,0,1,0,0,0,0,0,0,3,0,1,0,2231,11314,6,1,0,18,3,4,80,1,6,3,3,4,3,1,2
52,0,0,1,0,322,0,1,0,28,2,0,0,1,0,0,4,0,1,59,4,4,0,0,0,0,1,0,0,0,3,0,1,0,13247,9731,2,0,1,11,3,2,80,1,24,3,2,5,3,0,2
29,0,0,0,1,986,0,1,0,3,4,0,0,1,0,0,2,1,0,93,2,3,1,0,0,0,0,0,0,0,3,0,1,0,11935,21526,1,1,0,18,3,3,80,0,10,2,3,10,2,0,7
26,1,0,0,1,1330,0,1,0,21,3,0,0,1,0,0,1,1,0,37,3,1,0,0,0,0,0,1,0,0,3,1,0,0,2377,19373,1,1,0,20,4,3,80,1,1,0,2,1,1,0,0
60,0,0,0,1,1179,0,0,1,16,4,0,1,0,0,0,1,1,0,84,3,2,0,0,0,0,0,0,0,1,1,0,0,1,5405,11924,8,1,0,14,3,4,80,0,10,1,3,2,2,2,2
29,1,0,0,1,341,0,0,1,1,3,0,0,1,0,0,2,0,1,48,2,1,0,1,0,0,0,0,0,0,3,1,0,0,2800,23522,6,0,1,19,3,3,80,3,5,3,3,3,2,0,2
33,1,0,0,1,118,0,0,1,16,3,0,1,0,0,0,1,0,1,69,3,2,0,0,0,0,0,0,0,1,1,0,0,1,5324,26507,5,1,0,15,3,3,80,0,6,3,3,3,2,0,2
38,0,0,1,0,594,0,1,0,2,2,0,0,1,0,0,3,0,1,75,2,1,0,0,0,0,0,1,0,0,2,0,1,0,2468,15963,4,1,0,14,3,2,80,1,9,4,2,6,1,0,5
35,1,0,1,0,130,0,1,0,25,4,0,0,0,0,1,4,0,1,96,3,1,0,0,0,0,0,0,1,0,2,1,0,0,2022,16612,1,0,1,19,3,1,80,1,10,3,2,10,2,7,8
33,0,0,0,1,931,0,1,0,14,3,0,0,1,0,0,4,0,1,72,3,1,0,0,0,0,0,0,1,0,2,0,1,0,2756,4673,1,1,0,13,3,4,80,1,8,5,3,8,7,1,6
35,0,0,0,1,776,0,0,1,1,4,0,1,0,0,0,3,1,0,32,2,2,0,0,0,0,0,0,0,1,1,0,0,1,4312,23016,0,1,0,14,3,2,80,0,16,2,3,15,13,2,8
34,0,0,1,0,878,0,1,0,10,4,0,0,1,0,0,4,1,0,43,3,1,0,0,0,0,0,0,1,0,3,1,0,0,3815,5972,1,0,1,17,3,4,80,1,5,4,4,5,3,2,0
31,0,0,0,1,106,1,0,0,2,3,0,0,0,0,0,1,1,0,62,2,2,0,0,0,0,0,0,0,0,1,0,1,0,6410,17822,3,1,0,12,3,4,80,0,9,1,3,2,2,1,0
30,0,0,0,1,288,0,1,0,2,3,0,0,0,0,1,3,1,0,99,2,2,0,0,0,1,0,0,0,0,4,0,1,0,4152,15830,1,1,0,19,3,1,80,3,11,3,3,11,10,10,8
31,0,0,1,0,793,0,0,1,20,3,0,0,0,0,1,3,1,0,67,4,1,0,1,0,0,0,0,0,0,4,0,1,0,2791,21981,0,1,0,12,3,1,80,1,3,4,3,2,2,2,2
34,0,0,0,1,1031,0,1,0,6,4,0,0,0,0,1,3,0,1,45,2,2,0,0,0,0,0,0,1,0,2,1,0,0,4505,15000,6,1,0,15,3,3,80,1,12,3,3,1,0,0,0
24,1,0,0,1,240,1,0,0,22,1,0,0,0,0,0,4,1,0,58,1,1,0,0,0,0,0,0,0,0,3,0,1,0,1555,11585,1,1,0,11,3,3,80,1,1,2,3,1,0,0,0
21,1,0,1,0,251,0,1,0,10,2,0,0,0,0,1,1,0,1,45,2,1,0,0,0,0,0,1,0,0,3,0,0,1,2625,25308,1,1,0,20,4,3,80,0,2,2,1,2,2,2,2
50,0,0,0,1,797,0,1,0,4,1,0,0,0,0,1,1,1,0,96,3,5,1,0,0,0,0,0,0,0,2,1,0,0,19144,15815,3,1,0,14,3,1,80,2,28,4,2,10,4,1,6
36,0,0,0,1,1396,0,1,0,5,2,0,0,0,0,1,4,1,0,62,3,2,0,0,0,0,0,1,0,0,2,0,0,1,5914,9945,8,1,0,16,3,4,80,0,16,3,4,13,11,3,7
29,0,0,0,1,352,1,0,0,6,1,0,0,1,0,0,4,1,0,87,2,1,0,0,0,0,0,0,0,0,2,0,1,0,2804,15434,1,1,0,11,3,4,80,0,1,3,3,1,0,0,0
43,0,0,0,1,1291,0,1,0,15,2,0,0,0,0,1,3,1,0,65,2,4,1,0,0,0,0,0,0,0,3,0,1,0,17603,3525,1,1,0,24,4,1,80,1,14,3,3,14,10,6,11
27,0,0,1,0,1242,0,0,1,20,3,0,0,0,0,1,4,0,1,90,3,2,0,0,0,0,0,0,0,1,3,0,0,1,9981,12916,1,1,0,14,3,4,80,0,7,2,3,7,7,0,7
25,0,0,0,1,959,0,0,1,28,3,0,0,0,0,1,1,1,0,41,2,2,0,0,0,0,0,0,0,1,3,0,1,0,8639,24835,2,1,0,18,3,4,80,0,6,3,3,2,2,2,2
47,1,0,1,0,1093,0,0,1,9,3,0,0,0,0,1,3,1,0,82,1,4,0,0,0,0,0,0,0,1,3,0,1,0,12936,24164,7,1,0,11,3,3,80,0,25,3,1,23,5,14,10
24,1,0,1,0,381,0,1,0,9,3,0,0,1,0,0,2,1,0,89,3,1,0,0,0,0,0,1,0,0,1,0,0,1,3172,16998,2,0,1,11,3,3,80,0,4,2,2,0,0,0,0
40,0,0,0,1,1308,0,1,0,14,3,0,0,1,0,0,3,1,0,44,2,5,1,0,0,0,0,0,0,0,3,0,0,1,19626,17544,1,1,0,14,3,1,80,0,21,2,4,20,7,4,9
40,1,0,0,1,676,0,1,0,9,4,0,0,0,0,1,4,1,0,86,3,1,0,0,0,0,0,1,0,0,1,0,0,1,2018,21831,3,1,0,14,3,2,80,0,15,3,1,5,4,1,0
41,0,0,0,1,930,0,0,1,3,3,0,0,0,0,1,3,1,0,57,2,2,0,0,0,0,0,0,0,1,2,1,0,0,8938,12227,2,1,0,11,3,3,80,1,14,5,3,5,4,0,4
40,0,0,0,1,1416,0,1,0,2,2,0,0,1,0,0,1,1,0,49,3,5,1,0,0,0,0,0,0,0,3,1,0,0,19436,5949,0,1,0,19,3,4,80,1,22,5,3,21,7,3,9
28,0,0,0,1,304,0,0,1,9,4,0,0,0,0,1,2,1,0,92,3,2,0,0,0,0,0,0,0,1,4,0,0,1,5253,20750,1,1,0,16,3,4,80,0,7,1,3,7,5,0,7
27,0,0,0,1,618,0,1,0,4,3,0,0,0,0,1,2,0,1,76,3,1,0,0,0,0,0,0,1,0,3,0,0,1,2318,17808,1,1,0,19,3,3,80,0,1,2,3,1,1,0,0
40,1,0,0,1,575,0,0,1,22,2,0,1,0,0,0,3,1,0,68,2,2,0,0,0,0,0,0,0,1,3,0,1,0,6380,6110,2,0,1,12,3,1,80,2,8,6,3,6,4,1,0
38,0,0,0,1,1153,0,1,0,6,2,0,0,0,1,0,4,0,1,40,2,1,0,0,0,0,0,1,0,0,3,0,1,0,3702,16376,1,1,0,11,3,2,80,1,5,3,3,5,4,0,4
51,1,0,0,1,1323,0,1,0,4,4,0,0,0,0,1,1,1,0,34,3,1,0,0,0,0,0,0,1,0,3,0,1,0,2461,10332,9,0,1,12,3,3,80,3,18,2,4,10,0,2,7
50,0,0,0,1,1452,0,1,0,11,3,0,0,0,0,1,3,0,1,53,3,5,0,0,1,0,0,0,0,0,2,0,0,1,19926,17053,3,1,0,15,3,2,80,0,21,5,3,5,4,4,4
31,1,1,0,0,335,0,1,0,9,2,0,0,1,0,0,3,1,0,46,2,1,0,0,0,0,0,0,1,0,1,0,0,1,2321,10322,0,0,1,22,4,1,80,0,4,0,3,3,2,1,2
45,0,0,0,1,538,0,1,0,1,4,1,0,0,0,0,1,1,0,66,3,3,0,0,0,1,0,0,0,0,2,1,0,0,7441,20933,1,1,0,12,3,1,80,3,10,4,3,10,8,7,7
33,1,0,0,1,465,0,1,0,2,2,0,0,0,0,1,1,0,1,39,3,1,0,0,0,0,0,1,0,0,1,0,1,0,2707,21509,7,1,0,20,4,1,80,0,13,3,4,9,7,1,7
36,0,0,1,0,1480,0,1,0,3,2,0,0,1,0,0,4,1,0,30,3,1,0,0,0,0,0,1,0,0,2,0,0,1,2088,15062,4,1,0,12,3,3,80,0,13,3,2,8,7,7,2
37,0,0,1,0,1231,0,0,1,21,2,0,0,1,0,0,3,0,1,54,3,1,0,1,0,0,0,0,0,0,4,0,1,0,2973,21222,5,1,0,15,3,2,80,1,10,3,3,5,4,0,0
22,0,0,0,1,594,0,1,0,2,1,1,0,0,0,0,3,1,0,100,3,1,0,0,0,0,0,1,0,0,4,0,1,0,2523,19299,0,1,0,14,3,3,80,1,3,2,3,2,1,2,1
34,1,0,1,0,988,1,0,0,23,3,0,0,0,0,0,2,0,1,43,3,3,0,0,0,0,0,0,0,0,1,1,0,0,9950,11533,9,0,1,15,3,3,80,3,11,2,3,3,2,0,2
56,1,0,0,1,441,0,1,0,14,4,0,0,0,0,1,2,0,1,72,3,1,0,0,0,0,0,0,1,0,2,0,1,0,4963,4510,9,0,1,18,3,1,80,3,7,2,3,5,4,4,3
31,0,0,0,1,1079,0,0,1,10,2,0,0,1,0,0,3,0,1,86,3,2,0,0,0,0,0,0,0,1,4,1,0,0,6583,20115,2,0,1,11,3,4,80,1,8,2,3,5,2,1,4
53,1,0,0,1,607,0,1,0,2,5,1,0,0,0,0,3,0,1,78,2,3,0,0,0,0,1,0,0,0,4,0,1,0,10169,14618,0,1,0,16,3,2,80,1,34,4,3,33,7,1,9
40,1,0,0,1,299,0,0,1,25,4,0,1,0,0,0,4,1,0,57,2,3,0,0,0,0,0,0,0,1,2,0,0,1,9094,17235,2,0,1,12,3,3,80,0,9,2,3,5,4,1,0
32,1,0,1,0,238,0,1,0,5,2,0,0,0,0,1,1,0,1,47,4,1,0,0,0,0,0,0,1,0,3,0,0,1,2432,15318,3,0,1,14,3,1,80,0,8,2,3,4,1,0,3
22,0,1,0,0,457,0,1,0,26,2,0,0,0,1,0,2,0,1,85,2,1,0,0,0,0,0,0,1,0,3,0,1,0,2814,10293,1,0,1,14,3,2,80,0,4,2,2,4,2,1,3
35,0,0,0,1,287,0,1,0,1,4,0,0,0,0,1,3,0,1,62,1,1,0,0,0,0,0,0,1,0,4,0,1,0,2977,8952,1,1,0,12,3,4,80,1,4,5,3,4,3,1,1
27,0,0,1,0,829,0,0,1,8,1,0,1,0,0,0,3,1,0,84,3,2,0,0,0,0,0,0,0,1,4,0,1,0,4342,24008,0,1,0,19,3,2,80,1,5,3,3,4,2,1,1
42,0,0,0,1,1332,0,1,0,2,4,0,0,0,1,0,1,1,0,98,2,2,0,0,0,1,0,0,0,0,4,0,0,1,6781,17078,3,1,0,23,4,2,80,0,14,6,3,1,0,0,0
32,1,0,0,1,515,0,1,0,1,3,0,0,0,0,1,4,1,0,62,2,1,0,0,0,0,0,1,0,0,3,0,0,1,3730,9571,0,0,1,14,3,4,80,0,4,2,1,3,2,1,2
56,0,0,1,0,906,0,0,1,6,3,0,0,0,0,1,3,0,1,86,4,4,0,0,0,0,0,0,0,1,1,0,1,0,13212,18256,9,1,0,11,3,4,80,3,36,0,2,7,7,7,7
44,1,0,0,1,621,0,1,0,15,3,0,0,1,0,0,1,0,1,73,3,3,0,0,0,1,0,0,0,0,4,0,1,0,7978,14075,1,1,0,11,3,4,80,1,10,2,3,10,7,0,5
43,0,1,0,0,1344,0,1,0,7,3,0,0,1,0,0,4,1,0,37,4,1,0,0,0,0,0,0,1,0,4,1,0,0,2089,5228,4,1,0,14,3,4,80,3,7,3,4,5,4,2,2
55,1,0,0,1,436,0,0,1,2,1,0,0,1,0,0,3,1,0,37,3,2,0,0,0,0,0,0,0,1,4,0,0,1,5160,21519,4,1,0,16,3,3,80,0,12,3,2,9,7,7,3
29,0,0,0,1,332,1,0,0,17,3,0,0,0,1,0,2,1,0,51,2,3,0,0,0,0,0,0,0,0,1,0,0,1,7988,9769,1,1,0,13,3,1,80,0,10,3,2,10,9,0,9
49,0,0,0,1,1261,0,1,0,7,3,0,0,0,1,0,2,1,0,31,2,3,0,0,0,1,0,0,0,0,3,0,0,1,10965,12066,8,1,0,24,4,3,80,0,26,2,3,5,2,0,0
30,1,0,0,1,138,0,1,0,22,3,0,0,0,0,1,1,0,1,48,3,1,0,0,0,0,0,0,1,0,3,0,1,0,2132,11539,4,0,1,11,3,2,80,0,7,2,3,5,2,0,1
37,1,0,0,1,370,0,1,0,10,4,0,0,1,0,0,4,1,0,58,3,2,0,0,0,0,1,0,0,0,1,0,0,1,4213,4992,1,1,0,15,3,2,80,0,10,4,1,10,3,0,8
28,0,0,0,1,440,0,1,0,21,3,0,0,1,0,0,3,1,0,42,3,1,0,0,0,0,0,0,1,0,4,0,1,0,2713,6672,1,1,0,11,3,3,80,1,5,2,1,5,2,0,2
55,0,0,0,1,836,0,1,0,8,3,0,0,1,0,0,4,0,1,33,3,4,0,0,1,0,0,0,0,0,3,1,0,0,14756,19730,2,0,1,14,3,3,80,3,21,2,3,5,0,0,2
28,1,0,1,0,1009,0,1,0,1,3,0,0,1,0,0,1,1,0,45,2,1,0,0,0,0,0,1,0,0,2,1,0,0,2596,7160,1,1,0,15,3,1,80,2,1,2,3,1,0,0,0
19,1,0,1,0,602,0,0,1,1,1,1,0,0,0,0,3,0,1,100,1,1,0,1,0,0,0,0,0,0,1,0,0,1,2325,20989,0,1,0,21,4,1,80,0,1,5,4,0,0,0,0
42,0,0,0,1,462,0,0,1,14,2,0,0,1,0,0,3,0,1,68,2,2,0,0,0,0,0,0,0,1,3,0,0,1,6244,7824,7,1,0,17,3,1,80,0,10,6,3,5,4,0,3
29,0,0,1,0,410,0,1,0,2,1,0,0,0,0,1,4,0,1,97,3,1,0,0,0,0,0,1,0,0,2,0,1,0,3180,4668,0,1,0,13,3,3,80,3,4,3,3,3,2,0,2
39,1,0,0,1,360,0,1,0,23,3,0,0,1,0,0,3,1,0,93,3,1,0,0,0,0,0,0,1,0,1,0,0,1,3904,22154,0,1,0,13,3,1,80,0,6,2,3,5,2,0,3
27,1,0,0,1,1420,0,0,1,2,1,0,1,0,0,0,3,1,0,85,3,1,0,1,0,0,0,0,0,0,1,1,0,0,3041,16346,0,1,0,11,3,2,80,1,5,3,3,4,3,0,2
49,0,0,1,0,279,0,1,0,8,1,0,0,0,0,1,3,1,0,61,2,2,0,0,0,0,0,0,1,0,2,0,1,0,5130,24907,1,1,0,23,4,4,80,1,10,3,3,10,7,1,7
18,1,0,1,0,544,0,0,1,3,2,0,0,1,0,0,2,0,1,70,3,1,0,1,0,0,0,0,0,0,4,0,0,1,1569,18420,1,0,1,12,3,3,80,0,0,2,4,0,0,0,0
32,1,0,0,1,1045,0,0,1,4,4,0,0,1,0,0,4,1,0,32,1,3,0,0,0,0,0,0,0,1,4,0,1,0,10400,25812,1,1,0,11,3,3,80,0,14,2,2,14,8,9,8
24,1,0,0,1,240,1,0,0,22,1,0,0,0,0,0,4,1,0,58,1,1,0,0,0,0,0,0,0,0,3,0,1,0,1555,11585,1,1,0,11,3,3,80,1,1,2,3,1,0,0,0
34,1,0,1,0,234,0,1,0,9,4,0,0,0,0,1,4,1,0,93,3,2,0,0,0,0,0,1,0,0,1,0,1,0,5346,6208,4,1,0,17,3,3,80,1,11,3,2,7,1,0,7
30,0,0,0,1,438,0,1,0,18,3,0,0,0,0,1,1,0,1,75,3,1,0,0,0,0,0,0,1,0,3,0,0,1,2632,23910,1,1,0,14,3,3,80,0,5,4,2,5,4,0,4
48,1,0,1,0,708,0,0,1,7,2,0,0,1,0,0,4,0,1,95,3,1,0,1,0,0,0,0,0,0,3,0,1,0,2655,11740,2,0,1,11,3,3,80,2,19,3,3,9,7,7,7
55,0,0,0,1,1136,0,1,0,1,4,0,0,1,0,0,2,1,0,81,4,4,1,0,0,0,0,0,0,0,4,1,0,0,14732,12414,2,1,0,13,3,4,80,2,31,4,4,7,7,0,0
50,1,0,0,1,410,0,0,1,28,3,0,1,0,0,0,4,1,0,39,2,3,0,0,0,0,0,0,0,1,1,1,0,0,10854,16586,4,0,1,13,3,2,80,1,20,3,3,3,2,2,0
34,1,0,1,0,988,1,0,0,23,3,0,0,0,0,0,2,0,1,43,3,3,0,0,0,0,0,0,0,0,1,1,0,0,9950,11533,9,0,1,15,3,3,80,3,11,2,3,3,2,0,2
39,0,0,0,1,1387,0,1,0,10,5,0,0,1,0,0,2,1,0,76,3,2,0,0,0,0,1,0,0,0,1,0,1,0,5377,3835,2,1,0,13,3,4,80,3,10,3,3,7,7,7,7
50,1,0,1,0,562,0,0,1,8,2,1,0,0,0,0,2,1,0,50,3,2,0,0,0,0,0,0,0,1,3,0,1,0,6796,23452,3,0,1,14,3,1,80,1,18,4,3,4,3,1,3
33,1,0,0,1,813,0,1,0,14,3,0,0,1,0,0,3,1,0,58,3,1,0,0,0,0,0,1,0,0,4,0,1,0,2436,22149,5,0,1,13,3,3,80,1,8,2,1,5,4,0,4
26,1,0,0,1,920,1,0,0,20,2,0,0,1,0,0,4,0,1,69,3,1,0,0,0,0,0,0,0,0,2,0,1,0,2148,6889,0,0,1,11,3,3,80,0,6,3,3,5,1,1,4
34,1,0,1,0,234,0,1,0,9,4,0,0,0,0,1,4,1,0,93,3,2,0,0,0,0,0,1,0,0,1,0,1,0,5346,6208,4,1,0,17,3,3,80,1,11,3,2,7,1,0,7
45,0,0,0,1,252,0,1,0,2,3,0,0,0,0,1,2,0,1,95,2,1,0,0,0,0,0,0,1,0,3,0,0,1,2274,6153,1,1,0,14,3,4,80,0,1,3,3,1,0,0,0
31,1,0,0,1,359,1,0,0,18,5,0,0,0,0,0,4,1,0,89,4,1,0,0,0,0,0,0,0,0,1,0,1,0,2956,21495,0,1,0,17,3,3,80,0,2,4,3,1,0,0,0
32,1,0,0,1,1033,0,1,0,9,3,0,0,1,0,0,1,0,1,41,3,1,0,0,0,0,0,1,0,0,1,0,0,1,4200,10224,7,1,0,22,4,1,80,0,10,2,4,5,4,0,4
33,1,0,0,1,118,0,0,1,16,3,0,1,0,0,0,1,0,1,69,3,2,0,0,0,0,0,0,0,1,1,0,0,1,5324,26507,5,1,0,15,3,3,80,0,6,3,3,3,2,0,2
33,0,0,0,1,134,0,1,0,2,3,0,0,0,0,1,3,1,0,90,3,1,0,0,0,0,0,0,1,0,4,0,0,1,2500,10515,0,1,0,14,3,1,80,0,4,2,4,3,1,0,2
34,0,0,0,1,401,0,1,0,1,3,0,0,0,0,1,4,0,1,86,2,1,0,0,0,0,0,1,0,0,2,0,1,0,3294,3708,5,1,0,17,3,1,80,1,7,2,2,5,4,0,2
25,1,0,0,1,1219,0,1,0,4,1,1,0,0,0,0,4,1,0,32,3,1,0,0,0,0,0,1,0,0,4,0,1,0,3691,4605,1,0,1,15,3,2,80,1,7,3,4,7,7,5,6
24,0,0,0,1,506,0,1,0,29,1,0,0,1,0,0,2,1,0,91,3,1,0,0,0,0,0,1,0,0,1,1,0,0,3907,3622,1,1,0,13,3,2,80,3,6,2,4,6,2,1,2
34,0,0,0,1,665,0,1,0,6,4,0,0,0,1,0,1,0,1,41,3,2,0,0,0,0,0,0,1,0,3,0,0,1,4809,12482,1,1,0,14,3,3,80,0,16,3,3,16,13,2,10
55,0,0,0,1,478,0,1,0,2,3,0,0,1,0,0,3,1,0,60,2,5,1,0,0,0,0,0,0,0,1,0,1,0,19038,19805,8,1,0,12,3,2,80,3,34,2,3,1,0,0,0
40,1,0,0,1,1329,0,1,0,7,3,0,0,0,0,1,1,1,0,73,3,1,0,0,0,0,0,1,0,0,1,0,0,1,2166,3339,3,0,1,14,3,2,80,0,10,3,1,4,2,0,3
30,0,0,0,1,570,0,0,1,5,3,0,1,0,0,0,4,0,1,30,2,2,0,0,0,0,0,0,0,1,3,1,0,0,6118,5431,1,1,0,13,3,3,80,3,10,2,3,10,9,1,2
35,0,0,1,0,944,0,0,1,1,3,0,1,0,0,0,3,0,1,92,3,3,0,0,0,0,0,0,0,1,3,0,0,1,8789,9096,1,1,0,14,3,1,80,0,10,3,4,10,7,0,8
20,1,0,0,1,1097,0,1,0,11,3,0,0,1,0,0,4,0,1,98,2,1,0,0,0,0,0,0,1,0,1,0,0,1,2600,18275,1,0,1,15,3,1,80,0,1,2,3,1,0,0,0
29,0,0,0,1,1090,0,0,1,10,3,0,1,0,0,0,4,1,0,83,3,1,0,1,0,0,0,0,0,0,2,1,0,0,2297,17967,1,1,0,14,3,4,80,2,2,2,3,2,2,2,2
27,1,0,0,1,1420,0,0,1,2,1,0,1,0,0,0,3,1,0,85,3,1,0,1,0,0,0,0,0,0,1,1,0,0,3041,16346,0,1,0,11,3,2,80,1,5,3,3,4,3,0,2
30,1,0,0,1,138,0,1,0,22,3,0,0,0,0,1,1,0,1,48,3,1,0,0,0,0,0,0,1,0,3,0,1,0,2132,11539,4,0,1,11,3,2,80,0,7,2,3,5,2,0,1
26,1,1,0,0,265,0,0,1,29,2,0,0,1,0,0,2,1,0,79,1,2,0,0,0,0,0,0,0,1,1,0,0,1,4969,21813,8,1,0,18,3,4,80,0,7,6,3,2,2,2,2
55,1,0,0,1,725,0,1,0,2,3,0,0,1,0,0,4,1,0,78,3,5,0,0,1,0,0,0,0,0,1,0,1,0,19859,21199,5,0,1,13,3,4,80,1,24,2,3,5,2,1,4
47,1,0,1,0,1093,0,0,1,9,3,0,0,0,0,1,3,1,0,82,1,4,0,0,0,0,0,0,0,1,3,0,1,0,12936,24164,7,1,0,11,3,3,80,0,25,3,1,23,5,14,10
31,1,1,0,0,335,0,1,0,9,2,0,0,1,0,0,3,1,0,46,2,1,0,0,0,0,0,0,1,0,1,0,0,1,2321,10322,0,0,1,22,4,1,80,0,4,0,3,3,2,1,2
53,0,0,0,1,1282,0,1,0,5,3,0,0,0,1,0,3,0,1,58,3,5,0,0,1,0,0,0,0,0,3,1,0,0,19094,10735,4,1,0,11,3,4,80,1,26,3,2,14,13,4,8
33,0,0,0,1,1198,0,1,0,1,4,0,0,0,1,0,3,1,0,100,2,1,0,0,0,0,0,0,1,0,1,0,0,1,2799,3339,3,0,1,11,3,2,80,0,6,1,3,3,2,0,2
35,0,0,0,1,660,0,0,1,7,1,0,0,0,0,1,4,1,0,76,3,1,0,1,0,0,0,0,0,0,3,0,1,0,2404,16192,1,1,0,13,3,1,80,1,1,3,3,1,0,0,0
36,0,0,0,1,164,0,0,1,2,2,0,0,1,0,0,2,1,0,61,2,3,0,0,0,0,0,0,0,1,3,0,1,0,7596,3809,1,1,0,13,3,2,80,2,10,2,3,10,9,9,0
54,0,0,0,1,431,0,1,0,7,4,0,0,1,0,0,4,0,1,68,3,2,0,0,0,0,0,0,1,0,4,0,1,0,6854,15696,4,1,0,15,3,2,80,1,14,2,2,7,1,1,7
38,0,0,1,0,240,0,1,0,2,4,0,0,0,0,1,1,0,1,75,4,2,0,0,0,0,1,0,0,0,1,0,0,1,5980,26085,6,0,1,12,3,4,80,0,17,2,3,15,7,4,12
29,0,0,0,1,592,0,1,0,7,3,0,0,0,0,1,4,1,0,59,3,1,0,0,0,0,0,1,0,0,1,0,0,1,2062,19384,3,1,0,14,3,2,80,0,11,2,3,3,2,1,2
28,0,0,1,0,783,0,0,1,1,2,0,0,0,0,1,3,1,0,42,2,2,0,0,0,0,0,0,0,1,4,0,1,0,6834,19255,1,0,1,12,3,3,80,1,7,2,3,7,7,0,7
35,1,0,1,0,880,0,0,1,12,4,0,0,0,1,0,4,1,0,36,3,2,0,0,0,0,0,0,0,1,4,0,0,1,4581,10414,3,0,1,24,4,1,80,0,13,2,4,11,9,6,7
46,1,0,0,1,377,0,0,1,9,3,0,1,0,0,0,1,1,0,52,3,3,0,0,0,0,0,0,0,1,4,1,0,0,10096,15986,4,1,0,11,3,1,80,1,28,1,4,7,7,4,3
41,0,0,0,1,263,0,1,0,6,3,0,0,1,0,0,4,1,0,59,3,1,0,0,0,0,0,1,0,0,1,0,0,1,4721,3119,2,0,1,13,3,3,80,0,20,3,3,18,13,2,17
35,1,0,0,1,303,0,0,1,27,3,0,0,0,0,1,3,1,0,84,3,2,0,0,0,0,0,0,0,1,4,0,0,1,5813,13492,1,0,1,18,3,4,80,0,10,2,3,10,7,7,7
31,1,0,0,1,359,1,0,0,18,5,0,0,0,0,0,4,1,0,89,4,1,0,0,0,0,0,0,0,0,1,0,1,0,2956,21495,0,1,0,17,3,3,80,0,2,4,3,1,0,0,0
33,0,1,0,0,1313,0,1,0,1,2,0,0,1,0,0,2,1,0,59,2,1,0,0,0,0,0,1,0,0,3,1,0,0,2008,20439,1,1,0,12,3,3,80,3,1,2,2,1,1,0,0
50,0,1,0,0,145,0,0,1,1,3,0,0,0,0,1,4,0,1,95,3,2,0,0,0,0,0,0,0,1,3,0,1,0,6347,24920,0,1,0,12,3,1,80,1,19,3,3,18,7,0,13
32,0,0,0,1,824,0,1,0,5,2,0,0,0,0,1,4,0,1,67,2,2,0,0,0,0,0,0,1,0,2,0,1,0,5878,15624,3,1,0,12,3,1,80,1,12,2,3,7,1,2,5
26,1,0,0,1,1330,0,1,0,21,3,0,0,1,0,0,1,1,0,37,3,1,0,0,0,0,0,1,0,0,3,1,0,0,2377,19373,1,1,0,20,4,3,80,1,1,0,2,1,1,0,0
40,0,0,0,1,616,0,1,0,2,2,0,0,0,0,1,3,0,1,99,3,1,0,0,0,0,0,1,0,0,1,0,1,0,3377,25605,4,1,0,17,3,4,80,1,7,5,2,4,3,0,2
42,0,0,1,0,288,0,1,0,2,3,0,0,0,0,1,4,1,0,40,3,3,0,0,0,1,0,0,0,0,4,0,1,0,10124,18611,2,0,1,14,3,3,80,1,24,3,1,20,8,13,9
38,0,0,0,1,130,0,0,1,2,2,0,1,0,0,0,4,1,0,32,3,3,0,0,0,0,0,0,0,1,2,0,0,1,7351,20619,7,1,0,16,3,3,80,0,10,2,3,1,0,0,0
35,1,0,1,0,662,0,0,1,18,4,0,1,0,0,0,4,0,1,67,3,2,0,0,0,0,0,0,0,1,3,0,1,0,4614,23288,0,0,1,18,3,3,80,1,5,0,2,4,2,3,2
49,0,0,0,1,1495,0,1,0,5,4,1,0,0,0,0,1,1,0,96,3,2,0,0,0,1,0,0,0,0,3,0,1,0,6651,21534,2,1,0,14,3,2,80,1,20,0,2,3,2,1,2
22,1,0,0,1,391,0,1,0,7,1,0,0,0,0,1,4,1,0,75,3,1,0,0,0,0,0,0,1,0,2,0,0,1,2472,26092,1,0,1,23,4,1,80,0,1,2,3,1,0,0,0
43,1,0,0,1,1372,0,0,1,9,3,0,1,0,0,0,1,0,1,85,1,2,0,0,0,0,0,0,0,1,3,0,0,1,5346,9489,8,1,0,13,3,2,80,0,7,2,2,4,3,1,3
22,1,0,0,1,391,0,1,0,7,1,0,0,0,0,1,4,1,0,75,3,1,0,0,0,0,0,0,1,0,2,0,0,1,2472,26092,1,0,1,23,4,1,80,0,1,2,3,1,0,0,0
18,1,0,1,0,1306,0,0,1,5,3,0,1,0,0,0,2,1,0,69,3,1,0,1,0,0,0,0,0,0,2,0,0,1,1878,8059,1,0,1,14,3,4,80,0,0,3,3,0,0,0,0
27,0,0,0,1,975,0,1,0,7,3,0,0,1,0,0,4,0,1,55,2,2,0,0,0,1,0,0,0,0,1,0,0,1,6811,23398,8,1,0,19,3,1,80,0,9,2,1,7,6,0,7
43,0,0,0,1,930,0,1,0,6,3,0,0,1,0,0,1,0,1,73,2,2,0,0,0,0,0,0,1,0,3,0,0,1,4081,20003,1,0,1,14,3,1,80,0,20,3,1,20,7,1,8
28,1,0,0,1,103,0,1,0,24,3,0,0,0,0,1,3,1,0,50,2,1,0,0,0,0,0,1,0,0,3,0,0,1,2028,12947,5,0,1,14,3,2,80,0,6,4,3,4,2,0,3
53,0,0,0,1,970,0,1,0,7,3,0,0,0,0,1,3,1,0,59,4,4,1,0,0,0,0,0,0,0,3,0,1,0,14814,13514,3,1,0,19,3,3,80,0,32,3,3,5,1,1,3
35,0,0,0,1,1395,0,1,0,9,4,0,0,1,0,0,2,1,0,48,3,2,0,0,0,0,0,0,1,0,3,0,0,1,5098,18698,1,1,0,19,3,2,80,0,10,5,3,10,7,0,8
27,0,0,1,0,591,0,1,0,2,3,0,0,1,0,0,4,1,0,87,3,1,0,0,0,0,0,0,1,0,4,0,0,1,2580,6297,2,1,0,13,3,3,80,0,6,0,2,4,2,1,2
24,0,0,0,1,350,0,1,0,21,2,1,0,0,0,0,3,1,0,57,2,1,0,0,0,0,0,1,0,0,1,1,0,0,2296,10036,0,1,0,14,3,2,80,3,2,3,3,1,1,0,0
28,1,0,1,0,289,0,1,0,2,2,0,0,1,0,0,3,1,0,38,2,1,0,0,0,0,0,1,0,0,1,0,0,1,2561,5355,7,1,0,11,3,3,80,0,8,2,2,0,0,0,0
32,0,0,0,1,234,0,0,1,1,4,0,0,1,0,0,2,1,0,68,2,1,0,1,0,0,0,0,0,0,2,0,1,0,2269,18024,0,1,0,14,3,2,80,1,3,2,3,2,2,2,2
46,1,0,0,1,261,0,1,0,21,2,0,0,1,0,0,4,0,1,66,3,2,0,0,0,1,0,0,0,0,2,0,1,0,8926,10842,4,1,0,22,4,4,80,1,13,2,4,9,7,3,7
31,1,0,0,1,330,0,1,0,22,4,0,0,1,0,0,4,1,0,98,3,2,0,0,0,0,1,0,0,0,3,0,1,0,6179,21057,1,0,1,15,3,4,80,2,10,3,2,10,2,6,7
51,1,0,1,0,1150,0,1,0,8,4,0,0,0,0,1,1,1,0,53,1,3,0,0,0,0,1,0,0,0,4,0,0,1,10650,25150,2,1,0,15,3,4,80,0,18,2,3,4,2,0,3
56,1,0,0,1,310,0,1,0,7,2,1,0,0,0,0,4,1,0,72,3,1,0,0,0,0,0,1,0,0,3,0,1,0,2339,3666,8,1,0,11,3,4,80,1,14,4,1,10,9,9,8
47,1,0,1,0,1093,0,0,1,9,3,0,0,0,0,1,3,1,0,82,1,4,0,0,0,0,0,0,0,1,3,0,1,0,12936,24164,7,1,0,11,3,3,80,0,25,3,1,23,5,14,10
28,1,0,0,1,1485,0,1,0,12,1,0,0,0,0,1,3,0,1,79,3,1,0,0,0,0,0,1,0,0,4,0,1,0,2515,22955,1,0,1,11,3,4,80,0,1,4,2,1,1,0,0
24,1,0,0,1,813,0,1,0,1,3,0,0,1,0,0,2,1,0,61,3,1,0,0,0,0,0,0,1,0,4,0,1,0,2293,3020,2,0,1,16,3,1,80,1,6,2,2,2,0,2,0
26,0,0,0,1,572,0,0,1,10,3,0,0,1,0,0,3,1,0,46,3,2,0,0,0,0,0,0,0,1,4,0,0,1,4684,9125,1,1,0,13,3,1,80,0,5,4,3,5,3,1,2
39,0,0,0,1,1329,0,0,1,4,4,0,0,0,0,1,4,0,1,47,2,2,0,0,0,0,0,0,0,1,3,0,1,0,5902,14590,4,1,0,14,3,3,80,1,17,1,4,15,11,5,9
45,1,0,1,0,306,0,0,1,26,4,0,0,0,0,1,1,0,1,100,3,2,0,0,0,0,0,0,0,1,1,0,1,0,4286,5630,2,1,0,14,3,4,80,2,5,4,3,1,1,0,0
34,0,0,0,1,678,0,1,0,19,3,0,0,0,0,1,2,0,1,35,2,1,0,0,0,0,0,0,1,0,4,0,1,0,2929,20338,1,1,0,12,3,2,80,0,10,3,3,10,9,8,7
18,1,0,1,0,544,0,0,1,3,2,0,0,1,0,0,2,0,1,70,3,1,0,1,0,0,0,0,0,0,4,0,0,1,1569,18420,1,0,1,12,3,3,80,0,0,2,4,0,0,0,0
35,0,0,1,0,200,0,1,0,18,2,0,0,0,0,1,3,1,0,60,3,3,0,0,0,0,1,0,0,0,4,0,0,1,9362,19944,2,1,0,11,3,3,80,0,10,2,3,2,2,2,2
28,1,1,0,0,1366,0,1,0,24,2,1,0,0,0,0,2,1,0,72,2,3,0,0,0,1,0,0,0,0,1,0,0,1,8722,12355,1,1,0,12,3,1,80,0,10,2,2,10,7,1,9
54,0,0,0,1,1217,0,1,0,2,4,1,0,0,0,0,1,0,1,60,3,3,1,0,0,0,0,0,0,0,3,0,1,0,13549,24001,9,1,0,12,3,1,80,1,16,5,1,4,3,0,3
51,0,0,0,1,1469,0,1,0,8,4,0,0,0,0,1,2,1,0,81,2,3,1,0,0,0,0,0,0,0,2,0,1,0,12490,15736,5,1,0,16,3,4,80,2,16,5,1,10,9,4,7
35,1,0,0,1,303,0,0,1,27,3,0,0,0,0,1,3,1,0,84,3,2,0,0,0,0,0,0,0,1,4,0,0,1,5813,13492,1,0,1,18,3,4,80,0,10,2,3,10,7,7,7
49,0,0,1,0,1064,0,1,0,2,1,0,0,0,0,1,2,1,0,42,3,5,1,0,0,0,0,0,0,0,4,0,1,0,19161,13738,3,1,0,15,3,4,80,0,28,3,3,5,4,4,3
35,1,0,0,1,763,0,0,1,15,2,0,0,1,0,0,1,1,0,59,1,2,0,0,0,0,0,0,0,1,4,1,0,0,5440,22098,6,0,1,14,3,4,80,2,7,2,2,2,2,2,2
32,0,0,1,0,585,0,1,0,10,3,0,0,0,0,1,1,1,0,56,3,1,0,0,0,0,0,0,1,0,3,0,1,0,3433,17360,6,1,0,13,3,1,80,1,10,3,2,5,2,1,3
28,1,0,0,1,103,0,1,0,24,3,0,0,0,0,1,3,1,0,50,2,1,0,0,0,0,0,1,0,0,3,0,0,1,2028,12947,5,0,1,14,3,2,80,0,6,4,3,4,2,0,3
45,0,0,0,1,1234,0,0,1,11,2,0,0,0,0,1,4,0,1,90,3,4,0,0,1,0,0,0,0,0,4,0,1,0,17650,5404,3,1,0,13,3,2,80,1,26,4,4,9,3,1,1
29,1,0,0,1,350,1,0,0,13,3,0,0,0,0,0,1,1,0,56,2,1,0,0,0,0,0,0,0,0,1,1,0,0,2335,3157,4,0,1,15,3,4,80,3,4,3,3,2,2,2,0
48,0,0,0,1,817,0,0,1,2,1,0,1,0,0,0,2,1,0,56,4,2,0,0,0,0,0,0,0,1,2,0,1,0,8120,18597,3,1,0,12,3,4,80,0,12,3,3,2,2,2,2
29,0,0,0,1,657,0,1,0,27,3,0,0,1,0,0,2,0,1,66,3,2,0,0,0,1,0,0,0,0,3,0,1,0,4335,25549,4,1,0,12,3,1,80,1,11,3,2,8,7,1,1
24,1,0,0,1,1448,0,0,1,1,1,1,0,0,0,0,1,0,1,62,3,1,0,1,0,0,0,0,0,0,2,0,0,1,3202,21972,1,0,1,16,3,2,80,0,6,4,3,5,3,1,4
46,0,0,0,1,706,0,1,0,2,2,0,0,0,0,1,4,1,0,82,3,3,0,0,0,0,1,0,0,0,4,1,0,0,8578,19989,3,1,0,14,3,3,80,1,12,4,2,9,8,4,7
35,0,0,0,1,1370,0,1,0,27,4,0,0,0,0,1,4,1,0,49,3,2,0,0,0,0,1,0,0,0,3,0,1,0,6883,5151,2,1,0,16,3,2,80,1,17,3,3,7,7,0,7
21,1,0,1,0,756,0,0,1,1,1,1,0,0,0,0,1,0,1,99,2,1,0,1,0,0,0,0,0,0,2,0,0,1,2174,9150,1,0,1,11,3,3,80,0,3,3,3,3,2,1,2
45,0,0,0,1,974,0,1,0,1,4,0,0,1,0,0,4,0,1,91,3,1,0,0,0,0,0,1,0,0,4,1,0,0,2270,11005,3,1,0,14,3,4,80,2,8,2,3,5,3,0,2
23,1,0,0,1,1320,0,1,0,8,1,0,0,1,0,0,4,1,0,93,2,1,0,0,0,0,0,1,0,0,3,0,0,1,3989,20586,1,0,1,11,3,1,80,0,5,2,3,5,4,1,2
26,1,0,1,0,342,0,1,0,2,3,0,0,0,0,1,1,1,0,57,3,1,0,0,0,0,0,0,1,0,1,0,1,0,2042,15346,6,0,1,14,3,2,80,1,6,2,3,3,2,1,2
28,1,0,1,0,1009,0,1,0,1,3,0,0,1,0,0,1,1,0,45,2,1,0,0,0,0,0,1,0,0,2,1,0,0,2596,7160,1,1,0,15,3,1,80,2,1,2,3,1,0,0,0
18,0,1,0,0,1124,0,1,0,1,3,0,0,0,0,1,4,0,1,97,3,1,0,0,0,0,0,1,0,0,4,0,0,1,1611,19305,1,1,0,15,3,3,80,0,0,5,4,0,0,0,0
31,0,0,0,1,1463,0,1,0,23,3,0,0,1,0,0,2,1,0,64,2,2,0,0,0,1,0,0,0,0,4,0,1,0,5582,14408,0,1,0,21,4,2,80,1,10,2,3,9,0,7,8
32,1,0,0,1,1045,0,0,1,4,4,0,0,1,0,0,4,1,0,32,1,3,0,0,0,0,0,0,0,1,4,0,1,0,10400,25812,1,1,0,11,3,3,80,0,14,2,2,14,8,9,8
31,0,0,0,1,1082,0,1,0,1,4,0,0,1,0,0,3,1,0,87,3,1,0,0,0,0,0,0,1,0,2,0,0,1,2501,18775,1,1,0,17,3,2,80,0,1,4,3,1,1,1,0
47,0,0,0,1,571,0,0,1,14,3,0,0,1,0,0,3,0,1,78,3,2,0,0,0,0,0,0,0,1,3,0,1,0,4591,24200,3,0,1,17,3,3,80,1,11,4,2,5,4,1,2
58,0,0,0,1,1145,0,1,0,9,3,0,0,1,0,0,2,0,1,75,2,1,0,0,0,0,0,0,1,0,2,0,1,0,3346,11873,4,0,1,20,4,2,80,1,9,3,2,1,0,0,0
35,1,0,0,1,556,0,1,0,23,2,0,0,0,0,1,2,1,0,50,2,2,0,0,0,0,1,0,0,0,3,0,1,0,5916,15497,3,0,1,13,3,1,80,0,8,1,3,1,0,0,1
28,1,0,0,1,890,0,1,0,2,4,0,0,1,0,0,3,1,0,46,3,1,0,0,0,0,0,0,1,0,3,0,0,1,4382,16374,6,1,0,17,3,4,80,0,5,3,2,2,2,2,1
30,0,0,0,1,1092,0,1,0,10,3,0,0,1,0,0,1,0,1,64,3,3,0,0,0,0,1,0,0,0,3,0,0,1,9667,2739,9,1,0,14,3,2,80,0,9,3,3,7,7,0,2
26,1,0,0,1,1357,0,1,0,25,3,0,0,0,0,1,1,1,0,48,1,1,0,0,0,0,0,1,0,0,3,0,0,1,2293,10558,1,1,0,12,3,3,80,0,1,2,2,1,0,0,1
33,1,0,0,1,465,0,1,0,2,2,0,0,0,0,1,1,0,1,39,3,1,0,0,0,0,0,1,0,0,1,0,1,0,2707,21509,7,1,0,20,4,1,80,0,13,3,4,9,7,1,7
25,1,0,0,1,867,0,0,1,19,2,0,1,0,0,0,3,1,0,36,2,1,0,1,0,0,0,0,0,0,2,0,1,0,2413,18798,1,0,1,18,3,3,80,3,1,2,3,1,0,0,0
32,1,0,0,1,374,0,1,0,25,4,0,0,0,0,1,1,1,0,87,3,1,0,0,0,0,0,1,0,0,4,0,0,1,2795,18016,1,0,1,24,4,3,80,0,1,2,1,1,0,0,1
36,1,0,0,1,1456,0,0,1,13,5,0,1,0,0,0,2,1,0,96,2,2,0,0,0,0,0,0,0,1,1,1,0,0,6134,8658,5,0,1,13,3,2,80,3,16,3,3,2,2,2,2
33,1,0,0,1,1017,0,1,0,25,3,0,0,1,0,0,1,1,0,55,2,1,0,0,0,0,0,0,1,0,2,0,0,1,2313,2993,4,0,1,20,4,2,80,0,5,0,3,2,2,2,2
38,0,0,0,1,1035,0,0,1,3,4,0,0,0,0,1,2,1,0,42,3,2,0,0,0,0,0,0,0,1,4,0,0,1,6861,4981,8,0,1,12,3,3,80,0,19,1,3,1,0,0,0
34,0,0,0,1,1397,0,1,0,1,5,0,0,0,0,1,2,1,0,42,3,1,0,0,0,0,0,0,1,0,4,0,1,0,2691,7660,1,1,0,12,3,4,80,1,10,4,2,10,9,8,8
37,1,0,0,1,1373,0,1,0,2,2,0,0,0,1,0,4,1,0,92,2,1,0,0,0,0,0,1,0,0,3,0,0,1,2090,2396,6,0,1,15,3,2,80,0,7,3,3,0,0,0,0
32,0,0,0,1,427,0,1,0,1,3,0,0,1,0,0,1,1,0,33,3,2,0,0,0,0,1,0,0,0,4,0,1,0,6162,10877,1,0,1,22,4,2,80,1,9,3,3,9,8,7,8
23,1,0,0,1,1320,0,1,0,8,1,0,0,1,0,0,4,1,0,93,2,1,0,0,0,0,0,1,0,0,3,0,0,1,3989,20586,1,0,1,11,3,1,80,0,5,2,3,5,4,1,2
47,1,1,0,0,666,0,1,0,29,4,0,0,0,0,1,1,1,0,88,3,3,0,0,1,0,0,0,0,0,2,0,1,0,11849,10268,1,0,1,12,3,4,80,1,10,2,2,10,7,9,9
32,1,0,0,1,1033,0,1,0,9,3,0,0,1,0,0,1,0,1,41,3,1,0,0,0,0,0,1,0,0,1,0,0,1,4200,10224,7,1,0,22,4,1,80,0,10,2,4,5,4,0,4
54,0,0,0,1,155,0,1,0,9,2,0,0,0,0,1,1,0,1,67,3,2,0,0,0,0,0,0,1,0,3,0,1,0,2897,22474,3,1,0,11,3,3,80,2,9,6,2,4,3,2,3
32,0,0,0,1,128,0,1,0,2,1,1,0,0,0,0,4,1,0,84,2,2,0,0,0,0,0,1,0,0,1,0,0,1,2176,19737,4,1,0,13,3,4,80,0,9,5,3,6,2,0,4
24,1,0,0,1,984,0,1,0,17,2,0,0,0,0,1,4,0,1,97,3,1,0,0,0,0,0,1,0,0,2,0,1,0,2210,3372,1,1,0,13,3,1,80,1,1,3,1,1,0,0,0
28,1,0,0,1,1475,0,0,1,13,2,0,1,0,0,0,4,0,1,84,3,2,0,0,0,0,0,0,0,1,3,0,0,1,9854,23352,3,0,1,11,3,4,80,0,6,0,3,2,0,2,2
48,1,0,1,0,708,0,0,1,7,2,0,0,1,0,0,4,0,1,95,3,1,0,1,0,0,0,0,0,0,3,0,1,0,2655,11740,2,0,1,11,3,3,80,2,19,3,3,9,7,7,7
34,1,0,1,0,988,1,0,0,23,3,0,0,0,0,0,2,0,1,43,3,3,0,0,0,0,0,0,0,0,1,1,0,0,9950,11533,9,0,1,15,3,3,80,3,11,2,3,3,2,0,2
40,0,0,0,1,1137,0,1,0,1,4,0,0,0,0,1,1,1,0,98,3,4,0,0,1,0,0,0,0,0,1,1,0,0,16823,18991,2,1,0,11,3,1,80,1,22,3,3,19,7,11,16
48,0,0,0,1,277,0,1,0,6,3,0,0,0,0,1,1,1,0,97,2,2,0,0,0,1,0,0,0,0,3,0,0,1,4240,13119,2,1,0,13,3,4,80,0,19,0,3,2,2,2,2
40,0,0,0,1,444,0,0,1,2,2,0,1,0,0,0,2,0,1,92,3,2,0,0,0,0,0,0,0,1,2,0,1,0,5677,4258,3,1,0,14,3,3,80,1,15,4,3,11,8,5,10
33,1,0,0,1,813,0,1,0,14,3,0,0,1,0,0,3,1,0,58,3,1,0,0,0,0,0,1,0,0,4,0,1,0,2436,22149,5,0,1,13,3,3,80,1,8,2,1,5,4,0,4
47,1,0,1,0,719,0,0,1,27,2,0,0,0,0,1,2,0,1,77,4,2,0,0,0,0,0,0,0,1,3,0,0,1,6397,10339,4,0,1,12,3,4,80,0,8,2,3,5,4,1,3
32,0,0,1,0,116,0,1,0,13,3,0,0,0,1,0,3,0,1,77,2,1,0,0,0,0,0,1,0,0,2,0,1,0,2743,7331,1,1,0,20,4,3,80,1,2,2,3,2,2,2,2
26,0,0,0,1,474,0,1,0,3,3,0,0,0,0,1,1,0,1,89,3,1,0,0,0,0,0,0,1,0,4,0,1,0,2061,11133,1,1,0,21,4,1,80,0,1,5,3,1,0,0,0
38,0,0,1,0,693,0,1,0,7,3,0,0,0,0,1,4,1,0,57,4,1,0,0,0,0,0,0,1,0,3,1,0,0,2610,15748,1,1,0,11,3,4,80,3,4,2,3,4,2,0,3
30,0,1,0,0,641,0,0,1,25,2,1,0,0,0,0,4,0,1,85,3,2,0,0,0,0,0,0,0,1,3,0,1,0,4736,6069,7,0,1,12,3,2,80,1,4,2,4,2,2,2,2
40,0,0,0,1,1342,0,0,1,9,2,0,0,1,0,0,1,1,0,47,3,2,0,0,0,0,0,0,0,1,1,0,1,0,5473,19345,0,1,0,12,3,4,80,0,9,5,4,8,4,7,1
42,1,0,1,0,933,0,1,0,19,3,0,0,1,0,0,3,1,0,57,4,1,0,0,0,0,0,0,1,0,3,1,0,0,2759,20366,6,0,1,12,3,4,80,0,7,2,3,2,2,2,2
44,1,0,0,1,621,0,1,0,15,3,0,0,1,0,0,1,0,1,73,3,3,0,0,0,1,0,0,0,0,4,0,1,0,7978,14075,1,1,0,11,3,4,80,1,10,2,3,10,7,0,5
25,1,0,0,1,383,0,0,1,9,2,0,0,0,0,1,1,1,0,68,2,1,0,1,0,0,0,0,0,0,1,0,1,0,4400,15182,3,1,0,12,3,1,80,0,6,2,3,3,2,2,2
35,1,0,0,1,104,0,1,0,2,3,0,0,0,0,1,1,0,1,69,3,1,0,0,0,0,0,1,0,0,1,1,0,0,2074,26619,1,0,1,12,3,4,80,1,1,2,3,1,0,0,0
27,1,0,0,1,1420,0,0,1,2,1,0,1,0,0,0,3,1,0,85,3,1,0,1,0,0,0,0,0,0,1,1,0,0,3041,16346,0,1,0,11,3,2,80,1,5,3,3,4,3,0,2
28,1,0,0,1,1485,0,1,0,12,1,0,0,0,0,1,3,0,1,79,3,1,0,0,0,0,0,1,0,0,4,0,1,0,2515,22955,1,0,1,11,3,4,80,0,1,4,2,1,1,0,0
42,0,0,0,1,419,0,0,1,12,4,0,1,0,0,0,2,1,0,77,3,2,0,0,0,0,0,0,0,1,4,1,0,0,5087,2900,3,0,1,12,3,3,80,2,14,4,3,0,0,0,0
35,1,0,0,1,763,0,0,1,15,2,0,0,1,0,0,1,1,0,59,1,2,0,0,0,0,0,0,0,1,4,1,0,0,5440,22098,6,0,1,14,3,4,80,2,7,2,2,2,2,2,2
22,1,0,1,0,1368,0,1,0,4,1,1,0,0,0,0,3,1,0,99,2,1,0,0,0,0,0,1,0,0,3,0,0,1,3894,9129,5,1,0,16,3,3,80,0,4,3,3,2,2,1,2
34,0,0,0,1,629,0,1,0,27,2,0,0,1,0,0,4,0,1,95,3,1,0,0,0,0,0,0,1,0,2,0,0,1,2311,5711,2,1,0,15,3,4,80,0,9,3,3,3,2,1,2
30,1,0,1,0,334,0,0,1,26,4,0,1,0,0,0,3,0,1,52,2,2,0,0,0,0,0,0,0,1,1,0,0,1,6696,22967,5,1,0,15,3,3,80,0,9,5,2,6,3,0,1
20,0,0,0,1,805,0,1,0,3,3,0,0,0,0,1,1,1,0,87,2,1,0,0,0,0,0,1,0,0,3,0,0,1,3033,12828,1,1,0,12,3,1,80,0,2,2,2,2,2,1,2
42,1,0,1,0,933,0,1,0,19,3,0,0,1,0,0,3,1,0,57,4,1,0,0,0,0,0,0,1,0,3,1,0,0,2759,20366,6,0,1,12,3,4,80,0,7,2,3,2,2,2,2
35,1,0,0,1,303,0,0,1,27,3,0,0,0,0,1,3,1,0,84,3,2,0,0,0,0,0,0,0,1,4,0,0,1,5813,13492,1,0,1,18,3,4,80,0,10,2,3,10,7,7,7
43,0,0,1,0,1422,0,0,1,2,4,0,0,0,0,1,1,1,0,92,3,2,0,0,0,0,0,0,0,1,4,0,1,0,5675,19246,1,1,0,20,4,3,80,1,7,5,3,7,7,7,7
43,0,0,0,1,574,0,1,0,11,3,0,0,0,0,1,1,1,0,30,3,3,0,0,0,1,0,0,0,0,3,0,1,0,7510,16873,1,1,0,17,3,2,80,1,10,1,3,10,9,0,9
31,1,1,0,0,335,0,1,0,9,2,0,0,1,0,0,3,1,0,46,2,1,0,0,0,0,0,0,1,0,1,0,0,1,2321,10322,0,0,1,22,4,1,80,0,4,0,3,3,2,1,2
56,1,0,0,1,441,0,1,0,14,4,0,0,0,0,1,2,0,1,72,3,1,0,0,0,0,0,0,1,0,2,0,1,0,4963,4510,9,0,1,18,3,1,80,3,7,2,3,5,4,4,3
19,1,0,0,1,528,0,0,1,22,1,0,1,0,0,0,4,1,0,50,3,1,0,1,0,0,0,0,0,0,3,0,0,1,1675,26820,1,0,1,19,3,4,80,0,0,2,2,0,0,0,0
32,1,0,0,1,1033,0,1,0,9,3,0,0,1,0,0,1,0,1,41,3,1,0,0,0,0,0,1,0,0,1,0,0,1,4200,10224,7,1,0,22,4,1,80,0,10,2,4,5,4,0,4
38,0,0,0,1,723,0,0,1,2,4,0,1,0,0,0,2,0,1,77,1,2,0,1,0,0,0,0,0,0,4,0,1,0,5405,4244,2,0,1,20,4,1,80,2,20,4,2,4,2,0,3
31,1,0,1,0,703,0,0,1,2,3,0,0,0,0,1,3,0,1,90,2,1,0,1,0,0,0,0,0,0,4,0,0,1,2785,11882,7,1,0,14,3,3,80,0,3,3,4,1,0,0,0
38,0,0,0,1,833,0,1,0,18,3,0,0,1,0,0,2,1,0,60,1,2,0,0,0,1,0,0,0,0,4,0,1,0,5811,24539,3,0,1,16,3,3,80,1,15,2,3,1,0,1,0
40,0,0,0,1,898,1,0,0,6,2,0,0,1,0,0,3,1,0,38,3,4,0,0,1,0,0,0,0,0,4,0,0,1,16437,17381,1,0,1,21,4,4,80,0,21,2,3,21,7,7,7
28,0,0,0,1,1083,0,1,0,29,1,0,0,0,0,1,3,1,0,96,1,2,0,0,0,0,1,0,0,0,2,0,1,0,6549,3173,1,1,0,14,3,2,80,2,8,2,2,8,6,1,7
31,0,1,0,0,1188,0,0,1,20,2,0,1,0,0,0,4,0,1,45,3,2,0,0,0,0,0,0,0,1,3,0,1,0,6932,24406,1,1,0,13,3,4,80,1,9,2,2,9,8,0,0
25,0,0,0,1,891,0,0,1,4,2,0,0,0,0,1,2,0,1,99,2,2,0,0,0,0,0,0,0,1,4,0,0,1,4487,12090,1,0,1,11,3,2,80,0,5,3,3,5,4,1,3
49,0,0,0,1,470,0,1,0,20,4,0,0,1,0,0,3,0,1,96,3,2,0,0,0,0,1,0,0,0,1,0,1,0,6567,5549,1,1,0,14,3,3,80,0,16,2,2,15,11,5,11
22,1,0,0,1,1294,0,1,0,8,1,0,0,1,0,0,3,0,1,79,3,1,0,0,0,0,0,1,0,0,1,0,1,0,2398,15999,1,0,1,17,3,3,80,0,1,6,3,1,0,0,0
47,0,0,0,1,1454,0,0,1,2,4,0,0,0,0,1,4,0,1,65,2,1,0,1,0,0,0,0,0,0,4,0,0,1,3294,13137,1,0,1,18,3,1,80,0,3,3,2,3,2,1,2
52,0,0,0,1,1325,0,1,0,11,4,0,0,0,0,1,4,0,1,82,3,2,0,0,0,0,0,1,0,0,3,0,1,0,3149,21821,8,1,0,20,4,2,80,1,9,3,3,5,2,1,4
55,0,0,0,1,452,0,1,0,1,3,0,0,1,0,0,4,1,0,81,3,5,0,0,1,0,0,0,0,0,1,0,0,1,19045,18938,0,0,1,14,3,3,80,0,37,2,3,36,10,4,13
50,1,0,1,0,562,0,0,1,8,2,1,0,0,0,0,2,1,0,50,3,2,0,0,0,0,0,0,0,1,3,0,1,0,6796,23452,3,0,1,14,3,1,80,1,18,4,3,4,3,1,3
32,1,0,1,0,238,0,1,0,5,2,0,0,0,0,1,1,0,1,47,4,1,0,0,0,0,0,0,1,0,3,0,0,1,2432,15318,3,0,1,14,3,1,80,0,8,2,3,4,1,0,3
32,1,0,0,1,374,0,1,0,25,4,0,0,0,0,1,1,1,0,87,3,1,0,0,0,0,0,1,0,0,4,0,0,1,2795,18016,1,0,1,24,4,3,80,0,1,2,1,1,0,0,1
23,1,0,0,1,1243,0,1,0,6,3,0,0,0,0,1,3,1,0,63,4,1,0,0,0,0,0,1,0,0,1,0,1,0,1601,3445,1,0,1,21,4,3,80,2,1,2,3,0,0,0,0
35,0,1,0,0,1212,0,0,1,8,2,0,1,0,0,0,3,0,1,78,2,3,0,0,0,0,0,0,0,1,4,0,1,0,10377,13755,4,0,1,11,3,2,80,1,16,6,2,13,2,4,12
32,0,0,0,1,827,0,1,0,1,1,0,0,0,0,1,4,1,0,71,3,1,0,0,0,0,0,0,1,0,1,0,0,1,2956,15178,1,1,0,13,3,4,80,0,1,2,3,1,0,0,0
24,1,0,0,1,984,0,1,0,17,2,0,0,0,0,1,4,0,1,97,3,1,0,0,0,0,0,1,0,0,2,0,1,0,2210,3372,1,1,0,13,3,1,80,1,1,3,1,1,0,0,0
43,0,1,0,0,343,0,1,0,9,3,0,0,0,0,1,1,1,0,52,3,1,0,0,0,0,0,0,1,0,3,0,0,1,2438,24978,4,1,0,13,3,3,80,0,7,2,2,3,2,1,2
23,1,0,0,1,1320,0,1,0,8,1,0,0,1,0,0,4,1,0,93,2,1,0,0,0,0,0,1,0,0,3,0,0,1,3989,20586,1,0,1,11,3,1,80,0,5,2,3,5,4,1,2
41,1,0,0,1,1356,0,0,1,20,2,0,1,0,0,0,2,0,1,70,3,1,0,1,0,0,0,0,0,0,2,0,0,1,3140,21728,1,0,1,22,4,4,80,0,4,5,2,4,3,0,2
40,0,0,0,1,1398,0,0,1,2,4,0,0,0,0,1,3,0,1,79,3,5,0,0,1,0,0,0,0,0,3,0,1,0,18041,13022,0,1,0,14,3,4,80,0,21,2,3,20,15,1,12
35,0,0,1,0,664,0,1,0,1,3,0,0,1,0,0,2,1,0,79,3,1,0,0,0,0,0,0,1,0,1,0,1,0,2194,5868,4,1,0,13,3,4,80,1,5,2,2,3,2,1,2
28,1,0,0,1,1485,0,1,0,12,1,0,0,0,0,1,3,0,1,79,3,1,0,0,0,0,0,1,0,0,4,0,1,0,2515,22955,1,0,1,11,3,4,80,0,1,4,2,1,1,0,0
33,0,0,1,0,1111,0,0,1,5,1,0,0,0,0,1,2,1,0,61,3,2,0,0,0,0,0,0,0,1,4,0,1,0,9998,19293,6,1,0,13,3,1,80,0,8,2,4,5,4,1,2
28,1,1,0,0,1366,0,1,0,24,2,1,0,0,0,0,2,1,0,72,2,3,0,0,0,1,0,0,0,0,1,0,0,1,8722,12355,1,1,0,12,3,1,80,0,10,2,2,10,7,1,9
18,1,0,1,0,1306,0,0,1,5,3,0,1,0,0,0,2,1,0,69,3,1,0,1,0,0,0,0,0,0,2,0,0,1,1878,8059,1,0,1,14,3,4,80,0,0,3,3,0,0,0,0
21,0,0,0,1,501,0,0,1,5,1,0,0,1,0,0,3,1,0,58,3,1,0,1,0,0,0,0,0,0,1,0,0,1,2380,25479,1,0,1,11,3,4,80,0,2,6,3,2,2,1,2
35,1,0,0,1,763,0,0,1,15,2,0,0,1,0,0,1,1,0,59,1,2,0,0,0,0,0,0,0,1,4,1,0,0,5440,22098,6,0,1,14,3,4,80,2,7,2,2,2,2,2,2
35,0,0,0,1,1402,0,0,1,28,4,0,0,0,0,1,2,0,1,98,2,1,0,1,0,0,0,0,0,0,3,0,1,0,2430,26204,0,1,0,23,4,1,80,2,6,5,3,5,3,4,2
31,0,0,1,0,444,0,0,1,5,3,0,1,0,0,0,4,0,1,84,3,1,0,1,0,0,0,0,0,0,2,1,0,0,2789,3909,1,1,0,11,3,3,80,1,2,5,2,2,2,2,2
34,0,0,0,1,735,0,0,1,3,1,0,0,1,0,0,4,0,1,75,2,2,0,0,0,0,0,0,0,1,4,0,1,0,8103,16495,3,0,1,12,3,3,80,0,9,3,2,4,2,0,1
38,0,0,0,1,1333,0,1,0,1,3,1,0,0,0,0,4,0,1,80,3,3,1,0,0,0,0,0,0,0,1,0,1,0,13582,16292,1,1,0,13,3,2,80,1,15,3,3,15,12,5,11
58,0,0,0,1,1055,0,1,0,1,3,0,0,1,0,0,4,0,1,76,3,5,1,0,0,0,0,0,0,0,1,0,1,0,19701,22456,3,0,1,21,4,3,80,1,32,3,3,9,8,1,5
43,0,0,0,1,990,0,1,0,27,3,1,0,0,0,0,4,1,0,87,4,1,0,0,0,0,0,1,0,0,2,1,0,0,4876,5855,5,1,0,12,3,3,80,1,8,0,3,6,4,0,2
30,1,0,1,0,600,1,0,0,8,3,0,0,0,0,0,3,0,1,66,2,1,0,0,0,0,0,0,0,0,4,1,0,0,2180,9732,6,1,0,11,3,3,80,1,6,0,2,4,2,1,2
24,1,0,0,1,984,0,1,0,17,2,0,0,0,0,1,4,0,1,97,3,1,0,0,0,0,0,1,0,0,2,0,1,0,2210,3372,1,1,0,13,3,1,80,1,1,3,1,1,0,0,0
37,0,0,0,1,674,0,1,0,13,3,0,0,1,0,0,1,1,0,47,3,2,0,0,0,0,0,0,1,0,4,0,1,0,4285,3031,1,1,0,17,3,1,80,0,10,2,3,10,8,3,7
44,0,0,0,1,625,0,1,0,4,3,0,0,1,0,0,4,1,0,50,3,2,0,0,0,1,0,0,0,0,2,0,0,1,5933,5197,9,1,0,12,3,4,80,0,10,2,2,5,2,2,3
35,1,0,1,0,662,0,0,1,18,4,0,1,0,0,0,4,0,1,67,3,2,0,0,0,0,0,0,0,1,3,0,1,0,4614,23288,0,0,1,18,3,3,80,1,5,0,2,4,2,3,2
40,0,0,0,1,369,0,1,0,8,2,0,0,0,0,1,2,0,1,92,3,2,0,0,0,0,1,0,0,0,1,0,1,0,6516,5041,2,0,1,16,3,2,80,1,18,3,3,1,0,0,0
46,1,0,0,1,1254,0,0,1,10,3,0,0,0,0,1,3,0,1,64,3,3,0,0,0,0,0,0,0,1,2,0,1,0,7314,14011,5,1,0,21,4,3,80,3,14,2,3,8,7,0,7
34,0,0,0,1,131,0,0,1,2,3,0,1,0,0,0,3,0,1,86,3,2,0,0,0,0,0,0,0,1,1,0,0,1,4538,6039,0,0,1,12,3,4,80,0,4,3,3,3,2,0,2
51,0,0,0,1,313,0,1,0,3,3,0,0,1,0,0,4,0,1,98,3,4,0,0,0,1,0,0,0,0,2,0,0,1,13734,7192,3,1,0,18,3,3,80,0,21,6,3,7,7,1,0
32,0,0,0,1,117,0,0,1,13,4,0,0,0,0,1,2,1,0,73,3,2,0,0,0,0,0,0,0,1,4,1,0,0,4403,9250,2,1,0,11,3,3,80,1,8,3,2,5,2,0,3
21,1,0,0,1,1334,0,1,0,10,3,0,0,0,0,1,3,0,1,36,2,1,0,0,0,0,0,1,0,0,1,0,0,1,1416,17258,1,1,0,13,3,1,80,0,1,6,2,1,0,1,0
40,0,0,0,1,543,0,1,0,1,4,0,0,0,0,1,1,1,0,83,3,1,0,0,0,0,0,1,0,0,4,0,1,0,2406,4060,8,1,0,19,3,3,80,2,8,3,2,1,0,0,0
49,0,0,0,1,1098,0,1,0,4,2,0,0,1,0,0,1,1,0,85,2,5,0,0,1,0,0,0,0,0,3,0,1,0,18711,12124,2,1,0,13,3,3,80,1,23,2,4,1,0,0,0
31,1,0,1,0,1445,0,1,0,1,5,0,0,0,0,1,3,0,1,100,4,3,0,0,0,0,1,0,0,0,2,0,0,1,7446,8931,1,1,0,11,3,1,80,0,10,2,3,10,8,4,7
51,0,0,0,1,1169,0,1,0,7,4,0,0,1,0,0,2,1,0,34,2,2,0,0,0,0,1,0,0,0,3,0,1,0,6132,13983,2,1,0,17,3,3,80,0,10,2,3,1,0,0,0
30,0,0,0,1,305,0,1,0,16,3,0,0,0,0,1,3,1,0,58,4,2,0,0,0,1,0,0,0,0,3,0,1,0,5294,9128,3,1,0,16,3,3,80,1,10,3,3,7,0,1,7
32,1,0,0,1,374,0,1,0,25,4,0,0,0,0,1,1,1,0,87,3,1,0,0,0,0,0,1,0,0,4,0,0,1,2795,18016,1,0,1,24,4,3,80,0,1,2,1,1,0,0,1
40,1,0,0,1,676,0,1,0,9,4,0,0,0,0,1,4,1,0,86,3,1,0,0,0,0,0,1,0,0,1,0,0,1,2018,21831,3,1,0,14,3,2,80,0,15,3,1,5,4,1,0
35,0,0,0,1,670,0,1,0,10,4,0,0,1,0,0,1,0,1,51,3,2,0,0,0,1,0,0,0,0,3,0,0,1,6142,4223,3,0,1,16,3,3,80,0,10,4,3,5,2,0,4
55,0,0,1,0,135,0,1,0,18,4,0,0,1,0,0,3,1,0,62,3,2,0,0,0,1,0,0,0,0,2,0,1,0,6385,12992,3,0,1,14,3,4,80,2,17,3,3,8,7,6,7
30,1,0,0,1,945,0,0,1,9,3,0,0,1,0,0,2,1,0,89,3,1,0,1,0,0,0,0,0,0,4,0,0,1,1081,16019,1,1,0,13,3,3,80,0,1,3,2,1,0,0,0
26,1,0,0,1,1330,0,1,0,21,3,0,0,1,0,0,1,1,0,37,3,1,0,0,0,0,0,1,0,0,3,1,0,0,2377,19373,1,1,0,20,4,3,80,1,1,0,2,1,1,0,0
46,0,0,0,1,705,0,0,1,2,4,0,1,0,0,0,2,0,1,83,3,5,0,0,1,0,0,0,0,0,1,0,0,1,18947,22822,3,1,0,12,3,4,80,0,22,2,2,2,2,2,1
50,0,0,0,1,691,0,1,0,2,3,0,0,1,0,0,3,1,0,64,3,4,1,0,0,0,0,0,0,0,3,0,1,0,17639,6881,5,1,0,16,3,4,80,0,30,3,3,4,3,0,3
60,0,0,1,0,1499,0,0,1,28,3,0,1,0,0,0,3,0,1,80,2,3,0,0,0,0,0,0,0,1,1,0,1,0,10266,2845,4,1,0,19,3,4,80,0,22,5,4,18,13,13,11
35,1,0,1,0,880,0,0,1,12,4,0,0,0,1,0,4,1,0,36,3,2,0,0,0,0,0,0,0,1,4,0,0,1,4581,10414,3,0,1,24,4,1,80,0,13,2,4,11,9,6,7
35,1,0,0,1,622,0,1,0,14,4,0,0,0,1,0,3,1,0,39,2,1,0,0,0,0,0,1,0,0,2,1,0,0,3743,10074,1,0,1,24,4,4,80,1,5,2,1,4,2,0,2
32,1,0,0,1,964,0,0,1,1,2,0,0,0,0,1,1,1,0,34,1,2,0,0,0,0,0,0,0,1,2,0,0,1,6735,12147,6,1,0,15,3,2,80,0,10,2,3,0,0,0,0
45,0,0,0,1,1038,0,1,0,20,3,0,0,1,0,0,2,1,0,95,1,3,0,0,0,1,0,0,0,0,1,1,0,0,10851,19863,2,0,1,18,3,2,80,1,24,2,3,7,7,0,7
36,1,0,0,1,885,0,1,0,16,4,0,0,0,0,1,3,0,1,43,4,1,0,0,0,0,0,1,0,0,1,0,0,1,2743,8269,1,1,0,16,3,3,80,0,18,1,3,17,13,15,14
30,1,0,0,1,138,0,1,0,22,3,0,0,0,0,1,1,0,1,48,3,1,0,0,0,0,0,0,1,0,3,0,1,0,2132,11539,4,0,1,11,3,2,80,0,7,2,3,5,2,0,1
40,0,1,0,0,663,0,1,0,9,4,0,0,0,1,0,3,1,0,81,3,2,0,0,0,0,0,1,0,0,3,1,0,0,3975,23099,3,1,0,11,3,3,80,2,11,2,4,8,7,0,7
42,0,0,0,1,855,0,1,0,12,3,0,0,1,0,0,2,1,0,57,3,1,0,0,0,0,0,1,0,0,2,1,0,0,2766,8952,8,1,0,22,4,2,80,3,7,6,2,5,3,0,4
39,0,0,1,0,505,0,1,0,2,4,1,0,0,0,0,3,0,1,64,3,3,0,0,0,1,0,0,0,0,3,0,0,1,10938,6420,0,1,0,25,4,4,80,0,20,1,3,19,6,11,8
29,0,0,0,1,726,0,1,0,29,1,0,0,0,0,1,4,1,0,93,1,2,0,0,0,1,0,0,0,0,3,1,0,0,6384,21143,8,1,0,17,3,4,80,2,11,3,3,7,0,1,6
21,1,0,1,0,756,0,0,1,1,1,1,0,0,0,0,1,0,1,99,2,1,0,1,0,0,0,0,0,0,2,0,0,1,2174,9150,1,0,1,11,3,3,80,0,3,3,3,3,2,1,2
40,0,0,0,1,759,0,0,1,2,2,0,1,0,0,0,4,0,1,46,3,2,0,0,0,0,0,0,0,1,2,1,0,0,5715,22553,7,1,0,12,3,3,80,2,8,5,3,5,4,1,3
32,0,0,0,1,646,0,1,0,9,4,0,0,0,0,1,1,0,1,92,3,2,0,0,0,0,0,0,1,0,4,0,1,0,6322,18089,1,0,1,12,3,4,80,1,6,2,2,6,4,0,5
40,1,0,0,1,1329,0,1,0,7,3,0,0,0,0,1,1,1,0,73,3,1,0,0,0,0,0,1,0,0,1,0,0,1,2166,3339,3,0,1,14,3,2,80,0,10,3,1,4,2,0,3
31,1,0,0,1,249,0,0,1,6,4,0,0,0,0,1,2,1,0,76,1,2,0,0,0,0,0,0,0,1,3,0,1,0,6172,20739,4,0,1,18,3,2,80,0,12,3,2,7,7,7,7
26,0,0,1,0,921,0,1,0,1,1,0,0,1,0,0,1,0,1,66,2,1,0,0,0,0,0,0,1,0,3,1,0,0,2007,25265,1,1,0,13,3,3,80,2,5,5,3,5,3,1,3
42,1,0,1,0,481,0,0,1,12,3,0,0,0,0,1,3,1,0,44,3,4,0,0,0,0,0,0,0,1,1,0,0,1,13758,2447,0,0,1,12,3,2,80,0,22,2,2,21,9,13,14
20,1,0,0,1,1097,0,1,0,11,3,0,0,1,0,0,4,0,1,98,2,1,0,0,0,0,0,0,1,0,1,0,0,1,2600,18275,1,0,1,15,3,1,80,0,1,2,3,1,0,0,0
31,0,0,1,0,715,0,0,1,2,4,0,0,0,1,0,4,1,0,54,3,2,0,0,0,0,0,0,0,1,1,0,0,1,5332,21602,7,1,0,13,3,4,80,0,10,3,3,5,2,0,3
52,1,0,0,1,1030,0,0,1,5,3,0,0,0,0,1,2,1,0,64,3,3,0,0,0,0,0,0,0,1,2,0,0,1,8446,21534,9,0,1,19,3,3,80,0,10,2,2,8,7,7,7
46,0,0,0,1,563,0,0,1,1,4,0,0,0,0,1,4,1,0,56,4,4,0,0,1,0,0,0,0,0,1,0,0,1,17567,3156,1,1,0,15,3,2,80,0,27,5,1,26,0,0,12
47,1,1,0,0,666,0,1,0,29,4,0,0,0,0,1,1,1,0,88,3,3,0,0,1,0,0,0,0,0,2,0,1,0,11849,10268,1,0,1,12,3,4,80,1,10,2,2,10,7,9,9
26,1,0,0,1,1449,0,1,0,16,4,0,0,1,0,0,1,1,0,45,3,1,0,0,0,0,0,1,0,0,2,1,0,0,2373,14180,2,0,1,13,3,4,80,1,5,2,3,3,2,0,2
26,1,0,0,1,1330,0,1,0,21,3,0,0,1,0,0,1,1,0,37,3,1,0,0,0,0,0,1,0,0,3,1,0,0,2377,19373,1,1,0,20,4,3,80,1,1,0,2,1,1,0,0
26,1,0,0,1,920,1,0,0,20,2,0,0,1,0,0,4,0,1,69,3,1,0,0,0,0,0,0,0,0,2,0,1,0,2148,6889,0,0,1,11,3,3,80,0,6,3,3,5,1,1,4
26,0,0,0,1,192,0,1,0,1,2,0,0,1,0,0,1,1,0,59,2,1,0,0,0,0,0,1,0,0,1,0,1,0,3955,11141,1,1,0,16,3,1,80,2,6,2,3,5,3,1,3
26,0,0,0,1,1443,0,0,1,23,3,0,1,0,0,0,3,0,1,47,2,2,0,0,0,0,0,0,0,1,4,0,1,0,4157,21436,7,0,1,19,3,3,80,1,5,2,2,2,2,0,0
40,0,0,1,0,580,0,0,1,5,4,0,0,0,0,1,4,1,0,48,2,3,0,0,0,0,0,0,0,1,1,0,1,0,10475,23772,5,0,1,21,4,3,80,1,20,2,3,18,13,1,12
34,1,0,1,0,234,0,1,0,9,4,0,0,0,0,1,4,1,0,93,3,2,0,0,0,0,0,1,0,0,1,0,1,0,5346,6208,4,1,0,17,3,3,80,1,11,3,2,7,1,0,7
56,1,0,0,1,441,0,1,0,14,4,0,0,0,0,1,2,0,1,72,3,1,0,0,0,0,0,0,1,0,2,0,1,0,4963,4510,9,0,1,18,3,1,80,3,7,2,3,5,4,4,3
30,1,0,1,0,600,1,0,0,8,3,0,0,0,0,0,3,0,1,66,2,1,0,0,0,0,0,0,0,0,4,1,0,0,2180,9732,6,1,0,11,3,3,80,1,6,0,2,4,2,1,2
29,0,0,0,1,1176,0,0,1,3,2,0,0,1,0,0,2,0,1,62,3,2,0,0,0,0,0,0,0,1,3,0,1,0,5561,3487,1,1,0,14,3,1,80,1,6,5,2,6,0,1,2
31,0,0,0,1,1222,0,1,0,11,4,0,0,0,0,1,4,1,0,48,3,1,0,0,0,0,0,0,1,0,4,0,1,0,2356,14871,3,0,1,19,3,2,80,1,8,2,3,6,4,0,2
36,0,1,0,0,1229,0,0,1,8,4,1,0,0,0,0,1,1,0,84,3,2,0,0,0,0,0,0,0,1,4,1,0,0,5079,25952,4,1,0,13,3,4,80,2,12,3,3,7,7,0,7
43,0,0,1,0,559,0,1,0,10,4,0,0,0,0,1,3,0,1,82,2,2,0,0,0,0,0,1,0,0,3,1,0,0,5257,6227,1,1,0,11,3,2,80,1,9,3,4,9,7,0,0
45,0,0,0,1,556,0,1,0,25,2,0,0,0,0,1,2,0,1,93,2,2,0,0,0,0,1,0,0,0,4,0,1,0,5906,23888,0,1,0,13,3,4,80,2,10,2,2,9,8,3,8
19,1,0,0,1,419,0,0,1,21,3,0,0,0,1,0,4,1,0,37,2,1,0,1,0,0,0,0,0,0,2,0,0,1,2121,9947,1,0,1,13,3,2,80,0,1,3,4,1,0,0,0
19,1,0,0,1,528,0,0,1,22,1,0,1,0,0,0,4,1,0,50,3,1,0,1,0,0,0,0,0,0,3,0,0,1,1675,26820,1,0,1,19,3,4,80,0,0,2,2,0,0,0,0
31,1,0,1,0,1445,0,1,0,1,5,0,0,0,0,1,3,0,1,100,4,3,0,0,0,0,1,0,0,0,2,0,0,1,7446,8931,1,1,0,11,3,1,80,0,10,2,3,10,8,4,7
26,1,0,1,0,575,0,1,0,3,1,1,0,0,0,0,3,1,0,73,3,1,0,0,0,0,0,0,1,0,1,0,0,1,3102,6582,0,1,0,22,4,3,80,0,7,2,3,6,4,0,4
22,0,0,0,1,1256,0,1,0,19,1,0,0,1,0,0,3,1,0,80,3,1,0,0,0,0,0,0,1,0,4,0,1,0,2323,11992,1,1,0,24,4,1,80,2,2,6,3,2,2,2,2
33,1,0,0,1,1017,0,1,0,25,3,0,0,1,0,0,1,1,0,55,2,1,0,0,0,0,0,0,1,0,2,0,0,1,2313,2993,4,0,1,20,4,2,80,0,5,0,3,2,2,2,2
51,1,0,0,1,1323,0,1,0,4,4,0,0,0,0,1,1,1,0,34,3,1,0,0,0,0,0,0,1,0,3,0,1,0,2461,10332,9,0,1,12,3,3,80,3,18,2,4,10,0,2,7
53,1,0,0,1,607,0,1,0,2,5,1,0,0,0,0,3,0,1,78,2,3,0,0,0,0,1,0,0,0,4,0,1,0,10169,14618,0,1,0,16,3,2,80,1,34,4,3,33,7,1,9
31,1,0,1,0,523,0,1,0,2,3,0,0,0,0,1,2,1,0,94,3,1,0,0,0,0,0,1,0,0,4,0,1,0,3722,21081,6,0,1,13,3,3,80,1,7,2,1,2,2,2,2
23,1,0,0,1,1320,0,1,0,8,1,0,0,1,0,0,4,1,0,93,2,1,0,0,0,0,0,1,0,0,3,0,0,1,3989,20586,1,0,1,11,3,1,80,0,5,2,3,5,4,1,2
53,0,0,0,1,447,0,1,0,2,3,0,0,1,0,0,4,1,0,39,4,4,1,0,0,0,0,0,0,0,2,0,0,1,16598,19764,4,1,0,12,3,2,80,0,35,2,2,9,8,8,8
29,1,0,1,0,337,0,1,0,14,1,0,0,0,1,0,3,0,1,84,3,3,0,0,0,1,0,0,0,0,4,0,0,1,7553,22930,0,0,1,12,3,1,80,0,9,1,3,8,7,7,7
34,0,0,0,1,628,0,1,0,8,3,0,0,1,0,0,2,1,0,82,4,2,0,0,0,0,0,1,0,0,3,0,1,0,4404,10228,2,1,0,12,3,1,80,0,6,3,4,4,3,1,2
40,0,0,0,1,1300,0,1,0,24,2,1,0,0,0,0,1,1,0,62,3,2,0,0,0,0,0,0,1,0,4,1,0,0,3319,24447,1,1,0,17,3,1,80,2,9,3,3,9,8,4,7
32,1,0,1,0,1125,0,1,0,16,1,0,0,0,0,1,2,0,1,72,1,1,0,0,0,0,0,0,1,0,1,0,0,1,3919,4681,1,0,1,22,4,2,80,0,10,5,3,10,2,6,7
32,1,0,0,1,1259,0,1,0,2,4,0,0,0,0,1,4,1,0,95,3,1,0,0,0,0,0,1,0,0,2,0,0,1,1393,24852,1,1,0,12,3,1,80,0,1,2,3,1,0,0,0
41,1,0,0,1,1102,0,0,1,1,2,0,0,0,0,1,2,0,1,94,3,2,0,0,0,0,0,0,0,1,4,0,0,1,5993,19479,8,0,1,11,3,1,80,0,8,0,1,6,4,0,5
50,0,0,0,1,813,0,1,0,17,5,0,0,0,0,1,4,0,1,50,2,3,1,0,0,0,0,0,0,0,1,1,0,0,13269,21981,5,1,0,15,3,3,80,3,19,3,3,14,11,1,11
33,0,0,1,0,1146,0,0,1,25,3,0,0,1,0,0,2,0,1,82,3,2,0,0,0,0,0,0,0,1,3,0,1,0,4539,4905,1,1,0,12,3,1,80,1,10,3,2,10,7,0,1
44,0,0,1,0,383,0,0,1,1,5,0,1,0,0,0,1,0,1,79,3,2,0,0,0,0,0,0,0,1,3,0,1,0,4768,9282,7,1,0,12,3,3,80,1,11,4,2,1,0,0,0
49,1,0,0,1,1184,0,0,1,11,3,0,1,0,0,0,3,0,1,43,3,3,0,0,0,0,0,0,0,1,4,0,1,0,7654,5860,1,1,0,18,3,1,80,2,9,3,4,9,8,7,7
26,1,0,0,1,1449,0,1,0,16,4,0,0,1,0,0,1,1,0,45,3,1,0,0,0,0,0,1,0,0,2,1,0,0,2373,14180,2,0,1,13,3,4,80,1,5,2,3,3,2,0,2
29,1,0,0,1,341,0,0,1,1,3,0,0,1,0,0,2,0,1,48,2,1,0,1,0,0,0,0,0,0,3,1,0,0,2800,23522,6,0,1,19,3,3,80,3,5,3,3,3,2,0,2
32,1,0,0,1,374,0,1,0,25,4,0,0,0,0,1,1,1,0,87,3,1,0,0,0,0,0,1,0,0,4,0,0,1,2795,18016,1,0,1,24,4,3,80,0,1,2,1,1,0,0,1
35,0,0,0,1,583,0,1,0,25,4,0,0,1,0,0,3,0,1,57,3,3,0,0,0,1,0,0,0,0,3,1,0,0,10388,6975,1,0,1,11,3,3,80,1,16,3,2,16,10,10,1
24,0,0,0,1,477,0,1,0,24,3,0,0,1,0,0,4,1,0,49,3,1,0,0,0,0,0,1,0,0,2,0,0,1,3597,6409,8,1,0,22,4,4,80,0,6,2,3,4,3,1,2
55,1,0,0,1,436,0,0,1,2,1,0,0,1,0,0,3,1,0,37,3,2,0,0,0,0,0,0,0,1,4,0,0,1,5160,21519,4,1,0,16,3,3,80,0,12,3,2,9,7,7,3
32,1,0,1,0,1125,0,1,0,16,1,0,0,0,0,1,2,0,1,72,1,1,0,0,0,0,0,0,1,0,1,0,0,1,3919,4681,1,0,1,22,4,2,80,0,10,5,3,10,2,6,7
38,0,0,1,0,148,0,1,0,2,3,0,0,1,0,0,4,0,1,42,2,1,0,0,0,0,0,1,0,0,2,0,0,1,2440,23826,1,1,0,22,4,2,80,0,4,3,3,4,3,3,3
50,0,0,0,1,1464,0,1,0,2,4,0,0,1,0,0,2,1,0,62,3,5,1,0,0,0,0,0,0,0,3,0,1,0,19237,12853,2,0,1,11,3,4,80,1,29,2,2,8,1,7,7
46,0,0,0,1,991,1,0,0,1,2,0,0,0,0,1,4,0,1,44,3,1,0,0,0,0,0,0,0,0,1,0,0,1,3423,22957,6,1,0,12,3,3,80,0,10,3,4,7,6,5,7
37,1,0,0,1,1373,0,1,0,2,2,0,0,0,1,0,4,1,0,92,2,1,0,0,0,0,0,1,0,0,3,0,0,1,2090,2396,6,0,1,15,3,2,80,0,7,3,3,0,0,0,0
31,1,1,0,0,335,0,1,0,9,2,0,0,1,0,0,3,1,0,46,2,1,0,0,0,0,0,0,1,0,1,0,0,1,2321,10322,0,0,1,22,4,1,80,0,4,0,3,3,2,1,2
40,1,0,0,1,676,0,1,0,9,4,0,0,0,0,1,4,1,0,86,3,1,0,0,0,0,0,1,0,0,1,0,0,1,2018,21831,3,1,0,14,3,2,80,0,15,3,1,5,4,1,0
32,1,0,0,1,1045,0,0,1,4,4,0,0,1,0,0,4,1,0,32,1,3,0,0,0,0,0,0,0,1,4,0,1,0,10400,25812,1,1,0,11,3,3,80,0,14,2,2,14,8,9,8
20,0,0,0,1,1141,0,0,1,2,3,0,0,1,0,0,3,0,1,31,3,1,0,1,0,0,0,0,0,0,3,0,0,1,2783,13251,1,1,0,19,3,1,80,0,2,3,3,2,2,2,2
27,0,0,0,1,894,0,1,0,9,3,0,0,1,0,0,4,0,1,99,3,1,0,0,0,0,0,0,1,0,2,0,0,1,2279,11781,1,1,0,16,3,4,80,0,7,2,2,7,7,0,3
36,0,0,0,1,1157,0,0,1,2,4,0,0,0,0,1,3,1,0,70,3,1,0,1,0,0,0,0,0,0,4,0,0,1,2644,17001,3,0,1,21,4,4,80,0,7,3,2,3,2,1,2
19,1,0,0,1,419,0,0,1,21,3,0,0,0,1,0,4,1,0,37,2,1,0,1,0,0,0,0,0,0,2,0,0,1,2121,9947,1,0,1,13,3,2,80,0,1,3,4,1,0,0,0
33,1,0,0,1,211,0,0,1,16,3,0,0,0,0,1,1,0,1,74,3,3,0,0,0,0,0,0,0,1,1,0,0,1,8564,10092,2,0,1,20,4,3,80,0,11,2,2,0,0,0,0
47,0,1,0,0,543,0,0,1,2,4,0,1,0,0,0,3,1,0,87,3,2,0,0,0,0,0,0,0,1,2,0,1,0,4978,3536,7,1,0,11,3,4,80,1,4,3,1,1,0,0,0
37,0,0,0,1,290,0,1,0,21,3,0,0,0,0,1,2,1,0,65,4,1,0,0,0,0,0,0,1,0,1,0,1,0,3564,22977,1,0,1,12,3,1,80,1,8,3,2,8,7,1,7
34,0,0,0,1,285,0,1,0,29,3,0,0,1,0,0,2,1,0,86,3,2,0,0,0,0,0,1,0,0,3,0,1,0,5429,17491,4,1,0,13,3,1,80,2,10,1,3,8,7,7,7
49,1,0,0,1,1184,0,0,1,11,3,0,1,0,0,0,3,0,1,43,3,3,0,0,0,0,0,0,0,1,4,0,1,0,7654,5860,1,1,0,18,3,1,80,2,9,3,4,9,8,7,7
50,0,0,0,1,1322,0,1,0,28,3,0,0,0,0,1,4,0,1,43,3,4,1,0,0,0,0,0,0,0,1,0,1,0,16880,22422,4,0,1,11,3,2,80,0,25,2,3,3,2,1,2
39,0,0,0,1,141,1,0,0,3,3,0,0,0,0,0,3,0,1,44,4,2,0,0,0,0,0,0,0,0,2,0,1,0,6389,18767,9,1,0,15,3,3,80,1,12,3,1,8,3,3,6
30,0,0,0,1,1082,0,0,1,12,3,1,0,0,0,0,2,0,1,83,3,2,0,0,0,0,0,0,0,1,3,0,0,1,6577,19558,0,1,0,11,3,2,80,0,6,6,3,5,4,4,4
40,0,0,0,1,1202,0,1,0,2,1,0,0,1,0,0,2,0,1,89,4,2,0,0,0,1,0,0,0,0,3,1,0,0,6377,13888,5,1,0,20,4,2,80,3,15,0,3,12,11,11,8
31,0,1,0,0,976,0,1,0,3,2,0,0,1,0,0,3,1,0,48,3,1,0,0,0,0,0,0,1,0,1,1,0,0,3065,3995,1,0,1,13,3,4,80,1,4,3,4,4,2,2,3
26,0,0,0,1,390,0,1,0,17,4,0,0,1,0,0,4,1,0,62,1,1,0,0,0,0,0,1,0,0,3,0,1,0,2305,6217,1,1,0,15,3,3,80,3,3,3,4,3,2,0,2
39,0,0,0,1,1253,0,1,0,10,1,0,0,1,0,0,3,1,0,65,3,3,1,0,0,0,0,0,0,0,3,0,0,1,13464,7914,7,1,0,21,4,3,80,0,9,3,3,4,3,2,2
55,0,0,0,1,111,0,0,1,1,2,0,0,0,0,1,1,1,0,70,3,3,0,0,0,0,0,0,0,1,4,0,1,0,10239,18092,3,1,0,14,3,4,80,1,24,4,3,1,0,1,0
36,1,0,0,1,885,0,1,0,16,4,0,0,0,0,1,3,0,1,43,4,1,0,0,0,0,0,1,0,0,1,0,0,1,2743,8269,1,1,0,16,3,3,80,0,18,1,3,17,13,15,14
33,1,0,0,1,527,0,1,0,1,4,0,0,0,1,0,4,1,0,63,3,1,0,0,0,0,0,0,1,0,4,0,0,1,2686,5207,1,0,1,13,3,3,80,0,10,2,2,10,9,7,8
31,0,1,0,0,325,0,1,0,5,3,0,0,1,0,0,2,1,0,74,3,2,0,0,0,0,1,0,0,0,1,0,0,1,9936,3787,0,1,0,19,3,2,80,0,10,2,3,9,4,1,7
40,0,0,0,1,1194,0,1,0,1,3,0,0,0,0,1,3,0,1,52,3,2,0,0,0,1,0,0,0,0,4,1,0,0,6513,9060,4,1,0,17,3,4,80,1,12,3,3,5,3,0,3
28,0,0,0,1,580,0,1,0,27,3,0,0,1,0,0,2,0,1,39,1,2,0,0,0,0,1,0,0,0,1,1,0,0,4877,20460,0,1,0,21,4,2,80,1,6,5,2,5,3,0,0
23,1,0,0,1,1320,0,1,0,8,1,0,0,1,0,0,4,1,0,93,2,1,0,0,0,0,0,1,0,0,3,0,0,1,3989,20586,1,0,1,11,3,1,80,0,5,2,3,5,4,1,2
47,1,0,1,0,719,0,0,1,27,2,0,0,0,0,1,2,0,1,77,4,2,0,0,0,0,0,0,0,1,3,0,0,1,6397,10339,4,0,1,12,3,4,80,0,8,2,3,5,4,1,3
34,0,0,0,1,1346,0,1,0,19,2,0,0,1,0,0,2,1,0,93,3,1,0,0,0,0,0,1,0,0,4,1,0,0,2661,8758,0,1,0,11,3,3,80,1,3,2,3,2,2,1,2
18,1,1,0,0,247,0,1,0,8,1,0,0,1,0,0,3,1,0,80,3,1,0,0,0,0,0,1,0,0,3,0,0,1,1904,13556,1,1,0,12,3,4,80,0,0,0,3,0,0,0,0
39,1,0,1,0,203,0,1,0,2,3,0,0,0,0,1,1,1,0,84,3,4,0,0,0,1,0,0,0,0,4,1,0,0,12169,13547,7,1,0,11,3,4,80,3,21,4,3,18,7,11,5
43,0,0,0,1,1473,0,1,0,8,4,0,0,0,1,0,3,0,1,74,3,2,0,0,0,1,0,0,0,0,3,1,0,0,4522,2227,4,0,1,14,3,4,80,0,8,3,3,5,2,0,2
34,1,0,1,0,988,1,0,0,23,3,0,0,0,0,0,2,0,1,43,3,3,0,0,0,0,0,0,0,0,1,1,0,0,9950,11533,9,0,1,15,3,3,80,3,11,2,3,3,2,0,2
21,1,0,0,1,1427,0,1,0,18,1,0,0,0,1,0,4,0,1,65,3,1,0,0,0,0,0,0,1,0,4,0,0,1,2693,8870,1,1,0,19,3,1,80,0,1,3,2,1,0,0,0
36,0,0,0,1,1425,0,1,0,14,1,0,0,0,0,1,3,1,0,68,3,2,0,0,0,1,0,0,0,0,4,0,1,0,6586,4821,0,0,1,17,3,1,80,1,17,2,2,16,8,4,11
51,1,0,1,0,1150,0,1,0,8,4,0,0,0,0,1,1,1,0,53,1,3,0,0,0,0,1,0,0,0,4,0,0,1,10650,25150,2,1,0,15,3,4,80,0,18,2,3,4,2,0,3
19,1,0,0,1,303,0,1,0,2,3,0,0,0,0,1,2,1,0,47,2,1,0,0,0,0,0,1,0,0,4,0,0,1,1102,9241,1,1,0,22,4,3,80,0,1,3,2,1,0,1,0
45,0,0,0,1,176,1,0,0,4,3,0,0,0,0,1,3,0,1,56,1,3,0,0,0,0,0,0,0,0,3,0,1,0,9756,6595,4,1,0,21,4,3,80,2,9,2,4,5,0,0,3
39,1,0,0,1,895,0,0,1,5,3,1,0,0,0,0,4,1,0,56,3,2,0,1,0,0,0,0,0,0,4,0,1,0,2086,3335,3,1,0,14,3,3,80,1,19,6,4,1,0,0,0
41,0,1,0,0,509,0,1,0,2,4,0,0,0,1,0,1,0,1,62,2,2,0,0,0,1,0,0,0,0,3,0,0,1,6811,2112,2,0,1,17,3,1,80,0,10,3,3,8,7,0,7
32,1,0,1,0,238,0,1,0,5,2,0,0,0,0,1,1,0,1,47,4,1,0,0,0,0,0,0,1,0,3,0,0,1,2432,15318,3,0,1,14,3,1,80,0,8,2,3,4,1,0,3
32,1,0,0,1,1045,0,0,1,4,4,0,0,1,0,0,4,1,0,32,1,3,0,0,0,0,0,0,0,1,4,0,1,0,10400,25812,1,1,0,11,3,3,80,0,14,2,2,14,8,9,8
38,0,0,0,1,1495,0,1,0,10,3,0,0,1,0,0,3,0,1,76,3,2,0,0,0,1,0,0,0,0,3,0,1,0,9824,22174,3,1,0,19,3,3,80,1,18,4,3,1,0,0,0
52,0,1,0,0,771,0,0,1,2,4,0,0,0,0,1,1,1,0,79,2,5,0,0,1,0,0,0,0,0,3,0,0,1,19068,21030,1,0,1,18,3,4,80,0,33,2,4,33,7,15,12
24,1,0,1,0,381,0,1,0,9,3,0,0,1,0,0,2,1,0,89,3,1,0,0,0,0,0,1,0,0,1,0,0,1,3172,16998,2,0,1,11,3,3,80,0,4,2,2,0,0,0,0
26,1,0,1,0,342,0,1,0,2,3,0,0,0,0,1,1,1,0,57,3,1,0,0,0,0,0,0,1,0,1,0,1,0,2042,15346,6,0,1,14,3,2,80,1,6,2,3,3,2,1,2
30,0,0,0,1,1329,0,0,1,29,4,0,0,0,0,1,3,1,0,61,3,2,0,0,0,0,0,0,0,1,1,1,0,0,4115,13192,8,1,0,19,3,3,80,3,8,3,3,4,3,0,3
23,0,0,0,1,541,0,0,1,2,1,1,0,0,0,0,3,1,0,62,3,1,0,1,0,0,0,0,0,0,1,1,0,0,2322,9518,3,1,0,13,3,3,80,1,3,3,3,0,0,0,0
33,1,0,0,1,1017,0,1,0,25,3,0,0,1,0,0,1,1,0,55,2,1,0,0,0,0,0,0,1,0,2,0,0,1,2313,2993,4,0,1,20,4,2,80,0,5,0,3,2,2,2,2
34,0,0,0,1,1440,0,0,1,7,2,1,0,0,0,0,2,1,0,55,3,1,0,1,0,0,0,0,0,0,3,0,1,0,2308,4944,0,0,1,25,4,2,80,1,12,4,3,11,10,5,7
31,0,0,1,0,163,0,1,0,24,1,1,0,0,0,0,4,0,1,30,3,2,0,0,0,0,1,0,0,0,4,0,0,1,5238,6670,2,1,0,20,4,4,80,0,9,3,2,5,4,1,4
30,1,0,0,1,138,0,1,0,22,3,0,0,0,0,1,1,0,1,48,3,1,0,0,0,0,0,0,1,0,3,0,1,0,2132,11539,4,0,1,11,3,2,80,0,7,2,3,5,2,0,1
28,1,0,1,0,1009,0,1,0,1,3,0,0,1,0,0,1,1,0,45,2,1,0,0,0,0,0,1,0,0,2,1,0,0,2596,7160,1,1,0,15,3,1,80,2,1,2,3,1,0,0,0
40,1,0,0,1,676,0,1,0,9,4,0,0,0,0,1,4,1,0,86,3,1,0,0,0,0,0,1,0,0,1,0,0,1,2018,21831,3,1,0,14,3,2,80,0,15,3,1,5,4,1,0
35,0,0,0,1,882,0,0,1,3,4,0,0,0,0,1,4,1,0,92,3,3,0,0,0,0,0,0,0,1,4,1,0,0,7823,6812,6,1,0,13,3,2,80,1,12,2,3,10,9,0,8
39,0,0,0,1,116,0,1,0,24,1,0,0,0,0,1,1,1,0,52,3,2,0,0,0,0,0,0,1,0,4,0,0,1,4108,5340,7,1,0,13,3,1,80,0,18,2,3,7,7,1,7
27,0,0,1,0,793,0,0,1,2,1,0,0,0,0,1,4,1,0,43,1,2,0,0,0,0,0,0,0,1,4,0,0,1,5071,20392,3,1,0,20,4,2,80,0,8,3,3,6,2,0,0
29,0,0,0,1,1252,0,1,0,23,2,0,0,0,0,1,3,1,0,81,4,1,0,0,0,0,0,0,1,0,3,0,1,0,2700,23779,1,1,0,24,4,3,80,1,10,3,3,10,7,0,7
28,0,0,0,1,1144,0,0,1,10,1,0,0,1,0,0,4,1,0,74,3,1,0,1,0,0,0,0,0,0,2,0,1,0,1052,23384,1,1,0,22,4,2,80,0,1,5,3,1,0,0,0
25,0,0,0,1,622,0,0,1,13,1,0,0,1,0,0,2,1,0,40,3,1,0,1,0,0,0,0,0,0,3,0,1,0,2096,26376,1,1,0,11,3,3,80,0,7,1,3,7,4,0,6
34,0,1,0,0,1065,0,0,1,23,4,0,1,0,0,0,2,1,0,72,3,2,0,0,0,0,0,0,0,1,3,0,0,1,4568,10034,0,1,0,20,4,3,80,0,10,2,3,9,5,8,7
37,0,1,0,0,1413,0,1,0,5,2,1,0,0,0,0,3,1,0,84,4,1,0,0,0,0,0,1,0,0,3,0,0,1,3500,25470,0,1,0,14,3,1,80,0,7,2,1,6,5,1,3
45,0,0,0,1,1339,0,1,0,7,3,0,0,0,0,1,2,1,0,59,3,3,0,0,0,0,0,0,1,0,1,1,0,0,9724,18787,2,1,0,17,3,3,80,1,25,2,3,1,0,0,0
39,0,0,0,1,835,0,1,0,19,4,0,0,0,1,0,4,1,0,41,3,2,0,0,0,0,0,0,1,0,4,1,0,0,3902,5141,8,1,0,14,3,2,80,3,7,2,3,2,2,2,2
46,0,0,0,1,717,0,1,0,13,4,0,0,0,0,1,3,1,0,34,3,2,0,0,0,1,0,0,0,0,2,0,0,1,5562,9697,6,1,0,14,3,4,80,0,19,3,3,10,7,0,9
24,1,0,0,1,240,1,0,0,22,1,0,0,0,0,0,4,1,0,58,1,1,0,0,0,0,0,0,0,0,3,0,1,0,1555,11585,1,1,0,11,3,3,80,1,1,2,3,1,0,0,0
34,0,0,1,0,702,0,1,0,16,4,0,0,0,0,1,3,0,1,100,2,1,0,0,0,0,0,0,1,0,4,0,0,1,2553,8306,1,1,0,16,3,3,80,0,6,3,3,5,2,1,3
31,0,0,0,1,471,0,1,0,4,3,0,0,1,0,0,1,0,1,62,4,1,0,0,0,0,0,1,0,0,3,1,0,0,3978,16031,8,1,0,12,3,2,80,1,4,0,2,2,2,2,2
28,0,0,0,1,950,0,1,0,3,3,0,0,1,0,0,4,0,1,93,3,3,0,0,0,0,1,0,0,0,2,1,0,0,7655,8039,0,1,0,17,3,2,80,3,10,3,2,9,7,1,7
35,0,0,0,1,750,0,1,0,28,3,0,0,0,0,1,2,1,0,46,4,2,0,0,0,0,0,1,0,0,3,0,1,0,3407,25348,1,1,0,17,3,4,80,2,10,3,2,10,9,6,8
33,1,0,0,1,813,0,1,0,14,3,0,0,1,0,0,3,1,0,58,3,1,0,0,0,0,0,1,0,0,4,0,1,0,2436,22149,5,0,1,13,3,3,80,1,8,2,1,5,4,0,4
22,1,0,1,0,1368,0,1,0,4,1,1,0,0,0,0,3,1,0,99,2,1,0,0,0,0,0,1,0,0,3,0,0,1,3894,9129,5,1,0,16,3,3,80,0,4,3,3,2,2,1,2
35,1,0,0,1,303,0,0,1,27,3,0,0,0,0,1,3,1,0,84,3,2,0,0,0,0,0,0,0,1,4,0,0,1,5813,13492,1,0,1,18,3,4,80,0,10,2,3,10,7,7,7
29,0,0,0,1,1283,0,1,0,23,3,0,0,0,0,1,4,1,0,54,3,1,0,0,0,0,0,0,1,0,4,0,0,1,2201,18168,9,1,0,16,3,4,80,0,6,4,3,3,2,1,2
33,1,0,0,1,527,0,1,0,1,4,0,0,0,1,0,4,1,0,63,3,1,0,0,0,0,0,0,1,0,4,0,0,1,2686,5207,1,0,1,13,3,3,80,0,10,2,2,10,9,7,8
31,1,0,0,1,330,0,1,0,22,4,0,0,1,0,0,4,1,0,98,3,2,0,0,0,0,1,0,0,0,3,0,1,0,6179,21057,1,0,1,15,3,4,80,2,10,3,2,10,2,6,7
29,0,0,0,1,469,0,0,1,10,3,0,0,1,0,0,3,1,0,42,2,2,0,0,0,0,0,0,0,1,3,0,0,1,5869,23413,9,1,0,11,3,3,80,0,8,2,3,5,2,1,4
26,1,0,1,0,887,0,1,0,5,2,0,0,1,0,0,3,0,1,88,2,1,0,0,0,0,0,0,1,0,3,0,1,0,2366,20898,1,0,1,14,3,1,80,1,8,2,3,8,7,1,7
26,0,0,0,1,1066,0,1,0,2,2,0,0,1,0,0,4,1,0,32,4,2,0,0,0,0,1,0,0,0,4,0,1,0,5472,3334,1,1,0,12,3,2,80,0,8,2,3,8,7,1,3
45,0,0,0,1,252,0,1,0,1,3,0,0,0,1,0,3,1,0,70,4,5,0,0,1,0,0,0,0,0,4,0,1,0,19202,15970,0,1,0,11,3,3,80,1,25,2,3,24,0,1,7
38,0,0,1,0,508,0,1,0,6,4,0,0,0,0,1,1,1,0,72,2,2,0,0,0,0,1,0,0,0,3,0,1,0,5321,14284,2,1,0,11,3,4,80,1,10,1,3,8,3,7,7
33,0,1,0,0,775,0,1,0,4,3,1,0,0,0,0,4,1,0,90,3,2,0,0,0,0,0,0,1,0,2,1,0,0,3055,6194,5,1,0,15,3,4,80,2,11,2,2,9,8,1,7
24,1,0,0,1,1448,0,0,1,1,1,1,0,0,0,0,1,0,1,62,3,1,0,1,0,0,0,0,0,0,2,0,0,1,3202,21972,1,0,1,16,3,2,80,0,6,4,3,5,3,1,4
28,0,0,1,0,193,0,1,0,2,3,0,0,0,0,1,4,1,0,52,2,1,0,0,0,0,0,1,0,0,4,0,1,0,3867,14222,1,0,1,12,3,2,80,1,2,2,3,2,2,2,2
56,0,0,0,1,1255,0,1,0,1,2,0,0,0,0,1,1,0,1,90,3,1,0,0,0,0,0,0,1,0,1,0,1,0,2066,10494,2,1,0,22,4,4,80,1,5,3,4,3,2,1,0
45,1,0,0,1,1449,0,0,1,2,3,0,1,0,0,0,1,0,1,94,1,5,0,0,1,0,0,0,0,0,2,0,0,1,18824,2493,2,0,1,16,3,1,80,0,26,2,3,24,10,1,11
53,0,0,0,1,1223,0,1,0,7,2,0,0,1,0,0,4,0,1,50,3,5,0,0,1,0,0,0,0,0,3,1,0,0,18606,18640,3,1,0,18,3,2,80,1,26,6,3,7,7,4,7
21,1,0,1,0,251,0,1,0,10,2,0,0,0,0,1,1,0,1,45,2,1,0,0,0,0,0,1,0,0,3,0,0,1,2625,25308,1,1,0,20,4,3,80,0,2,2,1,2,2,2,2
35,0,0,0,1,464,0,1,0,4,2,0,0,0,1,0,3,1,0,75,3,1,0,0,0,0,0,1,0,0,4,1,0,0,1951,10910,1,1,0,12,3,3,80,1,1,3,3,1,0,0,0
22,0,0,0,1,1136,0,1,0,5,3,0,0,0,0,1,4,1,0,60,4,1,0,0,0,0,0,0,1,0,2,1,0,0,2328,12392,1,0,1,16,3,1,80,1,4,2,2,4,2,2,2
39,1,1,0,0,592,0,1,0,2,3,0,0,0,0,1,1,0,1,54,2,1,0,0,0,0,0,1,0,0,1,0,0,1,3646,17181,2,0,1,23,4,2,80,0,11,2,4,1,0,0,0
33,1,0,0,1,813,0,1,0,14,3,0,0,1,0,0,3,1,0,58,3,1,0,0,0,0,0,1,0,0,4,0,1,0,2436,22149,5,0,1,13,3,3,80,1,8,2,1,5,4,0,4
28,1,0,0,1,1475,0,0,1,13,2,0,1,0,0,0,4,0,1,84,3,2,0,0,0,0,0,0,0,1,3,0,0,1,9854,23352,3,0,1,11,3,4,80,0,6,0,3,2,0,2,2
47,0,1,0,0,1169,0,1,0,14,4,1,0,0,0,0,3,1,0,64,3,2,0,0,0,0,0,0,1,0,2,0,1,0,5467,2125,8,1,0,18,3,3,80,1,16,4,4,8,7,1,7
56,0,1,0,0,667,0,1,0,1,4,0,0,0,0,1,3,1,0,57,3,2,0,0,0,1,0,0,0,0,3,1,0,0,6306,26236,1,1,0,21,4,1,80,1,13,2,2,13,12,1,9
48,1,0,0,1,626,0,1,0,1,2,0,0,0,0,1,1,1,0,98,2,3,0,0,0,0,0,1,0,0,3,0,0,1,5381,19294,9,0,1,13,3,4,80,0,23,2,3,1,0,0,0
49,0,0,1,0,636,0,1,0,10,4,0,0,0,0,1,3,0,1,35,3,5,1,0,0,0,0,0,0,0,1,0,0,1,18665,25594,9,0,1,11,3,4,80,0,22,4,3,3,2,1,2
46,1,0,0,1,669,0,0,1,9,2,0,0,1,0,0,3,1,0,64,2,3,0,0,0,0,0,0,0,1,4,0,0,1,9619,13596,1,1,0,16,3,4,80,0,9,3,3,9,8,4,7
36,0,0,1,0,884,0,1,0,23,2,0,0,1,0,0,3,1,0,41,4,2,0,0,0,0,0,1,0,0,4,0,1,0,2571,12290,4,1,0,17,3,3,80,1,17,3,3,5,2,0,3
47,1,1,0,0,666,0,1,0,29,4,0,0,0,0,1,1,1,0,88,3,3,0,0,1,0,0,0,0,0,2,0,1,0,11849,10268,1,0,1,12,3,4,80,1,10,2,2,10,7,9,9
35,1,0,0,1,737,0,0,1,10,3,0,0,1,0,0,4,1,0,55,2,3,0,0,0,0,0,0,0,1,1,0,1,0,10306,21530,9,1,0,17,3,3,80,0,15,3,3,13,12,6,0
48,0,0,0,1,969,0,1,0,2,2,1,0,0,0,0,4,1,0,76,4,1,0,0,0,0,0,1,0,0,2,0,0,1,2559,16620,5,1,0,11,3,3,80,0,7,4,2,1,0,0,0
35,0,0,0,1,1315,0,1,0,22,3,0,0,0,0,1,2,0,1,71,4,3,0,0,1,0,0,0,0,0,2,1,0,0,11996,19100,7,1,0,18,3,2,80,1,10,6,2,7,7,6,2
33,0,0,0,1,922,0,1,0,1,5,0,0,1,0,0,1,0,1,95,4,4,1,0,0,0,0,0,0,0,3,1,0,0,16184,22578,4,1,0,19,3,3,80,1,10,2,3,6,1,0,5
42,0,0,0,1,265,0,0,1,5,2,0,1,0,0,0,4,1,0,90,3,5,0,0,1,0,0,0,0,0,3,0,1,0,18303,7770,6,1,0,13,3,2,80,0,21,3,4,1,0,0,0
26,1,0,0,1,471,0,1,0,24,3,1,0,0,0,0,3,1,0,66,1,1,0,0,0,0,0,1,0,0,4,0,0,1,2340,23213,1,0,1,18,3,2,80,0,1,3,1,1,0,0,0
30,1,0,0,1,138,0,1,0,22,3,0,0,0,0,1,1,0,1,48,3,1,0,0,0,0,0,0,1,0,3,0,1,0,2132,11539,4,0,1,11,3,2,80,0,7,2,3,5,2,0,1
52,1,0,0,1,1030,0,0,1,5,3,0,0,0,0,1,2,1,0,64,3,3,0,0,0,0,0,0,0,1,2,0,0,1,8446,21534,9,0,1,19,3,3,80,0,10,2,2,8,7,7,7
24,1,0,1,0,381,0,1,0,9,3,0,0,1,0,0,2,1,0,89,3,1,0,0,0,0,0,1,0,0,1,0,0,1,3172,16998,2,0,1,11,3,3,80,0,4,2,2,0,0,0,0
54,0,0,0,1,1082,0,0,1,2,4,0,0,0,0,1,3,0,1,41,2,3,0,0,0,0,0,0,0,1,3,0,1,0,10686,8392,6,1,0,11,3,2,80,1,13,4,3,9,4,7,0
21,1,0,0,1,1334,0,1,0,10,3,0,0,0,0,1,3,0,1,36,2,1,0,0,0,0,0,1,0,0,1,0,0,1,1416,17258,1,1,0,13,3,1,80,0,1,6,2,1,0,1,0
37,1,0,0,1,807,1,0,0,6,4,0,0,0,0,0,3,1,0,63,3,1,0,0,0,0,0,0,0,0,1,1,0,0,2073,23648,4,0,1,22,4,4,80,0,7,3,3,3,2,0,2
50,0,0,0,1,1126,0,1,0,1,2,0,0,1,0,0,4,1,0,66,3,4,1,0,0,0,0,0,0,0,4,1,0,0,17399,6615,9,1,0,22,4,3,80,1,32,1,2,5,4,1,3
37,0,0,0,1,1017,0,1,0,1,2,0,0,1,0,0,3,0,1,83,2,1,0,0,0,0,0,0,1,0,1,0,1,0,3920,18697,2,1,0,14,3,1,80,1,17,2,2,3,1,0,2
46,1,0,0,1,377,0,0,1,9,3,0,1,0,0,0,1,1,0,52,3,3,0,0,0,0,0,0,0,1,4,1,0,0,10096,15986,4,1,0,11,3,1,80,1,28,1,4,7,7,4,3
39,1,1,0,0,592,0,1,0,2,3,0,0,0,0,1,1,0,1,54,2,1,0,0,0,0,0,1,0,0,1,0,0,1,3646,17181,2,0,1,23,4,2,80,0,11,2,4,1,0,0,0
33,0,0,1,0,1141,0,0,1,1,3,0,0,0,0,1,3,0,1,42,4,2,0,0,0,0,0,0,0,1,1,0,1,0,5376,3193,2,1,0,19,3,1,80,2,10,3,3,5,3,1,3
28,1,0,0,1,1485,0,1,0,12,1,0,0,0,0,1,3,0,1,79,3,1,0,0,0,0,0,1,0,0,4,0,1,0,2515,22955,1,0,1,11,3,4,80,0,1,4,2,1,1,0,0
20,1,0,1,0,871,0,1,0,6,3,0,0,0,0,1,4,0,1,66,2,1,0,0,0,0,0,1,0,0,4,0,0,1,2926,19783,1,0,1,18,3,2,80,0,1,5,3,1,0,1,0
46,1,0,0,1,1254,0,0,1,10,3,0,0,0,0,1,3,0,1,64,3,3,0,0,0,0,0,0,0,1,2,0,1,0,7314,14011,5,1,0,21,4,3,80,3,14,2,3,8,7,0,7
28,0,0,0,1,1451,0,1,0,2,1,0,0,0,0,1,1,1,0,67,2,1,0,0,0,0,0,0,1,0,2,0,1,0,3201,19911,0,1,0,17,3,1,80,0,6,2,1,5,3,0,4
42,1,0,1,0,933,0,1,0,19,3,0,0,1,0,0,3,1,0,57,4,1,0,0,0,0,0,0,1,0,3,1,0,0,2759,20366,6,0,1,12,3,4,80,0,7,2,3,2,2,2,2
34,0,0,0,1,404,0,1,0,2,4,1,0,0,0,0,3,0,1,98,3,2,0,0,0,1,0,0,0,0,4,0,0,1,6687,6163,1,1,0,11,3,4,80,0,14,2,4,14,11,4,11
28,1,0,0,1,654,0,1,0,1,2,0,0,0,0,1,1,0,1,67,1,1,0,0,0,0,0,0,1,0,2,0,0,1,2216,3872,7,0,1,13,3,4,80,0,10,4,3,7,7,3,7
51,1,0,1,0,1150,0,1,0,8,4,0,0,0,0,1,1,1,0,53,1,3,0,0,0,0,1,0,0,0,4,0,0,1,10650,25150,2,1,0,15,3,4,80,0,18,2,3,4,2,0,3
28,1,0,0,1,103,0,1,0,24,3,0,0,0,0,1,3,1,0,50,2,1,0,0,0,0,0,1,0,0,3,0,0,1,2028,12947,5,0,1,14,3,2,80,0,6,4,3,4,2,0,3
50,1,0,0,1,869,0,0,1,3,2,0,1,0,0,0,1,1,0,86,2,1,0,1,0,0,0,0,0,0,3,0,1,0,2683,3810,1,0,1,14,3,3,80,0,3,2,3,3,2,0,2
38,0,0,0,1,1321,0,0,1,1,4,0,0,0,0,1,4,1,0,86,3,2,0,0,0,0,0,0,0,1,2,0,1,0,4440,7636,0,1,0,15,3,1,80,2,16,3,3,15,13,5,8
41,1,0,0,1,1356,0,0,1,20,2,0,1,0,0,0,2,0,1,70,3,1,0,1,0,0,0,0,0,0,2,0,0,1,3140,21728,1,0,1,22,4,4,80,0,4,5,2,4,3,0,2
50,0,0,0,1,1099,0,1,0,29,4,0,0,0,0,1,2,1,0,88,2,4,0,0,1,0,0,0,0,0,3,0,1,0,17046,9314,0,1,0,15,3,2,80,1,28,2,3,27,10,15,7
38,0,0,1,0,1189,0,1,0,1,3,0,0,0,0,1,4,1,0,90,3,2,0,0,0,0,0,0,1,0,4,0,1,0,4735,9867,7,1,0,15,3,4,80,2,19,4,4,13,11,2,9
31,1,0,1,0,667,0,0,1,1,4,0,0,0,0,1,2,0,1,50,1,1,0,1,0,0,0,0,0,0,3,0,0,1,1359,16154,1,1,0,12,3,2,80,0,1,3,3,1,0,0,0
38,0,0,0,1,343,0,1,0,15,2,0,0,0,0,1,3,1,0,92,2,3,1,0,0,0,0,0,0,0,4,1,0,0,11510,15682,0,0,1,14,3,2,80,1,12,3,3,11,10,2,9
31,0,0,0,1,655,0,1,0,7,4,0,0,0,0,1,4,1,0,48,3,2,0,0,0,0,0,1,0,0,4,1,0,0,5915,9528,3,1,0,22,4,4,80,1,10,3,2,7,7,1,7
22,1,0,0,1,617,0,1,0,3,1,0,0,0,0,1,2,0,1,34,3,2,0,0,0,0,1,0,0,0,3,0,1,0,4171,10022,0,0,1,19,3,1,80,1,4,3,4,3,2,0,2
37,0,1,0,0,1252,0,0,1,19,2,0,0,1,0,0,1,1,0,32,3,3,0,0,0,0,0,0,0,1,2,0,0,1,7642,4814,1,0,1,13,3,4,80,0,10,2,3,10,0,0,9
38,1,0,0,1,903,0,1,0,2,3,0,0,1,0,0,3,1,0,81,3,2,0,0,0,0,1,0,0,0,2,0,1,0,4855,7653,4,1,0,11,3,1,80,2,7,2,3,5,2,1,4
49,1,0,0,1,1184,0,0,1,11,3,0,1,0,0,0,3,0,1,43,3,3,0,0,0,0,0,0,0,1,4,0,1,0,7654,5860,1,1,0,18,3,1,80,2,9,3,4,9,8,7,7
23,0,0,0,1,1309,0,1,0,26,1,0,0,0,0,1,3,1,0,83,3,1,0,0,0,0,0,0,1,0,4,1,0,0,2904,16092,1,1,0,12,3,3,80,2,4,2,2,4,2,0,2
29,0,0,0,1,1328,0,1,0,2,3,0,0,0,0,1,3,1,0,76,3,1,0,0,0,0,0,0,1,0,2,0,1,0,2703,4956,0,1,0,23,4,4,80,1,6,3,3,5,4,0,4
34,0,0,0,1,1351,0,1,0,1,4,0,0,0,0,1,2,1,0,45,3,2,0,0,0,0,0,0,1,0,4,0,1,0,5484,13008,9,1,0,17,3,2,80,1,9,3,2,2,2,2,1
26,1,1,0,0,265,0,0,1,29,2,0,0,1,0,0,2,1,0,79,1,2,0,0,0,0,0,0,0,1,1,0,0,1,4969,21813,8,1,0,18,3,4,80,0,7,6,3,2,2,2,2
39,1,0,0,1,895,0,0,1,5,3,1,0,0,0,0,4,1,0,56,3,2,0,1,0,0,0,0,0,0,4,0,1,0,2086,3335,3,1,0,14,3,3,80,1,19,6,4,1,0,0,0
30,0,0,0,1,231,0,0,1,8,2,0,0,0,1,0,3,1,0,62,3,3,0,0,0,0,0,0,0,1,3,1,0,0,7264,9977,5,1,0,11,3,1,80,1,10,2,4,8,4,7,7
26,1,0,1,0,575,0,1,0,3,1,1,0,0,0,0,3,1,0,73,3,1,0,0,0,0,0,0,1,0,1,0,0,1,3102,6582,0,1,0,22,4,3,80,0,7,2,3,6,4,0,4
35,1,0,0,1,104,0,1,0,2,3,0,0,0,0,1,1,0,1,69,3,1,0,0,0,0,0,1,0,0,1,1,0,0,2074,26619,1,0,1,12,3,4,80,1,1,2,3,1,0,0,0
24,0,0,0,1,1476,0,0,1,4,1,0,0,1,0,0,4,0,1,42,3,2,0,0,0,0,0,0,0,1,3,0,1,0,4162,15211,1,0,1,12,3,3,80,2,5,3,3,5,4,0,3
25,1,0,0,1,867,0,0,1,19,2,0,1,0,0,0,3,1,0,36,2,1,0,1,0,0,0,0,0,0,2,0,1,0,2413,18798,1,0,1,18,3,3,80,3,1,2,3,1,0,0,0
55,0,0,0,1,282,0,1,0,2,2,0,0,1,0,0,4,0,1,58,1,5,0,0,1,0,0,0,0,0,3,0,1,0,19187,6992,4,1,0,14,3,4,80,1,23,5,3,19,9,9,11
56,1,0,0,1,310,0,1,0,7,2,1,0,0,0,0,4,1,0,72,3,1,0,0,0,0,0,1,0,0,3,0,1,0,2339,3666,8,1,0,11,3,4,80,1,14,4,1,10,9,9,8
26,1,1,0,0,265,0,0,1,29,2,0,0,1,0,0,2,1,0,79,1,2,0,0,0,0,0,0,0,1,1,0,0,1,4969,21813,8,1,0,18,3,4,80,0,7,6,3,2,2,2,2
46,1,0,0,1,377,0,0,1,9,3,0,1,0,0,0,1,1,0,52,3,3,0,0,0,0,0,0,0,1,4,1,0,0,10096,15986,4,1,0,11,3,1,80,1,28,1,4,7,7,4,3
44,1,0,0,1,935,0,1,0,3,3,0,0,0,0,1,1,1,0,89,3,1,0,0,0,0,0,1,0,0,1,0,1,0,2362,14669,4,1,0,12,3,3,80,0,10,4,4,3,2,1,2
47,1,0,1,0,1093,0,0,1,9,3,0,0,0,0,1,3,1,0,82,1,4,0,0,0,0,0,0,0,1,3,0,1,0,12936,24164,7,1,0,11,3,3,80,0,25,3,1,23,5,14,10
37,1,0,0,1,807,1,0,0,6,4,0,0,0,0,0,3,1,0,63,3,1,0,0,0,0,0,0,0,0,1,1,0,0,2073,23648,4,0,1,22,4,4,80,0,7,3,3,3,2,0,2
38,1,0,0,1,1180,0,1,0,29,1,0,0,1,0,0,2,1,0,70,3,2,0,0,0,1,0,0,0,0,1,0,1,0,6673,11354,7,0,1,19,3,2,80,0,17,2,3,1,0,0,0
49,1,0,0,1,1184,0,0,1,11,3,0,1,0,0,0,3,0,1,43,3,3,0,0,0,0,0,0,0,1,4,0,1,0,7654,5860,1,1,0,18,3,1,80,2,9,3,4,9,8,7,7
31,0,0,0,1,1112,0,0,1,5,4,0,0,0,0,1,1,0,1,67,3,2,0,0,0,0,0,0,0,1,4,0,1,0,5476,22589,1,1,0,11,3,1,80,2,10,2,3,10,0,0,2
28,1,0,0,1,529,0,1,0,2,4,0,0,0,0,1,1,1,0,79,3,1,0,0,0,0,0,1,0,0,3,0,0,1,3485,14935,2,1,0,11,3,3,80,0,5,5,1,0,0,0,0
29,0,0,0,1,665,0,1,0,15,3,0,0,0,0,1,3,1,0,60,3,1,0,0,0,0,0,0,1,0,4,0,0,1,2340,22673,1,1,0,19,3,1,80,0,6,1,3,6,5,1,5
25,0,0,0,1,977,0,1,0,2,1,0,0,0,1,0,4,1,0,57,3,1,0,0,0,0,0,1,0,0,3,1,0,0,3977,7298,6,0,1,19,3,3,80,1,7,2,2,2,2,0,2
25,1,0,0,1,867,0,0,1,19,2,0,1,0,0,0,3,1,0,36,2,1,0,1,0,0,0,0,0,0,2,0,1,0,2413,18798,1,0,1,18,3,3,80,3,1,2,3,1,0,0,0
36,0,0,0,1,530,0,0,1,2,4,0,0,0,0,1,3,0,1,51,3,2,0,1,0,0,0,0,0,0,4,0,0,1,4502,7439,3,1,0,15,3,3,80,0,17,2,2,13,7,6,7
29,1,0,0,1,318,0,1,0,8,4,0,0,0,1,0,2,1,0,77,1,1,0,0,0,0,0,1,0,0,1,0,1,0,2119,4759,1,0,1,11,3,4,80,0,7,4,2,7,7,0,7
34,0,0,0,1,810,0,0,1,8,2,1,0,0,0,0,2,1,0,92,4,2,0,0,0,0,0,0,0,1,3,0,1,0,6799,22128,1,1,0,21,4,3,80,2,10,5,3,10,8,4,8
26,0,0,0,1,482,0,1,0,1,2,0,0,0,0,1,2,0,1,90,2,1,0,0,0,0,0,0,1,0,3,0,1,0,2933,14908,1,0,1,13,3,3,80,1,1,3,2,1,0,1,0
32,0,1,0,0,976,0,0,1,26,4,0,1,0,0,0,3,1,0,100,3,2,0,0,0,0,0,0,0,1,4,0,1,0,4465,12069,0,1,0,18,3,1,80,0,4,2,3,3,2,2,2
58,1,0,0,1,601,0,1,0,7,4,0,0,1,0,0,3,0,1,53,2,3,0,0,0,0,1,0,0,0,1,0,1,0,10008,12023,7,0,1,14,3,4,80,0,31,0,2,10,9,5,9
30,1,0,1,0,334,0,0,1,26,4,0,1,0,0,0,3,0,1,52,2,2,0,0,0,0,0,0,0,1,1,0,0,1,6696,22967,5,1,0,15,3,3,80,0,9,5,2,6,3,0,1
53,0,0,1,0,124,0,0,1,2,3,0,1,0,0,0,3,0,1,38,2,3,0,0,0,0,0,0,0,1,2,0,1,0,7525,23537,2,1,0,12,3,1,80,1,30,2,3,15,7,6,12
35,1,0,0,1,737,0,0,1,10,3,0,0,1,0,0,4,1,0,55,2,3,0,0,0,0,0,0,0,1,1,0,1,0,10306,21530,9,1,0,17,3,3,80,0,15,3,3,13,12,6,0
23,1,0,0,1,1320,0,1,0,8,1,0,0,1,0,0,4,1,0,93,2,1,0,0,0,0,0,1,0,0,3,0,0,1,3989,20586,1,0,1,11,3,1,80,0,5,2,3,5,4,1,2
35,1,0,0,1,763,0,0,1,15,2,0,0,1,0,0,1,1,0,59,1,2,0,0,0,0,0,0,0,1,4,1,0,0,5440,22098,6,0,1,14,3,4,80,2,7,2,2,2,2,2,2
56,0,0,0,1,713,0,1,0,8,3,0,0,0,0,1,3,0,1,67,3,1,0,0,0,0,0,0,1,0,1,1,0,0,4257,13939,4,0,1,18,3,3,80,1,19,3,3,2,2,2,2
35,1,0,0,1,763,0,0,1,15,2,0,0,1,0,0,1,1,0,59,1,2,0,0,0,0,0,0,0,1,4,1,0,0,5440,22098,6,0,1,14,3,4,80,2,7,2,2,2,2,2,2
58,1,0,1,0,781,0,1,0,2,1,0,0,0,0,1,4,1,0,57,2,1,0,0,0,0,0,1,0,0,4,1,0,0,2380,13384,9,0,1,14,3,4,80,1,3,3,2,1,0,0,0
60,0,0,0,1,696,0,0,1,7,4,0,1,0,0,0,2,1,0,52,4,2,0,0,0,0,0,0,0,1,4,1,0,0,5220,10893,0,0,1,18,3,2,80,1,12,3,3,11,7,1,9
40,1,0,0,1,575,0,0,1,22,2,0,1,0,0,0,3,1,0,68,2,2,0,0,0,0,0,0,0,1,3,0,1,0,6380,6110,2,0,1,12,3,1,80,2,8,6,3,6,4,1,0
32,1,0,0,1,1045,0,0,1,4,4,0,0,1,0,0,4,1,0,32,1,3,0,0,0,0,0,0,0,1,4,0,1,0,10400,25812,1,1,0,11,3,3,80,0,14,2,2,14,8,9,8
40,0,0,1,0,530,0,1,0,1,4,0,0,0,0,1,3,1,0,78,2,4,0,0,0,1,0,0,0,0,2,0,1,0,13503,14115,1,1,0,22,4,4,80,1,22,3,2,22,3,11,11
39,0,0,0,1,1431,0,1,0,1,4,0,0,1,0,0,3,0,1,96,3,1,0,0,0,0,0,1,0,0,3,1,0,0,2232,15417,7,1,0,14,3,3,80,3,7,1,3,3,2,1,2
30,0,0,0,1,946,0,1,0,2,3,0,0,1,0,0,3,0,1,52,2,2,0,0,0,0,1,0,0,0,4,0,0,1,6877,20234,5,0,1,24,4,2,80,0,12,4,2,0,0,0,0
32,1,0,0,1,964,0,0,1,1,2,0,0,0,0,1,1,1,0,34,1,2,0,0,0,0,0,0,0,1,2,0,0,1,6735,12147,6,1,0,15,3,2,80,0,10,2,3,0,0,0,0
33,0,0,1,0,553,0,1,0,5,4,0,0,0,0,1,4,0,1,74,3,3,0,0,1,0,0,0,0,0,2,0,1,0,11878,23364,6,1,0,11,3,2,80,2,12,2,3,10,6,8,8
58,1,0,0,1,289,0,1,0,2,3,1,0,0,0,0,4,1,0,51,3,1,0,0,0,0,0,0,1,0,3,0,0,1,2479,26227,4,1,0,24,4,1,80,0,7,4,3,1,0,0,0
38,1,0,0,1,1180,0,1,0,29,1,0,0,1,0,0,2,1,0,70,3,2,0,0,0,1,0,0,0,0,1,0,1,0,6673,11354,7,0,1,19,3,2,80,0,17,2,3,1,0,0,0
36,1,0,0,1,318,0,1,0,9,3,0,0,1,0,0,4,1,0,79,2,1,0,0,0,0,0,0,1,0,3,0,1,0,3388,21777,0,0,1,17,3,1,80,1,2,0,2,1,0,0,0
34,0,0,0,1,419,0,1,0,7,4,0,0,0,0,1,1,0,1,53,3,3,1,0,0,0,0,0,0,0,2,0,0,1,11994,21293,0,1,0,11,3,3,80,0,13,4,3,12,6,2,11
37,1,0,0,1,1373,0,1,0,2,2,0,0,0,1,0,4,1,0,92,2,1,0,0,0,0,0,1,0,0,3,0,0,1,2090,2396,6,0,1,15,3,2,80,0,7,3,3,0,0,0,0
45,1,0,0,1,1449,0,0,1,2,3,0,1,0,0,0,1,0,1,94,1,5,0,0,1,0,0,0,0,0,2,0,0,1,18824,2493,2,0,1,16,3,1,80,0,26,2,3,24,10,1,11
37,1,0,0,1,1373,0,1,0,2,2,0,0,0,1,0,4,1,0,92,2,1,0,0,0,0,0,1,0,0,3,0,0,1,2090,2396,6,0,1,15,3,2,80,0,7,3,3,0,0,0,0
49,0,0,0,1,527,0,1,0,8,2,0,0,0,1,0,1,0,1,51,3,3,0,0,0,0,0,1,0,0,2,0,1,0,7403,22477,4,1,0,11,3,3,80,1,29,3,2,26,9,1,7
24,0,0,0,1,1371,0,0,1,10,4,0,1,0,0,0,4,0,1,77,3,2,0,0,0,0,0,0,0,1,3,1,0,0,4260,5915,1,0,1,12,3,4,80,1,5,2,4,5,2,0,3
35,1,0,0,1,303,0,0,1,27,3,0,0,0,0,1,3,1,0,84,3,2,0,0,0,0,0,0,0,1,4,0,0,1,5813,13492,1,0,1,18,3,4,80,0,10,2,3,10,7,7,7
42,0,0,0,1,1142,0,1,0,8,3,0,0,0,0,1,4,1,0,81,3,1,0,0,0,0,0,1,0,0,3,0,0,1,3968,13624,4,1,0,13,3,4,80,0,8,3,3,0,0,0,0
41,1,0,0,1,1102,0,0,1,1,2,0,0,0,0,1,2,0,1,94,3,2,0,0,0,0,0,0,0,1,4,0,0,1,5993,19479,8,0,1,11,3,1,80,0,8,0,1,6,4,0,5
47,0,0,0,1,1001,0,1,0,4,3,0,0,0,0,1,3,0,1,92,2,3,0,0,0,0,1,0,0,0,2,1,0,0,10333,19271,8,0,1,12,3,3,80,1,28,4,3,22,11,14,10
29,1,0,0,1,224,0,1,0,1,4,1,0,0,0,0,1,1,0,100,2,1,0,0,0,0,0,0,1,0,1,0,0,1,2362,7568,6,1,0,13,3,3,80,0,11,2,1,9,7,0,7
45,1,0,0,1,1449,0,0,1,2,3,0,1,0,0,0,1,0,1,94,1,5,0,0,1,0,0,0,0,0,2,0,0,1,18824,2493,2,0,1,16,3,1,80,0,26,2,3,24,10,1,11
43,0,0,0,1,531,0,0,1,4,4,0,1,0,0,0,4,0,1,56,2,3,0,0,0,0,0,0,0,1,4,0,0,1,10231,20364,3,1,0,14,3,4,80,0,23,3,4,21,7,15,17
23,0,0,0,1,885,0,1,0,4,3,0,0,1,0,0,1,1,0,58,4,1,0,0,0,0,0,0,1,0,1,0,1,0,2819,8544,2,1,0,16,3,1,80,1,5,3,4,3,2,0,2
55,1,0,0,1,725,0,1,0,2,3,0,0,1,0,0,4,1,0,78,3,5,0,0,1,0,0,0,0,0,1,0,1,0,19859,21199,5,0,1,13,3,4,80,1,24,2,3,5,2,1,4
31,0,0,0,1,480,0,1,0,7,2,0,0,1,0,0,2,0,1,31,3,2,0,0,0,0,1,0,0,0,1,0,1,0,4306,4156,1,1,0,12,3,2,80,1,13,5,1,13,10,3,12
41,1,0,1,0,143,0,0,1,4,3,0,1,0,0,0,1,1,0,56,3,2,0,0,0,0,0,0,0,1,2,0,0,1,9355,9558,1,1,0,18,3,3,80,0,8,5,3,8,7,7,7
19,1,0,0,1,303,0,1,0,2,3,0,0,0,0,1,2,1,0,47,2,1,0,0,0,0,0,1,0,0,4,0,0,1,1102,9241,1,1,0,22,4,3,80,0,1,3,2,1,0,1,0
46,1,0,0,1,377,0,0,1,9,3,0,1,0,0,0,1,1,0,52,3,3,0,0,0,0,0,0,0,1,4,1,0,0,10096,15986,4,1,0,11,3,1,80,1,28,1,4,7,7,4,3
32,0,0,0,1,1401,0,0,1,4,2,0,0,0,0,1,3,0,1,56,3,1,0,1,0,0,0,0,0,0,2,0,1,0,3931,20990,2,1,0,11,3,1,80,1,6,5,3,4,3,1,2
47,0,0,1,0,1379,0,1,0,16,4,0,0,1,0,0,3,1,0,64,4,2,0,0,0,0,1,0,0,0,3,1,0,0,5067,6759,1,0,1,19,3,3,80,0,20,3,4,19,10,2,7
56,0,0,0,1,206,1,0,0,8,4,0,0,0,0,1,4,1,0,99,3,5,0,0,1,0,0,0,0,0,2,0,0,1,19717,4022,6,1,0,14,3,1,80,0,36,4,3,7,3,7,7
26,1,0,0,1,1449,0,1,0,16,4,0,0,1,0,0,1,1,0,45,3,1,0,0,0,0,0,1,0,0,2,1,0,0,2373,14180,2,0,1,13,3,4,80,1,5,2,3,3,2,0,2
58,1,0,0,1,286,0,1,0,2,4,0,0,0,0,1,4,1,0,31,3,5,1,0,0,0,0,0,0,0,2,0,0,1,19246,25761,7,0,1,12,3,4,80,0,40,2,3,31,15,13,8
29,0,0,0,1,718,0,1,0,8,1,0,0,1,0,0,2,1,0,79,2,2,0,0,0,0,1,0,0,0,4,0,1,0,5056,17689,1,0,1,15,3,3,80,1,10,2,2,10,7,1,2
25,1,0,0,1,867,0,0,1,19,2,0,1,0,0,0,3,1,0,36,2,1,0,1,0,0,0,0,0,0,2,0,1,0,2413,18798,1,0,1,18,3,3,80,3,1,2,3,1,0,0,0
56,0,0,0,1,1443,0,0,1,11,5,0,1,0,0,0,4,0,1,89,2,2,0,0,0,0,0,0,0,1,1,0,1,0,5380,20328,4,1,0,16,3,3,80,1,6,3,3,0,0,0,0
30,0,0,0,1,153,0,1,0,8,2,0,0,0,0,1,2,0,1,73,4,3,1,0,0,0,0,0,0,0,1,0,1,0,11416,17802,0,0,1,12,3,3,80,3,9,4,2,8,7,1,7
28,1,0,0,1,654,0,1,0,1,2,0,0,0,0,1,1,0,1,67,1,1,0,0,0,0,0,0,1,0,2,0,0,1,2216,3872,7,0,1,13,3,4,80,0,10,4,3,7,7,3,7
47,1,0,1,0,1093,0,0,1,9,3,0,0,0,0,1,3,1,0,82,1,4,0,0,0,0,0,0,0,1,3,0,1,0,12936,24164,7,1,0,11,3,3,80,0,25,3,1,23,5,14,10
52,0,0,0,1,1323,0,1,0,2,3,0,0,0,0,1,3,0,1,89,2,1,0,0,0,0,0,1,0,0,4,0,0,1,3212,3300,7,1,0,15,3,2,80,0,6,3,2,2,2,2,2
24,1,0,0,1,984,0,1,0,17,2,0,0,0,0,1,4,0,1,97,3,1,0,0,0,0,0,1,0,0,2,0,1,0,2210,3372,1,1,0,13,3,1,80,1,1,3,1,1,0,0,0
24,1,0,1,0,381,0,1,0,9,3,0,0,1,0,0,2,1,0,89,3,1,0,0,0,0,0,1,0,0,1,0,0,1,3172,16998,2,0,1,11,3,3,80,0,4,2,2,0,0,0,0
32,0,0,0,1,859,0,1,0,4,3,0,0,0,0,1,3,0,1,98,2,2,0,0,0,0,1,0,0,0,3,0,1,0,6162,19124,1,1,0,12,3,3,80,1,14,3,3,14,13,6,8
25,0,0,0,1,309,1,0,0,2,3,0,0,0,0,0,3,0,1,82,3,1,0,0,0,0,0,0,0,0,2,0,1,0,2187,19655,4,1,0,14,3,3,80,0,6,3,3,2,0,1,2
41,1,0,1,0,143,0,0,1,4,3,0,1,0,0,0,1,1,0,56,3,2,0,0,0,0,0,0,0,1,2,0,0,1,9355,9558,1,1,0,18,3,3,80,0,8,5,3,8,7,7,7
28,0,0,0,1,736,0,0,1,26,3,0,0,0,0,1,3,1,0,48,2,2,0,0,0,0,0,0,0,1,1,0,1,0,4724,24232,1,1,0,11,3,3,80,1,5,0,3,5,3,0,4
35,1,0,0,1,737,0,0,1,10,3,0,0,1,0,0,4,1,0,55,2,3,0,0,0,0,0,0,0,1,1,0,1,0,10306,21530,9,1,0,17,3,3,80,0,15,3,3,13,12,6,0
40,0,0,1,0,1469,0,1,0,9,4,0,0,1,0,0,4,1,0,35,3,1,0,0,0,0,0,0,1,0,2,1,0,0,3617,25063,8,0,1,14,3,4,80,1,3,2,3,1,1,0,0
34,1,0,1,0,234,0,1,0,9,4,0,0,0,0,1,4,1,0,93,3,2,0,0,0,0,0,1,0,0,1,0,1,0,5346,6208,4,1,0,17,3,3,80,1,11,3,2,7,1,0,7
29,0,0,1,0,442,0,0,1,2,2,0,0,0,0,1,2,1,0,44,3,2,0,0,0,0,0,0,0,1,4,0,0,1,4554,20260,1,1,0,18,3,1,80,0,10,3,2,10,7,0,9
42,1,0,1,0,933,0,1,0,19,3,0,0,1,0,0,3,1,0,57,4,1,0,0,0,0,0,0,1,0,3,1,0,0,2759,20366,6,0,1,12,3,4,80,0,7,2,3,2,2,2,2
46,1,0,0,1,1254,0,0,1,10,3,0,0,0,0,1,3,0,1,64,3,3,0,0,0,0,0,0,0,1,2,0,1,0,7314,14011,5,1,0,21,4,3,80,3,14,2,3,8,7,0,7
29,0,0,0,1,1329,0,1,0,7,3,0,0,0,0,1,3,1,0,82,3,2,0,0,0,1,0,0,0,0,4,1,0,0,6623,4204,1,0,1,11,3,2,80,2,6,2,3,6,0,1,0
37,0,0,1,0,319,0,0,1,4,4,0,1,0,0,0,1,1,0,41,3,1,0,1,0,0,0,0,0,0,4,1,0,0,2793,2539,4,1,0,17,3,3,80,1,13,2,3,9,8,5,8
38,0,0,0,1,1245,0,0,1,14,3,0,0,0,0,1,3,1,0,80,3,2,0,0,0,0,0,0,0,1,2,0,1,0,9924,12355,0,1,0,11,3,4,80,1,10,3,3,9,8,7,7
26,1,0,0,1,1330,0,1,0,21,3,0,0,1,0,0,1,1,0,37,3,1,0,0,0,0,0,1,0,0,3,1,0,0,2377,19373,1,1,0,20,4,3,80,1,1,0,2,1,1,0,0
42,0,0,0,1,300,0,1,0,2,3,0,0,0,0,1,1,1,0,56,3,5,0,0,1,0,0,0,0,0,3,0,1,0,18880,17312,5,1,0,11,3,1,80,0,24,2,2,22,6,4,14
18,0,0,0,1,812,0,0,1,10,3,0,0,1,0,0,4,0,1,69,2,1,0,1,0,0,0,0,0,0,3,0,0,1,1200,9724,1,1,0,12,3,1,80,0,0,2,3,0,0,0,0
27,1,0,0,1,1420,0,0,1,2,1,0,1,0,0,0,3,1,0,85,3,1,0,1,0,0,0,0,0,0,1,1,0,0,3041,16346,0,1,0,11,3,2,80,1,5,3,3,4,3,0,2
31,0,0,1,0,1125,0,0,1,7,4,0,1,0,0,0,1,0,1,68,3,3,0,0,0,0,0,0,0,1,1,0,1,0,9637,8277,2,1,0,14,3,4,80,2,9,3,3,3,2,2,2
26,0,0,0,1,1349,0,1,0,23,3,0,0,0,0,1,1,0,1,90,3,1,0,0,0,0,0,0,1,0,4,1,0,0,2886,3032,1,1,0,22,4,2,80,2,3,3,1,3,2,0,2
55,0,0,0,1,1117,0,0,1,18,5,0,0,0,0,1,1,0,1,83,3,4,0,0,1,0,0,0,0,0,2,0,0,1,16835,9873,3,1,0,23,4,4,80,0,37,2,3,10,9,7,7
41,1,0,0,1,1102,0,0,1,1,2,0,0,0,0,1,2,0,1,94,3,2,0,0,0,0,0,0,0,1,4,0,0,1,5993,19479,8,0,1,11,3,1,80,0,8,0,1,6,4,0,5
35,0,0,0,1,1258,0,1,0,1,4,0,0,0,0,1,4,0,1,40,4,1,0,0,0,0,0,0,1,0,3,0,0,1,2506,13301,3,1,0,13,3,3,80,0,7,0,3,2,2,2,2
38,0,0,0,1,1261,0,1,0,2,4,0,0,0,0,1,4,1,0,88,3,2,0,0,0,0,1,0,0,0,3,0,1,0,6553,7259,9,1,0,14,3,2,80,0,14,3,3,1,0,0,0
25,1,0,0,1,1219,0,1,0,4,1,1,0,0,0,0,4,1,0,32,3,1,0,0,0,0,0,1,0,0,4,0,1,0,3691,4605,1,0,1,15,3,2,80,1,7,3,4,7,7,5,6
58,0,1,0,0,390,0,1,0,1,4,0,0,0,0,1,4,1,0,32,1,2,0,0,0,1,0,0,0,0,3,1,0,0,5660,17056,2,0,1,13,3,4,80,1,12,2,3,5,3,1,2
33,1,0,0,1,1017,0,1,0,25,3,0,0,1,0,0,1,1,0,55,2,1,0,0,0,0,0,0,1,0,2,0,0,1,2313,2993,4,0,1,20,4,2,80,0,5,0,3,2,2,2,2
32,0,0,0,1,371,0,0,1,19,3,0,0,0,0,1,4,1,0,80,1,3,0,0,0,0,0,0,0,1,3,0,1,0,9610,3840,3,1,0,13,3,3,80,1,10,2,1,4,3,0,2
35,0,0,0,1,755,0,1,0,9,4,0,0,0,0,1,3,1,0,97,2,2,0,0,0,1,0,0,0,0,2,0,0,1,6540,19394,9,1,0,19,3,3,80,0,10,5,3,1,1,0,0
34,1,0,1,0,658,0,1,0,7,3,0,0,0,0,1,1,1,0,66,1,2,0,0,0,0,0,1,0,0,3,0,0,1,6074,22887,1,0,1,24,4,4,80,0,9,3,3,9,7,0,6
24,1,0,1,0,1287,0,1,0,7,3,0,0,0,0,1,1,0,1,55,3,1,0,0,0,0,0,1,0,0,3,0,1,0,2886,14168,1,0,1,16,3,4,80,1,6,4,3,6,3,1,2
21,1,0,0,1,1334,0,1,0,10,3,0,0,0,0,1,3,0,1,36,2,1,0,0,0,0,0,1,0,0,1,0,0,1,1416,17258,1,1,0,13,3,1,80,0,1,6,2,1,0,1,0
34,1,0,1,0,234,0,1,0,9,4,0,0,0,0,1,4,1,0,93,3,2,0,0,0,0,0,1,0,0,1,0,1,0,5346,6208,4,1,0,17,3,3,80,1,11,3,2,7,1,0,7
46,1,0,0,1,669,0,0,1,9,2,0,0,1,0,0,3,1,0,64,2,3,0,0,0,0,0,0,0,1,4,0,0,1,9619,13596,1,1,0,16,3,4,80,0,9,3,3,9,8,4,7
31,1,1,0,0,335,0,1,0,9,2,0,0,1,0,0,3,1,0,46,2,1,0,0,0,0,0,0,1,0,1,0,0,1,2321,10322,0,0,1,22,4,1,80,0,4,0,3,3,2,1,2
39,1,0,1,0,203,0,1,0,2,3,0,0,0,0,1,1,1,0,84,3,4,0,0,0,1,0,0,0,0,4,1,0,0,12169,13547,7,1,0,11,3,4,80,3,21,4,3,18,7,11,5
38,1,0,0,1,903,0,1,0,2,3,0,0,1,0,0,3,1,0,81,3,2,0,0,0,0,1,0,0,0,2,0,1,0,4855,7653,4,1,0,11,3,1,80,2,7,2,3,5,2,1,4
52,0,1,0,0,715,0,1,0,19,4,0,0,1,0,0,4,1,0,41,3,1,0,0,0,0,0,0,1,0,4,0,1,0,4258,26589,0,1,0,18,3,1,80,1,5,3,3,4,3,1,2
29,1,0,0,1,906,0,1,0,10,3,0,0,0,0,1,4,0,1,92,2,1,0,0,0,0,0,0,1,0,1,0,0,1,2404,11479,6,0,1,20,4,3,80,0,3,5,3,0,0,0,0
34,0,1,0,0,1375,0,0,1,10,3,0,0,0,0,1,4,1,0,87,3,2,0,0,0,0,0,0,0,1,3,1,0,0,4001,12313,1,0,1,14,3,3,80,1,15,3,3,15,14,0,7
31,1,0,1,0,703,0,0,1,2,3,0,0,0,0,1,3,0,1,90,2,1,0,1,0,0,0,0,0,0,4,0,0,1,2785,11882,7,1,0,14,3,3,80,0,3,3,4,1,0,0,0
43,0,0,0,1,1001,0,1,0,7,3,0,0,0,0,1,3,0,1,43,3,3,0,0,0,1,0,0,0,0,1,0,1,0,9985,9262,8,1,0,16,3,1,80,1,10,1,2,1,0,0,0
40,0,1,0,0,458,0,1,0,16,2,0,0,0,0,1,3,1,0,74,3,1,0,0,0,0,0,0,1,0,3,1,0,0,3544,8532,9,1,0,16,3,2,80,1,6,0,3,4,2,0,0
38,0,0,1,0,216,0,1,0,23,3,0,0,0,0,1,4,1,0,44,2,3,0,0,0,0,1,0,0,0,3,0,0,1,9526,8787,0,1,0,21,4,2,80,0,10,2,3,9,7,1,8
55,0,0,0,1,692,0,1,0,14,4,0,0,1,0,0,3,1,0,61,4,5,1,0,0,0,0,0,0,0,2,0,0,1,18722,13339,8,1,0,11,3,4,80,0,36,3,3,24,15,2,15
40,0,0,0,1,896,0,1,0,2,3,0,0,1,0,0,3,1,0,68,3,1,0,0,0,0,0,0,1,0,3,1,0,0,2345,8045,2,1,0,14,3,3,80,1,8,3,4,3,1,1,2
47,1,0,1,0,1093,0,0,1,9,3,0,0,0,0,1,3,1,0,82,1,4,0,0,0,0,0,0,0,1,3,0,1,0,12936,24164,7,1,0,11,3,3,80,0,25,3,1,23,5,14,10
54,0,0,0,1,157,0,1,0,10,3,0,0,1,0,0,3,0,1,77,3,2,0,0,0,0,1,0,0,0,1,0,0,1,4440,25198,6,0,1,19,3,4,80,0,9,3,3,5,2,1,4
24,1,0,0,1,1448,0,0,1,1,1,1,0,0,0,0,1,0,1,62,3,1,0,1,0,0,0,0,0,0,2,0,0,1,3202,21972,1,0,1,16,3,2,80,0,6,4,3,5,3,1,4
35,1,0,0,1,303,0,0,1,27,3,0,0,0,0,1,3,1,0,84,3,2,0,0,0,0,0,0,0,1,4,0,0,1,5813,13492,1,0,1,18,3,4,80,0,10,2,3,10,7,7,7
35,1,0,1,0,662,0,0,1,18,4,0,1,0,0,0,4,0,1,67,3,2,0,0,0,0,0,0,0,1,3,0,1,0,4614,23288,0,0,1,18,3,3,80,1,5,0,2,4,2,3,2
31,1,0,0,1,330,0,1,0,22,4,0,0,1,0,0,4,1,0,98,3,2,0,0,0,0,1,0,0,0,3,0,1,0,6179,21057,1,0,1,15,3,4,80,2,10,3,2,10,2,6,7
29,1,0,0,1,806,0,1,0,7,3,1,0,0,0,0,2,0,1,39,3,1,0,0,0,0,0,1,0,0,3,1,0,0,3339,17285,3,0,1,13,3,1,80,2,10,2,3,7,7,7,7
19,1,0,1,0,602,0,0,1,1,1,1,0,0,0,0,3,0,1,100,1,1,0,1,0,0,0,0,0,0,1,0,0,1,2325,20989,0,1,0,21,4,1,80,0,1,5,4,0,0,0,0
32,1,0,0,1,1089,0,1,0,7,2,0,0,0,0,1,4,1,0,79,3,2,0,0,0,0,0,1,0,0,3,0,1,0,4883,22845,1,1,0,18,3,1,80,1,10,3,3,10,4,1,1
26,1,0,1,0,342,0,1,0,2,3,0,0,0,0,1,1,1,0,57,3,1,0,0,0,0,0,0,1,0,1,0,1,0,2042,15346,6,0,1,14,3,2,80,1,6,2,3,3,2,1,2
44,0,0,0,1,661,0,1,0,9,2,0,0,0,0,1,2,1,0,61,3,1,0,0,0,0,0,0,1,0,1,0,1,0,2559,7508,1,0,1,13,3,4,80,0,8,0,3,8,7,7,1
35,1,0,0,1,104,0,1,0,2,3,0,0,0,0,1,1,0,1,69,3,1,0,0,0,0,0,1,0,0,1,1,0,0,2074,26619,1,0,1,12,3,4,80,1,1,2,3,1,0,0,0
56,1,0,0,1,1162,0,1,0,24,2,0,0,0,0,1,1,1,0,97,3,1,0,0,0,0,0,1,0,0,4,0,0,1,2587,10261,1,1,0,16,3,4,80,0,5,3,3,4,2,1,0
51,1,0,0,1,1323,0,1,0,4,4,0,0,0,0,1,1,1,0,34,3,1,0,0,0,0,0,0,1,0,3,0,1,0,2461,10332,9,0,1,12,3,3,80,3,18,2,4,10,0,2,7
44,1,0,0,1,935,0,1,0,3,3,0,0,0,0,1,1,1,0,89,3,1,0,0,0,0,0,1,0,0,1,0,1,0,2362,14669,4,1,0,12,3,3,80,0,10,4,4,3,2,1,2
28,1,0,0,1,103,0,1,0,24,3,0,0,0,0,1,3,1,0,50,2,1,0,0,0,0,0,1,0,0,3,0,0,1,2028,12947,5,0,1,14,3,2,80,0,6,4,3,4,2,0,3
40,1,0,0,1,299,0,0,1,25,4,0,1,0,0,0,4,1,0,57,2,3,0,0,0,0,0,0,0,1,2,0,0,1,9094,17235,2,0,1,12,3,3,80,0,9,2,3,5,4,1,0
52,1,0,0,1,1030,0,0,1,5,3,0,0,0,0,1,2,1,0,64,3,3,0,0,0,0,0,0,0,1,2,0,0,1,8446,21534,9,0,1,19,3,3,80,0,10,2,2,8,7,7,7
18,1,1,0,0,247,0,1,0,8,1,0,0,1,0,0,3,1,0,80,3,1,0,0,0,0,0,1,0,0,3,0,0,1,1904,13556,1,1,0,12,3,4,80,0,0,0,3,0,0,0,0
32,0,0,0,1,499,0,0,1,2,1,0,1,0,0,0,3,1,0,36,3,2,0,0,0,0,0,0,0,1,2,0,1,0,4078,20497,0,0,1,13,3,1,80,3,4,3,2,3,2,1,2
26,1,0,1,0,575,0,1,0,3,1,1,0,0,0,0,3,1,0,73,3,1,0,0,0,0,0,0,1,0,1,0,0,1,3102,6582,0,1,0,22,4,3,80,0,7,2,3,6,4,0,4
34,1,0,1,0,234,0,1,0,9,4,0,0,0,0,1,4,1,0,93,3,2,0,0,0,0,0,1,0,0,1,0,1,0,5346,6208,4,1,0,17,3,3,80,1,11,3,2,7,1,0,7
31,1,0,1,0,534,0,1,0,20,3,0,0,0,0,1,1,1,0,66,3,3,0,0,0,1,0,0,0,0,3,0,1,0,9824,22908,3,1,0,12,3,1,80,0,12,2,3,1,0,0,0
29,1,0,0,1,906,0,1,0,10,3,0,0,0,0,1,4,0,1,92,2,1,0,0,0,0,0,0,1,0,1,0,0,1,2404,11479,6,0,1,20,4,3,80,0,3,5,3,0,0,0,0
26,0,0,0,1,703,0,0,1,28,2,0,1,0,0,0,1,1,0,66,3,2,0,0,0,0,0,0,0,1,2,0,1,0,6272,7428,1,1,0,20,4,4,80,2,6,5,4,5,3,1,4
36,0,0,1,0,607,0,0,1,7,3,0,1,0,0,0,1,0,1,83,4,2,0,0,0,0,0,0,0,1,1,0,1,0,4639,2261,2,1,0,16,3,4,80,1,17,2,2,15,7,6,13
52,1,0,0,1,1030,0,0,1,5,3,0,0,0,0,1,2,1,0,64,3,3,0,0,0,0,0,0,0,1,2,0,0,1,8446,21534,9,0,1,19,3,3,80,0,10,2,2,8,7,7,7
50,1,0,1,0,878,0,0,1,1,4,0,0,0,0,1,2,1,0,94,3,2,0,0,0,0,0,0,0,1,3,1,0,0,6728,14255,7,1,0,12,3,4,80,2,12,3,3,6,3,0,1
24,0,1,0,0,830,0,0,1,13,2,0,0,0,0,1,4,0,1,78,3,1,0,1,0,0,0,0,0,0,2,0,1,0,2033,7103,1,1,0,13,3,3,80,1,1,2,3,1,0,0,0
23,1,0,0,1,427,0,0,1,7,3,0,0,0,0,1,3,1,0,99,3,1,0,1,0,0,0,0,0,0,4,1,0,0,2275,25103,1,0,1,21,4,2,80,1,3,2,3,3,2,0,2
25,1,0,0,1,688,0,1,0,3,3,0,0,1,0,0,1,1,0,91,3,1,0,0,0,0,0,1,0,0,1,0,1,0,4031,9396,5,1,0,13,3,3,80,1,6,5,3,2,2,0,2
38,0,0,0,1,201,0,1,0,10,3,0,0,1,0,0,2,0,1,99,1,3,1,0,0,0,0,0,0,0,3,0,1,0,13206,3376,3,1,0,12,3,1,80,1,20,3,3,18,16,1,11
30,0,1,0,0,879,0,1,0,9,2,0,0,1,0,0,3,0,1,72,3,2,0,0,0,0,1,0,0,0,3,0,0,1,4695,12858,7,0,1,18,3,3,80,0,10,3,3,8,4,1,7
30,0,0,0,1,1138,0,1,0,6,3,1,0,0,0,0,1,0,1,48,2,2,0,0,0,0,0,1,0,0,4,0,1,0,4627,23631,0,1,0,12,3,1,80,1,10,6,3,9,2,6,7
28,1,0,0,1,654,0,1,0,1,2,0,0,0,0,1,1,0,1,67,1,1,0,0,0,0,0,0,1,0,2,0,0,1,2216,3872,7,0,1,13,3,4,80,0,10,4,3,7,7,3,7
39,1,0,0,1,360,0,1,0,23,3,0,0,1,0,0,3,1,0,93,3,1,0,0,0,0,0,0,1,0,1,0,0,1,3904,22154,0,1,0,13,3,1,80,0,6,2,3,5,2,0,3
46,1,0,0,1,669,0,0,1,9,2,0,0,1,0,0,3,1,0,64,2,3,0,0,0,0,0,0,0,1,4,0,0,1,9619,13596,1,1,0,16,3,4,80,0,9,3,3,9,8,4,7
26,1,0,0,1,1357,0,1,0,25,3,0,0,0,0,1,1,1,0,48,1,1,0,0,0,0,0,1,0,0,3,0,0,1,2293,10558,1,1,0,12,3,3,80,0,1,2,2,1,0,0,1
18,1,0,1,0,544,0,0,1,3,2,0,0,1,0,0,2,0,1,70,3,1,0,1,0,0,0,0,0,0,4,0,0,1,1569,18420,1,0,1,12,3,3,80,0,0,2,4,0,0,0,0
47,1,0,1,0,1093,0,0,1,9,3,0,0,0,0,1,3,1,0,82,1,4,0,0,0,0,0,0,0,1,3,0,1,0,12936,24164,7,1,0,11,3,3,80,0,25,3,1,23,5,14,10
28,1,0,0,1,329,0,1,0,24,3,0,0,1,0,0,3,1,0,51,3,1,0,0,0,0,0,1,0,0,2,0,1,0,2408,7324,1,0,1,17,3,3,80,3,1,3,3,1,1,0,0
32,1,0,0,1,1089,0,1,0,7,2,0,0,0,0,1,4,1,0,79,3,2,0,0,0,0,0,1,0,0,3,0,1,0,4883,22845,1,1,0,18,3,1,80,1,10,3,3,10,4,1,1
47,1,1,0,0,666,0,1,0,29,4,0,0,0,0,1,1,1,0,88,3,3,0,0,1,0,0,0,0,0,2,0,1,0,11849,10268,1,0,1,12,3,4,80,1,10,2,2,10,7,9,9
29,1,0,0,1,428,0,0,1,9,3,0,1,0,0,0,2,0,1,52,1,1,0,1,0,0,0,0,0,0,2,0,0,1,2760,14630,1,1,0,13,3,3,80,0,2,3,3,2,2,2,2
22,1,0,0,1,391,0,1,0,7,1,0,0,0,0,1,4,1,0,75,3,1,0,0,0,0,0,0,1,0,2,0,0,1,2472,26092,1,0,1,23,4,1,80,0,1,2,3,1,0,0,0
32,1,0,0,1,374,0,1,0,25,4,0,0,0,0,1,1,1,0,87,3,1,0,0,0,0,0,1,0,0,4,0,0,1,2795,18016,1,0,1,24,4,3,80,0,1,2,1,1,0,0,1
47,1,0,1,0,719,0,0,1,27,2,0,0,0,0,1,2,0,1,77,4,2,0,0,0,0,0,0,0,1,3,0,0,1,6397,10339,4,0,1,12,3,4,80,0,8,2,3,5,4,1,3
46,1,0,0,1,261,0,1,0,21,2,0,0,1,0,0,4,0,1,66,3,2,0,0,0,1,0,0,0,0,2,0,1,0,8926,10842,4,1,0,22,4,4,80,1,13,2,4,9,7,3,7
28,1,0,1,0,1496,0,0,1,1,3,1,0,0,0,0,1,1,0,92,3,1,0,1,0,0,0,0,0,0,3,0,1,0,2909,15747,3,1,0,15,3,4,80,1,5,3,4,3,2,1,2
54,0,0,0,1,584,0,1,0,22,5,0,0,1,0,0,2,0,1,91,3,4,0,0,1,0,0,0,0,0,3,0,1,0,17426,18685,3,1,0,25,4,3,80,1,36,6,3,10,8,4,7
38,0,0,0,1,1009,0,0,1,2,2,0,0,0,0,1,2,0,1,31,3,2,0,0,0,0,0,0,0,1,1,1,0,0,6893,19461,3,1,0,15,3,4,80,1,11,3,3,7,7,1,7
23,1,0,0,1,427,0,0,1,7,3,0,0,0,0,1,3,1,0,99,3,1,0,1,0,0,0,0,0,0,4,1,0,0,2275,25103,1,0,1,21,4,2,80,1,3,2,3,3,2,0,2
22,1,0,1,0,1256,0,1,0,3,4,0,0,0,0,1,3,1,0,48,2,1,0,0,0,0,0,0,1,0,4,0,1,0,2853,4223,0,0,1,11,3,2,80,1,1,5,3,0,0,0,0
40,0,0,1,0,593,0,1,0,9,4,0,0,1,0,0,2,0,1,88,3,3,1,0,0,0,0,0,0,0,3,0,0,1,13499,13782,9,1,0,17,3,3,80,0,20,3,2,18,7,2,13
36,0,0,0,1,172,0,1,0,4,4,0,0,0,0,1,1,1,0,37,2,2,0,0,0,0,0,1,0,0,4,0,0,1,5810,22604,1,1,0,16,3,3,80,0,10,2,2,10,4,1,8
28,0,0,0,1,1179,0,1,0,19,4,0,0,1,0,0,4,1,0,78,2,1,0,0,0,0,0,1,0,0,1,0,1,0,3196,12449,1,1,0,12,3,3,80,3,6,2,3,6,5,3,3
42,1,0,1,0,933,0,1,0,19,3,0,0,1,0,0,3,1,0,57,4,1,0,0,0,0,0,0,1,0,3,1,0,0,2759,20366,6,0,1,12,3,4,80,0,7,2,3,2,2,2,2
21,1,0,1,0,251,0,1,0,10,2,0,0,0,0,1,1,0,1,45,2,1,0,0,0,0,0,1,0,0,3,0,0,1,2625,25308,1,1,0,20,4,3,80,0,2,2,1,2,2,2,2
58,1,0,0,1,289,0,1,0,2,3,1,0,0,0,0,4,1,0,51,3,1,0,0,0,0,0,0,1,0,3,0,0,1,2479,26227,4,1,0,24,4,1,80,0,7,4,3,1,0,0,0
44,1,0,0,1,621,0,1,0,15,3,0,0,1,0,0,1,0,1,73,3,3,0,0,0,1,0,0,0,0,4,0,1,0,7978,14075,1,1,0,11,3,4,80,1,10,2,3,10,7,0,5
40,0,0,0,1,1492,0,1,0,20,4,1,0,0,0,0,1,1,0,61,3,3,0,0,0,1,0,0,0,0,4,0,1,0,10322,26542,4,1,0,20,4,4,80,1,14,6,3,11,10,11,1
31,1,0,1,0,523,0,1,0,2,3,0,0,0,0,1,2,1,0,94,3,1,0,0,0,0,0,1,0,0,4,0,1,0,3722,21081,6,0,1,13,3,3,80,1,7,2,1,2,2,2,2
43,0,0,1,0,1082,0,1,0,27,3,0,0,0,0,1,3,0,1,83,3,3,0,0,0,0,1,0,0,0,1,0,1,0,10820,11535,8,1,0,11,3,3,80,1,18,1,3,8,7,0,1
29,1,0,1,0,337,0,1,0,14,1,0,0,0,1,0,3,0,1,84,3,3,0,0,0,1,0,0,0,0,4,0,0,1,7553,22930,0,0,1,12,3,1,80,0,9,1,3,8,7,7,7
34,1,0,1,0,234,0,1,0,9,4,0,0,0,0,1,4,1,0,93,3,2,0,0,0,0,0,1,0,0,1,0,1,0,5346,6208,4,1,0,17,3,3,80,1,11,3,2,7,1,0,7
34,0,0,0,1,479,0,1,0,7,4,0,0,1,0,0,1,1,0,35,3,1,0,0,0,0,0,0,1,0,4,0,0,1,2972,22061,1,1,0,13,3,3,80,0,1,4,1,1,0,0,0
44,1,0,0,1,621,0,1,0,15,3,0,0,1,0,0,1,0,1,73,3,3,0,0,0,1,0,0,0,0,4,0,1,0,7978,14075,1,1,0,11,3,4,80,1,10,2,3,10,7,0,5
41,1,0,0,1,1102,0,0,1,1,2,0,0,0,0,1,2,0,1,94,3,2,0,0,0,0,0,0,0,1,4,0,0,1,5993,19479,8,0,1,11,3,1,80,0,8,0,1,6,4,0,5
46,0,0,0,1,566,0,1,0,7,2,0,0,1,0,0,4,1,0,75,3,3,0,0,0,0,1,0,0,0,3,1,0,0,10845,24208,6,1,0,13,3,2,80,1,13,3,3,8,7,0,7
18,1,1,0,0,247,0,1,0,8,1,0,0,1,0,0,3,1,0,80,3,1,0,0,0,0,0,1,0,0,3,0,0,1,1904,13556,1,1,0,12,3,4,80,0,0,0,3,0,0,0,0
57,0,0,0,1,334,0,1,0,24,2,0,0,0,0,1,3,1,0,83,4,3,0,0,0,1,0,0,0,0,4,1,0,0,9439,23402,3,0,1,16,3,2,80,1,12,2,1,5,3,1,4
34,1,0,1,0,234,0,1,0,9,4,0,0,0,0,1,4,1,0,93,3,2,0,0,0,0,0,1,0,0,1,0,1,0,5346,6208,4,1,0,17,3,3,80,1,11,3,2,7,1,0,7
34,0,0,1,0,669,0,1,0,1,3,0,0,1,0,0,4,1,0,97,2,2,0,0,0,1,0,0,0,0,1,0,0,1,5343,25755,0,1,0,20,4,3,80,0,14,3,3,13,9,4,9
42,1,0,1,0,481,0,0,1,12,3,0,0,0,0,1,3,1,0,44,3,4,0,0,0,0,0,0,0,1,1,0,0,1,13758,2447,0,0,1,12,3,2,80,0,22,2,2,21,9,13,14
29,0,0,0,1,598,0,1,0,9,3,0,0,0,0,1,3,1,0,91,4,1,0,0,0,0,0,0,1,0,3,0,1,0,2451,22376,6,1,0,18,3,1,80,2,5,2,2,1,0,0,0
37,0,0,0,1,1239,1,0,0,8,2,0,0,0,1,0,3,1,0,89,3,2,0,0,0,0,0,0,0,0,2,1,0,0,4071,12832,2,1,0,13,3,3,80,0,19,4,2,10,0,4,7
30,1,0,0,1,138,0,1,0,22,3,0,0,0,0,1,1,0,1,48,3,1,0,0,0,0,0,0,1,0,3,0,1,0,2132,11539,4,0,1,11,3,2,80,0,7,2,3,5,2,0,1
39,1,0,0,1,895,0,0,1,5,3,1,0,0,0,0,4,1,0,56,3,2,0,1,0,0,0,0,0,0,4,0,1,0,2086,3335,3,1,0,14,3,3,80,1,19,6,4,1,0,0,0
50,1,0,0,1,410,0,0,1,28,3,0,1,0,0,0,4,1,0,39,2,3,0,0,0,0,0,0,0,1,1,1,0,0,10854,16586,4,0,1,13,3,2,80,1,20,3,3,3,2,2,0
27,0,0,1,0,1297,0,1,0,5,2,0,0,0,0,1,4,0,1,53,3,1,0,0,0,0,0,1,0,0,4,0,0,1,2379,19826,0,0,1,14,3,3,80,0,6,3,2,5,4,0,2
58,1,0,1,0,781,0,1,0,2,1,0,0,0,0,1,4,1,0,57,2,1,0,0,0,0,0,1,0,0,4,1,0,0,2380,13384,9,0,1,14,3,4,80,1,3,3,2,1,0,0,0
29,1,0,1,0,459,0,1,0,24,2,0,0,0,0,1,4,1,0,73,2,1,0,0,0,0,0,0,1,0,4,0,0,1,2439,14753,1,0,1,24,4,2,80,0,1,3,2,1,0,1,0
31,0,0,0,1,192,0,1,0,2,4,0,0,0,0,1,3,1,0,32,3,1,0,0,0,0,0,0,1,0,4,1,0,0,2695,7747,0,0,1,18,3,2,80,1,3,2,1,2,2,2,2
40,0,0,1,0,791,0,1,0,2,2,0,0,1,0,0,3,0,1,38,4,2,0,0,0,1,0,0,0,0,2,0,1,0,4244,9931,1,1,0,24,4,4,80,1,8,2,3,8,7,3,7
36,0,0,0,1,1040,0,1,0,3,2,0,0,0,0,1,4,1,0,79,4,2,0,0,0,1,0,0,0,0,1,1,0,0,6842,26308,6,1,0,20,4,1,80,1,13,3,3,5,4,0,4
38,0,1,0,0,1336,1,0,0,2,3,0,0,0,0,0,1,1,0,100,3,1,0,0,0,0,0,0,0,0,2,1,0,0,2592,7129,5,1,0,13,3,4,80,3,13,3,3,11,10,3,8
33,0,0,0,1,213,0,1,0,7,3,0,0,1,0,0,3,1,0,49,3,3,1,0,0,0,0,0,0,0,3,0,1,0,11691,25995,0,1,0,11,3,4,80,0,14,3,4,13,9,3,7
45,0,0,0,1,1015,0,1,0,5,5,0,0,1,0,0,3,0,1,50,1,2,0,0,0,0,0,1,0,0,1,0,0,1,5769,23447,1,0,1,14,3,1,80,0,10,3,3,10,7,1,4
25,1,0,0,1,688,0,1,0,3,3,0,0,1,0,0,1,1,0,91,3,1,0,0,0,0,0,1,0,0,1,0,1,0,4031,9396,5,1,0,13,3,3,80,1,6,5,3,2,2,0,2
44,1,0,0,1,621,0,1,0,15,3,0,0,1,0,0,1,0,1,73,3,3,0,0,0,1,0,0,0,0,4,0,1,0,7978,14075,1,1,0,11,3,4,80,1,10,2,3,10,7,0,5
28,1,0,0,1,1404,0,1,0,17,3,1,0,0,0,0,3,1,0,32,2,1,0,0,0,0,0,1,0,0,4,1,0,0,2367,18779,5,1,0,12,3,1,80,1,6,2,2,4,1,0,3
51,1,0,0,1,1323,0,1,0,4,4,0,0,0,0,1,1,1,0,34,3,1,0,0,0,0,0,0,1,0,3,0,1,0,2461,10332,9,0,1,12,3,3,80,3,18,2,4,10,0,2,7
40,0,0,0,1,523,0,1,0,2,3,0,0,0,0,1,3,1,0,98,3,2,0,0,0,0,0,0,1,0,4,0,0,1,4661,22455,1,1,0,13,3,3,80,0,9,4,3,9,8,8,8
50,1,0,0,1,869,0,0,1,3,2,0,1,0,0,0,1,1,0,86,2,1,0,1,0,0,0,0,0,0,3,0,1,0,2683,3810,1,0,1,14,3,3,80,0,3,2,3,3,2,0,2
23,0,0,0,1,373,0,1,0,1,2,0,0,0,0,1,4,1,0,47,3,1,0,0,0,0,0,0,1,0,3,0,1,0,1223,16901,1,1,0,22,4,4,80,1,1,2,3,1,0,0,1
19,1,0,0,1,419,0,0,1,21,3,0,0,0,1,0,4,1,0,37,2,1,0,1,0,0,0,0,0,0,2,0,0,1,2121,9947,1,0,1,13,3,2,80,0,1,3,4,1,0,0,0
31,0,0,0,1,1154,0,0,1,2,2,0,0,0,0,1,1,1,0,54,3,1,0,1,0,0,0,0,0,0,3,0,1,0,3067,6393,0,1,0,19,3,3,80,1,3,1,3,2,2,1,2
29,1,0,1,0,459,0,1,0,24,2,0,0,0,0,1,4,1,0,73,2,1,0,0,0,0,0,0,1,0,4,0,0,1,2439,14753,1,0,1,24,4,2,80,0,1,3,2,1,0,1,0
50,0,0,1,0,333,0,1,0,22,5,0,0,1,0,0,3,1,0,88,1,4,1,0,0,0,0,0,0,0,4,0,0,1,14411,24450,1,0,1,13,3,4,80,0,32,2,3,32,6,13,9
47,0,0,0,1,465,0,1,0,1,3,1,0,0,0,0,1,1,0,74,3,1,0,0,0,0,0,0,1,0,4,0,1,0,3420,10205,7,1,0,12,3,3,80,1,17,2,2,6,5,1,2
41,0,0,0,1,465,0,1,0,14,3,0,0,0,0,1,1,1,0,56,3,1,0,0,0,0,0,0,1,0,3,1,0,0,2451,4609,4,1,0,12,3,1,80,1,13,2,3,9,8,1,8
20,0,0,0,1,727,0,0,1,9,1,0,0,0,0,1,4,1,0,54,3,1,0,1,0,0,0,0,0,0,1,0,0,1,2728,21082,1,1,0,11,3,1,80,0,2,3,3,2,2,0,2
24,1,0,0,1,240,1,0,0,22,1,0,0,0,0,0,4,1,0,58,1,1,0,0,0,0,0,0,0,0,3,0,1,0,1555,11585,1,1,0,11,3,3,80,1,1,2,3,1,0,0,0
55,1,0,0,1,725,0,1,0,2,3,0,0,1,0,0,4,1,0,78,3,5,0,0,1,0,0,0,0,0,1,0,1,0,19859,21199,5,0,1,13,3,4,80,1,24,2,3,5,2,1,4
38,0,0,1,0,471,0,1,0,12,3,0,0,0,0,1,1,1,0,45,2,2,0,0,0,1,0,0,0,0,1,1,0,0,6288,4284,2,1,0,15,3,3,80,1,13,3,2,4,3,1,2
39,0,0,1,0,945,0,1,0,22,3,0,0,1,0,0,4,0,1,82,3,3,0,0,0,0,1,0,0,0,1,0,0,1,10880,5083,1,0,1,13,3,3,80,0,21,2,3,21,6,2,8
25,1,0,0,1,688,0,1,0,3,3,0,0,1,0,0,1,1,0,91,3,1,0,0,0,0,0,1,0,0,1,0,1,0,4031,9396,5,1,0,13,3,3,80,1,6,5,3,2,2,0,2
46,1,0,0,1,261,0,1,0,21,2,0,0,1,0,0,4,0,1,66,3,2,0,0,0,1,0,0,0,0,2,0,1,0,8926,10842,4,1,0,22,4,4,80,1,13,2,4,9,7,3,7
39,0,0,0,1,867,0,1,0,9,2,0,0,1,0,0,1,1,0,87,3,2,0,0,0,0,1,0,0,0,1,0,1,0,5151,12315,1,1,0,25,4,4,80,1,10,3,3,10,0,7,9
38,0,0,0,1,397,0,1,0,2,2,0,0,1,0,0,4,0,1,54,2,3,0,0,0,0,1,0,0,0,3,0,1,0,7756,14199,3,0,1,19,3,4,80,1,10,6,4,5,4,0,2
39,0,0,0,1,1132,0,1,0,1,3,0,0,1,0,0,3,1,0,48,4,3,0,0,0,1,0,0,0,0,4,1,0,0,9613,10942,0,1,0,17,3,1,80,3,19,5,2,18,10,3,7
41,0,0,0,1,896,0,0,1,6,3,0,0,0,0,1,4,0,1,75,3,3,0,0,1,0,0,0,0,0,4,0,0,1,13591,14674,3,0,1,18,3,3,80,0,16,3,3,1,0,0,0
28,1,0,0,1,1475,0,0,1,13,2,0,1,0,0,0,4,0,1,84,3,2,0,0,0,0,0,0,0,1,3,0,0,1,9854,23352,3,0,1,11,3,4,80,0,6,0,3,2,0,2,2
36,0,0,0,1,132,0,1,0,6,3,0,0,0,0,1,2,0,1,55,4,1,0,0,0,0,0,1,0,0,4,0,1,0,3038,22002,3,1,0,12,3,2,80,0,5,3,3,1,0,0,0
26,1,0,0,1,1449,0,1,0,16,4,0,0,1,0,0,1,1,0,45,3,1,0,0,0,0,0,1,0,0,2,1,0,0,2373,14180,2,0,1,13,3,4,80,1,5,2,3,3,2,0,2
47,0,0,1,0,1309,0,0,1,4,1,0,0,1,0,0,2,1,0,99,3,2,0,1,0,0,0,0,0,0,3,0,0,1,2976,25751,3,1,0,19,3,1,80,0,5,3,3,0,0,0,0
29,1,0,0,1,806,0,1,0,7,3,1,0,0,0,0,2,0,1,39,3,1,0,0,0,0,0,1,0,0,3,1,0,0,3339,17285,3,0,1,13,3,1,80,2,10,2,3,7,7,7,7
31,1,0,1,0,523,0,1,0,2,3,0,0,0,0,1,2,1,0,94,3,1,0,0,0,0,0,1,0,0,4,0,1,0,3722,21081,6,0,1,13,3,3,80,1,7,2,1,2,2,2,2
52,0,0,0,1,621,0,0,1,3,4,0,1,0,0,0,3,1,0,31,2,4,0,0,1,0,0,0,0,0,1,0,1,0,16856,10084,1,1,0,11,3,1,80,0,34,3,4,34,6,1,16
46,0,0,0,1,1125,0,0,1,10,3,0,1,0,0,0,3,0,1,94,2,3,0,0,0,0,0,0,0,1,4,0,1,0,9071,11563,2,0,1,19,3,3,80,1,15,3,3,3,2,1,2
30,0,0,1,0,1012,0,1,0,5,4,0,0,0,0,1,2,1,0,75,2,1,0,0,0,0,0,0,1,0,4,1,0,0,3761,2373,9,1,0,12,3,2,80,1,10,3,2,5,4,0,3
56,1,0,0,1,310,0,1,0,7,2,1,0,0,0,0,4,1,0,72,3,1,0,0,0,0,0,1,0,0,3,0,1,0,2339,3666,8,1,0,11,3,4,80,1,14,4,1,10,9,9,8
30,0,0,0,1,921,0,1,0,1,3,0,0,0,0,1,4,1,0,38,1,1,0,0,0,0,0,1,0,0,3,0,1,0,3833,24375,3,1,0,21,4,3,80,2,7,2,3,2,2,0,2
25,0,0,0,1,1356,0,0,1,10,4,0,0,0,0,1,3,1,0,57,3,2,0,0,0,0,0,0,0,1,4,0,0,1,4950,20623,0,1,0,14,3,2,80,0,5,4,3,4,3,1,1
47,1,0,1,0,1093,0,0,1,9,3,0,0,0,0,1,3,1,0,82,1,4,0,0,0,0,0,0,0,1,3,0,1,0,12936,24164,7,1,0,11,3,3,80,0,25,3,1,23,5,14,10
39,1,0,0,1,360,0,1,0,23,3,0,0,1,0,0,3,1,0,93,3,1,0,0,0,0,0,0,1,0,1,0,0,1,3904,22154,0,1,0,13,3,1,80,0,6,2,3,5,2,0,3
55,1,0,0,1,436,0,0,1,2,1,0,0,1,0,0,3,1,0,37,3,2,0,0,0,0,0,0,0,1,4,0,0,1,5160,21519,4,1,0,16,3,3,80,0,12,3,2,9,7,7,3
30,1,0,0,1,1005,0,1,0,3,3,1,0,0,0,0,4,0,1,88,3,1,0,0,0,0,0,0,1,0,1,0,0,1,2657,8556,5,0,1,11,3,3,80,0,8,5,3,5,2,0,4
25,0,0,0,1,882,0,1,0,19,1,0,0,1,0,0,4,1,0,67,3,1,0,0,0,0,0,1,0,0,4,0,1,0,3669,9075,3,1,0,11,3,3,80,3,7,6,2,3,2,1,2
41,1,0,1,0,143,0,0,1,4,3,0,1,0,0,0,1,1,0,56,3,2,0,0,0,0,0,0,0,1,2,0,0,1,9355,9558,1,1,0,18,3,3,80,0,8,5,3,8,7,7,7
55,1,0,0,1,725,0,1,0,2,3,0,0,1,0,0,4,1,0,78,3,5,0,0,1,0,0,0,0,0,1,0,1,0,19859,21199,5,0,1,13,3,4,80,1,24,2,3,5,2,1,4
46,0,0,0,1,1003,0,1,0,8,4,0,0,0,0,1,4,0,1,74,2,2,0,0,0,0,0,0,1,0,1,1,0,0,4615,21029,8,0,1,23,4,1,80,3,19,2,3,16,13,1,7
26,1,0,0,1,1449,0,1,0,16,4,0,0,1,0,0,1,1,0,45,3,1,0,0,0,0,0,1,0,0,2,1,0,0,2373,14180,2,0,1,13,3,4,80,1,5,2,3,3,2,0,2
50,0,0,1,0,1115,0,1,0,1,3,0,0,0,0,1,1,0,1,73,3,5,1,0,0,0,0,0,0,0,2,0,1,0,18172,9755,3,0,1,19,3,1,80,0,28,1,2,8,3,0,7
28,1,0,0,1,654,0,1,0,1,2,0,0,0,0,1,1,0,1,67,1,1,0,0,0,0,0,0,1,0,2,0,0,1,2216,3872,7,0,1,13,3,4,80,0,10,4,3,7,7,3,7
30,0,0,0,1,125,0,1,0,9,2,0,0,1,0,0,4,1,0,83,2,1,0,0,0,0,0,1,0,0,3,0,0,1,2206,16117,1,1,0,13,3,1,80,0,10,5,3,10,0,1,8
52,1,0,0,1,723,0,1,0,8,4,0,0,1,0,0,3,1,0,85,2,2,0,0,0,0,0,0,1,0,2,0,1,0,4941,17747,2,1,0,15,3,1,80,0,11,3,2,8,2,7,7
34,1,0,0,1,699,0,1,0,6,1,0,0,1,0,0,2,1,0,83,3,1,0,0,0,0,0,0,1,0,1,0,0,1,2960,17102,2,1,0,11,3,3,80,0,8,2,3,4,2,1,3
48,0,0,0,1,1355,0,1,0,4,4,0,0,0,0,1,3,1,0,78,2,3,0,0,0,1,0,0,0,0,3,0,0,1,10999,22245,7,1,0,14,3,2,80,0,27,3,3,15,11,4,8
25,0,0,0,1,883,0,0,1,26,1,0,0,1,0,0,3,0,1,32,3,2,0,0,0,0,0,0,0,1,4,0,0,1,6180,22807,1,1,0,23,4,2,80,0,6,5,2,6,5,1,4
55,0,0,0,1,147,0,1,0,20,2,1,0,0,0,0,2,1,0,37,3,2,0,0,0,0,0,1,0,0,4,0,1,0,5415,15972,3,0,1,19,3,4,80,1,12,4,3,10,7,0,8
50,0,0,1,0,1234,0,1,0,20,5,0,0,1,0,0,2,1,0,41,3,4,0,0,0,1,0,0,0,0,3,0,1,0,11245,20689,2,0,1,15,3,3,80,1,32,3,3,30,8,12,13
47,0,0,0,1,1482,0,1,0,5,5,0,0,0,0,1,4,1,0,42,3,5,1,0,0,0,0,0,0,0,3,0,1,0,18300,16375,4,1,0,11,3,2,80,1,21,2,3,3,2,1,1
36,0,0,0,1,311,0,1,0,7,3,0,0,0,0,1,1,1,0,77,3,1,0,0,0,0,0,1,0,0,2,0,0,1,2013,10950,2,1,0,11,3,3,80,0,15,4,3,4,3,1,3
34,1,0,1,0,988,1,0,0,23,3,0,0,0,0,0,2,0,1,43,3,3,0,0,0,0,0,0,0,0,1,1,0,0,9950,11533,9,0,1,15,3,3,80,3,11,2,3,3,2,0,2
58,0,1,0,0,350,0,0,1,2,3,0,0,1,0,0,2,1,0,52,3,4,0,0,1,0,0,0,0,0,2,1,0,0,16291,22577,4,1,0,22,4,4,80,1,37,0,2,16,9,14,14
53,0,0,0,1,238,0,0,1,1,1,0,0,1,0,0,4,0,1,34,3,2,0,0,0,0,0,0,0,1,1,0,0,1,8381,7507,7,1,0,20,4,4,80,0,18,2,4,14,7,8,10
33,1,0,0,1,1277,0,1,0,15,1,0,0,1,0,0,2,1,0,56,3,3,0,0,1,0,0,0,0,0,3,0,1,0,13610,24619,7,0,1,12,3,4,80,0,15,2,4,7,6,7,7
54,0,0,1,0,1050,0,1,0,11,4,0,0,1,0,0,2,0,1,87,3,4,0,0,1,0,0,0,0,0,4,1,0,0,16032,24456,3,1,0,20,4,1,80,1,26,2,3,14,9,1,12
40,1,0,0,1,1329,0,1,0,7,3,0,0,0,0,1,1,1,0,73,3,1,0,0,0,0,0,1,0,0,1,0,0,1,2166,3339,3,0,1,14,3,2,80,0,10,3,1,4,2,0,3
35,0,0,0,1,619,0,0,1,1,3,0,1,0,0,0,2,1,0,85,3,2,0,0,0,0,0,0,0,1,3,0,1,0,4717,18659,9,1,0,11,3,3,80,0,15,2,3,11,9,6,9
21,1,0,0,1,1427,0,1,0,18,1,0,0,0,1,0,4,0,1,65,3,1,0,0,0,0,0,0,1,0,4,0,0,1,2693,8870,1,1,0,19,3,1,80,0,1,3,2,1,0,0,0
31,1,0,0,1,1079,0,0,1,16,4,0,1,0,0,0,1,1,0,70,3,3,0,0,0,0,0,0,0,1,3,0,1,0,8161,19002,2,1,0,13,3,1,80,3,10,2,3,1,0,0,0
26,1,0,0,1,920,1,0,0,20,2,0,0,1,0,0,4,0,1,69,3,1,0,0,0,0,0,0,0,0,2,0,1,0,2148,6889,0,0,1,11,3,3,80,0,6,3,3,5,1,1,4
26,1,0,1,0,575,0,1,0,3,1,1,0,0,0,0,3,1,0,73,3,1,0,0,0,0,0,0,1,0,1,0,0,1,3102,6582,0,1,0,22,4,3,80,0,7,2,3,6,4,0,4
56,1,0,0,1,1162,0,1,0,24,2,0,0,0,0,1,1,1,0,97,3,1,0,0,0,0,0,1,0,0,4,0,0,1,2587,10261,1,1,0,16,3,4,80,0,5,3,3,4,2,1,0
36,0,0,0,1,188,0,1,0,7,4,0,0,0,1,0,2,1,0,65,3,1,0,0,0,0,0,0,1,0,4,0,0,1,4678,23293,2,1,0,18,3,3,80,0,8,6,3,6,2,0,1
32,1,0,0,1,515,0,1,0,1,3,0,0,0,0,1,4,1,0,62,2,1,0,0,0,0,0,1,0,0,3,0,0,1,3730,9571,0,0,1,14,3,4,80,0,4,2,1,3,2,1,2
44,0,0,0,1,921,0,1,0,2,3,0,0,0,0,1,3,0,1,96,4,3,0,0,0,1,0,0,0,0,4,0,1,0,7879,14810,1,0,1,19,3,2,80,1,9,2,3,8,7,6,7
46,1,0,0,1,1254,0,0,1,10,3,0,0,0,0,1,3,0,1,64,3,3,0,0,0,0,0,0,0,1,2,0,1,0,7314,14011,5,1,0,21,4,3,80,3,14,2,3,8,7,0,7
41,0,0,0,1,645,0,0,1,1,3,0,1,0,0,0,2,1,0,49,4,3,0,0,0,0,0,0,0,1,1,0,1,0,8392,19566,1,1,0,16,3,3,80,1,10,2,3,10,7,0,7
49,0,0,1,0,1023,0,0,1,2,3,0,0,1,0,0,4,1,0,63,2,2,0,0,0,0,0,0,0,1,2,0,1,0,5390,13243,2,1,0,14,3,4,80,0,17,3,2,9,6,0,8
38,0,0,0,1,849,0,1,0,25,2,0,0,0,0,1,1,0,1,81,2,3,1,0,0,0,0,0,0,0,2,0,1,0,12061,26707,3,1,0,17,3,3,80,1,19,2,3,10,8,0,1
42,0,0,0,1,916,0,1,0,17,2,0,0,0,0,1,4,0,1,82,4,2,0,0,0,0,0,0,1,0,1,0,0,1,6545,23016,3,0,1,13,3,3,80,0,10,1,3,3,2,0,2
29,1,0,0,1,341,0,0,1,1,3,0,0,1,0,0,2,0,1,48,2,1,0,1,0,0,0,0,0,0,3,1,0,0,2800,23522,6,0,1,19,3,3,80,3,5,3,3,3,2,0,2
33,0,0,0,1,575,0,1,0,25,3,0,0,0,0,1,4,1,0,44,2,2,0,0,0,0,1,0,0,0,2,0,0,1,4320,24152,1,1,0,13,3,4,80,0,5,2,3,5,3,0,2
36,0,0,0,1,1041,1,0,0,13,3,0,0,0,0,0,3,1,0,36,3,1,0,0,0,0,0,0,0,0,2,0,1,0,2143,25527,4,1,0,13,3,2,80,1,8,2,3,5,2,0,4
42,0,0,1,0,748,0,1,0,9,2,0,0,1,0,0,1,0,1,74,3,1,0,0,0,0,0,1,0,0,4,0,0,1,3673,16458,1,1,0,13,3,3,80,0,12,3,3,12,9,5,8
39,1,1,0,0,592,0,1,0,2,3,0,0,0,0,1,1,0,1,54,2,1,0,0,0,0,0,1,0,0,1,0,0,1,3646,17181,2,0,1,23,4,2,80,0,11,2,4,1,0,0,0
31,1,0,1,0,667,0,0,1,1,4,0,0,0,0,1,2,0,1,50,1,1,0,1,0,0,0,0,0,0,3,0,0,1,1359,16154,1,1,0,12,3,2,80,0,1,3,3,1,0,0,0
50,1,0,0,1,869,0,0,1,3,2,0,1,0,0,0,1,1,0,86,2,1,0,1,0,0,0,0,0,0,3,0,1,0,2683,3810,1,0,1,14,3,3,80,0,3,2,3,3,2,0,2
33,1,0,0,1,527,0,1,0,1,4,0,0,0,1,0,4,1,0,63,3,1,0,0,0,0,0,0,1,0,4,0,0,1,2686,5207,1,0,1,13,3,3,80,0,10,2,2,10,9,7,8
56,0,0,0,1,718,0,1,0,4,4,1,0,0,0,0,4,0,1,92,3,5,0,0,1,0,0,0,0,0,1,1,0,0,19943,18575,4,1,0,13,3,4,80,1,28,2,3,5,2,4,2
23,1,0,0,1,1320,0,1,0,8,1,0,0,1,0,0,4,1,0,93,2,1,0,0,0,0,0,1,0,0,3,0,0,1,3989,20586,1,0,1,11,3,1,80,0,5,2,3,5,4,1,2
27,1,0,0,1,1420,0,0,1,2,1,0,1,0,0,0,3,1,0,85,3,1,0,1,0,0,0,0,0,0,1,1,0,0,3041,16346,0,1,0,11,3,2,80,1,5,3,3,4,3,0,2
45,1,0,1,0,306,0,0,1,26,4,0,0,0,0,1,1,0,1,100,3,2,0,0,0,0,0,0,0,1,1,0,1,0,4286,5630,2,1,0,14,3,4,80,2,5,4,3,1,1,0,0
43,1,0,0,1,1372,0,0,1,9,3,0,1,0,0,0,1,0,1,85,1,2,0,0,0,0,0,0,0,1,3,0,0,1,5346,9489,8,1,0,13,3,2,80,0,7,2,2,4,3,1,3
45,1,0,1,0,306,0,0,1,26,4,0,0,0,0,1,1,0,1,100,3,2,0,0,0,0,0,0,0,1,1,0,1,0,4286,5630,2,1,0,14,3,4,80,2,5,4,3,1,1,0,0
22,1,0,0,1,391,0,1,0,7,1,0,0,0,0,1,4,1,0,75,3,1,0,0,0,0,0,0,1,0,2,0,0,1,2472,26092,1,0,1,23,4,1,80,0,1,2,3,1,0,0,0
36,1,0,0,1,318,0,1,0,9,3,0,0,1,0,0,4,1,0,79,2,1,0,0,0,0,0,0,1,0,3,0,1,0,3388,21777,0,0,1,17,3,1,80,1,2,0,2,1,0,0,0
45,0,0,1,0,1249,0,1,0,7,3,0,0,0,0,1,1,1,0,97,3,3,0,0,0,0,0,1,0,0,1,1,0,0,5210,20308,1,1,0,18,3,1,80,1,24,2,3,24,9,9,11
36,0,0,1,0,1195,0,1,0,11,3,0,0,0,0,1,2,1,0,95,2,2,0,0,0,0,1,0,0,0,2,0,0,1,6499,22656,1,1,0,13,3,3,80,0,6,3,3,6,5,0,3
47,0,0,0,1,1176,1,0,0,26,4,0,0,0,0,1,4,0,1,98,3,5,0,0,1,0,0,0,0,0,3,0,1,0,19658,5220,3,1,0,11,3,3,80,1,27,2,3,5,2,1,0
45,0,0,0,1,788,1,0,0,24,4,0,0,1,0,0,2,1,0,36,3,1,0,0,0,0,0,0,0,0,2,0,0,1,2177,8318,1,1,0,16,3,1,80,0,6,3,3,6,3,0,4
21,1,0,0,1,1334,0,1,0,10,3,0,0,0,0,1,3,0,1,36,2,1,0,0,0,0,0,1,0,0,1,0,0,1,1416,17258,1,1,0,13,3,1,80,0,1,6,2,1,0,1,0
38,1,0,0,1,903,0,1,0,2,3,0,0,1,0,0,3,1,0,81,3,2,0,0,0,0,1,0,0,0,2,0,1,0,4855,7653,4,1,0,11,3,1,80,2,7,2,3,5,2,1,4
46,1,0,0,1,669,0,0,1,9,2,0,0,1,0,0,3,1,0,64,2,3,0,0,0,0,0,0,0,1,4,0,0,1,9619,13596,1,1,0,16,3,4,80,0,9,3,3,9,8,4,7
22,1,0,1,0,1368,0,1,0,4,1,1,0,0,0,0,3,1,0,99,2,1,0,0,0,0,0,1,0,0,3,0,0,1,3894,9129,5,1,0,16,3,3,80,0,4,3,3,2,2,1,2
40,0,0,0,1,630,0,0,1,4,4,0,1,0,0,0,3,1,0,67,2,3,0,0,0,0,0,0,0,1,4,0,1,0,10855,8552,7,1,0,11,3,1,80,1,15,2,2,12,11,2,11
24,1,0,1,0,1287,0,1,0,7,3,0,0,0,0,1,1,0,1,55,3,1,0,0,0,0,0,1,0,0,3,0,1,0,2886,14168,1,0,1,16,3,4,80,1,6,4,3,6,3,1,2
46,0,0,0,1,1319,0,0,1,3,3,1,0,0,0,0,1,0,1,45,4,4,0,0,0,0,0,0,0,1,1,1,0,0,13225,7739,2,1,0,12,3,4,80,1,25,5,3,19,17,2,8
35,0,0,1,0,636,0,1,0,4,4,0,0,0,1,0,4,1,0,47,2,1,0,0,0,0,0,1,0,0,4,0,1,0,2376,26537,1,1,0,13,3,2,80,1,2,2,4,2,2,2,2
35,1,0,0,1,763,0,0,1,15,2,0,0,1,0,0,1,1,0,59,1,2,0,0,0,0,0,0,0,1,4,1,0,0,5440,22098,6,0,1,14,3,4,80,2,7,2,2,2,2,2,2
39,0,0,0,1,170,0,1,0,3,2,0,0,1,0,0,3,1,0,76,2,2,0,0,0,0,0,1,0,0,3,1,0,0,3069,10302,0,1,0,15,3,4,80,1,11,3,3,10,8,0,7
37,0,0,0,1,921,0,1,0,10,3,0,0,1,0,0,3,0,1,98,3,1,0,0,0,0,0,1,0,0,1,0,1,0,3452,17663,6,1,0,20,4,2,80,1,17,3,3,5,4,0,3
44,0,0,0,1,1459,0,1,0,10,4,0,0,0,1,0,4,1,0,41,3,2,0,0,0,1,0,0,0,0,4,0,1,0,6465,19121,2,0,1,13,3,4,80,0,9,5,4,4,2,1,3
49,0,0,0,1,1245,0,1,0,18,4,0,0,0,0,1,4,1,0,58,2,5,1,0,0,0,0,0,0,0,3,1,0,0,19502,2125,1,0,1,17,3,3,80,1,31,5,3,31,9,0,9
54,0,0,0,1,685,0,1,0,3,3,0,0,0,0,1,4,1,0,85,3,4,1,0,0,0,0,0,0,0,4,0,1,0,17779,23474,3,1,0,14,3,1,80,0,36,2,3,10,9,0,9
34,0,0,0,1,182,0,1,0,1,4,0,0,0,0,1,2,0,1,72,4,1,0,0,0,0,0,0,1,0,4,0,0,1,3280,13551,2,1,0,16,3,3,80,0,10,2,3,4,2,1,3
33,1,0,0,1,1277,0,1,0,15,1,0,0,1,0,0,2,1,0,56,3,3,0,0,1,0,0,0,0,0,3,0,1,0,13610,24619,7,0,1,12,3,4,80,0,15,2,4,7,6,7,7
51,0,0,0,1,833,0,1,0,1,3,0,0,0,0,1,3,1,0,96,3,1,0,0,0,0,0,0,1,0,4,0,1,0,2723,23231,1,1,0,11,3,2,80,0,1,0,2,1,0,0,0
31,0,0,0,1,1003,0,0,1,5,3,1,0,0,0,0,1,1,0,51,3,2,0,0,0,0,0,0,0,1,3,0,1,0,8346,20943,1,1,0,19,3,3,80,1,6,3,3,5,2,0,2
37,0,0,0,1,408,0,1,0,19,2,0,0,0,0,1,2,1,0,73,3,1,0,0,0,0,0,0,1,0,2,0,1,0,3022,10227,4,1,0,21,4,1,80,0,8,1,3,1,0,0,0
34,0,0,0,1,507,0,0,1,15,2,0,0,1,0,0,3,0,1,66,3,2,0,0,0,0,0,0,0,1,1,0,0,1,6125,23553,1,1,0,12,3,4,80,0,10,6,4,10,8,9,6
44,1,0,0,1,621,0,1,0,15,3,0,0,1,0,0,1,0,1,73,3,3,0,0,0,1,0,0,0,0,4,0,1,0,7978,14075,1,1,0,11,3,4,80,1,10,2,3,10,7,0,5
37,1,0,0,1,370,0,1,0,10,4,0,0,1,0,0,4,1,0,58,3,2,0,0,0,0,1,0,0,0,1,0,0,1,4213,4992,1,1,0,15,3,2,80,0,10,4,1,10,3,0,8
30,1,0,1,0,334,0,0,1,26,4,0,1,0,0,0,3,0,1,52,2,2,0,0,0,0,0,0,0,1,1,0,0,1,6696,22967,5,1,0,15,3,3,80,0,9,5,2,6,3,0,1
24,1,0,0,1,240,1,0,0,22,1,0,0,0,0,0,4,1,0,58,1,1,0,0,0,0,0,0,0,0,3,0,1,0,1555,11585,1,1,0,11,3,3,80,1,1,2,3,1,0,0,0
46,0,0,0,1,1277,0,0,1,2,3,0,0,0,0,1,3,1,0,74,3,3,0,0,0,0,0,0,0,1,4,1,0,0,10368,5596,4,0,1,12,3,2,80,1,13,5,2,10,6,0,3
26,1,0,0,1,1330,0,1,0,21,3,0,0,1,0,0,1,1,0,37,3,1,0,0,0,0,0,1,0,0,3,1,0,0,2377,19373,1,1,0,20,4,3,80,1,1,0,2,1,1,0,0
32,1,0,1,0,1125,0,1,0,16,1,0,0,0,0,1,2,0,1,72,1,1,0,0,0,0,0,0,1,0,1,0,0,1,3919,4681,1,0,1,22,4,2,80,0,10,5,3,10,2,6,7
23,1,0,0,1,427,0,0,1,7,3,0,0,0,0,1,3,1,0,99,3,1,0,1,0,0,0,0,0,0,4,1,0,0,2275,25103,1,0,1,21,4,2,80,1,3,2,3,3,2,0,2
35,0,0,0,1,819,0,1,0,2,3,0,0,0,0,1,3,1,0,44,2,3,0,0,0,0,1,0,0,0,2,1,0,0,10274,19588,2,1,0,18,3,2,80,1,15,2,4,7,7,6,4
26,1,1,0,0,265,0,0,1,29,2,0,0,1,0,0,2,1,0,79,1,2,0,0,0,0,0,0,0,1,1,0,0,1,4969,21813,8,1,0,18,3,4,80,0,7,6,3,2,2,2,2
47,0,0,0,1,359,0,1,0,2,4,0,0,1,0,0,1,0,1,82,3,4,1,0,0,0,0,0,0,0,3,0,1,0,17169,26703,3,1,0,19,3,2,80,2,26,2,4,20,17,5,6
47,0,0,0,1,1180,0,1,0,25,3,0,0,1,0,0,1,1,0,84,3,3,0,0,0,1,0,0,0,0,3,0,0,1,8633,13084,2,1,0,23,4,2,80,0,25,3,3,17,14,12,11
38,0,0,0,1,688,0,1,0,23,4,0,0,0,0,1,4,1,0,82,3,2,0,0,0,1,0,0,0,0,4,1,0,0,5745,18899,9,1,0,14,3,2,80,1,10,2,3,2,2,1,2
31,1,0,1,0,703,0,0,1,2,3,0,0,0,0,1,3,0,1,90,2,1,0,1,0,0,0,0,0,0,4,0,0,1,2785,11882,7,1,0,14,3,3,80,0,3,3,4,1,0,0,0
52,0,1,0,0,585,0,0,1,29,4,0,0,0,0,1,1,1,0,40,3,1,0,1,0,0,0,0,0,0,4,1,0,0,3482,19788,2,1,0,15,3,2,80,2,16,3,2,9,8,0,0
44,0,0,0,1,1467,0,1,0,20,3,0,0,0,0,1,4,1,0,49,3,1,0,0,0,0,0,0,1,0,2,0,0,1,3420,21158,1,1,0,13,3,3,80,0,6,3,2,5,2,1,3
21,1,0,0,1,156,0,0,1,12,3,0,0,0,0,1,3,0,1,90,4,1,0,1,0,0,0,0,0,0,2,0,0,1,2716,25422,1,1,0,15,3,4,80,0,1,0,3,1,0,0,0
38,1,0,0,1,1180,0,1,0,29,1,0,0,1,0,0,2,1,0,70,3,2,0,0,0,1,0,0,0,0,1,0,1,0,6673,11354,7,0,1,19,3,2,80,0,17,2,3,1,0,0,0
34,0,0,0,1,1333,0,0,1,10,4,0,0,0,0,1,3,0,1,87,3,1,0,1,0,0,0,0,0,0,3,0,1,0,2220,18410,1,0,1,19,3,4,80,1,1,2,3,1,1,0,0
20,1,0,1,0,871,0,1,0,6,3,0,0,0,0,1,4,0,1,66,2,1,0,0,0,0,0,1,0,0,4,0,0,1,2926,19783,1,0,1,18,3,2,80,0,1,5,3,1,0,1,0
33,0,1,0,0,722,0,0,1,17,3,0,0,0,0,1,4,1,0,38,3,4,0,0,1,0,0,0,0,0,3,0,0,1,17444,20489,1,1,0,11,3,4,80,0,10,2,3,10,8,6,0
46,1,0,0,1,1254,0,0,1,10,3,0,0,0,0,1,3,0,1,64,3,3,0,0,0,0,0,0,0,1,2,0,1,0,7314,14011,5,1,0,21,4,3,80,3,14,2,3,8,7,0,7
43,0,0,0,1,244,1,0,0,2,3,0,0,0,0,1,2,1,0,97,3,1,0,0,0,0,0,0,0,0,4,0,0,1,3539,5033,0,1,0,13,3,2,80,0,10,5,3,9,7,1,8
48,0,0,0,1,1108,0,1,0,15,4,0,0,0,1,0,3,0,1,65,3,1,0,0,0,0,0,0,1,0,1,0,1,0,2367,16530,8,1,0,12,3,4,80,1,10,3,2,8,2,7,6
55,0,0,0,1,1311,0,1,0,2,3,0,0,0,0,1,3,0,1,97,3,4,0,0,1,0,0,0,0,0,4,0,0,1,16659,23258,2,0,1,13,3,3,80,0,30,2,3,5,4,1,2
46,0,0,1,0,1211,0,0,1,5,4,0,1,0,0,0,1,1,0,98,3,2,0,0,0,0,0,0,0,1,4,0,0,1,5772,20445,4,0,1,21,4,3,80,0,14,4,3,9,6,0,8
27,1,0,1,0,1337,1,0,0,22,3,0,0,0,0,0,1,0,1,58,2,1,0,0,0,0,0,0,0,0,2,0,1,0,2863,19555,1,1,0,12,3,1,80,0,1,2,3,1,0,0,0
26,0,0,1,0,1283,0,0,1,1,3,0,0,1,0,0,3,1,0,52,2,2,0,0,0,0,0,0,0,1,1,0,0,1,4294,11148,1,1,0,12,3,2,80,0,7,2,3,7,7,0,7
28,1,0,1,0,1009,0,1,0,1,3,0,0,1,0,0,1,1,0,45,2,1,0,0,0,0,0,1,0,0,2,1,0,0,2596,7160,1,1,0,15,3,1,80,2,1,2,3,1,0,0,0
42,0,0,1,0,1368,0,1,0,28,4,1,0,0,0,0,4,0,1,88,2,2,0,0,0,1,0,0,0,0,4,0,1,0,4523,4386,0,1,0,11,3,4,80,3,7,4,4,6,5,0,4
30,0,0,0,1,911,0,1,0,1,2,0,0,1,0,0,4,1,0,76,3,1,0,0,0,0,0,1,0,0,2,0,1,0,3748,4077,1,1,0,13,3,3,80,0,12,6,2,12,8,1,7
48,1,0,1,0,708,0,0,1,7,2,0,0,1,0,0,4,0,1,95,3,1,0,1,0,0,0,0,0,0,3,0,1,0,2655,11740,2,0,1,11,3,3,80,2,19,3,3,9,7,7,7
26,0,0,1,0,575,0,1,0,1,2,0,0,0,0,1,1,0,1,71,1,1,0,0,0,0,0,1,0,0,4,1,0,0,4364,5288,3,1,0,14,3,1,80,1,5,2,3,2,2,2,0
36,0,0,0,1,1351,0,1,0,26,4,0,0,0,0,1,1,1,0,80,3,2,0,0,0,1,0,0,0,0,3,0,1,0,5347,7419,6,1,0,14,3,2,80,2,10,2,2,3,2,0,2
40,1,0,0,1,299,0,0,1,25,4,0,1,0,0,0,4,1,0,57,2,3,0,0,0,0,0,0,0,1,2,0,0,1,9094,17235,2,0,1,12,3,3,80,0,9,2,3,5,4,1,0
33,1,0,0,1,211,0,0,1,16,3,0,0,0,0,1,1,0,1,74,3,3,0,0,0,0,0,0,0,1,1,0,0,1,8564,10092,2,0,1,20,4,3,80,0,11,2,2,0,0,0,0
54,0,0,0,1,397,1,0,0,19,4,0,0,1,0,0,3,1,0,88,3,3,0,0,0,0,0,0,0,0,2,0,1,0,10725,6729,2,1,0,15,3,3,80,1,16,1,4,9,7,7,1
36,0,0,0,1,559,0,1,0,12,4,0,0,0,0,1,3,0,1,76,3,2,0,0,0,0,1,0,0,0,3,0,1,0,4663,12421,9,0,1,12,3,2,80,2,7,2,3,3,2,1,1
41,1,0,0,1,1356,0,0,1,20,2,0,1,0,0,0,2,0,1,70,3,1,0,1,0,0,0,0,0,0,2,0,0,1,3140,21728,1,0,1,22,4,4,80,0,4,5,2,4,3,0,2
32,1,0,0,1,1089,0,1,0,7,2,0,0,0,0,1,4,1,0,79,3,2,0,0,0,0,0,1,0,0,3,0,1,0,4883,22845,1,1,0,18,3,1,80,1,10,3,3,10,4,1,1
46,0,0,0,1,644,0,1,0,1,4,0,0,1,0,0,4,1,0,97,3,3,0,0,0,1,0,0,0,0,1,1,0,0,9396,12368,7,1,0,16,3,3,80,1,17,3,3,4,2,0,3
36,1,0,0,1,1456,0,0,1,13,5,0,1,0,0,0,2,1,0,96,2,2,0,0,0,0,0,0,0,1,1,1,0,0,6134,8658,5,0,1,13,3,2,80,3,16,3,3,2,2,2,2
39,0,0,1,0,766,0,0,1,20,3,0,0,0,0,1,3,1,0,83,3,2,0,0,0,0,0,0,0,1,4,1,0,0,4127,19188,2,1,0,18,3,4,80,1,7,6,3,2,1,2,2
40,1,0,0,1,676,0,1,0,9,4,0,0,0,0,1,4,1,0,86,3,1,0,0,0,0,0,1,0,0,1,0,0,1,2018,21831,3,1,0,14,3,2,80,0,15,3,1,5,4,1,0
32,1,0,1,0,1125,0,1,0,16,1,0,0,0,0,1,2,0,1,72,1,1,0,0,0,0,0,0,1,0,1,0,0,1,3919,4681,1,0,1,22,4,2,80,0,10,5,3,10,2,6,7
35,0,0,0,1,662,0,0,1,1,5,0,1,0,0,0,3,1,0,94,3,3,0,0,0,0,0,0,0,1,2,0,1,0,7295,11439,1,1,0,13,3,1,80,2,10,3,3,10,8,0,6
33,1,0,0,1,813,0,1,0,14,3,0,0,1,0,0,3,1,0,58,3,1,0,0,0,0,0,1,0,0,4,0,1,0,2436,22149,5,0,1,13,3,3,80,1,8,2,1,5,4,0,4
34,0,0,0,1,204,0,0,1,14,3,1,0,0,0,0,3,0,1,31,3,1,0,1,0,0,0,0,0,0,3,1,0,0,2579,2912,1,0,1,18,3,4,80,2,8,3,3,8,2,0,6
26,1,1,0,0,265,0,0,1,29,2,0,0,1,0,0,2,1,0,79,1,2,0,0,0,0,0,0,0,1,1,0,0,1,4969,21813,8,1,0,18,3,4,80,0,7,6,3,2,2,2,2
29,0,0,1,0,1404,0,0,1,20,3,1,0,0,0,0,3,0,1,84,3,1,0,1,0,0,0,0,0,0,4,0,1,0,2157,18203,1,1,0,15,3,2,80,1,3,5,3,3,1,0,2
42,0,1,0,0,926,0,1,0,21,2,0,0,1,0,0,3,0,1,36,3,2,0,0,0,0,1,0,0,0,3,1,0,0,5265,16439,2,1,0,16,3,2,80,1,11,5,3,5,3,0,2
28,1,0,0,1,654,0,1,0,1,2,0,0,0,0,1,1,0,1,67,1,1,0,0,0,0,0,0,1,0,2,0,0,1,2216,3872,7,0,1,13,3,4,80,0,10,4,3,7,7,3,7
26,1,0,0,1,1357,0,1,0,25,3,0,0,0,0,1,1,1,0,48,1,1,0,0,0,0,0,1,0,0,3,0,0,1,2293,10558,1,1,0,12,3,3,80,0,1,2,2,1,0,0,1
29,1,0,0,1,906,0,1,0,10,3,0,0,0,0,1,4,0,1,92,2,1,0,0,0,0,0,0,1,0,1,0,0,1,2404,11479,6,0,1,20,4,3,80,0,3,5,3,0,0,0,0
26,1,0,0,1,920,1,0,0,20,2,0,0,1,0,0,4,0,1,69,3,1,0,0,0,0,0,0,0,0,2,0,1,0,2148,6889,0,0,1,11,3,3,80,0,6,3,3,5,1,1,4
28,1,1,0,0,1366,0,1,0,24,2,1,0,0,0,0,2,1,0,72,2,3,0,0,0,1,0,0,0,0,1,0,0,1,8722,12355,1,1,0,12,3,1,80,0,10,2,2,10,7,1,9
31,1,0,0,1,1079,0,0,1,16,4,0,1,0,0,0,1,1,0,70,3,3,0,0,0,0,0,0,0,1,3,0,1,0,8161,19002,2,1,0,13,3,1,80,3,10,2,3,1,0,0,0
51,0,0,0,1,942,0,1,0,3,3,1,0,0,0,0,1,0,1,53,3,3,0,0,1,0,0,0,0,0,3,0,1,0,13116,22984,2,1,0,11,3,4,80,0,15,2,3,2,2,2,2
19,1,0,1,0,602,0,0,1,1,1,1,0,0,0,0,3,0,1,100,1,1,0,1,0,0,0,0,0,0,1,0,0,1,2325,20989,0,1,0,21,4,1,80,0,1,5,4,0,0,0,0
21,1,0,1,0,756,0,0,1,1,1,1,0,0,0,0,1,0,1,99,2,1,0,1,0,0,0,0,0,0,2,0,0,1,2174,9150,1,0,1,11,3,3,80,0,3,3,3,3,2,1,2
